[{"VendorID":"2","tpep_pickup_datetime":"2023-04-16 01:09:41","tpep_dropoff_datetime":"2023-02-16 01:09:46","passenger_count":"1","trip_distance":".01","RatecodeID":"1","store_and_fwd_flag":"N","PULocationID":"48","DOLocationID":"264","payment_type":"2","fare_amount":"2.5","extra":"0.5","mta_tax":"0.5","tip_amount":"0","tolls_amount":"0","improvement_surcharge":"0.3","total_amount":"3.8","congestion_surcharge":"","tripId":"dc5fdf0f-83af-4309-8869-0aa792d3edd2"},{"VendorID":"2","tpep_pickup_datetime":"2023-10-13 01:17:36","tpep_dropoff_datetime":"2023-09-06 01:23:00","passenger_count":"1","trip_distance":"1.80","RatecodeID":"1","store_and_fwd_flag":"N","PULocationID":"142","DOLocationID":"24","payment_type":"1","fare_amount":"7","extra":"0.5","mta_tax":"0.5","tip_amount":"2","tolls_amount":"0","improvement_surcharge":"0.3","total_amount":"10.3","congestion_surcharge":"","tripId":"035aa139-ac75-448a-a403-9962b74457d5"},{"VendorID":"2","tpep_pickup_datetime":"2023-05-08 01:35:19","tpep_dropoff_datetime":"2024-01-02 02:01:09","passenger_count":"1","trip_distance":"3.62","RatecodeID":"1","store_and_fwd_flag":"N","PULocationID":"239","DOLocationID":"68","payment_type":"1","fare_amount":"18.5","extra":"0.5","mta_tax":"0.5","tip_amount":"5.94","tolls_amount":"0","improvement_surcharge":"0.3","total_amount":"25.74","congestion_surcharge":"","tripId":"e1527ffc-9b9c-43d7-88a7-c0635955888b"},{"VendorID":"2","tpep_pickup_datetime":"2023-09-08 01:10:52","tpep_dropoff_datetime":"2023-02-23 01:19:40","passenger_count":"1","trip_distance":"1.21","RatecodeID":"1","store_and_fwd_flag":"N","PULocationID":"234","DOLocationID":"234","payment_type":"1","fare_amount":"7.5","extra":"0.5","mta_tax":"0.5","tip_amount":"2.64","tolls_amount":"0","improvement_surcharge":"0.3","total_amount":"11.44","congestion_surcharge":"","tripId":"0217e44e-6907-47e5-a141-020779007785"},{"VendorID":"2","tpep_pickup_datetime":"2023-06-16 01:21:10","tpep_dropoff_datetime":"2023-03-17 01:26:18","passenger_count":"1","trip_distance":"1.03","RatecodeID":"1","store_and_fwd_flag":"N","PULocationID":"234","DOLocationID":"234","payment_type":"1","fare_amount":"5.5","extra":"0.5","mta_tax":"0.5","tip_amount":"1","tolls_amount":"0","improvement_surcharge":"0.3","total_amount":"7.8","congestion_surcharge":"","tripId":"7f70c9d1-dc36-42b5-b463-c3711c488728"},{"VendorID":"2","tpep_pickup_datetime":"2023-01-01 01:28:26","tpep_dropoff_datetime":"2023-11-20 01:30:28","passenger_count":"1","trip_distance":".51","RatecodeID":"1","store_and_fwd_flag":"N","PULocationID":"234","DOLocationID":"234","payment_type":"2","fare_amount":"4","extra":"0.5","mta_tax":"0.5","tip_amount":"0","tolls_amount":"0","improvement_surcharge":"0.3","total_amount":"5.3","congestion_surcharge":"","tripId":"0f06b0dd-12ff-4f45-8648-818ef5f658ae"},{"VendorID":"2","tpep_pickup_datetime":"2023-12-02 01:32:39","tpep_dropoff_datetime":"2023-08-13 01:43:49","passenger_count":"1","trip_distance":"1.73","RatecodeID":"1","store_and_fwd_flag":"N","PULocationID":"234","DOLocationID":"234","payment_type":"1","fare_amount":"9.5","extra":"0.5","mta_tax":"0.5","tip_amount":"2.16","tolls_amount":"0","improvement_surcharge":"0.3","total_amount":"12.96","congestion_surcharge":"","tripId":"45715148-e843-4b6d-950a-0c21511107d8"},{"VendorID":"2","tpep_pickup_datetime":"2023-08-05 01:46:45","tpep_dropoff_datetime":"2024-01-07 02:00:27","passenger_count":"1","trip_distance":"3.28","RatecodeID":"1","store_and_fwd_flag":"N","PULocationID":"234","DOLocationID":"234","payment_type":"1","fare_amount":"13.5","extra":"0.5","mta_tax":"0.5","tip_amount":"2.96","tolls_amount":"0","improvement_surcharge":"0.3","total_amount":"17.76","congestion_surcharge":"","tripId":"9c24de37-4427-439c-a5e1-1bef98dedcd2"},{"VendorID":"2","tpep_pickup_datetime":"2023-10-01 01:06:13","tpep_dropoff_datetime":"2023-11-29 01:43:24","passenger_count":"1","trip_distance":"7.31","RatecodeID":"1","store_and_fwd_flag":"N","PULocationID":"234","DOLocationID":"198","payment_type":"1","fare_amount":"28.5","extra":"0.5","mta_tax":"0.5","tip_amount":"7.45","tolls_amount":"0","improvement_surcharge":"0.3","total_amount":"37.25","congestion_surcharge":"","tripId":"67372b04-f97e-46a9-9ef8-9ed184595e74"},{"VendorID":"1","tpep_pickup_datetime":"2023-03-01 01:06:42","tpep_dropoff_datetime":"2023-11-10 01:15:12","passenger_count":"2","trip_distance":"1.10","RatecodeID":"1","store_and_fwd_flag":"N","PULocationID":"43","DOLocationID":"143","payment_type":"2","fare_amount":"7","extra":"0.5","mta_tax":"0.5","tip_amount":"0","tolls_amount":"0","improvement_surcharge":"0.3","total_amount":"8.3","congestion_surcharge":"","tripId":"d30b844f-89ca-4719-8c88-36e645720c34"},{"VendorID":"1","tpep_pickup_datetime":"2023-09-11 01:21:46","tpep_dropoff_datetime":"2023-01-30 01:48:49","passenger_count":"2","trip_distance":"14.40","RatecodeID":"1","store_and_fwd_flag":"N","PULocationID":"163","DOLocationID":"18","payment_type":"2","fare_amount":"41","extra":"0.5","mta_tax":"0.5","tip_amount":"0","tolls_amount":"2.64","improvement_surcharge":"0.3","total_amount":"44.94","congestion_surcharge":"","tripId":"7b8445a5-428c-4a10-be4a-2c827f19d464"},{"VendorID":"2","tpep_pickup_datetime":"2023-06-08 00:58:40","tpep_dropoff_datetime":"2023-05-01 01:13:44","passenger_count":"1","trip_distance":"2.22","RatecodeID":"1","store_and_fwd_flag":"N","PULocationID":"162","DOLocationID":"143","payment_type":"1","fare_amount":"12","extra":"0.5","mta_tax":"0.5","tip_amount":"2.66","tolls_amount":"0","improvement_surcharge":"0.3","total_amount":"15.96","congestion_surcharge":"","tripId":"ce5fee94-7189-4fd6-bbac-f1a2f0885532"},{"VendorID":"2","tpep_pickup_datetime":"2023-05-11 01:19:40","tpep_dropoff_datetime":"2023-08-21 01:43:47","passenger_count":"1","trip_distance":"3.61","RatecodeID":"1","store_and_fwd_flag":"N","PULocationID":"142","DOLocationID":"224","payment_type":"1","fare_amount":"17","extra":"0.5","mta_tax":"0.5","tip_amount":"3.66","tolls_amount":"0","improvement_surcharge":"0.3","total_amount":"21.96","congestion_surcharge":"","tripId":"d81ada62-ea2a-476d-a869-a3b405163f57"},{"VendorID":"2","tpep_pickup_datetime":"2023-08-22 01:46:15","tpep_dropoff_datetime":"2023-03-18 01:52:23","passenger_count":"1","trip_distance":".73","RatecodeID":"1","store_and_fwd_flag":"N","PULocationID":"107","DOLocationID":"234","payment_type":"1","fare_amount":"6","extra":"0.5","mta_tax":"0.5","tip_amount":"1.46","tolls_amount":"0","improvement_surcharge":"0.3","total_amount":"8.76","congestion_surcharge":"","tripId":"4278a95b-f42a-4ccd-afd2-9e50d87811a0"},{"VendorID":"2","tpep_pickup_datetime":"2023-12-07 01:53:42","tpep_dropoff_datetime":"2023-12-08 02:03:04","passenger_count":"1","trip_distance":"1.25","RatecodeID":"1","store_and_fwd_flag":"N","PULocationID":"234","DOLocationID":"107","payment_type":"1","fare_amount":"8","extra":"0.5","mta_tax":"0.5","tip_amount":"1.7","tolls_amount":"0","improvement_surcharge":"0.3","total_amount":"11","congestion_surcharge":"","tripId":"8cd2d37b-50f3-47c3-b139-530c89d3c5ae"},{"VendorID":"1","tpep_pickup_datetime":"2023-12-17 01:07:28","tpep_dropoff_datetime":"2024-01-31 01:48:10","passenger_count":"1","trip_distance":"7.10","RatecodeID":"1","store_and_fwd_flag":"N","PULocationID":"158","DOLocationID":"116","payment_type":"1","fare_amount":"31.5","extra":"0.5","mta_tax":"0.5","tip_amount":"3","tolls_amount":"0","improvement_surcharge":"0.3","total_amount":"35.8","congestion_surcharge":"","tripId":"72cc38f4-66db-4a51-a39d-072e56be0319"},{"VendorID":"2","tpep_pickup_datetime":"2023-02-07 01:58:58","tpep_dropoff_datetime":"2023-09-15 02:03:39","passenger_count":"1","trip_distance":".97","RatecodeID":"1","store_and_fwd_flag":"N","PULocationID":"74","DOLocationID":"42","payment_type":"1","fare_amount":"5.5","extra":"0.5","mta_tax":"0.5","tip_amount":"1.36","tolls_amount":"0","improvement_surcharge":"0.3","total_amount":"8.16","congestion_surcharge":"","tripId":"edc3450c-4fd8-4c46-9678-b78b38f79701"},{"VendorID":"1","tpep_pickup_datetime":"2023-12-19 01:16:43","tpep_dropoff_datetime":"2023-12-15 01:32:08","passenger_count":"1","trip_distance":"4.40","RatecodeID":"1","store_and_fwd_flag":"N","PULocationID":"107","DOLocationID":"88","payment_type":"2","fare_amount":"15.5","extra":"0.5","mta_tax":"0.5","tip_amount":"0","tolls_amount":"0","improvement_surcharge":"0.3","total_amount":"16.8","congestion_surcharge":"","tripId":"43f290d9-ce70-4b9f-a06e-cbe795d7d303"},{"VendorID":"1","tpep_pickup_datetime":"2023-03-09 01:32:22","tpep_dropoff_datetime":"2023-12-10 01:51:34","passenger_count":"1","trip_distance":"6.50","RatecodeID":"1","store_and_fwd_flag":"N","PULocationID":"88","DOLocationID":"140","payment_type":"1","fare_amount":"21.5","extra":"0.5","mta_tax":"0.5","tip_amount":"1","tolls_amount":"0","improvement_surcharge":"0.3","total_amount":"23.8","congestion_surcharge":"","tripId":"3d47e9bf-8a2b-4277-8b03-41b92f389b86"},{"VendorID":"2","tpep_pickup_datetime":"2023-11-16 01:07:06","tpep_dropoff_datetime":"2023-11-04 01:14:05","passenger_count":"2","trip_distance":"1.34","RatecodeID":"1","store_and_fwd_flag":"N","PULocationID":"112","DOLocationID":"255","payment_type":"1","fare_amount":"7","extra":"0.5","mta_tax":"0.5","tip_amount":"2.49","tolls_amount":"0","improvement_surcharge":"0.3","total_amount":"10.79","congestion_surcharge":"","tripId":"704e68ac-141d-4ce6-a6d6-ade1eb9e21ba"},{"VendorID":"2","tpep_pickup_datetime":"2023-04-03 01:15:12","tpep_dropoff_datetime":"2023-06-11 01:25:43","passenger_count":"2","trip_distance":"2.28","RatecodeID":"1","store_and_fwd_flag":"N","PULocationID":"255","DOLocationID":"232","payment_type":"1","fare_amount":"10","extra":"0.5","mta_tax":"0.5","tip_amount":"2.82","tolls_amount":"0","improvement_surcharge":"0.3","total_amount":"14.12","congestion_surcharge":"","tripId":"7d31e6c4-c3cd-414b-a52f-f667db382325"},{"VendorID":"2","tpep_pickup_datetime":"2023-06-04 01:27:24","tpep_dropoff_datetime":"2023-03-12 01:43:34","passenger_count":"2","trip_distance":"6.21","RatecodeID":"1","store_and_fwd_flag":"N","PULocationID":"232","DOLocationID":"75","payment_type":"1","fare_amount":"20","extra":"0.5","mta_tax":"0.5","tip_amount":"5.32","tolls_amount":"0","improvement_surcharge":"0.3","total_amount":"26.62","congestion_surcharge":"","tripId":"6e8e498b-1faf-434a-8bce-0e1faf441b35"},{"VendorID":"2","tpep_pickup_datetime":"2023-09-19 01:56:38","tpep_dropoff_datetime":"2023-06-26 02:37:23","passenger_count":"2","trip_distance":"16.74","RatecodeID":"1","store_and_fwd_flag":"N","PULocationID":"170","DOLocationID":"22","payment_type":"1","fare_amount":"49","extra":"0.5","mta_tax":"0.5","tip_amount":"8.55","tolls_amount":"0","improvement_surcharge":"0.3","total_amount":"58.85","congestion_surcharge":"","tripId":"9a8499f1-5524-4235-afaf-c9cbc9a60d4d"},{"VendorID":"2","tpep_pickup_datetime":"2023-03-24 01:20:37","tpep_dropoff_datetime":"2023-08-19 01:36:23","passenger_count":"1","trip_distance":"2.84","RatecodeID":"1","store_and_fwd_flag":"N","PULocationID":"161","DOLocationID":"79","payment_type":"1","fare_amount":"12","extra":"0.5","mta_tax":"0.5","tip_amount":"2.66","tolls_amount":"0","improvement_surcharge":"0.3","total_amount":"15.96","congestion_surcharge":"","tripId":"b86910f6-5be4-4318-8823-5da08e372308"},{"VendorID":"2","tpep_pickup_datetime":"2023-04-13 01:37:59","tpep_dropoff_datetime":"2023-09-16 01:41:17","passenger_count":"1","trip_distance":".72","RatecodeID":"1","store_and_fwd_flag":"N","PULocationID":"79","DOLocationID":"107","payment_type":"1","fare_amount":"4.5","extra":"0.5","mta_tax":"0.5","tip_amount":"1.16","tolls_amount":"0","improvement_surcharge":"0.3","total_amount":"6.96","congestion_surcharge":"","tripId":"24bdbdef-c74b-41a3-bb54-cebda79358e7"},{"VendorID":"2","tpep_pickup_datetime":"2023-11-16 01:42:56","tpep_dropoff_datetime":"2023-06-13 01:48:08","passenger_count":"1","trip_distance":".57","RatecodeID":"1","store_and_fwd_flag":"N","PULocationID":"107","DOLocationID":"170","payment_type":"1","fare_amount":"5","extra":"0.5","mta_tax":"0.5","tip_amount":"1.26","tolls_amount":"0","improvement_surcharge":"0.3","total_amount":"7.56","congestion_surcharge":"","tripId":"8eb26f0e-605c-44c1-9727-7d15b371e661"},{"VendorID":"2","tpep_pickup_datetime":"2023-02-16 01:50:07","tpep_dropoff_datetime":"2023-03-05 01:54:23","passenger_count":"1","trip_distance":".82","RatecodeID":"1","store_and_fwd_flag":"N","PULocationID":"107","DOLocationID":"79","payment_type":"1","fare_amount":"5","extra":"0.5","mta_tax":"0.5","tip_amount":"2","tolls_amount":"0","improvement_surcharge":"0.3","total_amount":"8.3","congestion_surcharge":"","tripId":"cde32d20-5e22-42db-bcc7-e950a1dd2781"},{"VendorID":"2","tpep_pickup_datetime":"2023-09-24 01:57:59","tpep_dropoff_datetime":"2023-09-05 02:11:33","passenger_count":"1","trip_distance":"2.67","RatecodeID":"1","store_and_fwd_flag":"N","PULocationID":"79","DOLocationID":"256","payment_type":"1","fare_amount":"12.5","extra":"0.5","mta_tax":"0.5","tip_amount":"2.76","tolls_amount":"0","improvement_surcharge":"0.3","total_amount":"16.56","congestion_surcharge":"","tripId":"f9762768-a701-4ccc-b983-b16f0e0d61f9"},{"VendorID":"2","tpep_pickup_datetime":"2023-01-25 01:13:57","tpep_dropoff_datetime":"2023-11-05 01:32:59","passenger_count":"2","trip_distance":"2.81","RatecodeID":"1","store_and_fwd_flag":"N","PULocationID":"238","DOLocationID":"141","payment_type":"1","fare_amount":"14","extra":"0.5","mta_tax":"0.5","tip_amount":"3.06","tolls_amount":"0","improvement_surcharge":"0.3","total_amount":"18.36","congestion_surcharge":"","tripId":"ed06e3d0-64c9-48d1-ba46-808e4787f668"},{"VendorID":"2","tpep_pickup_datetime":"2023-01-20 01:33:37","tpep_dropoff_datetime":"2023-03-02 01:57:04","passenger_count":"2","trip_distance":"3.69","RatecodeID":"1","store_and_fwd_flag":"N","PULocationID":"141","DOLocationID":"146","payment_type":"1","fare_amount":"18","extra":"0.5","mta_tax":"0.5","tip_amount":"3.86","tolls_amount":"0","improvement_surcharge":"0.3","total_amount":"23.16","congestion_surcharge":"","tripId":"1389578b-e7a7-4823-aeb4-bb67a94603c2"},{"VendorID":"2","tpep_pickup_datetime":"2023-11-24 01:04:22","tpep_dropoff_datetime":"2023-04-04 01:10:04","passenger_count":"2","trip_distance":".74","RatecodeID":"1","store_and_fwd_flag":"N","PULocationID":"230","DOLocationID":"162","payment_type":"2","fare_amount":"5.5","extra":"0.5","mta_tax":"0.5","tip_amount":"0","tolls_amount":"0","improvement_surcharge":"0.3","total_amount":"6.8","congestion_surcharge":"","tripId":"5d66c25b-9981-4139-849c-294773644f3e"},{"VendorID":"2","tpep_pickup_datetime":"2023-07-06 01:16:23","tpep_dropoff_datetime":"2023-09-28 01:22:05","passenger_count":"2","trip_distance":".51","RatecodeID":"1","store_and_fwd_flag":"N","PULocationID":"161","DOLocationID":"161","payment_type":"2","fare_amount":"5.5","extra":"0.5","mta_tax":"0.5","tip_amount":"0","tolls_amount":"0","improvement_surcharge":"0.3","total_amount":"6.8","congestion_surcharge":"","tripId":"9cfff29c-9e33-4bfb-b31c-fa7259ada23d"},{"VendorID":"2","tpep_pickup_datetime":"2023-08-20 01:31:41","tpep_dropoff_datetime":"2023-08-07 01:44:39","passenger_count":"2","trip_distance":".84","RatecodeID":"1","store_and_fwd_flag":"N","PULocationID":"161","DOLocationID":"48","payment_type":"2","fare_amount":"9","extra":"0.5","mta_tax":"0.5","tip_amount":"0","tolls_amount":"0","improvement_surcharge":"0.3","total_amount":"10.3","congestion_surcharge":"","tripId":"6eefbe63-e3a1-4950-ad9d-c88b9c68691c"},{"VendorID":"2","tpep_pickup_datetime":"2023-08-18 01:00:03","tpep_dropoff_datetime":"2023-06-14 01:15:04","passenger_count":"3","trip_distance":"4.89","RatecodeID":"1","store_and_fwd_flag":"N","PULocationID":"42","DOLocationID":"167","payment_type":"4","fare_amount":"-16.5","extra":"-0.5","mta_tax":"-0.5","tip_amount":"0","tolls_amount":"0","improvement_surcharge":"-0.3","total_amount":"-17.8","congestion_surcharge":"","tripId":"743bb1dd-f0f9-40b1-b695-abb35a36d040"},{"VendorID":"2","tpep_pickup_datetime":"2023-10-09 01:00:03","tpep_dropoff_datetime":"2023-09-02 01:15:04","passenger_count":"3","trip_distance":"4.89","RatecodeID":"1","store_and_fwd_flag":"N","PULocationID":"42","DOLocationID":"167","payment_type":"2","fare_amount":"16.5","extra":"0.5","mta_tax":"0.5","tip_amount":"0","tolls_amount":"0","improvement_surcharge":"0.3","total_amount":"17.8","congestion_surcharge":"","tripId":"9711748f-33dc-4f7c-bb09-35c444b8aa11"},{"VendorID":"2","tpep_pickup_datetime":"2023-04-26 01:35:32","tpep_dropoff_datetime":"2023-06-24 01:43:27","passenger_count":"2","trip_distance":"1.58","RatecodeID":"1","store_and_fwd_flag":"N","PULocationID":"74","DOLocationID":"75","payment_type":"4","fare_amount":"-8","extra":"-0.5","mta_tax":"-0.5","tip_amount":"0","tolls_amount":"0","improvement_surcharge":"-0.3","total_amount":"-9.3","congestion_surcharge":"","tripId":"1481fc70-7c2d-4bc7-8c8e-b9529cd74724"},{"VendorID":"2","tpep_pickup_datetime":"2023-06-20 01:35:32","tpep_dropoff_datetime":"2023-07-10 01:43:27","passenger_count":"2","trip_distance":"1.58","RatecodeID":"1","store_and_fwd_flag":"N","PULocationID":"74","DOLocationID":"75","payment_type":"2","fare_amount":"8","extra":"0.5","mta_tax":"0.5","tip_amount":"0","tolls_amount":"0","improvement_surcharge":"0.3","total_amount":"9.3","congestion_surcharge":"","tripId":"e25abab6-9775-451a-a213-8f722d1f0815"},{"VendorID":"2","tpep_pickup_datetime":"2023-05-22 01:57:47","tpep_dropoff_datetime":"2023-09-07 02:18:17","passenger_count":"1","trip_distance":"4.84","RatecodeID":"1","store_and_fwd_flag":"N","PULocationID":"237","DOLocationID":"129","payment_type":"2","fare_amount":"17.5","extra":"0.5","mta_tax":"0.5","tip_amount":"0","tolls_amount":"0","improvement_surcharge":"0.3","total_amount":"18.8","congestion_surcharge":"","tripId":"fe27b615-f175-4ef0-9467-d7cd633f78f1"},{"VendorID":"1","tpep_pickup_datetime":"2023-08-18 01:04:55","tpep_dropoff_datetime":"2023-07-21 01:08:49","passenger_count":"1","trip_distance":".90","RatecodeID":"1","store_and_fwd_flag":"N","PULocationID":"43","DOLocationID":"237","payment_type":"2","fare_amount":"5","extra":"0.5","mta_tax":"0.5","tip_amount":"0","tolls_amount":"0","improvement_surcharge":"0.3","total_amount":"6.3","congestion_surcharge":"","tripId":"26fd788d-9553-4681-98f2-f3f7c2d9c9aa"},{"VendorID":"1","tpep_pickup_datetime":"2023-04-30 01:13:38","tpep_dropoff_datetime":"2023-05-26 01:25:54","passenger_count":"1","trip_distance":"3.00","RatecodeID":"1","store_and_fwd_flag":"N","PULocationID":"43","DOLocationID":"41","payment_type":"2","fare_amount":"11.5","extra":"0.5","mta_tax":"0.5","tip_amount":"0","tolls_amount":"0","improvement_surcharge":"0.3","total_amount":"12.8","congestion_surcharge":"","tripId":"0cc6fc64-ecc3-44e8-bcdb-64a712e36117"},{"VendorID":"1","tpep_pickup_datetime":"2023-11-17 01:35:19","tpep_dropoff_datetime":"2023-08-31 01:39:39","passenger_count":"1","trip_distance":".60","RatecodeID":"1","store_and_fwd_flag":"N","PULocationID":"75","DOLocationID":"236","payment_type":"1","fare_amount":"5","extra":"0.5","mta_tax":"0.5","tip_amount":"1.25","tolls_amount":"0","improvement_surcharge":"0.3","total_amount":"7.55","congestion_surcharge":"","tripId":"140624e6-c245-4885-a8a6-d68b87347f09"},{"VendorID":"1","tpep_pickup_datetime":"2023-02-13 01:53:12","tpep_dropoff_datetime":"2023-11-22 02:06:37","passenger_count":"1","trip_distance":"3.70","RatecodeID":"1","store_and_fwd_flag":"N","PULocationID":"229","DOLocationID":"7","payment_type":"2","fare_amount":"14","extra":"0.5","mta_tax":"0.5","tip_amount":"0","tolls_amount":"0","improvement_surcharge":"0.3","total_amount":"15.3","congestion_surcharge":"","tripId":"c6850580-6165-4c71-afca-5fe656e036ac"},{"VendorID":"1","tpep_pickup_datetime":"2023-01-26 01:12:00","tpep_dropoff_datetime":"2023-05-27 01:26:12","passenger_count":"1","trip_distance":"2.30","RatecodeID":"1","store_and_fwd_flag":"N","PULocationID":"79","DOLocationID":"256","payment_type":"2","fare_amount":"12","extra":"0.5","mta_tax":"0.5","tip_amount":"0","tolls_amount":"0","improvement_surcharge":"0.3","total_amount":"13.3","congestion_surcharge":"","tripId":"92d311c6-addf-43e7-a307-78ac1856cb00"},{"VendorID":"1","tpep_pickup_datetime":"2024-01-14 01:35:09","tpep_dropoff_datetime":"2023-04-17 01:45:39","passenger_count":"1","trip_distance":"1.80","RatecodeID":"1","store_and_fwd_flag":"N","PULocationID":"148","DOLocationID":"249","payment_type":"1","fare_amount":"9","extra":"0.5","mta_tax":"0.5","tip_amount":"2","tolls_amount":"0","improvement_surcharge":"0.3","total_amount":"12.3","congestion_surcharge":"","tripId":"eb72ce86-59cc-4366-a944-23ecd36f33ae"},{"VendorID":"1","tpep_pickup_datetime":"2023-04-19 01:47:11","tpep_dropoff_datetime":"2023-03-10 02:01:59","passenger_count":"1","trip_distance":"2.10","RatecodeID":"1","store_and_fwd_flag":"N","PULocationID":"249","DOLocationID":"48","payment_type":"2","fare_amount":"11.5","extra":"0.5","mta_tax":"0.5","tip_amount":"0","tolls_amount":"0","improvement_surcharge":"0.3","total_amount":"12.8","congestion_surcharge":"","tripId":"731f5280-7b74-41de-8014-485cee833bf3"},{"VendorID":"2","tpep_pickup_datetime":"2023-06-26 01:26:09","tpep_dropoff_datetime":"2023-01-13 01:33:42","passenger_count":"1","trip_distance":"1.00","RatecodeID":"1","store_and_fwd_flag":"N","PULocationID":"148","DOLocationID":"79","payment_type":"1","fare_amount":"7","extra":"0.5","mta_tax":"0.5","tip_amount":"1.66","tolls_amount":"0","improvement_surcharge":"0.3","total_amount":"9.96","congestion_surcharge":"","tripId":"92c6c6b0-1dc0-44f6-9466-4b6a8c7b7c2c"},{"VendorID":"2","tpep_pickup_datetime":"2023-09-30 01:34:41","tpep_dropoff_datetime":"2023-01-02 01:43:24","passenger_count":"1","trip_distance":"1.77","RatecodeID":"1","store_and_fwd_flag":"N","PULocationID":"79","DOLocationID":"170","payment_type":"1","fare_amount":"8","extra":"0.5","mta_tax":"0.5","tip_amount":"2.32","tolls_amount":"0","improvement_surcharge":"0.3","total_amount":"11.62","congestion_surcharge":"","tripId":"e6b5a9d5-fe47-4674-b779-b6a26de7fb15"},{"VendorID":"2","tpep_pickup_datetime":"2023-06-09 01:51:17","tpep_dropoff_datetime":"2023-10-22 02:02:18","passenger_count":"1","trip_distance":"1.85","RatecodeID":"1","store_and_fwd_flag":"N","PULocationID":"162","DOLocationID":"107","payment_type":"1","fare_amount":"9.5","extra":"0.5","mta_tax":"0.5","tip_amount":"2.16","tolls_amount":"0","improvement_surcharge":"0.3","total_amount":"12.96","congestion_surcharge":"","tripId":"6f2938f6-6b3e-42ca-b27f-f9d64c5cf38a"},{"VendorID":"2","tpep_pickup_datetime":"2023-12-14 01:07:02","tpep_dropoff_datetime":"2023-11-30 01:13:26","passenger_count":"2","trip_distance":"2.34","RatecodeID":"1","store_and_fwd_flag":"N","PULocationID":"236","DOLocationID":"162","payment_type":"1","fare_amount":"8.5","extra":"0.5","mta_tax":"0.5","tip_amount":"2","tolls_amount":"0","improvement_surcharge":"0.3","total_amount":"11.8","congestion_surcharge":"","tripId":"3bab67d9-edd4-487a-bb9c-427564b095f0"},{"VendorID":"2","tpep_pickup_datetime":"2023-04-21 01:18:26","tpep_dropoff_datetime":"2023-01-02 01:30:52","passenger_count":"2","trip_distance":"3.17","RatecodeID":"1","store_and_fwd_flag":"N","PULocationID":"162","DOLocationID":"238","payment_type":"1","fare_amount":"11.5","extra":"0.5","mta_tax":"0.5","tip_amount":"2.56","tolls_amount":"0","improvement_surcharge":"0.3","total_amount":"15.36","congestion_surcharge":"","tripId":"ed06290f-3506-44dd-88ef-e6a6ddbced16"},{"VendorID":"2","tpep_pickup_datetime":"2023-04-26 01:45:09","tpep_dropoff_datetime":"2023-09-03 02:02:01","passenger_count":"2","trip_distance":"2.37","RatecodeID":"1","store_and_fwd_flag":"N","PULocationID":"50","DOLocationID":"161","payment_type":"1","fare_amount":"12.5","extra":"0.5","mta_tax":"0.5","tip_amount":"3.45","tolls_amount":"0","improvement_surcharge":"0.3","total_amount":"17.25","congestion_surcharge":"","tripId":"fdb513d9-9dfc-4fb1-8de7-3f476f4d6194"},{"VendorID":"2","tpep_pickup_datetime":"2023-11-03 01:16:14","tpep_dropoff_datetime":"2024-01-13 01:19:55","passenger_count":"1","trip_distance":".64","RatecodeID":"1","store_and_fwd_flag":"N","PULocationID":"234","DOLocationID":"113","payment_type":"1","fare_amount":"4.5","extra":"0.5","mta_tax":"0.5","tip_amount":"1.45","tolls_amount":"0","improvement_surcharge":"0.3","total_amount":"7.25","congestion_surcharge":"","tripId":"177cbb2e-dcbd-484f-a914-56f6bc9579c8"},{"VendorID":"2","tpep_pickup_datetime":"2023-09-29 01:21:17","tpep_dropoff_datetime":"2023-11-12 01:34:56","passenger_count":"1","trip_distance":"2.18","RatecodeID":"1","store_and_fwd_flag":"N","PULocationID":"114","DOLocationID":"137","payment_type":"2","fare_amount":"11","extra":"0.5","mta_tax":"0.5","tip_amount":"0","tolls_amount":"0","improvement_surcharge":"0.3","total_amount":"12.3","congestion_surcharge":"","tripId":"7fab277e-312d-42ad-b7ad-df899c8ccd2a"},{"VendorID":"2","tpep_pickup_datetime":"2023-12-29 01:39:04","tpep_dropoff_datetime":"2023-10-01 01:47:33","passenger_count":"1","trip_distance":"1.14","RatecodeID":"1","store_and_fwd_flag":"N","PULocationID":"170","DOLocationID":"162","payment_type":"2","fare_amount":"7","extra":"0.5","mta_tax":"0.5","tip_amount":"0","tolls_amount":"0","improvement_surcharge":"0.3","total_amount":"8.3","congestion_surcharge":"","tripId":"08ed94f4-e4c4-4f6f-9f73-146a7a720a24"},{"VendorID":"2","tpep_pickup_datetime":"2023-08-12 01:54:10","tpep_dropoff_datetime":"2023-11-01 01:56:42","passenger_count":"1","trip_distance":".41","RatecodeID":"1","store_and_fwd_flag":"N","PULocationID":"170","DOLocationID":"137","payment_type":"2","fare_amount":"4","extra":"0.5","mta_tax":"0.5","tip_amount":"0","tolls_amount":"0","improvement_surcharge":"0.3","total_amount":"5.3","congestion_surcharge":"","tripId":"f641c896-1776-4e0a-80e6-e853e407425b"},{"VendorID":"2","tpep_pickup_datetime":"2023-08-19 01:02:49","tpep_dropoff_datetime":"2023-02-13 01:06:25","passenger_count":"2","trip_distance":".88","RatecodeID":"1","store_and_fwd_flag":"N","PULocationID":"68","DOLocationID":"186","payment_type":"1","fare_amount":"5","extra":"0.5","mta_tax":"0.5","tip_amount":"1.26","tolls_amount":"0","improvement_surcharge":"0.3","total_amount":"7.56","congestion_surcharge":"","tripId":"687fc6b7-0b8c-47bc-93d7-0374bb48348c"},{"VendorID":"2","tpep_pickup_datetime":"2023-02-10 01:07:45","tpep_dropoff_datetime":"2023-04-12 01:19:01","passenger_count":"2","trip_distance":"1.49","RatecodeID":"1","store_and_fwd_flag":"N","PULocationID":"186","DOLocationID":"107","payment_type":"1","fare_amount":"9","extra":"0.5","mta_tax":"0.5","tip_amount":"3.09","tolls_amount":"0","improvement_surcharge":"0.3","total_amount":"13.39","congestion_surcharge":"","tripId":"14d9afc4-de34-43e1-b9ab-315de8417914"},{"VendorID":"2","tpep_pickup_datetime":"2023-12-13 01:22:56","tpep_dropoff_datetime":"2023-06-25 01:37:41","passenger_count":"2","trip_distance":"4.69","RatecodeID":"1","store_and_fwd_flag":"N","PULocationID":"164","DOLocationID":"87","payment_type":"1","fare_amount":"16","extra":"0.5","mta_tax":"0.5","tip_amount":"3.46","tolls_amount":"0","improvement_surcharge":"0.3","total_amount":"20.76","congestion_surcharge":"","tripId":"8870f644-b2fe-4714-8a37-fe75d0eac58c"},{"VendorID":"2","tpep_pickup_datetime":"2023-12-28 01:39:44","tpep_dropoff_datetime":"2023-05-12 01:44:02","passenger_count":"2","trip_distance":".66","RatecodeID":"1","store_and_fwd_flag":"N","PULocationID":"87","DOLocationID":"261","payment_type":"2","fare_amount":"5","extra":"0.5","mta_tax":"0.5","tip_amount":"0","tolls_amount":"0","improvement_surcharge":"0.3","total_amount":"6.3","congestion_surcharge":"","tripId":"03d7d4e1-b4d8-4eac-ae7f-20427243702b"},{"VendorID":"2","tpep_pickup_datetime":"2023-02-15 01:07:14","tpep_dropoff_datetime":"2023-12-27 01:16:31","passenger_count":"1","trip_distance":"1.73","RatecodeID":"1","store_and_fwd_flag":"N","PULocationID":"146","DOLocationID":"260","payment_type":"2","fare_amount":"8.5","extra":"0.5","mta_tax":"0.5","tip_amount":"0","tolls_amount":"0","improvement_surcharge":"0.3","total_amount":"9.8","congestion_surcharge":"","tripId":"f319a824-b6a5-44bd-bb14-592736c6792a"},{"VendorID":"2","tpep_pickup_datetime":"2023-12-17 01:46:36","tpep_dropoff_datetime":"2023-09-17 02:21:19","passenger_count":"1","trip_distance":"9.58","RatecodeID":"1","store_and_fwd_flag":"N","PULocationID":"161","DOLocationID":"243","payment_type":"1","fare_amount":"35","extra":"0.5","mta_tax":"0.5","tip_amount":"2","tolls_amount":"0","improvement_surcharge":"0.3","total_amount":"38.3","congestion_surcharge":"","tripId":"1f3f0710-d4a4-45aa-bfb2-f9ea7cd8be36"},{"VendorID":"2","tpep_pickup_datetime":"2024-01-11 01:01:18","tpep_dropoff_datetime":"2023-11-18 01:10:27","passenger_count":"1","trip_distance":".99","RatecodeID":"1","store_and_fwd_flag":"N","PULocationID":"234","DOLocationID":"164","payment_type":"2","fare_amount":"6.5","extra":"0.5","mta_tax":"0.5","tip_amount":"0","tolls_amount":"0","improvement_surcharge":"0.3","total_amount":"7.8","congestion_surcharge":"","tripId":"a637ce14-4a43-4008-a858-8a268462b745"},{"VendorID":"2","tpep_pickup_datetime":"2024-02-04 01:15:47","tpep_dropoff_datetime":"2023-08-05 01:20:37","passenger_count":"1","trip_distance":".78","RatecodeID":"1","store_and_fwd_flag":"N","PULocationID":"234","DOLocationID":"170","payment_type":"1","fare_amount":"5","extra":"0.5","mta_tax":"0.5","tip_amount":"1.26","tolls_amount":"0","improvement_surcharge":"0.3","total_amount":"7.56","congestion_surcharge":"","tripId":"cb61c0fd-08e4-44b3-bb48-e70c99f8d28c"},{"VendorID":"2","tpep_pickup_datetime":"2023-01-26 01:22:42","tpep_dropoff_datetime":"2023-08-22 01:26:28","passenger_count":"1","trip_distance":".50","RatecodeID":"1","store_and_fwd_flag":"N","PULocationID":"170","DOLocationID":"161","payment_type":"1","fare_amount":"4.5","extra":"0.5","mta_tax":"0.5","tip_amount":"1.16","tolls_amount":"0","improvement_surcharge":"0.3","total_amount":"6.96","congestion_surcharge":"","tripId":"0f27bb5b-492d-40b8-9a00-e6f1627cc635"},{"VendorID":"2","tpep_pickup_datetime":"2023-08-13 01:37:44","tpep_dropoff_datetime":"2023-09-17 01:41:12","passenger_count":"1","trip_distance":".51","RatecodeID":"1","store_and_fwd_flag":"N","PULocationID":"233","DOLocationID":"170","payment_type":"1","fare_amount":"4","extra":"0.5","mta_tax":"0.5","tip_amount":"1.06","tolls_amount":"0","improvement_surcharge":"0.3","total_amount":"6.36","congestion_surcharge":"","tripId":"2d08821d-f884-4d5a-be84-069de9f33aa6"},{"VendorID":"2","tpep_pickup_datetime":"2023-01-04 01:49:17","tpep_dropoff_datetime":"2023-03-01 02:00:29","passenger_count":"1","trip_distance":"1.86","RatecodeID":"1","store_and_fwd_flag":"N","PULocationID":"229","DOLocationID":"137","payment_type":"1","fare_amount":"9","extra":"0.5","mta_tax":"0.5","tip_amount":"2.5","tolls_amount":"0","improvement_surcharge":"0.3","total_amount":"12.8","congestion_surcharge":"","tripId":"d3bdf33d-09ca-4d1c-ba6f-1dcadeac54bc"},{"VendorID":"1","tpep_pickup_datetime":"2023-11-11 01:02:11","tpep_dropoff_datetime":"2023-10-02 01:05:39","passenger_count":"1","trip_distance":".50","RatecodeID":"1","store_and_fwd_flag":"N","PULocationID":"229","DOLocationID":"233","payment_type":"2","fare_amount":"4","extra":"0.5","mta_tax":"0.5","tip_amount":"0","tolls_amount":"0","improvement_surcharge":"0.3","total_amount":"5.3","congestion_surcharge":"","tripId":"d0d6b349-af98-436a-bcf2-de802a2c0f21"},{"VendorID":"1","tpep_pickup_datetime":"2023-02-08 01:18:59","tpep_dropoff_datetime":"2023-01-25 01:31:03","passenger_count":"1","trip_distance":"1.90","RatecodeID":"1","store_and_fwd_flag":"N","PULocationID":"164","DOLocationID":"229","payment_type":"2","fare_amount":"9.5","extra":"0.5","mta_tax":"0.5","tip_amount":"0","tolls_amount":"0","improvement_surcharge":"0.3","total_amount":"10.8","congestion_surcharge":"","tripId":"e4fcf13f-73ac-45b0-be77-5f1138d7246c"},{"VendorID":"1","tpep_pickup_datetime":"2024-02-02 01:33:55","tpep_dropoff_datetime":"2023-09-07 01:49:24","passenger_count":"1","trip_distance":"3.20","RatecodeID":"1","store_and_fwd_flag":"N","PULocationID":"229","DOLocationID":"43","payment_type":"1","fare_amount":"13.5","extra":"0.5","mta_tax":"0.5","tip_amount":"2.95","tolls_amount":"0","improvement_surcharge":"0.3","total_amount":"17.75","congestion_surcharge":"","tripId":"3cb8ed4f-a80d-47c0-be90-b7ba294aa23b"},{"VendorID":"1","tpep_pickup_datetime":"2023-01-08 01:50:53","tpep_dropoff_datetime":"2023-04-07 01:58:38","passenger_count":"1","trip_distance":"1.10","RatecodeID":"1","store_and_fwd_flag":"N","PULocationID":"43","DOLocationID":"239","payment_type":"1","fare_amount":"7","extra":"0.5","mta_tax":"0.5","tip_amount":"1.25","tolls_amount":"0","improvement_surcharge":"0.3","total_amount":"9.55","congestion_surcharge":"","tripId":"8e3a2838-d1f8-4994-abc0-379fcb772f8d"},{"VendorID":"2","tpep_pickup_datetime":"2023-10-15 01:28:45","tpep_dropoff_datetime":"2023-05-18 01:56:42","passenger_count":"1","trip_distance":"5.01","RatecodeID":"1","store_and_fwd_flag":"N","PULocationID":"114","DOLocationID":"236","payment_type":"1","fare_amount":"20.5","extra":"0.5","mta_tax":"0.5","tip_amount":"3","tolls_amount":"0","improvement_surcharge":"0.3","total_amount":"24.8","congestion_surcharge":"","tripId":"b8733986-b432-4b8c-bca7-f3b0387e4570"},{"VendorID":"2","tpep_pickup_datetime":"2023-10-21 01:11:30","tpep_dropoff_datetime":"2023-06-16 01:17:07","passenger_count":"2","trip_distance":".72","RatecodeID":"1","store_and_fwd_flag":"N","PULocationID":"142","DOLocationID":"163","payment_type":"2","fare_amount":"5.5","extra":"0.5","mta_tax":"0.5","tip_amount":"0","tolls_amount":"0","improvement_surcharge":"0.3","total_amount":"6.8","congestion_surcharge":"","tripId":"d110c286-25b3-4873-890e-2ed60a99fc4f"},{"VendorID":"2","tpep_pickup_datetime":"2023-07-02 01:22:32","tpep_dropoff_datetime":"2024-02-03 01:44:42","passenger_count":"2","trip_distance":"5.86","RatecodeID":"1","store_and_fwd_flag":"N","PULocationID":"161","DOLocationID":"87","payment_type":"1","fare_amount":"21","extra":"0.5","mta_tax":"0.5","tip_amount":"4.46","tolls_amount":"0","improvement_surcharge":"0.3","total_amount":"26.76","congestion_surcharge":"","tripId":"d05488d8-15cb-4fb1-bca9-aa49da1efd26"},{"VendorID":"2","tpep_pickup_datetime":"2023-07-16 01:47:28","tpep_dropoff_datetime":"2023-12-20 02:03:15","passenger_count":"1","trip_distance":"5.02","RatecodeID":"1","store_and_fwd_flag":"N","PULocationID":"87","DOLocationID":"164","payment_type":"2","fare_amount":"17","extra":"0.5","mta_tax":"0.5","tip_amount":"0","tolls_amount":"0","improvement_surcharge":"0.3","total_amount":"18.3","congestion_surcharge":"","tripId":"efb6f4f8-3c10-43e3-b85e-5a8310c031d8"},{"VendorID":"1","tpep_pickup_datetime":"2023-02-13 01:06:16","tpep_dropoff_datetime":"2023-04-05 01:12:20","passenger_count":"2","trip_distance":"1.10","RatecodeID":"1","store_and_fwd_flag":"N","PULocationID":"41","DOLocationID":"42","payment_type":"2","fare_amount":"6.5","extra":"0.5","mta_tax":"0.5","tip_amount":"0","tolls_amount":"0","improvement_surcharge":"0.3","total_amount":"7.8","congestion_surcharge":"","tripId":"f09fbf48-2109-4540-906d-e39346b0ceef"},{"VendorID":"4","tpep_pickup_datetime":"2023-07-31 01:20:53","tpep_dropoff_datetime":"2023-11-16 01:21:06","passenger_count":"1","trip_distance":".00","RatecodeID":"1","store_and_fwd_flag":"N","PULocationID":"161","DOLocationID":"161","payment_type":"2","fare_amount":"2.5","extra":"0.5","mta_tax":"0.5","tip_amount":"0","tolls_amount":"0","improvement_surcharge":"0.3","total_amount":"3.8","congestion_surcharge":"","tripId":"6c0e05ba-eff8-4491-aa76-75b12482d3a3"},{"VendorID":"4","tpep_pickup_datetime":"2023-06-01 01:54:37","tpep_dropoff_datetime":"2023-02-13 02:00:20","passenger_count":"1","trip_distance":"2.19","RatecodeID":"1","store_and_fwd_flag":"N","PULocationID":"226","DOLocationID":"80","payment_type":"1","fare_amount":"8","extra":"0.5","mta_tax":"0.5","tip_amount":"1.86","tolls_amount":"0","improvement_surcharge":"0.3","total_amount":"11.16","congestion_surcharge":"","tripId":"76bd4d58-65c3-4e02-a802-1c9099948d58"},{"VendorID":"1","tpep_pickup_datetime":"2024-01-26 01:24:49","tpep_dropoff_datetime":"2023-11-30 01:35:04","passenger_count":"3","trip_distance":"3.90","RatecodeID":"1","store_and_fwd_flag":"N","PULocationID":"88","DOLocationID":"107","payment_type":"1","fare_amount":"13.5","extra":"0.5","mta_tax":"0.5","tip_amount":"2.95","tolls_amount":"0","improvement_surcharge":"0.3","total_amount":"17.75","congestion_surcharge":"","tripId":"a22255b9-63bd-4618-823a-a6ada3e79db4"},{"VendorID":"1","tpep_pickup_datetime":"2023-07-07 01:19:14","tpep_dropoff_datetime":"2023-02-23 01:27:17","passenger_count":"0","trip_distance":"1.80","RatecodeID":"1","store_and_fwd_flag":"N","PULocationID":"246","DOLocationID":"249","payment_type":"1","fare_amount":"7.5","extra":"0.5","mta_tax":"0.5","tip_amount":"1","tolls_amount":"0","improvement_surcharge":"0.3","total_amount":"9.8","congestion_surcharge":"","tripId":"fbf89ca3-7cdf-4cf2-9295-22e4b6b9d142"},{"VendorID":"1","tpep_pickup_datetime":"2023-10-26 01:29:52","tpep_dropoff_datetime":"2024-01-19 01:42:34","passenger_count":"0","trip_distance":"2.40","RatecodeID":"1","store_and_fwd_flag":"N","PULocationID":"249","DOLocationID":"48","payment_type":"1","fare_amount":"10.5","extra":"0.5","mta_tax":"0.5","tip_amount":"2.95","tolls_amount":"0","improvement_surcharge":"0.3","total_amount":"14.75","congestion_surcharge":"","tripId":"c2f52e6c-f192-4ab0-991c-01814b6f3a5d"},{"VendorID":"1","tpep_pickup_datetime":"2023-09-12 01:44:26","tpep_dropoff_datetime":"2023-10-12 01:58:16","passenger_count":"0","trip_distance":"2.10","RatecodeID":"1","store_and_fwd_flag":"N","PULocationID":"48","DOLocationID":"162","payment_type":"2","fare_amount":"10.5","extra":"0.5","mta_tax":"0.5","tip_amount":"0","tolls_amount":"0","improvement_surcharge":"0.3","total_amount":"11.8","congestion_surcharge":"","tripId":"61c22b1a-5150-4ddc-9e23-368e4b56d5a1"},{"VendorID":"2","tpep_pickup_datetime":"2023-02-11 01:00:40","tpep_dropoff_datetime":"2024-01-10 01:18:11","passenger_count":"6","trip_distance":"2.04","RatecodeID":"1","store_and_fwd_flag":"N","PULocationID":"90","DOLocationID":"48","payment_type":"1","fare_amount":"12.5","extra":"0.5","mta_tax":"0.5","tip_amount":"2.76","tolls_amount":"0","improvement_surcharge":"0.3","total_amount":"16.56","congestion_surcharge":"","tripId":"ccc264ea-3c27-43cc-8804-b3368a73230b"},{"VendorID":"2","tpep_pickup_datetime":"2023-03-16 01:19:21","tpep_dropoff_datetime":"2023-08-06 01:22:14","passenger_count":"6","trip_distance":".41","RatecodeID":"1","store_and_fwd_flag":"N","PULocationID":"48","DOLocationID":"48","payment_type":"2","fare_amount":"4","extra":"0.5","mta_tax":"0.5","tip_amount":"0","tolls_amount":"0","improvement_surcharge":"0.3","total_amount":"5.3","congestion_surcharge":"","tripId":"a0cc5d4b-91e1-4572-b43b-e9bf9574fb00"},{"VendorID":"2","tpep_pickup_datetime":"2023-03-14 01:26:13","tpep_dropoff_datetime":"2023-01-14 01:38:41","passenger_count":"6","trip_distance":"2.38","RatecodeID":"1","store_and_fwd_flag":"N","PULocationID":"50","DOLocationID":"161","payment_type":"2","fare_amount":"10.5","extra":"0.5","mta_tax":"0.5","tip_amount":"0","tolls_amount":"0","improvement_surcharge":"0.3","total_amount":"11.8","congestion_surcharge":"","tripId":"0065f348-02dc-4763-bfec-37d97123868d"},{"VendorID":"1","tpep_pickup_datetime":"2023-06-12 01:00:08","tpep_dropoff_datetime":"2023-01-20 01:26:52","passenger_count":"2","trip_distance":"5.60","RatecodeID":"1","store_and_fwd_flag":"N","PULocationID":"170","DOLocationID":"83","payment_type":"2","fare_amount":"21.5","extra":"0.5","mta_tax":"0.5","tip_amount":"0","tolls_amount":"0","improvement_surcharge":"0.3","total_amount":"22.8","congestion_surcharge":"","tripId":"df913fb0-16cb-4c4a-b49b-fcc5470fabff"},{"VendorID":"1","tpep_pickup_datetime":"2024-01-17 01:39:21","tpep_dropoff_datetime":"2023-08-13 01:54:15","passenger_count":"1","trip_distance":"2.80","RatecodeID":"1","store_and_fwd_flag":"N","PULocationID":"226","DOLocationID":"223","payment_type":"1","fare_amount":"12.5","extra":"0.5","mta_tax":"0.5","tip_amount":"0","tolls_amount":"0","improvement_surcharge":"0.3","total_amount":"13.8","congestion_surcharge":"","tripId":"4de70fdb-fee3-4010-a01b-077d3259fcb0"},{"VendorID":"2","tpep_pickup_datetime":"2023-06-16 01:07:08","tpep_dropoff_datetime":"2023-10-04 01:20:29","passenger_count":"2","trip_distance":"2.88","RatecodeID":"1","store_and_fwd_flag":"N","PULocationID":"261","DOLocationID":"113","payment_type":"1","fare_amount":"12","extra":"0.5","mta_tax":"0.5","tip_amount":"2.66","tolls_amount":"0","improvement_surcharge":"0.3","total_amount":"15.96","congestion_surcharge":"","tripId":"b484fa01-919a-4085-920b-cc39b1ed0e44"},{"VendorID":"2","tpep_pickup_datetime":"2023-03-05 01:23:46","tpep_dropoff_datetime":"2023-11-28 01:27:47","passenger_count":"1","trip_distance":".78","RatecodeID":"1","store_and_fwd_flag":"N","PULocationID":"113","DOLocationID":"144","payment_type":"1","fare_amount":"5","extra":"0.5","mta_tax":"0.5","tip_amount":"1.26","tolls_amount":"0","improvement_surcharge":"0.3","total_amount":"7.56","congestion_surcharge":"","tripId":"f113f941-d2c9-4fb4-99d8-0f3932a7c11e"},{"VendorID":"2","tpep_pickup_datetime":"2023-10-25 01:29:13","tpep_dropoff_datetime":"2023-12-23 01:50:04","passenger_count":"1","trip_distance":"3.34","RatecodeID":"1","store_and_fwd_flag":"N","PULocationID":"144","DOLocationID":"230","payment_type":"1","fare_amount":"15.5","extra":"0.5","mta_tax":"0.5","tip_amount":"3.36","tolls_amount":"0","improvement_surcharge":"0.3","total_amount":"20.16","congestion_surcharge":"","tripId":"0bf12944-a48f-4c3f-b884-9c6a1e840efb"},{"VendorID":"2","tpep_pickup_datetime":"2024-01-03 01:58:39","tpep_dropoff_datetime":"2023-09-03 02:17:30","passenger_count":"1","trip_distance":"2.61","RatecodeID":"1","store_and_fwd_flag":"N","PULocationID":"48","DOLocationID":"137","payment_type":"1","fare_amount":"14","extra":"0.5","mta_tax":"0.5","tip_amount":"2.22","tolls_amount":"0","improvement_surcharge":"0.3","total_amount":"17.52","congestion_surcharge":"","tripId":"bdd969ee-87b0-4fde-9ec5-10760bcb8688"},{"VendorID":"2","tpep_pickup_datetime":"2023-08-08 01:28:45","tpep_dropoff_datetime":"2023-10-06 01:42:51","passenger_count":"1","trip_distance":"2.58","RatecodeID":"1","store_and_fwd_flag":"N","PULocationID":"230","DOLocationID":"161","payment_type":"2","fare_amount":"11.5","extra":"0.5","mta_tax":"0.5","tip_amount":"0","tolls_amount":"0","improvement_surcharge":"0.3","total_amount":"12.8","congestion_surcharge":"","tripId":"f7bab366-a2d1-4032-b230-ae3e0393179c"},{"VendorID":"2","tpep_pickup_datetime":"2023-02-26 01:47:48","tpep_dropoff_datetime":"2023-11-03 02:25:34","passenger_count":"1","trip_distance":"5.22","RatecodeID":"1","store_and_fwd_flag":"N","PULocationID":"161","DOLocationID":"260","payment_type":"2","fare_amount":"26","extra":"0.5","mta_tax":"0.5","tip_amount":"0","tolls_amount":"0","improvement_surcharge":"0.3","total_amount":"27.3","congestion_surcharge":"","tripId":"63abc65c-49e8-4e00-be21-fd10acc301e2"},{"VendorID":"1","tpep_pickup_datetime":"2023-04-19 01:18:26","tpep_dropoff_datetime":"2023-10-27 01:25:38","passenger_count":"1","trip_distance":"1.30","RatecodeID":"1","store_and_fwd_flag":"N","PULocationID":"113","DOLocationID":"231","payment_type":"1","fare_amount":"7","extra":"0.5","mta_tax":"0.5","tip_amount":"2.05","tolls_amount":"0","improvement_surcharge":"0.3","total_amount":"10.35","congestion_surcharge":"","tripId":"60a31297-0937-40c2-9c79-f2fba63123b7"},{"VendorID":"1","tpep_pickup_datetime":"2023-10-16 01:29:50","tpep_dropoff_datetime":"2023-08-25 01:37:03","passenger_count":"4","trip_distance":"1.20","RatecodeID":"1","store_and_fwd_flag":"N","PULocationID":"231","DOLocationID":"261","payment_type":"2","fare_amount":"7","extra":"0.5","mta_tax":"0.5","tip_amount":"0","tolls_amount":"0","improvement_surcharge":"0.3","total_amount":"8.3","congestion_surcharge":"","tripId":"1327fa36-bf91-4d6f-977e-d6bfd02d7316"},{"VendorID":"1","tpep_pickup_datetime":"2023-09-12 01:41:34","tpep_dropoff_datetime":"2023-07-21 02:01:52","passenger_count":"4","trip_distance":"3.80","RatecodeID":"1","store_and_fwd_flag":"N","PULocationID":"231","DOLocationID":"164","payment_type":"2","fare_amount":"16","extra":"0.5","mta_tax":"0.5","tip_amount":"0","tolls_amount":"0","improvement_surcharge":"0.3","total_amount":"17.3","congestion_surcharge":"","tripId":"5d43dc9e-29e2-4a51-8fdc-f00065e1ec4f"},{"VendorID":"2","tpep_pickup_datetime":"2023-01-31 01:11:55","tpep_dropoff_datetime":"2023-07-28 01:30:15","passenger_count":"1","trip_distance":"2.98","RatecodeID":"1","store_and_fwd_flag":"N","PULocationID":"43","DOLocationID":"113","payment_type":"1","fare_amount":"14","extra":"0.5","mta_tax":"0.5","tip_amount":"3.06","tolls_amount":"0","improvement_surcharge":"0.3","total_amount":"18.36","congestion_surcharge":"","tripId":"1395a45a-3c86-4a20-b136-faf929bff507"},{"VendorID":"2","tpep_pickup_datetime":"2024-02-04 01:32:35","tpep_dropoff_datetime":"2023-12-30 01:34:42","passenger_count":"1","trip_distance":".64","RatecodeID":"1","store_and_fwd_flag":"N","PULocationID":"249","DOLocationID":"90","payment_type":"1","fare_amount":"4","extra":"0.5","mta_tax":"0.5","tip_amount":"0.26","tolls_amount":"0","improvement_surcharge":"0.3","total_amount":"5.56","congestion_surcharge":"","tripId":"c0d5216a-7be5-4506-90ab-8fb6262f8720"},{"VendorID":"2","tpep_pickup_datetime":"2023-04-18 01:35:11","tpep_dropoff_datetime":"2023-04-15 01:36:45","passenger_count":"1","trip_distance":".26","RatecodeID":"1","store_and_fwd_flag":"N","PULocationID":"90","DOLocationID":"186","payment_type":"1","fare_amount":"3","extra":"0.5","mta_tax":"0.5","tip_amount":"1.08","tolls_amount":"0","improvement_surcharge":"0.3","total_amount":"5.38","congestion_surcharge":"","tripId":"9314f21f-8089-4371-8467-bf956d610113"},{"VendorID":"2","tpep_pickup_datetime":"2023-11-01 01:37:53","tpep_dropoff_datetime":"2023-07-20 01:48:30","passenger_count":"1","trip_distance":"2.59","RatecodeID":"1","store_and_fwd_flag":"N","PULocationID":"164","DOLocationID":"237","payment_type":"2","fare_amount":"10","extra":"0.5","mta_tax":"0.5","tip_amount":"0","tolls_amount":"0","improvement_surcharge":"0.3","total_amount":"11.3","congestion_surcharge":"","tripId":"d9e2fe83-0336-45e8-a66d-92a1a14099e5"},{"VendorID":"1","tpep_pickup_datetime":"2023-02-06 01:14:55","tpep_dropoff_datetime":"2023-02-03 01:21:13","passenger_count":"1","trip_distance":"1.00","RatecodeID":"1","store_and_fwd_flag":"N","PULocationID":"237","DOLocationID":"237","payment_type":"2","fare_amount":"6.5","extra":"0.5","mta_tax":"0.5","tip_amount":"0","tolls_amount":"0","improvement_surcharge":"0.3","total_amount":"7.8","congestion_surcharge":"","tripId":"4793548d-3ad7-4aa4-8809-e25f2c2237aa"},{"VendorID":"1","tpep_pickup_datetime":"2023-01-22 01:21:44","tpep_dropoff_datetime":"2023-10-06 01:27:51","passenger_count":"1","trip_distance":".70","RatecodeID":"1","store_and_fwd_flag":"N","PULocationID":"237","DOLocationID":"237","payment_type":"1","fare_amount":"5.5","extra":"0.5","mta_tax":"0.5","tip_amount":"1.35","tolls_amount":"0","improvement_surcharge":"0.3","total_amount":"8.15","congestion_surcharge":"","tripId":"17f866af-1194-4d43-87dd-42fcf6af13a2"},{"VendorID":"1","tpep_pickup_datetime":"2023-07-21 01:35:58","tpep_dropoff_datetime":"2023-03-21 01:40:59","passenger_count":"1","trip_distance":"2.10","RatecodeID":"1","store_and_fwd_flag":"N","PULocationID":"237","DOLocationID":"237","payment_type":"2","fare_amount":"7.5","extra":"0.5","mta_tax":"0.5","tip_amount":"0","tolls_amount":"0","improvement_surcharge":"0.3","total_amount":"8.8","congestion_surcharge":"","tripId":"75745cf1-ba8f-4229-adc2-60c01b181690"},{"VendorID":"1","tpep_pickup_datetime":"2023-01-06 01:42:51","tpep_dropoff_datetime":"2023-06-11 01:56:53","passenger_count":"1","trip_distance":"3.60","RatecodeID":"1","store_and_fwd_flag":"N","PULocationID":"237","DOLocationID":"237","payment_type":"2","fare_amount":"13","extra":"0.5","mta_tax":"0.5","tip_amount":"0","tolls_amount":"0","improvement_surcharge":"0.3","total_amount":"14.3","congestion_surcharge":"","tripId":"6a59a28b-0697-4943-b208-071f0d4c70c5"},{"VendorID":"1","tpep_pickup_datetime":"2023-04-16 01:58:32","tpep_dropoff_datetime":"2023-10-29 02:04:23","passenger_count":"1","trip_distance":"1.10","RatecodeID":"1","store_and_fwd_flag":"N","PULocationID":"237","DOLocationID":"237","payment_type":"1","fare_amount":"6","extra":"0.5","mta_tax":"0.5","tip_amount":"1.8","tolls_amount":"0","improvement_surcharge":"0.3","total_amount":"9.1","congestion_surcharge":"","tripId":"251e5979-050a-4d2e-8cd1-ff7f3787f330"},{"VendorID":"1","tpep_pickup_datetime":"2023-09-12 01:24:08","tpep_dropoff_datetime":"2023-10-30 01:46:12","passenger_count":"2","trip_distance":"4.20","RatecodeID":"1","store_and_fwd_flag":"N","PULocationID":"114","DOLocationID":"140","payment_type":"1","fare_amount":"17","extra":"0.5","mta_tax":"0.5","tip_amount":"0","tolls_amount":"0","improvement_surcharge":"0.3","total_amount":"18.3","congestion_surcharge":"","tripId":"ab482fa8-d2d9-41ad-83dc-cc8612df41a7"},{"VendorID":"2","tpep_pickup_datetime":"2023-07-26 01:04:33","tpep_dropoff_datetime":"2023-01-14 01:20:54","passenger_count":"1","trip_distance":"1.92","RatecodeID":"1","store_and_fwd_flag":"N","PULocationID":"164","DOLocationID":"107","payment_type":"1","fare_amount":"12","extra":"0.5","mta_tax":"0.5","tip_amount":"2.66","tolls_amount":"0","improvement_surcharge":"0.3","total_amount":"15.96","congestion_surcharge":"","tripId":"35f03f7d-802a-4e61-a5c8-10941b418fad"},{"VendorID":"2","tpep_pickup_datetime":"2023-10-11 01:24:09","tpep_dropoff_datetime":"2023-10-14 01:59:01","passenger_count":"1","trip_distance":"9.23","RatecodeID":"1","store_and_fwd_flag":"N","PULocationID":"234","DOLocationID":"116","payment_type":"1","fare_amount":"32.5","extra":"0.5","mta_tax":"0.5","tip_amount":"6.76","tolls_amount":"0","improvement_surcharge":"0.3","total_amount":"40.56","congestion_surcharge":"","tripId":"7cfc978c-57c3-4dc3-97ae-bce748dfcce0"},{"VendorID":"2","tpep_pickup_datetime":"2023-03-24 01:05:17","tpep_dropoff_datetime":"2023-05-02 01:17:41","passenger_count":"4","trip_distance":"5.09","RatecodeID":"1","store_and_fwd_flag":"N","PULocationID":"50","DOLocationID":"41","payment_type":"2","fare_amount":"16","extra":"0.5","mta_tax":"0.5","tip_amount":"0","tolls_amount":"0","improvement_surcharge":"0.3","total_amount":"17.3","congestion_surcharge":"","tripId":"7d4af60a-8949-43ce-a472-5d9fab0c926c"},{"VendorID":"2","tpep_pickup_datetime":"2023-09-05 01:20:19","tpep_dropoff_datetime":"2023-01-31 01:22:25","passenger_count":"2","trip_distance":".27","RatecodeID":"1","store_and_fwd_flag":"N","PULocationID":"41","DOLocationID":"41","payment_type":"2","fare_amount":"3.5","extra":"0.5","mta_tax":"0.5","tip_amount":"0","tolls_amount":"0","improvement_surcharge":"0.3","total_amount":"4.8","congestion_surcharge":"","tripId":"38daa3f6-f4f2-4baf-83ef-3f42f73b4394"},{"VendorID":"2","tpep_pickup_datetime":"2023-02-25 01:34:01","tpep_dropoff_datetime":"2023-11-26 01:38:04","passenger_count":"6","trip_distance":".83","RatecodeID":"1","store_and_fwd_flag":"N","PULocationID":"239","DOLocationID":"236","payment_type":"2","fare_amount":"5","extra":"0.5","mta_tax":"0.5","tip_amount":"0","tolls_amount":"0","improvement_surcharge":"0.3","total_amount":"6.3","congestion_surcharge":"","tripId":"82052e25-42a0-453f-b9fd-430a83d6ead6"},{"VendorID":"2","tpep_pickup_datetime":"2024-01-16 01:40:48","tpep_dropoff_datetime":"2024-01-18 01:48:28","passenger_count":"4","trip_distance":"1.87","RatecodeID":"1","store_and_fwd_flag":"N","PULocationID":"236","DOLocationID":"163","payment_type":"1","fare_amount":"8","extra":"0.5","mta_tax":"0.5","tip_amount":"2.32","tolls_amount":"0","improvement_surcharge":"0.3","total_amount":"11.62","congestion_surcharge":"","tripId":"b5e30709-85b0-4077-9d0a-7e8c8d0e1d48"},{"VendorID":"2","tpep_pickup_datetime":"2023-09-17 01:50:54","tpep_dropoff_datetime":"2023-05-13 01:54:44","passenger_count":"3","trip_distance":".41","RatecodeID":"1","store_and_fwd_flag":"N","PULocationID":"163","DOLocationID":"48","payment_type":"1","fare_amount":"4.5","extra":"0.5","mta_tax":"0.5","tip_amount":"1.16","tolls_amount":"0","improvement_surcharge":"0.3","total_amount":"6.96","congestion_surcharge":"","tripId":"84a9b7d2-fdfd-430f-b5ce-523ebe1b76cb"},{"VendorID":"2","tpep_pickup_datetime":"2023-03-14 01:56:55","tpep_dropoff_datetime":"2023-06-11 02:05:58","passenger_count":"3","trip_distance":"2.90","RatecodeID":"1","store_and_fwd_flag":"N","PULocationID":"48","DOLocationID":"238","payment_type":"1","fare_amount":"11","extra":"0.5","mta_tax":"0.5","tip_amount":"0","tolls_amount":"0","improvement_surcharge":"0.3","total_amount":"12.3","congestion_surcharge":"","tripId":"f23ea9c5-8bb1-427a-bdeb-ceaff40813e2"},{"VendorID":"2","tpep_pickup_datetime":"2023-10-15 01:20:29","tpep_dropoff_datetime":"2023-01-28 01:26:18","passenger_count":"1","trip_distance":"1.66","RatecodeID":"1","store_and_fwd_flag":"N","PULocationID":"231","DOLocationID":"246","payment_type":"2","fare_amount":"7","extra":"0.5","mta_tax":"0.5","tip_amount":"0","tolls_amount":"0","improvement_surcharge":"0.3","total_amount":"8.3","congestion_surcharge":"","tripId":"0b0322ba-6013-4f52-adbf-48fc5751b59c"},{"VendorID":"2","tpep_pickup_datetime":"2023-10-17 01:27:17","tpep_dropoff_datetime":"2023-01-24 01:39:20","passenger_count":"1","trip_distance":"2.21","RatecodeID":"1","store_and_fwd_flag":"N","PULocationID":"246","DOLocationID":"170","payment_type":"2","fare_amount":"10","extra":"0.5","mta_tax":"0.5","tip_amount":"0","tolls_amount":"0","improvement_surcharge":"0.3","total_amount":"11.3","congestion_surcharge":"","tripId":"84ea4fb5-5a98-4df7-8bda-dbfcdacee732"},{"VendorID":"2","tpep_pickup_datetime":"2023-10-25 01:41:18","tpep_dropoff_datetime":"2023-06-16 01:41:47","passenger_count":"1","trip_distance":".05","RatecodeID":"1","store_and_fwd_flag":"N","PULocationID":"170","DOLocationID":"170","payment_type":"2","fare_amount":"2.5","extra":"0.5","mta_tax":"0.5","tip_amount":"0","tolls_amount":"0","improvement_surcharge":"0.3","total_amount":"3.8","congestion_surcharge":"","tripId":"2014b693-daca-48af-a6ab-5a2cb45f7738"},{"VendorID":"2","tpep_pickup_datetime":"2023-04-19 01:44:54","tpep_dropoff_datetime":"2023-10-29 01:51:41","passenger_count":"1","trip_distance":".55","RatecodeID":"1","store_and_fwd_flag":"N","PULocationID":"164","DOLocationID":"137","payment_type":"1","fare_amount":"6","extra":"0.5","mta_tax":"0.5","tip_amount":"1.46","tolls_amount":"0","improvement_surcharge":"0.3","total_amount":"8.76","congestion_surcharge":"","tripId":"4e40a816-f4a8-47b1-bb78-f3607af051a7"},{"VendorID":"1","tpep_pickup_datetime":"2023-07-24 01:03:20","tpep_dropoff_datetime":"2023-08-01 01:39:43","passenger_count":"2","trip_distance":"9.00","RatecodeID":"1","store_and_fwd_flag":"N","PULocationID":"68","DOLocationID":"243","payment_type":"2","fare_amount":"33","extra":"0.5","mta_tax":"0.5","tip_amount":"0","tolls_amount":"0","improvement_surcharge":"0.3","total_amount":"34.3","congestion_surcharge":"","tripId":"e5789324-d0dc-4080-8e70-725b89d1cf32"},{"VendorID":"2","tpep_pickup_datetime":"2023-01-09 01:05:41","tpep_dropoff_datetime":"2023-05-24 01:20:51","passenger_count":"6","trip_distance":"4.60","RatecodeID":"1","store_and_fwd_flag":"N","PULocationID":"145","DOLocationID":"263","payment_type":"1","fare_amount":"15.5","extra":"0.5","mta_tax":"0.5","tip_amount":"5.04","tolls_amount":"0","improvement_surcharge":"0.3","total_amount":"21.84","congestion_surcharge":"","tripId":"4f514272-fd6c-42e7-836d-44274a44a194"},{"VendorID":"2","tpep_pickup_datetime":"2023-11-28 01:28:42","tpep_dropoff_datetime":"2023-07-18 01:47:25","passenger_count":"6","trip_distance":"8.29","RatecodeID":"1","store_and_fwd_flag":"N","PULocationID":"263","DOLocationID":"33","payment_type":"1","fare_amount":"24.5","extra":"0.5","mta_tax":"0.5","tip_amount":"5.16","tolls_amount":"0","improvement_surcharge":"0.3","total_amount":"30.96","congestion_surcharge":"","tripId":"ee3474b2-d073-42fd-9ff3-c1a9511402e6"},{"VendorID":"2","tpep_pickup_datetime":"2023-10-07 01:59:16","tpep_dropoff_datetime":"2023-07-12 02:25:12","passenger_count":"6","trip_distance":"7.64","RatecodeID":"1","store_and_fwd_flag":"N","PULocationID":"54","DOLocationID":"226","payment_type":"1","fare_amount":"25.5","extra":"0.5","mta_tax":"0.5","tip_amount":"8.04","tolls_amount":"0","improvement_surcharge":"0.3","total_amount":"36.79","congestion_surcharge":"","tripId":"d63f826e-9a0c-41bd-9a1e-bd2c65227a0b"},{"VendorID":"2","tpep_pickup_datetime":"2023-08-08 01:05:06","tpep_dropoff_datetime":"2023-11-22 01:10:47","passenger_count":"1","trip_distance":".84","RatecodeID":"1","store_and_fwd_flag":"N","PULocationID":"142","DOLocationID":"48","payment_type":"1","fare_amount":"5.5","extra":"0.5","mta_tax":"0.5","tip_amount":"1","tolls_amount":"0","improvement_surcharge":"0.3","total_amount":"7.8","congestion_surcharge":"","tripId":"33bc3b79-64ac-474b-8ccc-239abedff282"},{"VendorID":"2","tpep_pickup_datetime":"2023-05-28 01:12:05","tpep_dropoff_datetime":"2023-12-16 01:15:11","passenger_count":"1","trip_distance":".95","RatecodeID":"1","store_and_fwd_flag":"N","PULocationID":"48","DOLocationID":"143","payment_type":"2","fare_amount":"5","extra":"0.5","mta_tax":"0.5","tip_amount":"0","tolls_amount":"0","improvement_surcharge":"0.3","total_amount":"6.3","congestion_surcharge":"","tripId":"bcb0d323-e7ed-40f1-8bee-eafd08da4974"},{"VendorID":"2","tpep_pickup_datetime":"2023-02-10 01:19:42","tpep_dropoff_datetime":"2023-02-04 01:50:47","passenger_count":"1","trip_distance":"7.03","RatecodeID":"1","store_and_fwd_flag":"N","PULocationID":"239","DOLocationID":"82","payment_type":"2","fare_amount":"26","extra":"0.5","mta_tax":"0.5","tip_amount":"0","tolls_amount":"0","improvement_surcharge":"0.3","total_amount":"27.3","congestion_surcharge":"","tripId":"76541496-c9c1-406b-9911-ba1a284cbc0b"},{"VendorID":"2","tpep_pickup_datetime":"2023-12-18 01:14:55","tpep_dropoff_datetime":"2023-08-25 01:24:07","passenger_count":"1","trip_distance":".97","RatecodeID":"1","store_and_fwd_flag":"N","PULocationID":"142","DOLocationID":"163","payment_type":"2","fare_amount":"7.5","extra":"0.5","mta_tax":"0.5","tip_amount":"0","tolls_amount":"0","improvement_surcharge":"0.3","total_amount":"8.8","congestion_surcharge":"","tripId":"16d14aa3-73d1-4539-88a1-37ebab7e5543"},{"VendorID":"2","tpep_pickup_datetime":"2023-01-28 01:29:17","tpep_dropoff_datetime":"2023-03-03 01:36:56","passenger_count":"1","trip_distance":"1.10","RatecodeID":"1","store_and_fwd_flag":"N","PULocationID":"161","DOLocationID":"237","payment_type":"2","fare_amount":"7","extra":"0.5","mta_tax":"0.5","tip_amount":"0","tolls_amount":"0","improvement_surcharge":"0.3","total_amount":"8.3","congestion_surcharge":"","tripId":"397dab7b-b13f-4439-8078-936dc98f76ed"},{"VendorID":"2","tpep_pickup_datetime":"2023-02-05 01:38:22","tpep_dropoff_datetime":"2023-09-20 01:42:03","passenger_count":"1","trip_distance":"1.20","RatecodeID":"1","store_and_fwd_flag":"N","PULocationID":"237","DOLocationID":"263","payment_type":"1","fare_amount":"5.5","extra":"0.5","mta_tax":"0.5","tip_amount":"0.68","tolls_amount":"0","improvement_surcharge":"0.3","total_amount":"7.48","congestion_surcharge":"","tripId":"4dcdc60a-ee77-4a35-bc86-380b7da90598"},{"VendorID":"2","tpep_pickup_datetime":"2023-05-08 01:46:52","tpep_dropoff_datetime":"2023-05-02 02:14:44","passenger_count":"1","trip_distance":"5.22","RatecodeID":"1","store_and_fwd_flag":"N","PULocationID":"263","DOLocationID":"113","payment_type":"1","fare_amount":"21","extra":"0.5","mta_tax":"0.5","tip_amount":"4.46","tolls_amount":"0","improvement_surcharge":"0.3","total_amount":"26.76","congestion_surcharge":"","tripId":"dbdf0100-7f2c-4774-8224-6eb13a3ae671"},{"VendorID":"2","tpep_pickup_datetime":"2023-08-08 01:01:53","tpep_dropoff_datetime":"2023-08-03 01:10:42","passenger_count":"1","trip_distance":"1.95","RatecodeID":"1","store_and_fwd_flag":"N","PULocationID":"164","DOLocationID":"141","payment_type":"2","fare_amount":"8","extra":"0.5","mta_tax":"0.5","tip_amount":"0","tolls_amount":"0","improvement_surcharge":"0.3","total_amount":"9.3","congestion_surcharge":"","tripId":"1fa480c3-4092-4f8d-b910-d9f076f5b0e1"},{"VendorID":"2","tpep_pickup_datetime":"2023-12-16 01:12:36","tpep_dropoff_datetime":"2023-08-08 01:15:44","passenger_count":"1","trip_distance":".70","RatecodeID":"1","store_and_fwd_flag":"N","PULocationID":"141","DOLocationID":"233","payment_type":"1","fare_amount":"4.5","extra":"0.5","mta_tax":"0.5","tip_amount":"0.6","tolls_amount":"0","improvement_surcharge":"0.3","total_amount":"6.4","congestion_surcharge":"","tripId":"757fb29a-9f0b-416c-98d4-d9473b0d3944"},{"VendorID":"2","tpep_pickup_datetime":"2023-08-28 01:35:16","tpep_dropoff_datetime":"2023-04-05 01:56:54","passenger_count":"1","trip_distance":"6.13","RatecodeID":"1","store_and_fwd_flag":"N","PULocationID":"161","DOLocationID":"69","payment_type":"1","fare_amount":"20.5","extra":"0.5","mta_tax":"0.5","tip_amount":"2","tolls_amount":"0","improvement_surcharge":"0.3","total_amount":"23.8","congestion_surcharge":"","tripId":"9be162b1-c285-4e1f-8624-f1f1d227a728"},{"VendorID":"2","tpep_pickup_datetime":"2023-03-15 01:02:58","tpep_dropoff_datetime":"2023-01-30 01:05:58","passenger_count":"5","trip_distance":".86","RatecodeID":"1","store_and_fwd_flag":"N","PULocationID":"239","DOLocationID":"151","payment_type":"1","fare_amount":"5","extra":"0.5","mta_tax":"0.5","tip_amount":"2","tolls_amount":"0","improvement_surcharge":"0.3","total_amount":"8.3","congestion_surcharge":"","tripId":"1894aea2-dd0a-4afa-b849-abe3907b0a02"},{"VendorID":"2","tpep_pickup_datetime":"2023-01-16 01:08:54","tpep_dropoff_datetime":"2023-11-25 01:11:58","passenger_count":"3","trip_distance":".97","RatecodeID":"1","store_and_fwd_flag":"N","PULocationID":"239","DOLocationID":"43","payment_type":"1","fare_amount":"5","extra":"0.5","mta_tax":"0.5","tip_amount":"1.58","tolls_amount":"0","improvement_surcharge":"0.3","total_amount":"7.88","congestion_surcharge":"","tripId":"bcc97ebc-53d5-4896-aafa-f5fd8dd616a5"},{"VendorID":"2","tpep_pickup_datetime":"2023-01-05 01:13:27","tpep_dropoff_datetime":"2023-04-17 01:15:39","passenger_count":"3","trip_distance":".53","RatecodeID":"1","store_and_fwd_flag":"N","PULocationID":"43","DOLocationID":"41","payment_type":"2","fare_amount":"4","extra":"0.5","mta_tax":"0.5","tip_amount":"0","tolls_amount":"0","improvement_surcharge":"0.3","total_amount":"5.3","congestion_surcharge":"","tripId":"bdcd3e09-3146-4920-89cb-9cdb3bf88ec1"},{"VendorID":"2","tpep_pickup_datetime":"2024-01-11 01:17:36","tpep_dropoff_datetime":"2023-10-14 01:34:52","passenger_count":"2","trip_distance":"6.82","RatecodeID":"1","store_and_fwd_flag":"N","PULocationID":"41","DOLocationID":"224","payment_type":"1","fare_amount":"21.5","extra":"0.5","mta_tax":"0.5","tip_amount":"4.56","tolls_amount":"0","improvement_surcharge":"0.3","total_amount":"27.36","congestion_surcharge":"","tripId":"374c9f6d-659f-4928-9659-5edb15033a3f"},{"VendorID":"2","tpep_pickup_datetime":"2023-09-28 01:37:19","tpep_dropoff_datetime":"2023-08-25 01:50:40","passenger_count":"3","trip_distance":"4.92","RatecodeID":"1","store_and_fwd_flag":"N","PULocationID":"224","DOLocationID":"13","payment_type":"1","fare_amount":"16.5","extra":"0.5","mta_tax":"0.5","tip_amount":"2","tolls_amount":"0","improvement_surcharge":"0.3","total_amount":"19.8","congestion_surcharge":"","tripId":"4ae77adc-4fdb-4701-b535-68e11a5ef2c2"},{"VendorID":"2","tpep_pickup_datetime":"2023-09-30 01:54:13","tpep_dropoff_datetime":"2023-01-05 02:02:45","passenger_count":"3","trip_distance":"2.22","RatecodeID":"1","store_and_fwd_flag":"N","PULocationID":"231","DOLocationID":"234","payment_type":"1","fare_amount":"9","extra":"0.5","mta_tax":"0.5","tip_amount":"2.06","tolls_amount":"0","improvement_surcharge":"0.3","total_amount":"12.36","congestion_surcharge":"","tripId":"682dc49c-007a-4b86-bf5a-708d53a7684b"},{"VendorID":"2","tpep_pickup_datetime":"2023-03-28 01:08:03","tpep_dropoff_datetime":"2023-12-22 01:12:20","passenger_count":"5","trip_distance":".72","RatecodeID":"1","store_and_fwd_flag":"N","PULocationID":"162","DOLocationID":"233","payment_type":"2","fare_amount":"5","extra":"0.5","mta_tax":"0.5","tip_amount":"0","tolls_amount":"0","improvement_surcharge":"0.3","total_amount":"6.3","congestion_surcharge":"","tripId":"371da831-c931-4f50-aba7-b82616beb4ed"},{"VendorID":"2","tpep_pickup_datetime":"2024-02-04 01:15:29","tpep_dropoff_datetime":"2023-02-10 01:25:05","passenger_count":"5","trip_distance":"1.61","RatecodeID":"1","store_and_fwd_flag":"N","PULocationID":"233","DOLocationID":"79","payment_type":"1","fare_amount":"8","extra":"0.5","mta_tax":"0.5","tip_amount":"1.86","tolls_amount":"0","improvement_surcharge":"0.3","total_amount":"11.16","congestion_surcharge":"","tripId":"1c995a9b-bade-4d9c-91bc-78c14947d2b5"},{"VendorID":"2","tpep_pickup_datetime":"2023-03-20 01:26:40","tpep_dropoff_datetime":"2023-04-24 01:35:50","passenger_count":"5","trip_distance":"1.47","RatecodeID":"1","store_and_fwd_flag":"N","PULocationID":"79","DOLocationID":"170","payment_type":"2","fare_amount":"8","extra":"0.5","mta_tax":"0.5","tip_amount":"0","tolls_amount":"0","improvement_surcharge":"0.3","total_amount":"9.3","congestion_surcharge":"","tripId":"c8a4c2b5-116b-4a70-b140-f68b98a68513"},{"VendorID":"2","tpep_pickup_datetime":"2023-11-20 01:36:50","tpep_dropoff_datetime":"2023-02-05 01:55:27","passenger_count":"5","trip_distance":"4.38","RatecodeID":"1","store_and_fwd_flag":"N","PULocationID":"170","DOLocationID":"226","payment_type":"1","fare_amount":"17","extra":"0.5","mta_tax":"0.5","tip_amount":"4.58","tolls_amount":"0","improvement_surcharge":"0.3","total_amount":"22.88","congestion_surcharge":"","tripId":"540cb128-bfeb-4f4e-8dfb-4ab859ccc0f9"},{"VendorID":"2","tpep_pickup_datetime":"2023-08-13 01:04:43","tpep_dropoff_datetime":"2023-04-26 01:46:04","passenger_count":"1","trip_distance":"7.23","RatecodeID":"1","store_and_fwd_flag":"N","PULocationID":"90","DOLocationID":"37","payment_type":"1","fare_amount":"30","extra":"0.5","mta_tax":"0.5","tip_amount":"4.7","tolls_amount":"0","improvement_surcharge":"0.3","total_amount":"36","congestion_surcharge":"","tripId":"2ce093d2-7a75-4cba-a658-e7a747f63eaf"},{"VendorID":"2","tpep_pickup_datetime":"2023-05-27 01:58:13","tpep_dropoff_datetime":"2023-09-11 02:29:09","passenger_count":"1","trip_distance":"11.53","RatecodeID":"1","store_and_fwd_flag":"N","PULocationID":"97","DOLocationID":"238","payment_type":"2","fare_amount":"35.5","extra":"0.5","mta_tax":"0.5","tip_amount":"0","tolls_amount":"0","improvement_surcharge":"0.3","total_amount":"36.8","congestion_surcharge":"","tripId":"038bf619-b0ea-4674-b703-3b319c578997"},{"VendorID":"1","tpep_pickup_datetime":"2023-04-04 01:14:03","tpep_dropoff_datetime":"2023-07-02 01:16:20","passenger_count":"2","trip_distance":".40","RatecodeID":"1","store_and_fwd_flag":"N","PULocationID":"112","DOLocationID":"112","payment_type":"1","fare_amount":"4","extra":"0.5","mta_tax":"0.5","tip_amount":"1.05","tolls_amount":"0","improvement_surcharge":"0.3","total_amount":"6.35","congestion_surcharge":"","tripId":"c66eb87d-1718-466a-b33f-e0cf4c7a0e34"},{"VendorID":"1","tpep_pickup_datetime":"2023-09-16 01:17:38","tpep_dropoff_datetime":"2023-01-20 01:47:43","passenger_count":"1","trip_distance":"8.90","RatecodeID":"1","store_and_fwd_flag":"N","PULocationID":"112","DOLocationID":"263","payment_type":"1","fare_amount":"29.5","extra":"0.5","mta_tax":"0.5","tip_amount":"6.15","tolls_amount":"0","improvement_surcharge":"0.3","total_amount":"36.95","congestion_surcharge":"","tripId":"99b0504f-69b9-4d8a-88e8-430cc610546d"},{"VendorID":"1","tpep_pickup_datetime":"2023-06-27 01:52:30","tpep_dropoff_datetime":"2023-12-17 01:57:04","passenger_count":"2","trip_distance":".90","RatecodeID":"1","store_and_fwd_flag":"N","PULocationID":"263","DOLocationID":"141","payment_type":"1","fare_amount":"5.5","extra":"0.5","mta_tax":"0.5","tip_amount":"1.02","tolls_amount":"0","improvement_surcharge":"0.3","total_amount":"7.82","congestion_surcharge":"","tripId":"0f29a39f-a0f6-4db9-9445-c61acd202469"},{"VendorID":"2","tpep_pickup_datetime":"2023-08-16 01:00:04","tpep_dropoff_datetime":"2023-11-15 01:19:40","passenger_count":"3","trip_distance":"2.79","RatecodeID":"1","store_and_fwd_flag":"N","PULocationID":"234","DOLocationID":"87","payment_type":"1","fare_amount":"14","extra":"0.5","mta_tax":"0.5","tip_amount":"3.06","tolls_amount":"0","improvement_surcharge":"0.3","total_amount":"18.36","congestion_surcharge":"","tripId":"9535ad11-b506-4303-b942-8d119f223cb8"},{"VendorID":"2","tpep_pickup_datetime":"2023-09-19 01:21:15","tpep_dropoff_datetime":"2023-10-04 01:51:10","passenger_count":"3","trip_distance":"7.77","RatecodeID":"1","store_and_fwd_flag":"N","PULocationID":"87","DOLocationID":"165","payment_type":"2","fare_amount":"26.5","extra":"0.5","mta_tax":"0.5","tip_amount":"0","tolls_amount":"0","improvement_surcharge":"0.3","total_amount":"27.8","congestion_surcharge":"","tripId":"9b8f8df0-37e0-41c4-812c-704d09779b01"},{"VendorID":"1","tpep_pickup_datetime":"2023-08-25 01:14:12","tpep_dropoff_datetime":"2023-08-04 01:35:06","passenger_count":"1","trip_distance":"3.60","RatecodeID":"1","store_and_fwd_flag":"N","PULocationID":"231","DOLocationID":"50","payment_type":"1","fare_amount":"16.5","extra":"0.5","mta_tax":"0.5","tip_amount":"2.67","tolls_amount":"0","improvement_surcharge":"0.3","total_amount":"20.47","congestion_surcharge":"","tripId":"975c2cd1-6f5c-457b-a9bd-164e198e5c3a"},{"VendorID":"1","tpep_pickup_datetime":"2023-04-26 01:54:25","tpep_dropoff_datetime":"2023-07-19 02:19:22","passenger_count":"1","trip_distance":"5.90","RatecodeID":"1","store_and_fwd_flag":"N","PULocationID":"163","DOLocationID":"148","payment_type":"1","fare_amount":"21.5","extra":"0.5","mta_tax":"0.5","tip_amount":"4.55","tolls_amount":"0","improvement_surcharge":"0.3","total_amount":"27.35","congestion_surcharge":"","tripId":"ef0daefe-6981-49a2-af49-54213c87d3be"},{"VendorID":"2","tpep_pickup_datetime":"2023-11-14 01:15:22","tpep_dropoff_datetime":"2023-04-15 01:31:34","passenger_count":"1","trip_distance":"3.14","RatecodeID":"1","store_and_fwd_flag":"N","PULocationID":"163","DOLocationID":"262","payment_type":"1","fare_amount":"13","extra":"0.5","mta_tax":"0.5","tip_amount":"2.86","tolls_amount":"0","improvement_surcharge":"0.3","total_amount":"17.16","congestion_surcharge":"","tripId":"93974717-ee65-45de-8a34-aafc24b4bc23"},{"VendorID":"2","tpep_pickup_datetime":"2023-10-17 01:11:19","tpep_dropoff_datetime":"2023-10-30 01:16:13","passenger_count":"1","trip_distance":".59","RatecodeID":"1","store_and_fwd_flag":"N","PULocationID":"237","DOLocationID":"237","payment_type":"1","fare_amount":"5","extra":"0.5","mta_tax":"0.5","tip_amount":"1.58","tolls_amount":"0","improvement_surcharge":"0.3","total_amount":"7.88","congestion_surcharge":"","tripId":"f7922801-eaa9-4424-bed4-f73c4c8a0047"},{"VendorID":"2","tpep_pickup_datetime":"2023-04-03 01:28:23","tpep_dropoff_datetime":"2024-01-02 01:51:07","passenger_count":"1","trip_distance":"5.35","RatecodeID":"1","store_and_fwd_flag":"N","PULocationID":"170","DOLocationID":"255","payment_type":"1","fare_amount":"20","extra":"0.5","mta_tax":"0.5","tip_amount":"1","tolls_amount":"0","improvement_surcharge":"0.3","total_amount":"22.3","congestion_surcharge":"","tripId":"fdf9e365-b65f-4eb9-81b6-844d7755f285"},{"VendorID":"2","tpep_pickup_datetime":"2023-01-08 01:07:18","tpep_dropoff_datetime":"2024-01-03 01:18:28","passenger_count":"1","trip_distance":".52","RatecodeID":"1","store_and_fwd_flag":"N","PULocationID":"50","DOLocationID":"48","payment_type":"1","fare_amount":"8","extra":"0.5","mta_tax":"0.5","tip_amount":"1.86","tolls_amount":"0","improvement_surcharge":"0.3","total_amount":"11.16","congestion_surcharge":"","tripId":"8bf4f8c5-4ecb-4eee-9f6b-2090339aafb7"},{"VendorID":"2","tpep_pickup_datetime":"2023-10-27 01:22:23","tpep_dropoff_datetime":"2023-09-29 01:33:12","passenger_count":"1","trip_distance":"1.11","RatecodeID":"1","store_and_fwd_flag":"N","PULocationID":"68","DOLocationID":"249","payment_type":"1","fare_amount":"8.5","extra":"0.5","mta_tax":"0.5","tip_amount":"1.96","tolls_amount":"0","improvement_surcharge":"0.3","total_amount":"11.76","congestion_surcharge":"","tripId":"49934bb8-9baf-4238-b273-62b645720234"},{"VendorID":"2","tpep_pickup_datetime":"2023-10-31 01:34:04","tpep_dropoff_datetime":"2024-02-02 01:58:42","passenger_count":"1","trip_distance":"4.56","RatecodeID":"1","store_and_fwd_flag":"N","PULocationID":"249","DOLocationID":"141","payment_type":"1","fare_amount":"19","extra":"0.5","mta_tax":"0.5","tip_amount":"4.06","tolls_amount":"0","improvement_surcharge":"0.3","total_amount":"24.36","congestion_surcharge":"","tripId":"a7b348e5-e1d1-47d2-a83e-bac7bab49d89"},{"VendorID":"2","tpep_pickup_datetime":"2023-04-02 01:40:53","tpep_dropoff_datetime":"2023-03-16 01:57:07","passenger_count":"2","trip_distance":"5.78","RatecodeID":"1","store_and_fwd_flag":"N","PULocationID":"141","DOLocationID":"126","payment_type":"2","fare_amount":"18","extra":"0.5","mta_tax":"0.5","tip_amount":"0","tolls_amount":"0","improvement_surcharge":"0.3","total_amount":"19.3","congestion_surcharge":"","tripId":"89d05b9e-22d3-4b27-97fe-f06b71619301"},{"VendorID":"2","tpep_pickup_datetime":"2023-03-18 01:06:05","tpep_dropoff_datetime":"2024-01-21 01:16:36","passenger_count":"2","trip_distance":"1.74","RatecodeID":"1","store_and_fwd_flag":"N","PULocationID":"237","DOLocationID":"164","payment_type":"2","fare_amount":"9","extra":"0.5","mta_tax":"0.5","tip_amount":"0","tolls_amount":"0","improvement_surcharge":"0.3","total_amount":"10.3","congestion_surcharge":"","tripId":"5828d106-7333-4323-a861-fc38ee712622"},{"VendorID":"2","tpep_pickup_datetime":"2023-03-21 01:19:13","tpep_dropoff_datetime":"2023-07-10 01:28:35","passenger_count":"3","trip_distance":".72","RatecodeID":"1","store_and_fwd_flag":"N","PULocationID":"164","DOLocationID":"161","payment_type":"2","fare_amount":"7","extra":"0.5","mta_tax":"0.5","tip_amount":"0","tolls_amount":"0","improvement_surcharge":"0.3","total_amount":"8.3","congestion_surcharge":"","tripId":"af463836-2eb8-4e1e-83ec-2dc61cbc65c6"},{"VendorID":"2","tpep_pickup_datetime":"2023-10-31 01:30:04","tpep_dropoff_datetime":"2023-08-26 01:48:28","passenger_count":"2","trip_distance":"5.36","RatecodeID":"1","store_and_fwd_flag":"N","PULocationID":"163","DOLocationID":"168","payment_type":"2","fare_amount":"17.5","extra":"0.5","mta_tax":"0.5","tip_amount":"0","tolls_amount":"0","improvement_surcharge":"0.3","total_amount":"18.8","congestion_surcharge":"","tripId":"808b1244-9708-4b28-9b9d-0821b99914de"},{"VendorID":"2","tpep_pickup_datetime":"2023-04-24 01:50:06","tpep_dropoff_datetime":"2023-07-22 02:00:34","passenger_count":"2","trip_distance":"2.42","RatecodeID":"1","store_and_fwd_flag":"N","PULocationID":"168","DOLocationID":"75","payment_type":"2","fare_amount":"10","extra":"0.5","mta_tax":"0.5","tip_amount":"0","tolls_amount":"0","improvement_surcharge":"0.3","total_amount":"11.3","congestion_surcharge":"","tripId":"0c389d2c-fc38-4dda-a310-84e6ac005b84"},{"VendorID":"2","tpep_pickup_datetime":"2023-03-13 01:03:51","tpep_dropoff_datetime":"2023-03-21 01:35:11","passenger_count":"5","trip_distance":"10.60","RatecodeID":"1","store_and_fwd_flag":"N","PULocationID":"33","DOLocationID":"238","payment_type":"2","fare_amount":"32.5","extra":"0.5","mta_tax":"0.5","tip_amount":"0","tolls_amount":"0","improvement_surcharge":"0.3","total_amount":"33.8","congestion_surcharge":"","tripId":"6967402d-92cb-4b6f-a70b-f896f447d6f1"},{"VendorID":"2","tpep_pickup_datetime":"2023-06-11 01:47:32","tpep_dropoff_datetime":"2023-09-14 01:54:11","passenger_count":"6","trip_distance":".72","RatecodeID":"1","store_and_fwd_flag":"N","PULocationID":"48","DOLocationID":"48","payment_type":"1","fare_amount":"6","extra":"0.5","mta_tax":"0.5","tip_amount":"1.46","tolls_amount":"0","improvement_surcharge":"0.3","total_amount":"8.76","congestion_surcharge":"","tripId":"8eda548f-b933-4bfa-8107-3c751938d591"},{"VendorID":"2","tpep_pickup_datetime":"2024-01-27 01:56:52","tpep_dropoff_datetime":"2023-07-08 02:08:21","passenger_count":"5","trip_distance":"1.38","RatecodeID":"1","store_and_fwd_flag":"N","PULocationID":"48","DOLocationID":"170","payment_type":"1","fare_amount":"9","extra":"0.5","mta_tax":"0.5","tip_amount":"2.06","tolls_amount":"0","improvement_surcharge":"0.3","total_amount":"12.36","congestion_surcharge":"","tripId":"3d00f5fb-c3ed-4f62-970e-181e0c4cc699"},{"VendorID":"2","tpep_pickup_datetime":"2023-05-09 00:57:38","tpep_dropoff_datetime":"2023-05-01 01:03:40","passenger_count":"1","trip_distance":"1.32","RatecodeID":"1","store_and_fwd_flag":"N","PULocationID":"141","DOLocationID":"233","payment_type":"2","fare_amount":"6.5","extra":"0.5","mta_tax":"0.5","tip_amount":"0","tolls_amount":"0","improvement_surcharge":"0.3","total_amount":"7.8","congestion_surcharge":"","tripId":"fd16a0f8-6a32-497e-ab72-263ac836ef4d"},{"VendorID":"2","tpep_pickup_datetime":"2024-01-26 01:19:22","tpep_dropoff_datetime":"2023-04-26 01:25:41","passenger_count":"1","trip_distance":"1.35","RatecodeID":"1","store_and_fwd_flag":"N","PULocationID":"234","DOLocationID":"170","payment_type":"2","fare_amount":"7","extra":"0.5","mta_tax":"0.5","tip_amount":"0","tolls_amount":"0","improvement_surcharge":"0.3","total_amount":"8.3","congestion_surcharge":"","tripId":"18409d2e-c119-401c-86da-5b13f52dcf5e"},{"VendorID":"2","tpep_pickup_datetime":"2023-07-23 01:27:07","tpep_dropoff_datetime":"2023-07-03 01:31:50","passenger_count":"1","trip_distance":".82","RatecodeID":"1","store_and_fwd_flag":"N","PULocationID":"170","DOLocationID":"137","payment_type":"1","fare_amount":"5","extra":"0.5","mta_tax":"0.5","tip_amount":"1.26","tolls_amount":"0","improvement_surcharge":"0.3","total_amount":"7.56","congestion_surcharge":"","tripId":"33af9ba6-5cc0-4767-bfa8-674bfcf0fb1d"},{"VendorID":"2","tpep_pickup_datetime":"2023-03-24 01:37:32","tpep_dropoff_datetime":"2023-08-14 01:53:44","passenger_count":"1","trip_distance":"5.40","RatecodeID":"1","store_and_fwd_flag":"N","PULocationID":"107","DOLocationID":"261","payment_type":"2","fare_amount":"18.5","extra":"0.5","mta_tax":"0.5","tip_amount":"0","tolls_amount":"0","improvement_surcharge":"0.3","total_amount":"19.8","congestion_surcharge":"","tripId":"f30c83e6-1820-4585-9b31-13e7ed9bf5bb"},{"VendorID":"2","tpep_pickup_datetime":"2023-03-13 01:03:27","tpep_dropoff_datetime":"2023-03-27 01:20:14","passenger_count":"1","trip_distance":"2.01","RatecodeID":"1","store_and_fwd_flag":"N","PULocationID":"41","DOLocationID":"74","payment_type":"1","fare_amount":"12","extra":"0.5","mta_tax":"0.5","tip_amount":"0","tolls_amount":"0","improvement_surcharge":"0.3","total_amount":"13.3","congestion_surcharge":"","tripId":"16158d37-c768-4d44-8329-9c0670376591"},{"VendorID":"2","tpep_pickup_datetime":"2023-02-10 01:36:18","tpep_dropoff_datetime":"2024-01-24 01:51:50","passenger_count":"1","trip_distance":"7.43","RatecodeID":"1","store_and_fwd_flag":"N","PULocationID":"74","DOLocationID":"232","payment_type":"1","fare_amount":"22","extra":"0.5","mta_tax":"0.5","tip_amount":"0","tolls_amount":"0","improvement_surcharge":"0.3","total_amount":"23.3","congestion_surcharge":"","tripId":"8a958098-1812-4451-8f9e-4223263ac38d"},{"VendorID":"2","tpep_pickup_datetime":"2023-08-16 01:54:16","tpep_dropoff_datetime":"2023-11-24 02:05:49","passenger_count":"1","trip_distance":"2.26","RatecodeID":"1","store_and_fwd_flag":"N","PULocationID":"232","DOLocationID":"65","payment_type":"1","fare_amount":"11","extra":"0.5","mta_tax":"0.5","tip_amount":"2.46","tolls_amount":"0","improvement_surcharge":"0.3","total_amount":"14.76","congestion_surcharge":"","tripId":"a502a744-c17b-4f69-8879-a8650ef3b1fd"},{"VendorID":"2","tpep_pickup_datetime":"2023-08-06 01:02:12","tpep_dropoff_datetime":"2023-05-08 01:13:57","passenger_count":"1","trip_distance":"1.88","RatecodeID":"1","store_and_fwd_flag":"N","PULocationID":"142","DOLocationID":"238","payment_type":"1","fare_amount":"9.5","extra":"0.5","mta_tax":"0.5","tip_amount":"3.24","tolls_amount":"0","improvement_surcharge":"0.3","total_amount":"14.04","congestion_surcharge":"","tripId":"3e4b511c-4a69-4574-b1cd-59e690d4f747"},{"VendorID":"2","tpep_pickup_datetime":"2023-08-02 01:15:06","tpep_dropoff_datetime":"2023-06-16 01:40:27","passenger_count":"1","trip_distance":"6.21","RatecodeID":"1","store_and_fwd_flag":"N","PULocationID":"238","DOLocationID":"231","payment_type":"1","fare_amount":"22","extra":"0.5","mta_tax":"0.5","tip_amount":"2.3","tolls_amount":"0","improvement_surcharge":"0.3","total_amount":"25.6","congestion_surcharge":"","tripId":"ece49e67-5a08-41b6-9f88-3e28b46236c3"},{"VendorID":"2","tpep_pickup_datetime":"2023-01-22 01:42:48","tpep_dropoff_datetime":"2023-06-21 01:48:01","passenger_count":"1","trip_distance":".84","RatecodeID":"1","store_and_fwd_flag":"N","PULocationID":"231","DOLocationID":"87","payment_type":"1","fare_amount":"5.5","extra":"0.5","mta_tax":"0.5","tip_amount":"1.36","tolls_amount":"0","improvement_surcharge":"0.3","total_amount":"8.16","congestion_surcharge":"","tripId":"32773c4e-670c-4f6c-9dbd-6eae46bd4c53"},{"VendorID":"2","tpep_pickup_datetime":"2023-01-04 01:58:10","tpep_dropoff_datetime":"2023-08-24 02:09:28","passenger_count":"1","trip_distance":"1.72","RatecodeID":"1","store_and_fwd_flag":"N","PULocationID":"261","DOLocationID":"148","payment_type":"1","fare_amount":"9","extra":"0.5","mta_tax":"0.5","tip_amount":"2.06","tolls_amount":"0","improvement_surcharge":"0.3","total_amount":"12.36","congestion_surcharge":"","tripId":"13a53ef7-12f3-44bc-b92d-71fb52d213a0"},{"VendorID":"1","tpep_pickup_datetime":"2024-01-10 01:05:06","tpep_dropoff_datetime":"2024-01-21 01:08:44","passenger_count":"1","trip_distance":".90","RatecodeID":"1","store_and_fwd_flag":"N","PULocationID":"262","DOLocationID":"140","payment_type":"1","fare_amount":"5","extra":"0.5","mta_tax":"0.5","tip_amount":"1.26","tolls_amount":"0","improvement_surcharge":"0.3","total_amount":"7.56","congestion_surcharge":"","tripId":"d300fd73-55fa-4b6e-ae94-407cd9ddb6d1"},{"VendorID":"1","tpep_pickup_datetime":"2023-01-28 01:10:51","tpep_dropoff_datetime":"2023-08-05 01:28:39","passenger_count":"1","trip_distance":"2.90","RatecodeID":"1","store_and_fwd_flag":"N","PULocationID":"141","DOLocationID":"234","payment_type":"1","fare_amount":"13.5","extra":"0.5","mta_tax":"0.5","tip_amount":"4.4","tolls_amount":"0","improvement_surcharge":"0.3","total_amount":"19.2","congestion_surcharge":"","tripId":"88093487-a8ec-4342-ba0e-1fe074835014"},{"VendorID":"1","tpep_pickup_datetime":"2023-04-10 01:58:22","tpep_dropoff_datetime":"2023-08-18 02:03:40","passenger_count":"1","trip_distance":".90","RatecodeID":"1","store_and_fwd_flag":"N","PULocationID":"170","DOLocationID":"233","payment_type":"2","fare_amount":"5.5","extra":"0.5","mta_tax":"0.5","tip_amount":"0","tolls_amount":"0","improvement_surcharge":"0.3","total_amount":"6.8","congestion_surcharge":"","tripId":"d83ba217-d012-47d1-acc8-393a1aed4874"},{"VendorID":"2","tpep_pickup_datetime":"2023-01-31 01:37:51","tpep_dropoff_datetime":"2024-01-28 01:46:37","passenger_count":"1","trip_distance":"2.35","RatecodeID":"1","store_and_fwd_flag":"N","PULocationID":"161","DOLocationID":"263","payment_type":"1","fare_amount":"9.5","extra":"0.5","mta_tax":"0.5","tip_amount":"2.16","tolls_amount":"0","improvement_surcharge":"0.3","total_amount":"12.96","congestion_surcharge":"","tripId":"29115a6f-4b32-4b06-94a0-492573c8eadf"},{"VendorID":"2","tpep_pickup_datetime":"2024-01-21 01:53:53","tpep_dropoff_datetime":"2023-12-13 02:12:43","passenger_count":"1","trip_distance":"3.20","RatecodeID":"1","store_and_fwd_flag":"N","PULocationID":"237","DOLocationID":"113","payment_type":"1","fare_amount":"14.5","extra":"0.5","mta_tax":"0.5","tip_amount":"1","tolls_amount":"0","improvement_surcharge":"0.3","total_amount":"16.8","congestion_surcharge":"","tripId":"274e31aa-9fa2-4806-873c-4b6768d8d1c8"},{"VendorID":"2","tpep_pickup_datetime":"2023-10-16 01:12:20","tpep_dropoff_datetime":"2023-03-24 01:19:55","passenger_count":"2","trip_distance":".88","RatecodeID":"1","store_and_fwd_flag":"N","PULocationID":"143","DOLocationID":"50","payment_type":"2","fare_amount":"6.5","extra":"0.5","mta_tax":"0.5","tip_amount":"0","tolls_amount":"0","improvement_surcharge":"0.3","total_amount":"7.8","congestion_surcharge":"","tripId":"7570cdee-445e-4ba9-b434-d390ae3b3a53"},{"VendorID":"2","tpep_pickup_datetime":"2023-08-18 01:24:17","tpep_dropoff_datetime":"2023-12-20 01:45:56","passenger_count":"2","trip_distance":"2.13","RatecodeID":"1","store_and_fwd_flag":"N","PULocationID":"50","DOLocationID":"68","payment_type":"1","fare_amount":"15","extra":"0.5","mta_tax":"0.5","tip_amount":"4.89","tolls_amount":"0","improvement_surcharge":"0.3","total_amount":"21.19","congestion_surcharge":"","tripId":"a931f8f8-f073-4f61-bead-92504363b200"},{"VendorID":"2","tpep_pickup_datetime":"2023-07-21 01:07:59","tpep_dropoff_datetime":"2023-04-19 01:08:12","passenger_count":"1","trip_distance":".00","RatecodeID":"1","store_and_fwd_flag":"N","PULocationID":"137","DOLocationID":"137","payment_type":"1","fare_amount":"2.5","extra":"0.5","mta_tax":"0.5","tip_amount":"0.76","tolls_amount":"0","improvement_surcharge":"0.3","total_amount":"6.51","congestion_surcharge":"","tripId":"2f1027ba-691e-4db0-b796-6e0ca578dab8"},{"VendorID":"2","tpep_pickup_datetime":"2023-05-23 01:08:21","tpep_dropoff_datetime":"2024-01-24 01:27:41","passenger_count":"1","trip_distance":"4.20","RatecodeID":"1","store_and_fwd_flag":"N","PULocationID":"137","DOLocationID":"45","payment_type":"1","fare_amount":"17","extra":"0.5","mta_tax":"0.5","tip_amount":"3.66","tolls_amount":"0","improvement_surcharge":"0.3","total_amount":"21.96","congestion_surcharge":"","tripId":"901a7f7d-8b32-4c93-aed4-ccd76d4cf958"},{"VendorID":"2","tpep_pickup_datetime":"2023-11-21 01:29:43","tpep_dropoff_datetime":"2023-02-25 01:52:05","passenger_count":"1","trip_distance":"10.02","RatecodeID":"1","store_and_fwd_flag":"N","PULocationID":"45","DOLocationID":"7","payment_type":"1","fare_amount":"29","extra":"0.5","mta_tax":"0.5","tip_amount":"0","tolls_amount":"0","improvement_surcharge":"0.3","total_amount":"30.3","congestion_surcharge":"","tripId":"da9e1aeb-b874-4d50-a826-eaa905720312"},{"VendorID":"1","tpep_pickup_datetime":"2023-07-11 01:02:21","tpep_dropoff_datetime":"2023-10-29 01:25:14","passenger_count":"1","trip_distance":"5.50","RatecodeID":"1","store_and_fwd_flag":"N","PULocationID":"211","DOLocationID":"140","payment_type":"1","fare_amount":"20.5","extra":"0.5","mta_tax":"0.5","tip_amount":"5.45","tolls_amount":"0","improvement_surcharge":"0.3","total_amount":"27.25","congestion_surcharge":"","tripId":"d93cc070-7310-4b68-9d1f-8a5a33aed22b"},{"VendorID":"1","tpep_pickup_datetime":"2023-11-17 01:41:27","tpep_dropoff_datetime":"2023-07-09 02:01:18","passenger_count":"1","trip_distance":"9.40","RatecodeID":"1","store_and_fwd_flag":"N","PULocationID":"107","DOLocationID":"213","payment_type":"2","fare_amount":"27","extra":"0.5","mta_tax":"0.5","tip_amount":"0","tolls_amount":"0","improvement_surcharge":"0.3","total_amount":"28.3","congestion_surcharge":"","tripId":"993d2cf1-4615-4975-ba17-035ed2e1fe45"},{"VendorID":"2","tpep_pickup_datetime":"2023-10-19 01:21:53","tpep_dropoff_datetime":"2023-12-15 01:26:57","passenger_count":"1","trip_distance":".82","RatecodeID":"1","store_and_fwd_flag":"N","PULocationID":"82","DOLocationID":"83","payment_type":"2","fare_amount":"5","extra":"0.5","mta_tax":"0.5","tip_amount":"0","tolls_amount":"0","improvement_surcharge":"0.3","total_amount":"6.3","congestion_surcharge":"","tripId":"797bd8b6-2b54-4d84-916e-933607a6a09a"},{"VendorID":"2","tpep_pickup_datetime":"2023-02-20 01:47:53","tpep_dropoff_datetime":"2024-01-25 01:54:39","passenger_count":"1","trip_distance":"1.46","RatecodeID":"1","store_and_fwd_flag":"N","PULocationID":"7","DOLocationID":"179","payment_type":"2","fare_amount":"6.5","extra":"0.5","mta_tax":"0.5","tip_amount":"0","tolls_amount":"0","improvement_surcharge":"0.3","total_amount":"7.8","congestion_surcharge":"","tripId":"4f9e53da-d87b-4d28-9a81-f233ad0aa040"},{"VendorID":"1","tpep_pickup_datetime":"2023-04-22 01:42:14","tpep_dropoff_datetime":"2023-03-17 01:49:32","passenger_count":"1","trip_distance":"1.20","RatecodeID":"1","store_and_fwd_flag":"N","PULocationID":"33","DOLocationID":"54","payment_type":"2","fare_amount":"6.5","extra":"0.5","mta_tax":"0.5","tip_amount":"0","tolls_amount":"0","improvement_surcharge":"0.3","total_amount":"7.8","congestion_surcharge":"","tripId":"59a0f8fc-1476-4a65-81ae-355d60e5a0b0"},{"VendorID":"2","tpep_pickup_datetime":"2023-10-20 01:14:55","tpep_dropoff_datetime":"2023-06-18 01:20:36","passenger_count":"1","trip_distance":"1.10","RatecodeID":"1","store_and_fwd_flag":"N","PULocationID":"107","DOLocationID":"137","payment_type":"1","fare_amount":"6","extra":"0.5","mta_tax":"0.5","tip_amount":"1.46","tolls_amount":"0","improvement_surcharge":"0.3","total_amount":"8.76","congestion_surcharge":"","tripId":"44ca9860-c072-4e50-8f53-3b991d6d0370"},{"VendorID":"2","tpep_pickup_datetime":"2024-01-08 01:23:41","tpep_dropoff_datetime":"2023-03-16 01:36:37","passenger_count":"1","trip_distance":".97","RatecodeID":"1","store_and_fwd_flag":"N","PULocationID":"137","DOLocationID":"186","payment_type":"2","fare_amount":"9","extra":"0.5","mta_tax":"0.5","tip_amount":"0","tolls_amount":"0","improvement_surcharge":"0.3","total_amount":"10.3","congestion_surcharge":"","tripId":"9d4b61eb-2314-4383-84fb-737f782a133e"},{"VendorID":"2","tpep_pickup_datetime":"2023-06-17 01:42:20","tpep_dropoff_datetime":"2023-04-30 02:05:06","passenger_count":"1","trip_distance":"4.77","RatecodeID":"1","store_and_fwd_flag":"N","PULocationID":"186","DOLocationID":"33","payment_type":"2","fare_amount":"18.5","extra":"0.5","mta_tax":"0.5","tip_amount":"0","tolls_amount":"0","improvement_surcharge":"0.3","total_amount":"19.8","congestion_surcharge":"","tripId":"683e405b-024f-47ce-96dc-cb5639fcf92c"},{"VendorID":"2","tpep_pickup_datetime":"2023-09-05 00:51:03","tpep_dropoff_datetime":"2023-09-22 01:03:50","passenger_count":"1","trip_distance":"2.85","RatecodeID":"1","store_and_fwd_flag":"N","PULocationID":"137","DOLocationID":"236","payment_type":"1","fare_amount":"11.5","extra":"0.5","mta_tax":"0.5","tip_amount":"2.56","tolls_amount":"0","improvement_surcharge":"0.3","total_amount":"15.36","congestion_surcharge":"","tripId":"a8c8b330-30ed-4597-a52e-51b74043bbba"},{"VendorID":"2","tpep_pickup_datetime":"2023-06-10 01:22:27","tpep_dropoff_datetime":"2023-02-05 01:34:41","passenger_count":"1","trip_distance":"1.92","RatecodeID":"1","store_and_fwd_flag":"N","PULocationID":"164","DOLocationID":"79","payment_type":"2","fare_amount":"10","extra":"0.5","mta_tax":"0.5","tip_amount":"0","tolls_amount":"0","improvement_surcharge":"0.3","total_amount":"11.3","congestion_surcharge":"","tripId":"cab9fe9d-018f-4806-b7ca-9108c09a060c"},{"VendorID":"1","tpep_pickup_datetime":"2023-05-01 01:03:49","tpep_dropoff_datetime":"2023-10-18 01:06:20","passenger_count":"1","trip_distance":".40","RatecodeID":"1","store_and_fwd_flag":"N","PULocationID":"255","DOLocationID":"256","payment_type":"1","fare_amount":"4","extra":"0.5","mta_tax":"0.5","tip_amount":"1.3","tolls_amount":"0","improvement_surcharge":"0.3","total_amount":"6.6","congestion_surcharge":"","tripId":"28fe12fc-6331-4a6d-ab1b-8bd7b7f4d5fe"},{"VendorID":"1","tpep_pickup_datetime":"2023-04-26 01:07:04","tpep_dropoff_datetime":"2023-05-20 01:15:42","passenger_count":"2","trip_distance":"2.50","RatecodeID":"1","store_and_fwd_flag":"N","PULocationID":"256","DOLocationID":"80","payment_type":"1","fare_amount":"10","extra":"0.5","mta_tax":"0.5","tip_amount":"3.35","tolls_amount":"0","improvement_surcharge":"0.3","total_amount":"14.65","congestion_surcharge":"","tripId":"e789072f-2e10-47f7-914c-1e92fb666c2a"},{"VendorID":"1","tpep_pickup_datetime":"2023-06-21 01:25:36","tpep_dropoff_datetime":"2023-09-02 01:37:35","passenger_count":"1","trip_distance":"3.10","RatecodeID":"1","store_and_fwd_flag":"N","PULocationID":"232","DOLocationID":"87","payment_type":"1","fare_amount":"12","extra":"0.5","mta_tax":"0.5","tip_amount":"2.65","tolls_amount":"0","improvement_surcharge":"0.3","total_amount":"15.95","congestion_surcharge":"","tripId":"303abdab-6895-4ad7-92d3-46c51610903b"},{"VendorID":"1","tpep_pickup_datetime":"2023-10-05 01:39:29","tpep_dropoff_datetime":"2024-01-24 01:49:52","passenger_count":"1","trip_distance":"3.90","RatecodeID":"1","store_and_fwd_flag":"N","PULocationID":"87","DOLocationID":"137","payment_type":"1","fare_amount":"13.5","extra":"0.5","mta_tax":"0.5","tip_amount":"2.95","tolls_amount":"0","improvement_surcharge":"0.3","total_amount":"17.75","congestion_surcharge":"","tripId":"9b2c1e39-a1f7-4d3f-a247-a1a3af0f47d9"},{"VendorID":"1","tpep_pickup_datetime":"2023-10-08 01:51:38","tpep_dropoff_datetime":"2023-03-06 02:11:30","passenger_count":"1","trip_distance":"2.30","RatecodeID":"1","store_and_fwd_flag":"N","PULocationID":"137","DOLocationID":"48","payment_type":"1","fare_amount":"13.5","extra":"0.5","mta_tax":"0.5","tip_amount":"1.48","tolls_amount":"0","improvement_surcharge":"0.3","total_amount":"16.28","congestion_surcharge":"","tripId":"f67ed19a-6efc-42cd-b8e9-72a7cf551cc6"}]