[{"VendorID":"2","tpep_pickup_datetime":"2023-12-07 00:07:07","tpep_dropoff_datetime":"2024-01-23 00:23:22","passenger_count":"1","trip_distance":"4.02","RatecodeID":"1","store_and_fwd_flag":"N","PULocationID":"164","DOLocationID":"239","payment_type":"1","fare_amount":"15.5","extra":"0.5","mta_tax":"0.5","tip_amount":"2","tolls_amount":"0","improvement_surcharge":"0.3","total_amount":"18.8","congestion_surcharge":"","tripId":"dbd5a89d-e713-4cac-822c-75e1fb8d1753"},{"VendorID":"2","tpep_pickup_datetime":"2023-03-21 00:35:38","tpep_dropoff_datetime":"2023-01-17 01:25:54","passenger_count":"1","trip_distance":"32.94","RatecodeID":"5","store_and_fwd_flag":"N","PULocationID":"114","DOLocationID":"265","payment_type":"2","fare_amount":"130","extra":"0","mta_tax":"0.5","tip_amount":"0","tolls_amount":"0","improvement_surcharge":"0.3","total_amount":"130.8","congestion_surcharge":"","tripId":"bbf0653b-4896-4acb-be62-30496efd55c0"},{"VendorID":"2","tpep_pickup_datetime":"2023-10-02 00:29:28","tpep_dropoff_datetime":"2023-11-04 00:45:32","passenger_count":"1","trip_distance":"5.05","RatecodeID":"1","store_and_fwd_flag":"N","PULocationID":"239","DOLocationID":"79","payment_type":"1","fare_amount":"17.5","extra":"0.5","mta_tax":"0.5","tip_amount":"2","tolls_amount":"0","improvement_surcharge":"0.3","total_amount":"20.8","congestion_surcharge":"","tripId":"29c71988-5bf8-4fde-9e81-b1498927d008"},{"VendorID":"2","tpep_pickup_datetime":"2023-05-22 00:55:04","tpep_dropoff_datetime":"2023-11-12 01:00:07","passenger_count":"1","trip_distance":".01","RatecodeID":"1","store_and_fwd_flag":"N","PULocationID":"148","DOLocationID":"148","payment_type":"1","fare_amount":"5","extra":"0.5","mta_tax":"0.5","tip_amount":"1.26","tolls_amount":"0","improvement_surcharge":"0.3","total_amount":"7.56","congestion_surcharge":"","tripId":"7e2c2b1c-ffdc-44ee-b780-f133e646e82e"},{"VendorID":"1","tpep_pickup_datetime":"2023-03-10 00:05:43","tpep_dropoff_datetime":"2023-10-05 00:08:55","passenger_count":"0","trip_distance":".50","RatecodeID":"1","store_and_fwd_flag":"N","PULocationID":"79","DOLocationID":"224","payment_type":"2","fare_amount":"4","extra":"0.5","mta_tax":"0.5","tip_amount":"0","tolls_amount":"0","improvement_surcharge":"0.3","total_amount":"5.3","congestion_surcharge":"","tripId":"db81868b-5461-4b72-9e91-c92d310b7d92"},{"VendorID":"1","tpep_pickup_datetime":"2023-12-05 00:20:38","tpep_dropoff_datetime":"2023-03-16 00:42:31","passenger_count":"0","trip_distance":"4.00","RatecodeID":"1","store_and_fwd_flag":"N","PULocationID":"79","DOLocationID":"163","payment_type":"1","fare_amount":"17","extra":"0.5","mta_tax":"0.5","tip_amount":"3","tolls_amount":"0","improvement_surcharge":"0.3","total_amount":"21.3","congestion_surcharge":"","tripId":"30700854-3fab-4038-bfd3-6a901b12c1ad"},{"VendorID":"1","tpep_pickup_datetime":"2023-12-30 00:52:10","tpep_dropoff_datetime":"2023-05-13 01:00:31","passenger_count":"0","trip_distance":"2.80","RatecodeID":"1","store_and_fwd_flag":"N","PULocationID":"164","DOLocationID":"236","payment_type":"2","fare_amount":"10","extra":"0.5","mta_tax":"0.5","tip_amount":"0","tolls_amount":"0","improvement_surcharge":"0.3","total_amount":"11.3","congestion_surcharge":"","tripId":"fa833151-4c76-40ad-8606-e087f9a7ab6c"},{"VendorID":"1","tpep_pickup_datetime":"2023-09-22 00:20:24","tpep_dropoff_datetime":"2023-06-26 00:44:39","passenger_count":"1","trip_distance":"4.80","RatecodeID":"1","store_and_fwd_flag":"N","PULocationID":"234","DOLocationID":"41","payment_type":"2","fare_amount":"19.5","extra":"0.5","mta_tax":"0.5","tip_amount":"0","tolls_amount":"0","improvement_surcharge":"0.3","total_amount":"20.8","congestion_surcharge":"","tripId":"56fdc083-2d06-4ee8-858a-d037e901c039"},{"VendorID":"1","tpep_pickup_datetime":"2023-07-12 00:56:24","tpep_dropoff_datetime":"2023-02-27 01:09:57","passenger_count":"1","trip_distance":"2.50","RatecodeID":"1","store_and_fwd_flag":"N","PULocationID":"151","DOLocationID":"48","payment_type":"1","fare_amount":"11.5","extra":"0.5","mta_tax":"0.5","tip_amount":"2","tolls_amount":"0","improvement_surcharge":"0.3","total_amount":"14.8","congestion_surcharge":"","tripId":"38fc8386-aa9c-45f3-9dfb-0b1de5a9aef7"},{"VendorID":"1","tpep_pickup_datetime":"2023-11-04 00:27:03","tpep_dropoff_datetime":"2023-12-18 00:32:47","passenger_count":"1","trip_distance":"1.00","RatecodeID":"1","store_and_fwd_flag":"N","PULocationID":"68","DOLocationID":"90","payment_type":"2","fare_amount":"6","extra":"0.5","mta_tax":"0.5","tip_amount":"0","tolls_amount":"0","improvement_surcharge":"0.3","total_amount":"7.3","congestion_surcharge":"","tripId":"9ee08ee5-4aff-4473-985e-e59923787ddb"},{"VendorID":"1","tpep_pickup_datetime":"2023-05-21 00:47:23","tpep_dropoff_datetime":"2023-10-17 01:09:25","passenger_count":"1","trip_distance":"3.80","RatecodeID":"1","store_and_fwd_flag":"N","PULocationID":"125","DOLocationID":"143","payment_type":"2","fare_amount":"16.5","extra":"0.5","mta_tax":"0.5","tip_amount":"0","tolls_amount":"0","improvement_surcharge":"0.3","total_amount":"17.8","congestion_surcharge":"","tripId":"c6198bf3-3992-49b9-8bfe-32ba3080ef07"},{"VendorID":"1","tpep_pickup_datetime":"2023-10-05 00:40:20","tpep_dropoff_datetime":"2023-05-18 00:51:46","passenger_count":"1","trip_distance":"7.20","RatecodeID":"1","store_and_fwd_flag":"N","PULocationID":"132","DOLocationID":"95","payment_type":"1","fare_amount":"21","extra":"0.5","mta_tax":"0.5","tip_amount":"4.45","tolls_amount":"0","improvement_surcharge":"0.3","total_amount":"26.75","congestion_surcharge":"","tripId":"9274ca52-7328-4875-b4f0-6d1bccd26297"},{"VendorID":"1","tpep_pickup_datetime":"2023-10-13 00:10:26","tpep_dropoff_datetime":"2023-02-23 00:35:56","passenger_count":"1","trip_distance":"19.50","RatecodeID":"1","store_and_fwd_flag":"N","PULocationID":"132","DOLocationID":"51","payment_type":"2","fare_amount":"52","extra":"0.5","mta_tax":"0.5","tip_amount":"0","tolls_amount":"5.76","improvement_surcharge":"0.3","total_amount":"59.06","congestion_surcharge":"","tripId":"078a6ab3-356b-4699-8b01-28e5e4cf6cff"},{"VendorID":"1","tpep_pickup_datetime":"2023-03-31 00:42:14","tpep_dropoff_datetime":"2023-12-29 00:44:19","passenger_count":"1","trip_distance":".30","RatecodeID":"1","store_and_fwd_flag":"N","PULocationID":"90","DOLocationID":"68","payment_type":"1","fare_amount":"3.5","extra":"0.5","mta_tax":"0.5","tip_amount":"1.4","tolls_amount":"0","improvement_surcharge":"0.3","total_amount":"6.2","congestion_surcharge":"","tripId":"6815a148-4447-4347-818a-ba991c0faaee"},{"VendorID":"1","tpep_pickup_datetime":"2023-12-05 00:49:05","tpep_dropoff_datetime":"2023-04-21 01:04:09","passenger_count":"1","trip_distance":"3.20","RatecodeID":"1","store_and_fwd_flag":"N","PULocationID":"249","DOLocationID":"141","payment_type":"1","fare_amount":"13","extra":"0.5","mta_tax":"0.5","tip_amount":"2.15","tolls_amount":"0","improvement_surcharge":"0.3","total_amount":"16.45","congestion_surcharge":"","tripId":"2748e0fa-57d7-4805-bfe1-7976ae77fbe2"},{"VendorID":"1","tpep_pickup_datetime":"2023-10-27 00:17:50","tpep_dropoff_datetime":"2024-01-14 00:28:59","passenger_count":"1","trip_distance":"3.90","RatecodeID":"1","store_and_fwd_flag":"N","PULocationID":"132","DOLocationID":"218","payment_type":"2","fare_amount":"14","extra":"0.5","mta_tax":"0.5","tip_amount":"0","tolls_amount":"0","improvement_surcharge":"0.3","total_amount":"15.3","congestion_surcharge":"","tripId":"f2466181-5c67-4059-b4a1-f2f75cdc5a4c"},{"VendorID":"2","tpep_pickup_datetime":"2023-08-16 00:12:20","tpep_dropoff_datetime":"2023-12-27 00:14:12","passenger_count":"1","trip_distance":".75","RatecodeID":"1","store_and_fwd_flag":"N","PULocationID":"162","DOLocationID":"107","payment_type":"2","fare_amount":"4","extra":"0.5","mta_tax":"0.5","tip_amount":"0","tolls_amount":"0","improvement_surcharge":"0.3","total_amount":"5.3","congestion_surcharge":"","tripId":"e9085b80-5dfa-47d2-aed1-1f0563327323"},{"VendorID":"2","tpep_pickup_datetime":"2023-02-15 00:20:48","tpep_dropoff_datetime":"2023-12-16 00:34:21","passenger_count":"1","trip_distance":"2.11","RatecodeID":"1","store_and_fwd_flag":"N","PULocationID":"107","DOLocationID":"161","payment_type":"2","fare_amount":"11","extra":"0.5","mta_tax":"0.5","tip_amount":"0","tolls_amount":"0","improvement_surcharge":"0.3","total_amount":"12.3","congestion_surcharge":"","tripId":"abc6c690-2b69-45dc-a82b-565d0f63e493"},{"VendorID":"1","tpep_pickup_datetime":"2023-09-01 00:15:33","tpep_dropoff_datetime":"2023-09-01 00:19:42","passenger_count":"4","trip_distance":".70","RatecodeID":"1","store_and_fwd_flag":"N","PULocationID":"166","DOLocationID":"151","payment_type":"1","fare_amount":"5","extra":"0.5","mta_tax":"0.5","tip_amount":"1.25","tolls_amount":"0","improvement_surcharge":"0.3","total_amount":"7.55","congestion_surcharge":"","tripId":"d64ef771-70fc-435a-abe9-9a3d64dbc86e"},{"VendorID":"1","tpep_pickup_datetime":"2023-09-03 00:02:18","tpep_dropoff_datetime":"2023-10-29 00:11:00","passenger_count":"1","trip_distance":"1.50","RatecodeID":"1","store_and_fwd_flag":"N","PULocationID":"211","DOLocationID":"209","payment_type":"1","fare_amount":"7.5","extra":"0.5","mta_tax":"0.5","tip_amount":"1.75","tolls_amount":"0","improvement_surcharge":"0.3","total_amount":"10.55","congestion_surcharge":"","tripId":"ab417984-7d7b-4344-b2fd-16df7ec12fe9"},{"VendorID":"1","tpep_pickup_datetime":"2024-01-11 00:16:40","tpep_dropoff_datetime":"2023-05-14 00:26:06","passenger_count":"1","trip_distance":"1.10","RatecodeID":"1","store_and_fwd_flag":"N","PULocationID":"209","DOLocationID":"231","payment_type":"1","fare_amount":"7.5","extra":"0.5","mta_tax":"0.5","tip_amount":"1.2","tolls_amount":"0","improvement_surcharge":"0.3","total_amount":"10","congestion_surcharge":"","tripId":"75e25d2b-bcb1-4adc-8def-38098a990291"},{"VendorID":"1","tpep_pickup_datetime":"2024-01-04 00:38:02","tpep_dropoff_datetime":"2023-10-27 00:47:58","passenger_count":"1","trip_distance":"1.30","RatecodeID":"1","store_and_fwd_flag":"N","PULocationID":"114","DOLocationID":"234","payment_type":"1","fare_amount":"8.5","extra":"0.5","mta_tax":"0.5","tip_amount":"1","tolls_amount":"0","improvement_surcharge":"0.3","total_amount":"10.8","congestion_surcharge":"","tripId":"7a2bd337-79fe-435e-8c19-e1fa9ad9f10a"},{"VendorID":"2","tpep_pickup_datetime":"2023-01-31 00:12:53","tpep_dropoff_datetime":"2023-07-02 00:27:47","passenger_count":"2","trip_distance":"1.66","RatecodeID":"1","store_and_fwd_flag":"N","PULocationID":"158","DOLocationID":"114","payment_type":"1","fare_amount":"10","extra":"0.5","mta_tax":"0.5","tip_amount":"2.26","tolls_amount":"0","improvement_surcharge":"0.3","total_amount":"13.56","congestion_surcharge":"","tripId":"04acd743-cdc9-42d6-84b9-a4698457319b"},{"VendorID":"2","tpep_pickup_datetime":"2023-12-12 00:30:33","tpep_dropoff_datetime":"2023-11-26 00:38:37","passenger_count":"2","trip_distance":".99","RatecodeID":"1","store_and_fwd_flag":"N","PULocationID":"79","DOLocationID":"234","payment_type":"1","fare_amount":"7","extra":"0.5","mta_tax":"0.5","tip_amount":"1.24","tolls_amount":"0","improvement_surcharge":"0.3","total_amount":"9.54","congestion_surcharge":"","tripId":"52eeed8e-5ade-4be1-bc51-d251b5724a67"},{"VendorID":"2","tpep_pickup_datetime":"2023-10-26 01:01:16","tpep_dropoff_datetime":"2023-01-18 01:11:47","passenger_count":"2","trip_distance":"1.78","RatecodeID":"1","store_and_fwd_flag":"N","PULocationID":"113","DOLocationID":"246","payment_type":"1","fare_amount":"8.5","extra":"0.5","mta_tax":"0.5","tip_amount":"1.96","tolls_amount":"0","improvement_surcharge":"0.3","total_amount":"11.76","congestion_surcharge":"","tripId":"55eb468e-3234-41a7-9c43-cb3f6ba07b73"},{"VendorID":"1","tpep_pickup_datetime":"2023-11-18 00:03:51","tpep_dropoff_datetime":"2023-10-17 00:13:48","passenger_count":"2","trip_distance":"1.90","RatecodeID":"1","store_and_fwd_flag":"N","PULocationID":"164","DOLocationID":"186","payment_type":"1","fare_amount":"9","extra":"0.5","mta_tax":"0.5","tip_amount":"1","tolls_amount":"0","improvement_surcharge":"0.3","total_amount":"11.3","congestion_surcharge":"","tripId":"5fecb50e-2360-4a9b-9532-2e4ee3b727c9"},{"VendorID":"1","tpep_pickup_datetime":"2024-01-18 00:17:58","tpep_dropoff_datetime":"2023-06-23 00:32:01","passenger_count":"1","trip_distance":"2.80","RatecodeID":"1","store_and_fwd_flag":"N","PULocationID":"164","DOLocationID":"224","payment_type":"1","fare_amount":"12.5","extra":"0.5","mta_tax":"0.5","tip_amount":"2.75","tolls_amount":"0","improvement_surcharge":"0.3","total_amount":"16.55","congestion_surcharge":"","tripId":"625cc8ea-ca83-4765-ab31-889a0a51b793"},{"VendorID":"1","tpep_pickup_datetime":"2023-08-21 00:39:49","tpep_dropoff_datetime":"2023-10-20 00:49:16","passenger_count":"3","trip_distance":".90","RatecodeID":"1","store_and_fwd_flag":"N","PULocationID":"79","DOLocationID":"148","payment_type":"1","fare_amount":"7.5","extra":"0.5","mta_tax":"0.5","tip_amount":"1.2","tolls_amount":"0","improvement_surcharge":"0.3","total_amount":"10","congestion_surcharge":"","tripId":"9731ef87-a9db-4aab-a234-c92d1792ed5f"},{"VendorID":"2","tpep_pickup_datetime":"2023-05-10 00:13:45","tpep_dropoff_datetime":"2024-01-18 00:29:51","passenger_count":"6","trip_distance":"2.86","RatecodeID":"1","store_and_fwd_flag":"N","PULocationID":"161","DOLocationID":"79","payment_type":"1","fare_amount":"13","extra":"0.5","mta_tax":"0.5","tip_amount":"2.86","tolls_amount":"0","improvement_surcharge":"0.3","total_amount":"17.16","congestion_surcharge":"","tripId":"a5ca8a8f-5cc3-43cc-bc51-0546bb42c76d"},{"VendorID":"2","tpep_pickup_datetime":"2023-08-19 00:30:51","tpep_dropoff_datetime":"2023-04-27 00:29:51","passenger_count":"6","trip_distance":"1.63","RatecodeID":"1","store_and_fwd_flag":"N","PULocationID":"79","DOLocationID":"234","payment_type":"2","fare_amount":"11.5","extra":"0.5","mta_tax":"0.5","tip_amount":"0","tolls_amount":"0","improvement_surcharge":"0.3","total_amount":"12.8","congestion_surcharge":"","tripId":"f683a17e-6c61-40c7-889d-a4d46cf1a1f0"},{"VendorID":"2","tpep_pickup_datetime":"2023-09-19 00:08:02","tpep_dropoff_datetime":"2023-11-21 00:16:00","passenger_count":"1","trip_distance":"1.57","RatecodeID":"1","store_and_fwd_flag":"N","PULocationID":"164","DOLocationID":"68","payment_type":"2","fare_amount":"7.5","extra":"0.5","mta_tax":"0.5","tip_amount":"0","tolls_amount":"0","improvement_surcharge":"0.3","total_amount":"8.8","congestion_surcharge":"","tripId":"8cfd560a-f7e8-46b7-a593-b29725263ded"},{"VendorID":"2","tpep_pickup_datetime":"2023-06-14 00:27:05","tpep_dropoff_datetime":"2023-08-13 00:38:23","passenger_count":"1","trip_distance":"1.86","RatecodeID":"1","store_and_fwd_flag":"N","PULocationID":"90","DOLocationID":"79","payment_type":"1","fare_amount":"9.5","extra":"0.5","mta_tax":"0.5","tip_amount":"2.7","tolls_amount":"0","improvement_surcharge":"0.3","total_amount":"13.5","congestion_surcharge":"","tripId":"6472b284-8a16-4abc-9edf-a5c9577ca299"},{"VendorID":"2","tpep_pickup_datetime":"2023-01-29 00:39:34","tpep_dropoff_datetime":"2023-12-22 00:57:44","passenger_count":"1","trip_distance":"5.77","RatecodeID":"1","store_and_fwd_flag":"N","PULocationID":"79","DOLocationID":"7","payment_type":"1","fare_amount":"18.5","extra":"0.5","mta_tax":"0.5","tip_amount":"3.96","tolls_amount":"0","improvement_surcharge":"0.3","total_amount":"23.76","congestion_surcharge":"","tripId":"aac652d3-c4dc-4227-b6f4-614a1cc91a64"},{"VendorID":"2","tpep_pickup_datetime":"2023-02-17 00:06:49","tpep_dropoff_datetime":"2023-08-26 00:12:39","passenger_count":"4","trip_distance":"1.08","RatecodeID":"1","store_and_fwd_flag":"N","PULocationID":"114","DOLocationID":"125","payment_type":"1","fare_amount":"6","extra":"0.5","mta_tax":"0.5","tip_amount":"0","tolls_amount":"0","improvement_surcharge":"0.3","total_amount":"7.3","congestion_surcharge":"","tripId":"96e1829d-a108-4e2a-9575-26fff2c55979"},{"VendorID":"2","tpep_pickup_datetime":"2023-03-16 00:22:40","tpep_dropoff_datetime":"2024-01-06 00:36:07","passenger_count":"1","trip_distance":"5.25","RatecodeID":"1","store_and_fwd_flag":"N","PULocationID":"231","DOLocationID":"79","payment_type":"1","fare_amount":"17","extra":"0.5","mta_tax":"0.5","tip_amount":"1.83","tolls_amount":"0","improvement_surcharge":"0.3","total_amount":"20.13","congestion_surcharge":"","tripId":"1b8dd94c-8cf7-421b-a9dd-fcf58fd50982"},{"VendorID":"2","tpep_pickup_datetime":"2023-08-06 00:41:47","tpep_dropoff_datetime":"2023-04-01 00:47:41","passenger_count":"2","trip_distance":"1.28","RatecodeID":"1","store_and_fwd_flag":"N","PULocationID":"79","DOLocationID":"107","payment_type":"1","fare_amount":"6.5","extra":"0.5","mta_tax":"0.5","tip_amount":"0.39","tolls_amount":"0","improvement_surcharge":"0.3","total_amount":"8.19","congestion_surcharge":"","tripId":"53559a3d-3734-4dc8-bf8b-0340e4ae066b"},{"VendorID":"2","tpep_pickup_datetime":"2023-12-17 00:39:27","tpep_dropoff_datetime":"2023-01-04 00:52:30","passenger_count":"1","trip_distance":"3.08","RatecodeID":"1","store_and_fwd_flag":"N","PULocationID":"79","DOLocationID":"163","payment_type":"1","fare_amount":"11.5","extra":"0.5","mta_tax":"0.5","tip_amount":"2.56","tolls_amount":"0","improvement_surcharge":"0.3","total_amount":"15.36","congestion_surcharge":"","tripId":"2603d848-59eb-4c90-8755-92709f1b0ba6"},{"VendorID":"2","tpep_pickup_datetime":"2023-11-18 00:59:28","tpep_dropoff_datetime":"2023-05-15 01:10:00","passenger_count":"1","trip_distance":"2.19","RatecodeID":"1","store_and_fwd_flag":"N","PULocationID":"163","DOLocationID":"90","payment_type":"1","fare_amount":"9","extra":"0.5","mta_tax":"0.5","tip_amount":"2.06","tolls_amount":"0","improvement_surcharge":"0.3","total_amount":"12.36","congestion_surcharge":"","tripId":"0467d5e5-55fc-41e5-afdf-05e0a295439b"},{"VendorID":"2","tpep_pickup_datetime":"2023-12-01 00:37:15","tpep_dropoff_datetime":"2023-10-20 00:40:13","passenger_count":"1","trip_distance":".53","RatecodeID":"1","store_and_fwd_flag":"N","PULocationID":"234","DOLocationID":"100","payment_type":"2","fare_amount":"4","extra":"0.5","mta_tax":"0.5","tip_amount":"0","tolls_amount":"0","improvement_surcharge":"0.3","total_amount":"5.3","congestion_surcharge":"","tripId":"696f3467-ac38-4c5d-b569-e9d693f9dae0"},{"VendorID":"2","tpep_pickup_datetime":"2023-12-02 00:09:24","tpep_dropoff_datetime":"2023-10-03 00:20:44","passenger_count":"1","trip_distance":"2.02","RatecodeID":"1","store_and_fwd_flag":"N","PULocationID":"137","DOLocationID":"68","payment_type":"1","fare_amount":"9.5","extra":"0.5","mta_tax":"0.5","tip_amount":"2.16","tolls_amount":"0","improvement_surcharge":"0.3","total_amount":"12.96","congestion_surcharge":"","tripId":"ef4a0bb4-2dc7-436f-b771-06255230aa92"},{"VendorID":"2","tpep_pickup_datetime":"2023-11-07 00:57:45","tpep_dropoff_datetime":"2023-11-13 01:11:39","passenger_count":"1","trip_distance":"2.10","RatecodeID":"1","store_and_fwd_flag":"N","PULocationID":"114","DOLocationID":"186","payment_type":"1","fare_amount":"10.5","extra":"0.5","mta_tax":"0.5","tip_amount":"2.36","tolls_amount":"0","improvement_surcharge":"0.3","total_amount":"14.16","congestion_surcharge":"","tripId":"477bd3df-418a-44b1-b901-3605bc50a9ac"},{"VendorID":"2","tpep_pickup_datetime":"2023-08-23 00:12:12","tpep_dropoff_datetime":"2023-03-09 00:19:28","passenger_count":"1","trip_distance":"1.53","RatecodeID":"1","store_and_fwd_flag":"N","PULocationID":"142","DOLocationID":"237","payment_type":"1","fare_amount":"7.5","extra":"0.5","mta_tax":"0.5","tip_amount":"2.2","tolls_amount":"0","improvement_surcharge":"0.3","total_amount":"11","congestion_surcharge":"","tripId":"2b498854-96a9-4aa4-bdd4-4005aac53b69"},{"VendorID":"2","tpep_pickup_datetime":"2023-11-07 00:29:18","tpep_dropoff_datetime":"2023-08-31 00:36:27","passenger_count":"1","trip_distance":"1.72","RatecodeID":"1","store_and_fwd_flag":"N","PULocationID":"229","DOLocationID":"141","payment_type":"1","fare_amount":"7","extra":"0.5","mta_tax":"0.5","tip_amount":"2.08","tolls_amount":"0","improvement_surcharge":"0.3","total_amount":"10.38","congestion_surcharge":"","tripId":"15525f68-7a6b-4a4d-8021-007e9ea607af"},{"VendorID":"2","tpep_pickup_datetime":"2023-02-15 00:49:56","tpep_dropoff_datetime":"2023-02-27 01:01:20","passenger_count":"1","trip_distance":"3.48","RatecodeID":"1","store_and_fwd_flag":"N","PULocationID":"263","DOLocationID":"79","payment_type":"1","fare_amount":"12","extra":"0.5","mta_tax":"0.5","tip_amount":"3.99","tolls_amount":"0","improvement_surcharge":"0.3","total_amount":"17.29","congestion_surcharge":"","tripId":"5f41d24b-09e9-49f7-b93a-e442578a070d"},{"VendorID":"2","tpep_pickup_datetime":"2023-04-03 00:17:23","tpep_dropoff_datetime":"2023-01-28 00:25:18","passenger_count":"1","trip_distance":"1.25","RatecodeID":"1","store_and_fwd_flag":"N","PULocationID":"229","DOLocationID":"163","payment_type":"2","fare_amount":"7","extra":"0.5","mta_tax":"0.5","tip_amount":"0","tolls_amount":"0","improvement_surcharge":"0.3","total_amount":"8.3","congestion_surcharge":"","tripId":"5125d0f3-aa08-4b41-b8d4-8cd6124f237e"},{"VendorID":"2","tpep_pickup_datetime":"2023-04-05 00:11:55","tpep_dropoff_datetime":"2023-11-24 00:20:36","passenger_count":"1","trip_distance":"1.48","RatecodeID":"1","store_and_fwd_flag":"N","PULocationID":"249","DOLocationID":"231","payment_type":"1","fare_amount":"7.5","extra":"0.5","mta_tax":"0.5","tip_amount":"2","tolls_amount":"0","improvement_surcharge":"0.3","total_amount":"10.8","congestion_surcharge":"","tripId":"8aee10b1-6959-4233-b86b-be7c66acdf11"},{"VendorID":"2","tpep_pickup_datetime":"2023-01-25 00:29:31","tpep_dropoff_datetime":"2023-09-02 00:56:07","passenger_count":"1","trip_distance":"8.39","RatecodeID":"1","store_and_fwd_flag":"N","PULocationID":"249","DOLocationID":"42","payment_type":"2","fare_amount":"27.5","extra":"0.5","mta_tax":"0.5","tip_amount":"0","tolls_amount":"0","improvement_surcharge":"0.3","total_amount":"28.8","congestion_surcharge":"","tripId":"23dbb3ae-82e1-4994-8b0e-2d4dca274b62"},{"VendorID":"2","tpep_pickup_datetime":"2023-11-29 00:10:17","tpep_dropoff_datetime":"2023-10-01 00:32:40","passenger_count":"1","trip_distance":"4.70","RatecodeID":"1","store_and_fwd_flag":"N","PULocationID":"107","DOLocationID":"97","payment_type":"1","fare_amount":"18.5","extra":"0.5","mta_tax":"0.5","tip_amount":"3.96","tolls_amount":"0","improvement_surcharge":"0.3","total_amount":"23.76","congestion_surcharge":"","tripId":"5ae4854f-8f1f-4b56-937b-4e9148f7167b"},{"VendorID":"2","tpep_pickup_datetime":"2023-08-15 00:36:40","tpep_dropoff_datetime":"2023-07-21 00:41:58","passenger_count":"1","trip_distance":".97","RatecodeID":"1","store_and_fwd_flag":"N","PULocationID":"97","DOLocationID":"49","payment_type":"1","fare_amount":"5.5","extra":"0.5","mta_tax":"0.5","tip_amount":"1.36","tolls_amount":"0","improvement_surcharge":"0.3","total_amount":"8.16","congestion_surcharge":"","tripId":"42df541f-793d-46bf-a53c-5a7263f11851"},{"VendorID":"1","tpep_pickup_datetime":"2023-12-13 00:19:45","tpep_dropoff_datetime":"2023-12-22 00:37:47","passenger_count":"1","trip_distance":"3.30","RatecodeID":"1","store_and_fwd_flag":"N","PULocationID":"158","DOLocationID":"233","payment_type":"1","fare_amount":"14","extra":"0.5","mta_tax":"0.5","tip_amount":"3.05","tolls_amount":"0","improvement_surcharge":"0.3","total_amount":"18.35","congestion_surcharge":"","tripId":"5bd8aef8-1051-43ca-bc25-03611a02082e"},{"VendorID":"1","tpep_pickup_datetime":"2023-03-26 00:44:56","tpep_dropoff_datetime":"2023-12-28 00:50:43","passenger_count":"1","trip_distance":"1.30","RatecodeID":"1","store_and_fwd_flag":"N","PULocationID":"233","DOLocationID":"107","payment_type":"1","fare_amount":"6","extra":"0.5","mta_tax":"0.5","tip_amount":"1.45","tolls_amount":"0","improvement_surcharge":"0.3","total_amount":"8.75","congestion_surcharge":"","tripId":"2b8ec5de-bd0b-4d1c-9d1e-aeeae673de7b"},{"VendorID":"1","tpep_pickup_datetime":"2023-06-24 00:53:45","tpep_dropoff_datetime":"2023-07-02 01:06:42","passenger_count":"4","trip_distance":"1.50","RatecodeID":"1","store_and_fwd_flag":"N","PULocationID":"79","DOLocationID":"79","payment_type":"2","fare_amount":"9.5","extra":"0.5","mta_tax":"0.5","tip_amount":"0","tolls_amount":"0","improvement_surcharge":"0.3","total_amount":"10.8","congestion_surcharge":"","tripId":"72a0b9b8-0207-4560-a9a2-3239a04ad279"},{"VendorID":"1","tpep_pickup_datetime":"2023-07-07 00:01:23","tpep_dropoff_datetime":"2023-08-15 00:07:42","passenger_count":"1","trip_distance":".70","RatecodeID":"1","store_and_fwd_flag":"N","PULocationID":"264","DOLocationID":"264","payment_type":"1","fare_amount":"6","extra":"0.5","mta_tax":"0.5","tip_amount":"1.45","tolls_amount":"0","improvement_surcharge":"0.3","total_amount":"8.75","congestion_surcharge":"","tripId":"c5b0caea-e137-4f64-9bb9-81124829617a"},{"VendorID":"1","tpep_pickup_datetime":"2023-10-02 00:23:19","tpep_dropoff_datetime":"2023-10-01 00:36:41","passenger_count":"1","trip_distance":"2.00","RatecodeID":"1","store_and_fwd_flag":"N","PULocationID":"264","DOLocationID":"264","payment_type":"1","fare_amount":"10.5","extra":"0.5","mta_tax":"0.5","tip_amount":"2.35","tolls_amount":"0","improvement_surcharge":"0.3","total_amount":"14.15","congestion_surcharge":"","tripId":"a38c66ee-260d-4376-8903-872fb37e87ae"},{"VendorID":"1","tpep_pickup_datetime":"2023-01-23 00:46:08","tpep_dropoff_datetime":"2023-01-18 00:56:06","passenger_count":"1","trip_distance":"1.70","RatecodeID":"1","store_and_fwd_flag":"N","PULocationID":"264","DOLocationID":"107","payment_type":"1","fare_amount":"8.5","extra":"0.5","mta_tax":"0.5","tip_amount":"1","tolls_amount":"0","improvement_surcharge":"0.3","total_amount":"10.8","congestion_surcharge":"","tripId":"77ca6739-ee76-45f1-b420-e301b909a821"},{"VendorID":"1","tpep_pickup_datetime":"2023-02-22 00:17:03","tpep_dropoff_datetime":"2023-04-13 00:19:52","passenger_count":"1","trip_distance":".20","RatecodeID":"1","store_and_fwd_flag":"N","PULocationID":"148","DOLocationID":"79","payment_type":"1","fare_amount":"4","extra":"0.5","mta_tax":"0.5","tip_amount":"0.5","tolls_amount":"0","improvement_surcharge":"0.3","total_amount":"5.8","congestion_surcharge":"","tripId":"1f43dbb5-b75e-4f07-a8ff-366da14d9ff7"},{"VendorID":"1","tpep_pickup_datetime":"2023-12-22 00:55:49","tpep_dropoff_datetime":"2023-03-18 01:07:48","passenger_count":"1","trip_distance":"1.60","RatecodeID":"1","store_and_fwd_flag":"N","PULocationID":"249","DOLocationID":"79","payment_type":"2","fare_amount":"9","extra":"0.5","mta_tax":"0.5","tip_amount":"0","tolls_amount":"0","improvement_surcharge":"0.3","total_amount":"10.3","congestion_surcharge":"","tripId":"b8349618-4cbf-4399-960d-fa3cf4da58a9"},{"VendorID":"1","tpep_pickup_datetime":"2023-08-21 00:02:08","tpep_dropoff_datetime":"2023-12-13 00:29:42","passenger_count":"1","trip_distance":"7.10","RatecodeID":"1","store_and_fwd_flag":"N","PULocationID":"186","DOLocationID":"129","payment_type":"1","fare_amount":"25","extra":"0.5","mta_tax":"0.5","tip_amount":"3","tolls_amount":"5.76","improvement_surcharge":"0.3","total_amount":"35.06","congestion_surcharge":"","tripId":"b15d76e9-e552-44ca-8199-717c9ec5664b"},{"VendorID":"2","tpep_pickup_datetime":"2023-07-07 00:04:19","tpep_dropoff_datetime":"2023-02-17 00:17:37","passenger_count":"2","trip_distance":"2.55","RatecodeID":"1","store_and_fwd_flag":"N","PULocationID":"7","DOLocationID":"223","payment_type":"2","fare_amount":"11.5","extra":"0.5","mta_tax":"0.5","tip_amount":"0","tolls_amount":"0","improvement_surcharge":"0.3","total_amount":"12.8","congestion_surcharge":"","tripId":"20e64fc4-ddf1-422f-92d0-dee08500850a"},{"VendorID":"1","tpep_pickup_datetime":"2023-03-09 00:18:23","tpep_dropoff_datetime":"2023-06-29 00:26:27","passenger_count":"1","trip_distance":"1.40","RatecodeID":"1","store_and_fwd_flag":"N","PULocationID":"116","DOLocationID":"42","payment_type":"2","fare_amount":"8","extra":"0.5","mta_tax":"0.5","tip_amount":"0","tolls_amount":"0","improvement_surcharge":"0.3","total_amount":"9.3","congestion_surcharge":"","tripId":"84130aeb-6f18-47d3-80e8-7fcdd5eb92c0"},{"VendorID":"1","tpep_pickup_datetime":"2023-05-28 00:35:16","tpep_dropoff_datetime":"2023-03-15 00:37:19","passenger_count":"1","trip_distance":".40","RatecodeID":"1","store_and_fwd_flag":"N","PULocationID":"41","DOLocationID":"74","payment_type":"2","fare_amount":"3.5","extra":"0.5","mta_tax":"0.5","tip_amount":"0","tolls_amount":"0","improvement_surcharge":"0.3","total_amount":"4.8","congestion_surcharge":"","tripId":"da0257b5-a062-400d-b3b5-12d0448910bc"},{"VendorID":"1","tpep_pickup_datetime":"2023-10-22 00:41:39","tpep_dropoff_datetime":"2023-08-18 01:04:09","passenger_count":"1","trip_distance":"10.70","RatecodeID":"1","store_and_fwd_flag":"N","PULocationID":"75","DOLocationID":"256","payment_type":"2","fare_amount":"31.5","extra":"0.5","mta_tax":"0.5","tip_amount":"0","tolls_amount":"5.76","improvement_surcharge":"0.3","total_amount":"38.56","congestion_surcharge":"","tripId":"68427381-5afc-4bfd-a500-b601d9d4e29a"},{"VendorID":"2","tpep_pickup_datetime":"2023-08-30 00:02:32","tpep_dropoff_datetime":"2023-11-19 00:08:30","passenger_count":"6","trip_distance":".76","RatecodeID":"1","store_and_fwd_flag":"N","PULocationID":"100","DOLocationID":"233","payment_type":"1","fare_amount":"5.5","extra":"0.5","mta_tax":"0.5","tip_amount":"1.5","tolls_amount":"0","improvement_surcharge":"0.3","total_amount":"8.3","congestion_surcharge":"","tripId":"40ceb4d5-7718-4d0d-81dc-df05f608b5c0"},{"VendorID":"2","tpep_pickup_datetime":"2023-02-15 00:30:21","tpep_dropoff_datetime":"2023-01-03 00:45:54","passenger_count":"6","trip_distance":"4.47","RatecodeID":"1","store_and_fwd_flag":"N","PULocationID":"114","DOLocationID":"236","payment_type":"1","fare_amount":"15","extra":"0.5","mta_tax":"0.5","tip_amount":"1.63","tolls_amount":"0","improvement_surcharge":"0.3","total_amount":"17.93","congestion_surcharge":"","tripId":"6c75ddd9-e197-41b2-99c5-3a08e4529a7e"},{"VendorID":"2","tpep_pickup_datetime":"2023-08-16 00:51:27","tpep_dropoff_datetime":"2023-05-11 00:59:05","passenger_count":"6","trip_distance":"2.87","RatecodeID":"1","store_and_fwd_flag":"N","PULocationID":"263","DOLocationID":"170","payment_type":"1","fare_amount":"9.5","extra":"0.5","mta_tax":"0.5","tip_amount":"2.16","tolls_amount":"0","improvement_surcharge":"0.3","total_amount":"12.96","congestion_surcharge":"","tripId":"5bfd6685-8512-4f90-a202-c222df6fb6b1"},{"VendorID":"1","tpep_pickup_datetime":"2023-08-27 00:03:27","tpep_dropoff_datetime":"2023-08-02 00:10:06","passenger_count":"2","trip_distance":"1.10","RatecodeID":"1","store_and_fwd_flag":"N","PULocationID":"234","DOLocationID":"68","payment_type":"1","fare_amount":"6.5","extra":"0.5","mta_tax":"0.5","tip_amount":"1.95","tolls_amount":"0","improvement_surcharge":"0.3","total_amount":"9.75","congestion_surcharge":"","tripId":"ca1edd58-c8a8-4b1d-b230-96ebf6193c45"},{"VendorID":"1","tpep_pickup_datetime":"2024-01-24 00:22:00","tpep_dropoff_datetime":"2023-05-27 00:55:28","passenger_count":"2","trip_distance":"7.90","RatecodeID":"1","store_and_fwd_flag":"N","PULocationID":"234","DOLocationID":"223","payment_type":"1","fare_amount":"29","extra":"0.5","mta_tax":"0.5","tip_amount":"4","tolls_amount":"0","improvement_surcharge":"0.3","total_amount":"34.3","congestion_surcharge":"","tripId":"63c5dd40-2ee5-42a0-8a27-1730d898fc32"},{"VendorID":"1","tpep_pickup_datetime":"2023-08-09 00:50:07","tpep_dropoff_datetime":"2023-01-23 00:54:07","passenger_count":"2","trip_distance":".20","RatecodeID":"1","store_and_fwd_flag":"N","PULocationID":"79","DOLocationID":"79","payment_type":"1","fare_amount":"4.5","extra":"0.5","mta_tax":"0.5","tip_amount":"1","tolls_amount":"0","improvement_surcharge":"0.3","total_amount":"6.8","congestion_surcharge":"","tripId":"72caa735-fb82-4319-adf3-ddfd76f562dc"},{"VendorID":"1","tpep_pickup_datetime":"2023-08-02 00:05:13","tpep_dropoff_datetime":"2023-11-02 00:18:29","passenger_count":"1","trip_distance":"4.10","RatecodeID":"1","store_and_fwd_flag":"N","PULocationID":"50","DOLocationID":"236","payment_type":"1","fare_amount":"15","extra":"0.5","mta_tax":"0.5","tip_amount":"3.25","tolls_amount":"0","improvement_surcharge":"0.3","total_amount":"19.55","congestion_surcharge":"","tripId":"7a7839cb-9d0c-4ccd-a24d-849bd2fc62ad"},{"VendorID":"1","tpep_pickup_datetime":"2023-12-12 00:25:45","tpep_dropoff_datetime":"2024-01-19 00:35:38","passenger_count":"2","trip_distance":"3.30","RatecodeID":"1","store_and_fwd_flag":"N","PULocationID":"237","DOLocationID":"4","payment_type":"1","fare_amount":"12","extra":"0.5","mta_tax":"0.5","tip_amount":"2.65","tolls_amount":"0","improvement_surcharge":"0.3","total_amount":"15.95","congestion_surcharge":"","tripId":"c3fcac37-a951-4b18-b7d3-6d8b51382fd6"},{"VendorID":"1","tpep_pickup_datetime":"2023-05-03 00:38:12","tpep_dropoff_datetime":"2023-10-09 00:50:15","passenger_count":"1","trip_distance":"4.40","RatecodeID":"1","store_and_fwd_flag":"N","PULocationID":"4","DOLocationID":"236","payment_type":"1","fare_amount":"14.5","extra":"0.5","mta_tax":"0.5","tip_amount":"2","tolls_amount":"0","improvement_surcharge":"0.3","total_amount":"17.8","congestion_surcharge":"","tripId":"8201cf5d-3de3-4e63-9959-09acdd74a66c"},{"VendorID":"1","tpep_pickup_datetime":"2023-12-23 00:47:02","tpep_dropoff_datetime":"2023-05-28 00:49:40","passenger_count":"1","trip_distance":".70","RatecodeID":"1","store_and_fwd_flag":"N","PULocationID":"161","DOLocationID":"164","payment_type":"1","fare_amount":"4.5","extra":"0.5","mta_tax":"0.5","tip_amount":"2","tolls_amount":"0","improvement_surcharge":"0.3","total_amount":"7.8","congestion_surcharge":"","tripId":"7677e7f6-f003-48a3-bdd3-89507855499f"},{"VendorID":"1","tpep_pickup_datetime":"2023-12-05 00:51:30","tpep_dropoff_datetime":"2023-09-05 00:57:33","passenger_count":"1","trip_distance":"1.20","RatecodeID":"1","store_and_fwd_flag":"N","PULocationID":"234","DOLocationID":"100","payment_type":"1","fare_amount":"6","extra":"0.5","mta_tax":"0.5","tip_amount":"1.8","tolls_amount":"0","improvement_surcharge":"0.3","total_amount":"9.1","congestion_surcharge":"","tripId":"b1757ebb-da58-49a5-b5b4-c40ce571392f"},{"VendorID":"1","tpep_pickup_datetime":"2023-07-26 00:14:51","tpep_dropoff_datetime":"2023-10-28 00:29:31","passenger_count":"1","trip_distance":"3.20","RatecodeID":"1","store_and_fwd_flag":"N","PULocationID":"65","DOLocationID":"255","payment_type":"1","fare_amount":"13.5","extra":"0.5","mta_tax":"0.5","tip_amount":"0","tolls_amount":"0","improvement_surcharge":"0.3","total_amount":"14.8","congestion_surcharge":"","tripId":"069b0dfc-f049-411d-932b-a208b552db2b"},{"VendorID":"1","tpep_pickup_datetime":"2023-10-25 00:50:45","tpep_dropoff_datetime":"2023-12-30 00:56:40","passenger_count":"4","trip_distance":".80","RatecodeID":"1","store_and_fwd_flag":"Y","PULocationID":"148","DOLocationID":"79","payment_type":"1","fare_amount":"6","extra":"0.5","mta_tax":"0.5","tip_amount":"1.45","tolls_amount":"0","improvement_surcharge":"0.3","total_amount":"8.75","congestion_surcharge":"","tripId":"8fa62afb-e962-4444-8f93-c39c90ca2231"},{"VendorID":"1","tpep_pickup_datetime":"2023-09-24 00:19:25","tpep_dropoff_datetime":"2023-09-29 00:26:58","passenger_count":"1","trip_distance":"1.40","RatecodeID":"1","store_and_fwd_flag":"N","PULocationID":"144","DOLocationID":"113","payment_type":"1","fare_amount":"7","extra":"0.5","mta_tax":"0.5","tip_amount":"1.65","tolls_amount":"0","improvement_surcharge":"0.3","total_amount":"9.95","congestion_surcharge":"","tripId":"7b0e25dd-eb84-40ae-afcb-4948ec84fa20"},{"VendorID":"1","tpep_pickup_datetime":"2023-12-19 00:33:41","tpep_dropoff_datetime":"2023-05-01 00:54:29","passenger_count":"2","trip_distance":"5.40","RatecodeID":"1","store_and_fwd_flag":"N","PULocationID":"211","DOLocationID":"188","payment_type":"1","fare_amount":"19.5","extra":"0.5","mta_tax":"0.5","tip_amount":"5.2","tolls_amount":"0","improvement_surcharge":"0.3","total_amount":"26","congestion_surcharge":"","tripId":"9de04d6f-3926-4cf5-bd70-336f3650d622"},{"VendorID":"1","tpep_pickup_datetime":"2023-11-16 00:21:21","tpep_dropoff_datetime":"2023-06-15 00:44:39","passenger_count":"0","trip_distance":"5.80","RatecodeID":"1","store_and_fwd_flag":"N","PULocationID":"48","DOLocationID":"255","payment_type":"1","fare_amount":"20.5","extra":"0.5","mta_tax":"0.5","tip_amount":"4.35","tolls_amount":"0","improvement_surcharge":"0.3","total_amount":"26.15","congestion_surcharge":"","tripId":"3025449e-7773-403f-ad32-cb987769375d"},{"VendorID":"2","tpep_pickup_datetime":"2023-03-25 00:47:11","tpep_dropoff_datetime":"2023-04-23 00:51:56","passenger_count":"1","trip_distance":".61","RatecodeID":"1","store_and_fwd_flag":"N","PULocationID":"162","DOLocationID":"229","payment_type":"1","fare_amount":"5","extra":"0.5","mta_tax":"0.5","tip_amount":"1.26","tolls_amount":"0","improvement_surcharge":"0.3","total_amount":"7.56","congestion_surcharge":"","tripId":"3b6bafca-eed7-404c-820a-8c8f7db4e518"},{"VendorID":"1","tpep_pickup_datetime":"2023-03-01 00:06:19","tpep_dropoff_datetime":"2023-08-12 00:13:32","passenger_count":"1","trip_distance":"1.30","RatecodeID":"1","store_and_fwd_flag":"N","PULocationID":"186","DOLocationID":"48","payment_type":"1","fare_amount":"7","extra":"0.5","mta_tax":"0.5","tip_amount":"1.65","tolls_amount":"0","improvement_surcharge":"0.3","total_amount":"9.95","congestion_surcharge":"","tripId":"d7f6d6d6-0931-4716-afd3-78f7ae0b4de1"},{"VendorID":"1","tpep_pickup_datetime":"2023-08-29 00:55:15","tpep_dropoff_datetime":"2023-11-18 01:06:29","passenger_count":"1","trip_distance":"3.10","RatecodeID":"1","store_and_fwd_flag":"N","PULocationID":"186","DOLocationID":"141","payment_type":"1","fare_amount":"11.5","extra":"0.5","mta_tax":"0.5","tip_amount":"1","tolls_amount":"0","improvement_surcharge":"0.3","total_amount":"13.8","congestion_surcharge":"","tripId":"18b1475d-17dd-4519-98c8-18c5641e1ccb"},{"VendorID":"2","tpep_pickup_datetime":"2023-11-17 00:04:02","tpep_dropoff_datetime":"2023-02-01 00:10:22","passenger_count":"1","trip_distance":"1.15","RatecodeID":"1","store_and_fwd_flag":"N","PULocationID":"148","DOLocationID":"137","payment_type":"1","fare_amount":"6.5","extra":"0.5","mta_tax":"0.5","tip_amount":"1.56","tolls_amount":"0","improvement_surcharge":"0.3","total_amount":"9.36","congestion_surcharge":"","tripId":"133832dc-78a7-4276-8314-7c5c2a4e01d1"},{"VendorID":"2","tpep_pickup_datetime":"2024-01-30 00:14:39","tpep_dropoff_datetime":"2024-01-07 00:27:24","passenger_count":"1","trip_distance":"2.42","RatecodeID":"1","store_and_fwd_flag":"N","PULocationID":"137","DOLocationID":"141","payment_type":"1","fare_amount":"10.5","extra":"0.5","mta_tax":"0.5","tip_amount":"2.36","tolls_amount":"0","improvement_surcharge":"0.3","total_amount":"14.16","congestion_surcharge":"","tripId":"6725d593-c35c-4a35-b126-31c047093178"},{"VendorID":"2","tpep_pickup_datetime":"2023-10-01 00:46:32","tpep_dropoff_datetime":"2023-08-03 01:02:30","passenger_count":"1","trip_distance":"2.59","RatecodeID":"1","store_and_fwd_flag":"N","PULocationID":"79","DOLocationID":"158","payment_type":"1","fare_amount":"12.5","extra":"0.5","mta_tax":"0.5","tip_amount":"3.45","tolls_amount":"0","improvement_surcharge":"0.3","total_amount":"17.25","congestion_surcharge":"","tripId":"a487b9c7-0d06-44f2-863f-8fefa301f50c"},{"VendorID":"2","tpep_pickup_datetime":"2023-07-02 00:09:15","tpep_dropoff_datetime":"2023-11-03 00:25:26","passenger_count":"1","trip_distance":"2.89","RatecodeID":"1","store_and_fwd_flag":"N","PULocationID":"142","DOLocationID":"249","payment_type":"1","fare_amount":"12.5","extra":"0.5","mta_tax":"0.5","tip_amount":"4.14","tolls_amount":"0","improvement_surcharge":"0.3","total_amount":"17.94","congestion_surcharge":"","tripId":"82cb28ab-e9c5-4b9f-b087-92955fbc85d2"},{"VendorID":"2","tpep_pickup_datetime":"2023-01-20 00:34:21","tpep_dropoff_datetime":"2023-07-21 00:59:12","passenger_count":"1","trip_distance":"5.61","RatecodeID":"1","store_and_fwd_flag":"N","PULocationID":"164","DOLocationID":"97","payment_type":"1","fare_amount":"21","extra":"0.5","mta_tax":"0.5","tip_amount":"2.5","tolls_amount":"0","improvement_surcharge":"0.3","total_amount":"24.8","congestion_surcharge":"","tripId":"283ce35c-96ec-4506-aff6-bce99fd25a11"},{"VendorID":"2","tpep_pickup_datetime":"2023-03-06 00:14:37","tpep_dropoff_datetime":"2023-06-18 00:28:10","passenger_count":"2","trip_distance":"3.23","RatecodeID":"1","store_and_fwd_flag":"N","PULocationID":"107","DOLocationID":"141","payment_type":"1","fare_amount":"12.5","extra":"0.5","mta_tax":"0.5","tip_amount":"3.45","tolls_amount":"0","improvement_surcharge":"0.3","total_amount":"17.25","congestion_surcharge":"","tripId":"ab8cba70-2e01-4bb1-bbd4-8093ae6df703"},{"VendorID":"2","tpep_pickup_datetime":"2023-08-25 00:37:37","tpep_dropoff_datetime":"2023-08-26 00:42:23","passenger_count":"3","trip_distance":".78","RatecodeID":"1","store_and_fwd_flag":"N","PULocationID":"140","DOLocationID":"229","payment_type":"1","fare_amount":"5.5","extra":"0.5","mta_tax":"0.5","tip_amount":"1.36","tolls_amount":"0","improvement_surcharge":"0.3","total_amount":"8.16","congestion_surcharge":"","tripId":"32c8f7ae-c79e-4fb0-8fe8-b6b4d2837daa"},{"VendorID":"2","tpep_pickup_datetime":"2023-03-11 00:29:06","tpep_dropoff_datetime":"2023-12-28 00:37:17","passenger_count":"1","trip_distance":"1.21","RatecodeID":"1","store_and_fwd_flag":"N","PULocationID":"41","DOLocationID":"74","payment_type":"2","fare_amount":"7.5","extra":"0.5","mta_tax":"0.5","tip_amount":"0","tolls_amount":"0","improvement_surcharge":"0.3","total_amount":"8.8","congestion_surcharge":"","tripId":"fb2d7974-3528-4a49-9700-ed376325360a"},{"VendorID":"1","tpep_pickup_datetime":"2023-11-13 00:26:11","tpep_dropoff_datetime":"2023-03-01 00:53:25","passenger_count":"1","trip_distance":"6.10","RatecodeID":"1","store_and_fwd_flag":"N","PULocationID":"230","DOLocationID":"25","payment_type":"1","fare_amount":"22","extra":"0.5","mta_tax":"0.5","tip_amount":"2.7","tolls_amount":"0","improvement_surcharge":"0.3","total_amount":"26","congestion_surcharge":"","tripId":"c916a925-a504-4b5a-bfda-d9824f9b64fb"},{"VendorID":"1","tpep_pickup_datetime":"2023-06-01 00:55:15","tpep_dropoff_datetime":"2023-05-26 01:03:39","passenger_count":"1","trip_distance":"1.80","RatecodeID":"1","store_and_fwd_flag":"N","PULocationID":"25","DOLocationID":"49","payment_type":"1","fare_amount":"8","extra":"0.5","mta_tax":"0.5","tip_amount":"1.85","tolls_amount":"0","improvement_surcharge":"0.3","total_amount":"11.15","congestion_surcharge":"","tripId":"d9d37609-54a9-4862-8fb4-efcb7d3fd7b8"},{"VendorID":"1","tpep_pickup_datetime":"2023-02-09 00:32:35","tpep_dropoff_datetime":"2023-12-05 00:37:37","passenger_count":"1","trip_distance":".80","RatecodeID":"1","store_and_fwd_flag":"N","PULocationID":"48","DOLocationID":"162","payment_type":"1","fare_amount":"5.5","extra":"0.5","mta_tax":"0.5","tip_amount":"1","tolls_amount":"0","improvement_surcharge":"0.3","total_amount":"7.8","congestion_surcharge":"","tripId":"e1db7f66-5ebc-49e7-ad02-0220f82b7258"},{"VendorID":"1","tpep_pickup_datetime":"2023-05-18 00:47:21","tpep_dropoff_datetime":"2023-12-14 01:12:17","passenger_count":"1","trip_distance":"8.00","RatecodeID":"1","store_and_fwd_flag":"N","PULocationID":"163","DOLocationID":"40","payment_type":"1","fare_amount":"25.5","extra":"0.5","mta_tax":"0.5","tip_amount":"6.5","tolls_amount":"5.76","improvement_surcharge":"0.3","total_amount":"39.06","congestion_surcharge":"","tripId":"7a9e99eb-4191-4792-a885-33e6b826da24"},{"VendorID":"2","tpep_pickup_datetime":"2023-11-07 00:31:47","tpep_dropoff_datetime":"2023-06-01 01:01:13","passenger_count":"1","trip_distance":"12.11","RatecodeID":"1","store_and_fwd_flag":"Y","PULocationID":"132","DOLocationID":"49","payment_type":"1","fare_amount":"36","extra":"0.5","mta_tax":"0.5","tip_amount":"9.32","tolls_amount":"0","improvement_surcharge":"0.3","total_amount":"46.62","congestion_surcharge":"","tripId":"aa231420-2d3b-4041-b1aa-3be563b6c668"},{"VendorID":"2","tpep_pickup_datetime":"2023-10-08 00:24:21","tpep_dropoff_datetime":"2023-10-23 00:25:53","passenger_count":"5","trip_distance":".07","RatecodeID":"1","store_and_fwd_flag":"N","PULocationID":"164","DOLocationID":"164","payment_type":"2","fare_amount":"3","extra":"0.5","mta_tax":"0.5","tip_amount":"0","tolls_amount":"0","improvement_surcharge":"0.3","total_amount":"4.3","congestion_surcharge":"","tripId":"f22afe5a-15f9-4c90-8e65-e25341f8d6db"},{"VendorID":"2","tpep_pickup_datetime":"2023-02-12 00:35:24","tpep_dropoff_datetime":"2023-02-02 00:50:17","passenger_count":"1","trip_distance":"2.59","RatecodeID":"1","store_and_fwd_flag":"N","PULocationID":"161","DOLocationID":"79","payment_type":"1","fare_amount":"12","extra":"0.5","mta_tax":"0.5","tip_amount":"3.32","tolls_amount":"0","improvement_surcharge":"0.3","total_amount":"16.62","congestion_surcharge":"","tripId":"708de6b8-2fc4-4650-bffe-551dd148232c"},{"VendorID":"1","tpep_pickup_datetime":"2023-02-05 00:06:18","tpep_dropoff_datetime":"2023-12-19 00:20:46","passenger_count":"1","trip_distance":"1.80","RatecodeID":"1","store_and_fwd_flag":"N","PULocationID":"186","DOLocationID":"224","payment_type":"1","fare_amount":"11","extra":"0.5","mta_tax":"0.5","tip_amount":"2.45","tolls_amount":"0","improvement_surcharge":"0.3","total_amount":"14.75","congestion_surcharge":"","tripId":"0d8ec751-0438-4fbd-8e4f-84d62c749d9d"},{"VendorID":"2","tpep_pickup_datetime":"2023-03-23 00:01:56","tpep_dropoff_datetime":"2023-03-15 00:23:05","passenger_count":"3","trip_distance":"5.08","RatecodeID":"1","store_and_fwd_flag":"N","PULocationID":"230","DOLocationID":"42","payment_type":"1","fare_amount":"19","extra":"0.5","mta_tax":"0.5","tip_amount":"4.06","tolls_amount":"0","improvement_surcharge":"0.3","total_amount":"24.36","congestion_surcharge":"","tripId":"09f07700-a784-4b9f-8ed2-c51687233d49"},{"VendorID":"2","tpep_pickup_datetime":"2023-05-09 00:07:36","tpep_dropoff_datetime":"2023-10-05 00:13:34","passenger_count":"1","trip_distance":"1.15","RatecodeID":"1","store_and_fwd_flag":"N","PULocationID":"79","DOLocationID":"137","payment_type":"1","fare_amount":"6.5","extra":"0.5","mta_tax":"0.5","tip_amount":"2.34","tolls_amount":"0","improvement_surcharge":"0.3","total_amount":"10.14","congestion_surcharge":"","tripId":"5c1d07f3-2c7c-4526-bbed-ed471df7016f"},{"VendorID":"2","tpep_pickup_datetime":"2023-08-12 00:16:34","tpep_dropoff_datetime":"2023-01-18 00:26:58","passenger_count":"1","trip_distance":"2.96","RatecodeID":"1","store_and_fwd_flag":"N","PULocationID":"170","DOLocationID":"263","payment_type":"1","fare_amount":"10.5","extra":"0.5","mta_tax":"0.5","tip_amount":"2.36","tolls_amount":"0","improvement_surcharge":"0.3","total_amount":"14.16","congestion_surcharge":"","tripId":"6edf6792-5b7f-46e9-9274-07aed676d5aa"},{"VendorID":"2","tpep_pickup_datetime":"2023-07-08 00:31:14","tpep_dropoff_datetime":"2023-02-16 00:37:13","passenger_count":"1","trip_distance":"1.39","RatecodeID":"1","store_and_fwd_flag":"N","PULocationID":"236","DOLocationID":"141","payment_type":"1","fare_amount":"6.5","extra":"0.5","mta_tax":"0.5","tip_amount":"1.56","tolls_amount":"0","improvement_surcharge":"0.3","total_amount":"9.36","congestion_surcharge":"","tripId":"1538e28e-9548-475c-ad68-f7679e4884fd"},{"VendorID":"2","tpep_pickup_datetime":"2023-04-16 00:17:32","tpep_dropoff_datetime":"2023-02-08 00:21:32","passenger_count":"1","trip_distance":".37","RatecodeID":"1","store_and_fwd_flag":"N","PULocationID":"234","DOLocationID":"164","payment_type":"1","fare_amount":"4.5","extra":"0.5","mta_tax":"0.5","tip_amount":"1.16","tolls_amount":"0","improvement_surcharge":"0.3","total_amount":"6.96","congestion_surcharge":"","tripId":"f5ed6555-a52d-419f-b336-2c7aa1083c91"},{"VendorID":"2","tpep_pickup_datetime":"2023-08-10 00:23:12","tpep_dropoff_datetime":"2023-05-31 00:34:37","passenger_count":"1","trip_distance":"1.66","RatecodeID":"1","store_and_fwd_flag":"N","PULocationID":"164","DOLocationID":"48","payment_type":"1","fare_amount":"9","extra":"0.5","mta_tax":"0.5","tip_amount":"1.03","tolls_amount":"0","improvement_surcharge":"0.3","total_amount":"11.33","congestion_surcharge":"","tripId":"f6bf9e71-8882-4390-9143-47d7afc89ea9"},{"VendorID":"2","tpep_pickup_datetime":"2023-07-04 00:45:29","tpep_dropoff_datetime":"2023-05-30 00:51:17","passenger_count":"1","trip_distance":"1.11","RatecodeID":"1","store_and_fwd_flag":"N","PULocationID":"161","DOLocationID":"100","payment_type":"2","fare_amount":"6","extra":"0.5","mta_tax":"0.5","tip_amount":"0","tolls_amount":"0","improvement_surcharge":"0.3","total_amount":"7.3","congestion_surcharge":"","tripId":"192f278e-2853-4119-9c14-7dc2ab6d06f7"},{"VendorID":"2","tpep_pickup_datetime":"2023-05-01 00:55:38","tpep_dropoff_datetime":"2023-04-29 00:57:04","passenger_count":"1","trip_distance":".19","RatecodeID":"1","store_and_fwd_flag":"N","PULocationID":"230","DOLocationID":"48","payment_type":"1","fare_amount":"3","extra":"0.5","mta_tax":"0.5","tip_amount":"0","tolls_amount":"0","improvement_surcharge":"0.3","total_amount":"4.3","congestion_surcharge":"","tripId":"f57824e9-c31e-4d1c-9d82-b5e46fe29dde"},{"VendorID":"2","tpep_pickup_datetime":"2023-03-31 00:58:51","tpep_dropoff_datetime":"2023-07-27 01:02:51","passenger_count":"1","trip_distance":".60","RatecodeID":"1","store_and_fwd_flag":"N","PULocationID":"48","DOLocationID":"50","payment_type":"1","fare_amount":"4.5","extra":"0.5","mta_tax":"0.5","tip_amount":"1.16","tolls_amount":"0","improvement_surcharge":"0.3","total_amount":"6.96","congestion_surcharge":"","tripId":"a400a0b6-be7e-4ccf-90f6-8d9bf422bf67"},{"VendorID":"2","tpep_pickup_datetime":"2023-01-27 00:02:34","tpep_dropoff_datetime":"2023-03-26 00:49:45","passenger_count":"3","trip_distance":"7.35","RatecodeID":"1","store_and_fwd_flag":"N","PULocationID":"68","DOLocationID":"141","payment_type":"2","fare_amount":"32.5","extra":"0.5","mta_tax":"0.5","tip_amount":"0","tolls_amount":"5.76","improvement_surcharge":"0.3","total_amount":"39.56","congestion_surcharge":"","tripId":"8738fc16-9a98-49f6-b58d-e9887bdb6349"},{"VendorID":"1","tpep_pickup_datetime":"2023-07-15 00:05:06","tpep_dropoff_datetime":"2023-12-21 00:13:39","passenger_count":"1","trip_distance":".40","RatecodeID":"1","store_and_fwd_flag":"N","PULocationID":"186","DOLocationID":"164","payment_type":"1","fare_amount":"6.5","extra":"0.5","mta_tax":"0.5","tip_amount":"2","tolls_amount":"0","improvement_surcharge":"0.3","total_amount":"9.8","congestion_surcharge":"","tripId":"e694c82b-4606-4460-a698-5612c22bd29f"},{"VendorID":"1","tpep_pickup_datetime":"2024-02-05 00:15:09","tpep_dropoff_datetime":"2024-01-24 00:30:51","passenger_count":"1","trip_distance":"2.20","RatecodeID":"1","store_and_fwd_flag":"N","PULocationID":"164","DOLocationID":"148","payment_type":"2","fare_amount":"12","extra":"0.5","mta_tax":"0.5","tip_amount":"0","tolls_amount":"0","improvement_surcharge":"0.3","total_amount":"13.3","congestion_surcharge":"","tripId":"235c86e9-f493-46f0-9d75-9998143eb5e6"},{"VendorID":"1","tpep_pickup_datetime":"2024-01-10 00:33:41","tpep_dropoff_datetime":"2023-03-29 00:51:57","passenger_count":"1","trip_distance":"3.40","RatecodeID":"1","store_and_fwd_flag":"N","PULocationID":"148","DOLocationID":"229","payment_type":"1","fare_amount":"14.5","extra":"0.5","mta_tax":"0.5","tip_amount":"3.15","tolls_amount":"0","improvement_surcharge":"0.3","total_amount":"18.95","congestion_surcharge":"","tripId":"85707c0b-ca0e-43c7-9df2-fb3d0756a145"},{"VendorID":"1","tpep_pickup_datetime":"2023-12-11 00:54:29","tpep_dropoff_datetime":"2023-03-23 00:55:20","passenger_count":"1","trip_distance":".10","RatecodeID":"1","store_and_fwd_flag":"N","PULocationID":"229","DOLocationID":"229","payment_type":"3","fare_amount":"3","extra":"0.5","mta_tax":"0.5","tip_amount":"0","tolls_amount":"0","improvement_surcharge":"0.3","total_amount":"4.3","congestion_surcharge":"","tripId":"2d26af52-58e7-4b98-8053-c88ce434df08"},{"VendorID":"1","tpep_pickup_datetime":"2023-10-07 00:03:29","tpep_dropoff_datetime":"2023-07-08 00:22:56","passenger_count":"1","trip_distance":"5.30","RatecodeID":"1","store_and_fwd_flag":"N","PULocationID":"48","DOLocationID":"42","payment_type":"1","fare_amount":"18","extra":"0.5","mta_tax":"0.5","tip_amount":"1","tolls_amount":"0","improvement_surcharge":"0.3","total_amount":"20.3","congestion_surcharge":"","tripId":"458e277e-c996-4b9f-9b25-60e57e1341fb"},{"VendorID":"1","tpep_pickup_datetime":"2023-10-25 00:25:26","tpep_dropoff_datetime":"2023-02-11 00:37:07","passenger_count":"3","trip_distance":"2.10","RatecodeID":"1","store_and_fwd_flag":"N","PULocationID":"42","DOLocationID":"75","payment_type":"1","fare_amount":"10.5","extra":"0.5","mta_tax":"0.5","tip_amount":"2.5","tolls_amount":"0","improvement_surcharge":"0.3","total_amount":"14.3","congestion_surcharge":"","tripId":"42e000ff-1f19-45dd-9a67-54e508e818fe"},{"VendorID":"2","tpep_pickup_datetime":"2023-06-24 23:53:01","tpep_dropoff_datetime":"2024-01-28 23:57:13","passenger_count":"1","trip_distance":".81","RatecodeID":"1","store_and_fwd_flag":"N","PULocationID":"230","DOLocationID":"186","payment_type":"2","fare_amount":"5","extra":"0.5","mta_tax":"0.5","tip_amount":"0","tolls_amount":"0","improvement_surcharge":"0.3","total_amount":"6.3","congestion_surcharge":"","tripId":"2df3f23c-0f51-4cc3-a451-68c413fd2d47"},{"VendorID":"2","tpep_pickup_datetime":"2023-07-12 00:03:03","tpep_dropoff_datetime":"2023-12-19 00:08:42","passenger_count":"2","trip_distance":"1.38","RatecodeID":"1","store_and_fwd_flag":"N","PULocationID":"90","DOLocationID":"170","payment_type":"2","fare_amount":"6.5","extra":"0.5","mta_tax":"0.5","tip_amount":"0","tolls_amount":"0","improvement_surcharge":"0.3","total_amount":"7.8","congestion_surcharge":"","tripId":"f9d2a4cd-a793-4461-82e9-5fb95e8b1b6a"},{"VendorID":"2","tpep_pickup_datetime":"2023-11-24 00:13:02","tpep_dropoff_datetime":"2023-05-01 00:25:07","passenger_count":"1","trip_distance":"2.68","RatecodeID":"1","store_and_fwd_flag":"N","PULocationID":"107","DOLocationID":"142","payment_type":"1","fare_amount":"11","extra":"0.5","mta_tax":"0.5","tip_amount":"2.46","tolls_amount":"0","improvement_surcharge":"0.3","total_amount":"14.76","congestion_surcharge":"","tripId":"580a2f61-6be6-44d6-9946-a8a1d3d11a04"},{"VendorID":"2","tpep_pickup_datetime":"2023-03-11 00:40:16","tpep_dropoff_datetime":"2024-01-01 00:45:05","passenger_count":"2","trip_distance":".48","RatecodeID":"1","store_and_fwd_flag":"N","PULocationID":"90","DOLocationID":"164","payment_type":"2","fare_amount":"5","extra":"0.5","mta_tax":"0.5","tip_amount":"0","tolls_amount":"0","improvement_surcharge":"0.3","total_amount":"6.3","congestion_surcharge":"","tripId":"4e48f35e-bf2f-4456-b231-343b9d3631ca"},{"VendorID":"2","tpep_pickup_datetime":"2023-05-11 00:47:34","tpep_dropoff_datetime":"2023-07-25 00:52:42","passenger_count":"1","trip_distance":".77","RatecodeID":"1","store_and_fwd_flag":"N","PULocationID":"164","DOLocationID":"137","payment_type":"1","fare_amount":"5.5","extra":"0.5","mta_tax":"0.5","tip_amount":"1.36","tolls_amount":"0","improvement_surcharge":"0.3","total_amount":"8.16","congestion_surcharge":"","tripId":"1db8e79a-e3ee-4acd-ad52-af556bddc238"},{"VendorID":"1","tpep_pickup_datetime":"2023-08-12 00:09:30","tpep_dropoff_datetime":"2023-08-04 00:21:25","passenger_count":"1","trip_distance":"5.70","RatecodeID":"1","store_and_fwd_flag":"N","PULocationID":"263","DOLocationID":"232","payment_type":"1","fare_amount":"18","extra":"0.5","mta_tax":"0.5","tip_amount":"1","tolls_amount":"0","improvement_surcharge":"0.3","total_amount":"20.3","congestion_surcharge":"","tripId":"d705f008-4251-4e0a-97c1-9fefabacda0b"},{"VendorID":"1","tpep_pickup_datetime":"2023-02-18 00:36:32","tpep_dropoff_datetime":"2023-10-11 00:42:39","passenger_count":"1","trip_distance":"1.00","RatecodeID":"1","store_and_fwd_flag":"N","PULocationID":"87","DOLocationID":"231","payment_type":"1","fare_amount":"6","extra":"0.5","mta_tax":"0.5","tip_amount":"1","tolls_amount":"0","improvement_surcharge":"0.3","total_amount":"8.3","congestion_surcharge":"","tripId":"d5341b6d-c79b-42da-b87e-88b1f2abaebb"},{"VendorID":"1","tpep_pickup_datetime":"2023-10-07 00:56:05","tpep_dropoff_datetime":"2023-12-04 01:08:34","passenger_count":"1","trip_distance":"2.50","RatecodeID":"1","store_and_fwd_flag":"N","PULocationID":"158","DOLocationID":"230","payment_type":"1","fare_amount":"11","extra":"0.5","mta_tax":"0.5","tip_amount":"2.45","tolls_amount":"0","improvement_surcharge":"0.3","total_amount":"14.75","congestion_surcharge":"","tripId":"485f3d7f-ceae-4164-9cab-f0b3fa28bcb3"},{"VendorID":"2","tpep_pickup_datetime":"2023-07-13 23:58:50","tpep_dropoff_datetime":"2023-03-23 00:31:34","passenger_count":"1","trip_distance":"7.61","RatecodeID":"1","store_and_fwd_flag":"N","PULocationID":"170","DOLocationID":"37","payment_type":"1","fare_amount":"27.5","extra":"0.5","mta_tax":"0.5","tip_amount":"5.76","tolls_amount":"0","improvement_surcharge":"0.3","total_amount":"34.56","congestion_surcharge":"","tripId":"95ea3738-69c6-49e3-9d8b-771f4b5ff832"},{"VendorID":"2","tpep_pickup_datetime":"2023-07-04 00:04:05","tpep_dropoff_datetime":"2023-09-28 00:18:48","passenger_count":"1","trip_distance":"3.90","RatecodeID":"1","store_and_fwd_flag":"N","PULocationID":"158","DOLocationID":"237","payment_type":"1","fare_amount":"14","extra":"0.5","mta_tax":"0.5","tip_amount":"3.06","tolls_amount":"0","improvement_surcharge":"0.3","total_amount":"18.36","congestion_surcharge":"","tripId":"d9d1bd0d-07b9-45f6-9596-4e7198cafbe6"},{"VendorID":"2","tpep_pickup_datetime":"2023-06-03 00:59:59","tpep_dropoff_datetime":"2023-02-01 01:11:27","passenger_count":"1","trip_distance":"4.00","RatecodeID":"1","store_and_fwd_flag":"N","PULocationID":"158","DOLocationID":"238","payment_type":"1","fare_amount":"13","extra":"0.5","mta_tax":"0.5","tip_amount":"2.86","tolls_amount":"0","improvement_surcharge":"0.3","total_amount":"17.16","congestion_surcharge":"","tripId":"008e69c1-c1d1-4a33-90a8-45193e95fecf"},{"VendorID":"2","tpep_pickup_datetime":"2023-01-02 00:29:34","tpep_dropoff_datetime":"2023-09-20 00:39:45","passenger_count":"1","trip_distance":"2.66","RatecodeID":"1","store_and_fwd_flag":"N","PULocationID":"148","DOLocationID":"256","payment_type":"1","fare_amount":"10.5","extra":"0.5","mta_tax":"0.5","tip_amount":"2.95","tolls_amount":"0","improvement_surcharge":"0.3","total_amount":"14.75","congestion_surcharge":"","tripId":"e45c36ac-72f9-429a-8ba3-5fbf5ff9132a"},{"VendorID":"2","tpep_pickup_datetime":"2023-10-10 00:41:45","tpep_dropoff_datetime":"2023-11-11 00:47:06","passenger_count":"1","trip_distance":".74","RatecodeID":"1","store_and_fwd_flag":"N","PULocationID":"256","DOLocationID":"256","payment_type":"1","fare_amount":"5.5","extra":"0.5","mta_tax":"0.5","tip_amount":"1.36","tolls_amount":"0","improvement_surcharge":"0.3","total_amount":"8.16","congestion_surcharge":"","tripId":"d76f6413-3f4d-4995-8265-079ac6ea31b6"},{"VendorID":"2","tpep_pickup_datetime":"2023-03-23 00:19:15","tpep_dropoff_datetime":"2023-08-04 00:37:12","passenger_count":"1","trip_distance":"4.02","RatecodeID":"1","store_and_fwd_flag":"N","PULocationID":"114","DOLocationID":"40","payment_type":"1","fare_amount":"16","extra":"0.5","mta_tax":"0.5","tip_amount":"2.5","tolls_amount":"0","improvement_surcharge":"0.3","total_amount":"19.8","congestion_surcharge":"","tripId":"8d4fcebd-5328-48aa-b705-75a117f89d2e"},{"VendorID":"2","tpep_pickup_datetime":"2023-07-10 00:57:06","tpep_dropoff_datetime":"2023-01-07 01:03:36","passenger_count":"1","trip_distance":"1.19","RatecodeID":"1","store_and_fwd_flag":"N","PULocationID":"249","DOLocationID":"79","payment_type":"1","fare_amount":"6.5","extra":"0.5","mta_tax":"0.5","tip_amount":"1.56","tolls_amount":"0","improvement_surcharge":"0.3","total_amount":"9.36","congestion_surcharge":"","tripId":"583f747d-25dc-48c3-aac3-13a858e47eab"},{"VendorID":"4","tpep_pickup_datetime":"2023-02-28 00:06:19","tpep_dropoff_datetime":"2023-02-15 00:15:33","passenger_count":"1","trip_distance":"3.10","RatecodeID":"1","store_and_fwd_flag":"N","PULocationID":"229","DOLocationID":"74","payment_type":"2","fare_amount":"10.5","extra":"0.5","mta_tax":"0.5","tip_amount":"0","tolls_amount":"0","improvement_surcharge":"0.3","total_amount":"11.8","congestion_surcharge":"","tripId":"54ca1536-4e17-4177-a654-048dade3b594"},{"VendorID":"4","tpep_pickup_datetime":"2023-08-10 00:23:27","tpep_dropoff_datetime":"2023-01-10 00:27:19","passenger_count":"1","trip_distance":".50","RatecodeID":"1","store_and_fwd_flag":"N","PULocationID":"263","DOLocationID":"140","payment_type":"1","fare_amount":"4.5","extra":"0.5","mta_tax":"0.5","tip_amount":"1.16","tolls_amount":"0","improvement_surcharge":"0.3","total_amount":"6.96","congestion_surcharge":"","tripId":"4b077095-4303-4841-b11a-c30f6469610b"},{"VendorID":"4","tpep_pickup_datetime":"2023-08-29 00:29:45","tpep_dropoff_datetime":"2023-12-05 00:45:54","passenger_count":"1","trip_distance":"3.45","RatecodeID":"1","store_and_fwd_flag":"N","PULocationID":"140","DOLocationID":"166","payment_type":"1","fare_amount":"13.5","extra":"0.5","mta_tax":"0.5","tip_amount":"3.7","tolls_amount":"0","improvement_surcharge":"0.3","total_amount":"18.5","congestion_surcharge":"","tripId":"307610c0-02c0-4e44-9f92-2ad5dbbb7fe4"},{"VendorID":"4","tpep_pickup_datetime":"2023-12-26 00:51:46","tpep_dropoff_datetime":"2023-05-08 01:06:51","passenger_count":"1","trip_distance":"1.98","RatecodeID":"1","store_and_fwd_flag":"N","PULocationID":"166","DOLocationID":"75","payment_type":"2","fare_amount":"11","extra":"0.5","mta_tax":"0.5","tip_amount":"0","tolls_amount":"0","improvement_surcharge":"0.3","total_amount":"12.3","congestion_surcharge":"","tripId":"625d23dd-bbcd-461d-bb2f-b5939666bfa7"},{"VendorID":"1","tpep_pickup_datetime":"2023-08-29 00:33:33","tpep_dropoff_datetime":"2023-04-18 00:45:47","passenger_count":"1","trip_distance":"1.50","RatecodeID":"1","store_and_fwd_flag":"N","PULocationID":"249","DOLocationID":"232","payment_type":"1","fare_amount":"9.5","extra":"0.5","mta_tax":"0.5","tip_amount":"2","tolls_amount":"0","improvement_surcharge":"0.3","total_amount":"12.8","congestion_surcharge":"","tripId":"9d9d0791-c3c8-4343-bb69-611e4e8008d0"},{"VendorID":"2","tpep_pickup_datetime":"2023-11-19 00:05:00","tpep_dropoff_datetime":"2023-10-29 00:15:42","passenger_count":"6","trip_distance":"2.77","RatecodeID":"1","store_and_fwd_flag":"N","PULocationID":"45","DOLocationID":"256","payment_type":"1","fare_amount":"11","extra":"0.5","mta_tax":"0.5","tip_amount":"2","tolls_amount":"0","improvement_surcharge":"0.3","total_amount":"14.3","congestion_surcharge":"","tripId":"addddb72-93ac-4644-8774-b6628d01e346"},{"VendorID":"2","tpep_pickup_datetime":"2023-04-05 00:23:54","tpep_dropoff_datetime":"2023-09-26 00:34:38","passenger_count":"6","trip_distance":"1.98","RatecodeID":"1","store_and_fwd_flag":"N","PULocationID":"148","DOLocationID":"170","payment_type":"2","fare_amount":"9.5","extra":"0.5","mta_tax":"0.5","tip_amount":"0","tolls_amount":"0","improvement_surcharge":"0.3","total_amount":"10.8","congestion_surcharge":"","tripId":"2d149e30-169a-4be3-81a2-3a0295af47ac"},{"VendorID":"2","tpep_pickup_datetime":"2023-11-27 00:36:24","tpep_dropoff_datetime":"2023-04-19 00:40:39","passenger_count":"6","trip_distance":"1.16","RatecodeID":"1","store_and_fwd_flag":"N","PULocationID":"137","DOLocationID":"229","payment_type":"1","fare_amount":"5.5","extra":"0.5","mta_tax":"0.5","tip_amount":"1.36","tolls_amount":"0","improvement_surcharge":"0.3","total_amount":"8.16","congestion_surcharge":"","tripId":"8a7fc110-1819-4dbd-bf0f-2773ea531c63"},{"VendorID":"2","tpep_pickup_datetime":"2023-05-05 00:16:51","tpep_dropoff_datetime":"2023-01-24 00:23:45","passenger_count":"1","trip_distance":".96","RatecodeID":"1","store_and_fwd_flag":"N","PULocationID":"125","DOLocationID":"114","payment_type":"1","fare_amount":"6.5","extra":"0.5","mta_tax":"0.5","tip_amount":"1.56","tolls_amount":"0","improvement_surcharge":"0.3","total_amount":"9.36","congestion_surcharge":"","tripId":"d1c7a81f-cd4e-434f-936f-44bceb8d2c06"},{"VendorID":"2","tpep_pickup_datetime":"2023-06-07 00:28:31","tpep_dropoff_datetime":"2023-09-15 00:40:53","passenger_count":"1","trip_distance":"2.04","RatecodeID":"1","store_and_fwd_flag":"N","PULocationID":"211","DOLocationID":"68","payment_type":"2","fare_amount":"10","extra":"0.5","mta_tax":"0.5","tip_amount":"0","tolls_amount":"0","improvement_surcharge":"0.3","total_amount":"11.3","congestion_surcharge":"","tripId":"46593e4c-fea5-43ec-9c10-40d784d62d58"},{"VendorID":"2","tpep_pickup_datetime":"2023-06-19 00:55:07","tpep_dropoff_datetime":"2023-12-21 01:01:42","passenger_count":"1","trip_distance":"1.44","RatecodeID":"1","store_and_fwd_flag":"N","PULocationID":"211","DOLocationID":"249","payment_type":"1","fare_amount":"7","extra":"0.5","mta_tax":"0.5","tip_amount":"0.83","tolls_amount":"0","improvement_surcharge":"0.3","total_amount":"9.13","congestion_surcharge":"","tripId":"68e921de-4944-4418-b2e0-11b6b6ff94e8"},{"VendorID":"2","tpep_pickup_datetime":"2023-10-05 00:03:28","tpep_dropoff_datetime":"2023-05-02 00:13:01","passenger_count":"3","trip_distance":"1.65","RatecodeID":"1","store_and_fwd_flag":"N","PULocationID":"129","DOLocationID":"129","payment_type":"2","fare_amount":"8","extra":"0.5","mta_tax":"0.5","tip_amount":"0","tolls_amount":"0","improvement_surcharge":"0.3","total_amount":"9.3","congestion_surcharge":"","tripId":"989ad940-f8e0-4aaf-bc74-df50583a97ee"},{"VendorID":"1","tpep_pickup_datetime":"2023-12-22 00:04:19","tpep_dropoff_datetime":"2023-07-11 00:11:16","passenger_count":"1","trip_distance":".80","RatecodeID":"1","store_and_fwd_flag":"N","PULocationID":"230","DOLocationID":"186","payment_type":"2","fare_amount":"6","extra":"0.5","mta_tax":"0.5","tip_amount":"0","tolls_amount":"0","improvement_surcharge":"0.3","total_amount":"7.3","congestion_surcharge":"","tripId":"00242bea-486f-4ecb-8eaf-d6b9539f34e8"},{"VendorID":"2","tpep_pickup_datetime":"2023-11-22 00:47:54","tpep_dropoff_datetime":"2023-05-23 00:53:41","passenger_count":"3","trip_distance":"1.89","RatecodeID":"1","store_and_fwd_flag":"N","PULocationID":"48","DOLocationID":"246","payment_type":"1","fare_amount":"7.5","extra":"0.5","mta_tax":"0.5","tip_amount":"2.2","tolls_amount":"0","improvement_surcharge":"0.3","total_amount":"11","congestion_surcharge":"","tripId":"b92d7f34-ab54-43bd-8304-208a6dbd77b7"},{"VendorID":"2","tpep_pickup_datetime":"2023-09-03 00:54:53","tpep_dropoff_datetime":"2023-12-25 00:56:25","passenger_count":"2","trip_distance":".42","RatecodeID":"1","store_and_fwd_flag":"N","PULocationID":"246","DOLocationID":"68","payment_type":"1","fare_amount":"3.5","extra":"0.5","mta_tax":"0.5","tip_amount":"0.96","tolls_amount":"0","improvement_surcharge":"0.3","total_amount":"5.76","congestion_surcharge":"","tripId":"daf0a346-3e78-4427-8d9c-2d53300ed52b"},{"VendorID":"2","tpep_pickup_datetime":"2023-01-21 00:02:29","tpep_dropoff_datetime":"2023-01-21 00:14:22","passenger_count":"3","trip_distance":"2.40","RatecodeID":"1","store_and_fwd_flag":"N","PULocationID":"144","DOLocationID":"65","payment_type":"1","fare_amount":"11","extra":"0.5","mta_tax":"0.5","tip_amount":"2.46","tolls_amount":"0","improvement_surcharge":"0.3","total_amount":"14.76","congestion_surcharge":"","tripId":"0d442749-2c31-4550-906a-dd80dc0c69b0"},{"VendorID":"2","tpep_pickup_datetime":"2024-01-17 00:30:17","tpep_dropoff_datetime":"2023-03-19 00:45:35","passenger_count":"2","trip_distance":"3.39","RatecodeID":"1","store_and_fwd_flag":"N","PULocationID":"114","DOLocationID":"97","payment_type":"1","fare_amount":"13.5","extra":"0.5","mta_tax":"0.5","tip_amount":"3.7","tolls_amount":"0","improvement_surcharge":"0.3","total_amount":"18.5","congestion_surcharge":"","tripId":"30ab7c2e-0976-48b8-a3df-4f4ee4fadd5d"},{"VendorID":"2","tpep_pickup_datetime":"2023-05-18 00:59:38","tpep_dropoff_datetime":"2023-09-16 01:12:50","passenger_count":"3","trip_distance":"3.19","RatecodeID":"1","store_and_fwd_flag":"N","PULocationID":"148","DOLocationID":"87","payment_type":"1","fare_amount":"13","extra":"0.5","mta_tax":"0.5","tip_amount":"2.86","tolls_amount":"0","improvement_surcharge":"0.3","total_amount":"17.16","congestion_surcharge":"","tripId":"c86ad524-0dc1-4ae0-9801-cba04f6449c9"},{"VendorID":"1","tpep_pickup_datetime":"2023-07-15 00:11:37","tpep_dropoff_datetime":"2023-11-09 00:16:38","passenger_count":"1","trip_distance":"1.00","RatecodeID":"1","store_and_fwd_flag":"N","PULocationID":"141","DOLocationID":"237","payment_type":"2","fare_amount":"5.5","extra":"0.5","mta_tax":"0.5","tip_amount":"0","tolls_amount":"0","improvement_surcharge":"0.3","total_amount":"6.8","congestion_surcharge":"","tripId":"cc4c11dc-b21f-4e89-bf8b-4e60bfb4ada9"},{"VendorID":"1","tpep_pickup_datetime":"2023-08-23 00:50:09","tpep_dropoff_datetime":"2023-06-14 00:52:28","passenger_count":"1","trip_distance":".40","RatecodeID":"1","store_and_fwd_flag":"N","PULocationID":"68","DOLocationID":"68","payment_type":"2","fare_amount":"4","extra":"0.5","mta_tax":"0.5","tip_amount":"0","tolls_amount":"0","improvement_surcharge":"0.3","total_amount":"5.3","congestion_surcharge":"","tripId":"bcb1e031-1b77-4ac5-b2d7-c22451424239"},{"VendorID":"2","tpep_pickup_datetime":"2023-07-02 00:35:58","tpep_dropoff_datetime":"2023-07-25 01:04:46","passenger_count":"3","trip_distance":"19.57","RatecodeID":"1","store_and_fwd_flag":"N","PULocationID":"132","DOLocationID":"33","payment_type":"1","fare_amount":"52.5","extra":"0.5","mta_tax":"0.5","tip_amount":"10.76","tolls_amount":"0","improvement_surcharge":"0.3","total_amount":"64.56","congestion_surcharge":"","tripId":"bcd87548-3327-4631-885b-093c95af3e08"},{"VendorID":"2","tpep_pickup_datetime":"2023-07-30 00:03:47","tpep_dropoff_datetime":"2023-07-11 00:16:02","passenger_count":"1","trip_distance":"2.22","RatecodeID":"1","store_and_fwd_flag":"N","PULocationID":"148","DOLocationID":"137","payment_type":"1","fare_amount":"10.5","extra":"0.5","mta_tax":"0.5","tip_amount":"1.77","tolls_amount":"0","improvement_surcharge":"0.3","total_amount":"13.57","congestion_surcharge":"","tripId":"0b55f144-e15c-4874-a601-6d7c07598f5f"},{"VendorID":"2","tpep_pickup_datetime":"2023-06-26 00:21:44","tpep_dropoff_datetime":"2023-07-19 00:23:32","passenger_count":"2","trip_distance":".37","RatecodeID":"1","store_and_fwd_flag":"N","PULocationID":"162","DOLocationID":"162","payment_type":"1","fare_amount":"3.5","extra":"0.5","mta_tax":"0.5","tip_amount":"0.96","tolls_amount":"0","improvement_surcharge":"0.3","total_amount":"5.76","congestion_surcharge":"","tripId":"27366820-3b34-49e8-b821-0e0e8b0ebf85"},{"VendorID":"2","tpep_pickup_datetime":"2023-05-31 00:31:43","tpep_dropoff_datetime":"2023-07-17 00:38:43","passenger_count":"2","trip_distance":"1.30","RatecodeID":"1","store_and_fwd_flag":"N","PULocationID":"114","DOLocationID":"158","payment_type":"1","fare_amount":"7","extra":"0.5","mta_tax":"0.5","tip_amount":"2.2","tolls_amount":"0","improvement_surcharge":"0.3","total_amount":"10.5","congestion_surcharge":"","tripId":"04b8fd9e-7c5e-41e0-bf78-2edc2682ae16"},{"VendorID":"2","tpep_pickup_datetime":"2023-11-01 00:39:48","tpep_dropoff_datetime":"2023-09-12 00:50:08","passenger_count":"1","trip_distance":"2.48","RatecodeID":"1","store_and_fwd_flag":"N","PULocationID":"158","DOLocationID":"12","payment_type":"1","fare_amount":"10.5","extra":"0.5","mta_tax":"0.5","tip_amount":"2.95","tolls_amount":"0","improvement_surcharge":"0.3","total_amount":"14.75","congestion_surcharge":"","tripId":"b03aed05-20f4-4f32-ad24-c077effafcbb"},{"VendorID":"2","tpep_pickup_datetime":"2023-03-01 00:56:26","tpep_dropoff_datetime":"2024-01-10 01:14:43","passenger_count":"4","trip_distance":"4.69","RatecodeID":"1","store_and_fwd_flag":"N","PULocationID":"88","DOLocationID":"68","payment_type":"2","fare_amount":"17","extra":"0.5","mta_tax":"0.5","tip_amount":"0","tolls_amount":"0","improvement_surcharge":"0.3","total_amount":"18.3","congestion_surcharge":"","tripId":"f27b4a6d-ab3d-473f-bb11-a9d9ba8a2211"},{"VendorID":"2","tpep_pickup_datetime":"2023-05-14 00:24:10","tpep_dropoff_datetime":"2023-01-25 00:32:01","passenger_count":"6","trip_distance":"1.00","RatecodeID":"1","store_and_fwd_flag":"N","PULocationID":"234","DOLocationID":"211","payment_type":"1","fare_amount":"6.5","extra":"0.5","mta_tax":"0.5","tip_amount":"1.56","tolls_amount":"0","improvement_surcharge":"0.3","total_amount":"9.36","congestion_surcharge":"","tripId":"b9a6caa8-fb25-419d-876e-0543c07aaf85"},{"VendorID":"2","tpep_pickup_datetime":"2023-12-05 00:33:06","tpep_dropoff_datetime":"2023-08-02 00:48:07","passenger_count":"6","trip_distance":"2.83","RatecodeID":"1","store_and_fwd_flag":"N","PULocationID":"211","DOLocationID":"137","payment_type":"1","fare_amount":"13","extra":"0.5","mta_tax":"0.5","tip_amount":"2.86","tolls_amount":"0","improvement_surcharge":"0.3","total_amount":"17.16","congestion_surcharge":"","tripId":"e0098ebc-c6bf-401c-adf5-74915b4dd2a9"},{"VendorID":"2","tpep_pickup_datetime":"2023-07-29 00:54:12","tpep_dropoff_datetime":"2023-05-21 00:57:01","passenger_count":"5","trip_distance":".60","RatecodeID":"1","store_and_fwd_flag":"N","PULocationID":"137","DOLocationID":"224","payment_type":"1","fare_amount":"4","extra":"0.5","mta_tax":"0.5","tip_amount":"1.06","tolls_amount":"0","improvement_surcharge":"0.3","total_amount":"6.36","congestion_surcharge":"","tripId":"dfbc9d91-aa10-442e-a73a-c5d379d48650"},{"VendorID":"2","tpep_pickup_datetime":"2023-10-29 00:03:21","tpep_dropoff_datetime":"2023-06-13 00:15:47","passenger_count":"1","trip_distance":"1.94","RatecodeID":"1","store_and_fwd_flag":"N","PULocationID":"100","DOLocationID":"224","payment_type":"2","fare_amount":"10","extra":"0.5","mta_tax":"0.5","tip_amount":"0","tolls_amount":"0","improvement_surcharge":"0.3","total_amount":"11.3","congestion_surcharge":"","tripId":"7562f938-efb5-485b-8fcf-ded824b05b0b"},{"VendorID":"2","tpep_pickup_datetime":"2023-07-29 00:38:11","tpep_dropoff_datetime":"2023-01-21 00:55:40","passenger_count":"1","trip_distance":"4.33","RatecodeID":"1","store_and_fwd_flag":"N","PULocationID":"164","DOLocationID":"238","payment_type":"1","fare_amount":"15.5","extra":"0.5","mta_tax":"0.5","tip_amount":"4.2","tolls_amount":"0","improvement_surcharge":"0.3","total_amount":"21","congestion_surcharge":"","tripId":"0e0084d8-e0dd-40a9-b4d1-f13845e6ec0e"},{"VendorID":"2","tpep_pickup_datetime":"2023-09-14 00:12:00","tpep_dropoff_datetime":"2023-11-28 00:16:18","passenger_count":"1","trip_distance":".76","RatecodeID":"1","store_and_fwd_flag":"N","PULocationID":"249","DOLocationID":"125","payment_type":"2","fare_amount":"5","extra":"0.5","mta_tax":"0.5","tip_amount":"0","tolls_amount":"0","improvement_surcharge":"0.3","total_amount":"6.3","congestion_surcharge":"","tripId":"82f6ebd3-2c23-4fe4-a3a3-e6a9420c95a6"},{"VendorID":"2","tpep_pickup_datetime":"2023-11-23 00:18:49","tpep_dropoff_datetime":"2023-05-15 00:30:54","passenger_count":"1","trip_distance":"1.71","RatecodeID":"1","store_and_fwd_flag":"N","PULocationID":"125","DOLocationID":"4","payment_type":"2","fare_amount":"10","extra":"0.5","mta_tax":"0.5","tip_amount":"0","tolls_amount":"0","improvement_surcharge":"0.3","total_amount":"11.3","congestion_surcharge":"","tripId":"6787be90-e543-4c4c-9ad0-287dd2d9d519"},{"VendorID":"2","tpep_pickup_datetime":"2023-04-02 00:33:00","tpep_dropoff_datetime":"2023-03-05 00:51:40","passenger_count":"1","trip_distance":"8.92","RatecodeID":"1","store_and_fwd_flag":"N","PULocationID":"4","DOLocationID":"42","payment_type":"1","fare_amount":"25.5","extra":"0.5","mta_tax":"0.5","tip_amount":"5.36","tolls_amount":"0","improvement_surcharge":"0.3","total_amount":"32.16","congestion_surcharge":"","tripId":"fdeb7301-ced0-4625-91db-fa0446fcf1e6"},{"VendorID":"2","tpep_pickup_datetime":"2023-11-18 00:54:49","tpep_dropoff_datetime":"2023-06-15 01:12:41","passenger_count":"1","trip_distance":"8.09","RatecodeID":"1","store_and_fwd_flag":"N","PULocationID":"41","DOLocationID":"107","payment_type":"2","fare_amount":"24","extra":"0.5","mta_tax":"0.5","tip_amount":"0","tolls_amount":"0","improvement_surcharge":"0.3","total_amount":"25.3","congestion_surcharge":"","tripId":"ae08db71-fd6b-4897-b4ae-f413e1c63557"},{"VendorID":"1","tpep_pickup_datetime":"2023-10-15 00:03:09","tpep_dropoff_datetime":"2023-04-27 00:22:30","passenger_count":"1","trip_distance":"8.00","RatecodeID":"1","store_and_fwd_flag":"N","PULocationID":"79","DOLocationID":"42","payment_type":"1","fare_amount":"24","extra":"0.5","mta_tax":"0.5","tip_amount":"2","tolls_amount":"0","improvement_surcharge":"0.3","total_amount":"27.3","congestion_surcharge":"","tripId":"f9bf5af5-dcd8-4ec7-bf94-b196775084c4"},{"VendorID":"1","tpep_pickup_datetime":"2023-03-10 00:55:48","tpep_dropoff_datetime":"2023-06-19 01:04:08","passenger_count":"2","trip_distance":"1.20","RatecodeID":"1","store_and_fwd_flag":"N","PULocationID":"234","DOLocationID":"224","payment_type":"1","fare_amount":"7","extra":"0.5","mta_tax":"0.5","tip_amount":"1","tolls_amount":"0","improvement_surcharge":"0.3","total_amount":"9.3","congestion_surcharge":"","tripId":"d3599d64-f458-402b-94b8-2b1c1c825260"},{"VendorID":"1","tpep_pickup_datetime":"2023-05-27 00:29:31","tpep_dropoff_datetime":"2023-11-08 01:01:16","passenger_count":"1","trip_distance":"10.80","RatecodeID":"1","store_and_fwd_flag":"N","PULocationID":"256","DOLocationID":"216","payment_type":"2","fare_amount":"34.5","extra":"0.5","mta_tax":"0.5","tip_amount":"0","tolls_amount":"0","improvement_surcharge":"0.3","total_amount":"35.8","congestion_surcharge":"","tripId":"04cad544-152c-4988-bf44-7b44e2fc541e"},{"VendorID":"2","tpep_pickup_datetime":"2024-01-23 00:41:05","tpep_dropoff_datetime":"2023-09-23 00:47:49","passenger_count":"1","trip_distance":"2.51","RatecodeID":"1","store_and_fwd_flag":"N","PULocationID":"161","DOLocationID":"75","payment_type":"2","fare_amount":"9","extra":"0.5","mta_tax":"0.5","tip_amount":"0","tolls_amount":"0","improvement_surcharge":"0.3","total_amount":"10.3","congestion_surcharge":"","tripId":"1696e7b3-d947-478f-9450-57c1d90bf352"},{"VendorID":"2","tpep_pickup_datetime":"2023-02-27 00:57:45","tpep_dropoff_datetime":"2023-05-03 01:05:29","passenger_count":"1","trip_distance":"1.63","RatecodeID":"1","store_and_fwd_flag":"N","PULocationID":"237","DOLocationID":"262","payment_type":"1","fare_amount":"8","extra":"0.5","mta_tax":"0.5","tip_amount":"1.86","tolls_amount":"0","improvement_surcharge":"0.3","total_amount":"11.16","congestion_surcharge":"","tripId":"7ffe75cc-985a-46f0-ba2d-ce01913bd83a"},{"VendorID":"1","tpep_pickup_datetime":"2023-09-12 00:01:50","tpep_dropoff_datetime":"2023-04-05 00:23:18","passenger_count":"2","trip_distance":"4.90","RatecodeID":"1","store_and_fwd_flag":"N","PULocationID":"230","DOLocationID":"231","payment_type":"2","fare_amount":"18.5","extra":"0.5","mta_tax":"0.5","tip_amount":"0","tolls_amount":"0","improvement_surcharge":"0.3","total_amount":"19.8","congestion_surcharge":"","tripId":"b2f3b06d-bfce-4adf-af79-144bf5cecae9"},{"VendorID":"1","tpep_pickup_datetime":"2023-09-02 00:49:35","tpep_dropoff_datetime":"2023-10-25 01:07:21","passenger_count":"1","trip_distance":"4.10","RatecodeID":"1","store_and_fwd_flag":"N","PULocationID":"261","DOLocationID":"49","payment_type":"1","fare_amount":"16","extra":"0.5","mta_tax":"0.5","tip_amount":"3.45","tolls_amount":"0","improvement_surcharge":"0.3","total_amount":"20.75","congestion_surcharge":"","tripId":"de35daab-d429-4525-9b88-f04429f48c00"},{"VendorID":"2","tpep_pickup_datetime":"2023-04-30 00:06:38","tpep_dropoff_datetime":"2023-01-13 00:15:09","passenger_count":"3","trip_distance":"1.55","RatecodeID":"1","store_and_fwd_flag":"N","PULocationID":"186","DOLocationID":"79","payment_type":"2","fare_amount":"8","extra":"0.5","mta_tax":"0.5","tip_amount":"0","tolls_amount":"0","improvement_surcharge":"0.3","total_amount":"9.3","congestion_surcharge":"","tripId":"4e0278f8-05c5-409c-8d3d-c6ba7420c2b1"},{"VendorID":"2","tpep_pickup_datetime":"2023-10-21 00:31:42","tpep_dropoff_datetime":"2024-01-19 00:41:26","passenger_count":"4","trip_distance":"1.75","RatecodeID":"1","store_and_fwd_flag":"N","PULocationID":"114","DOLocationID":"186","payment_type":"1","fare_amount":"8.5","extra":"0.5","mta_tax":"0.5","tip_amount":"2.45","tolls_amount":"0","improvement_surcharge":"0.3","total_amount":"12.25","congestion_surcharge":"","tripId":"1dfd9b25-4629-4f82-9630-ba061272699b"},{"VendorID":"2","tpep_pickup_datetime":"2023-07-11 00:49:26","tpep_dropoff_datetime":"2023-08-13 00:58:41","passenger_count":"4","trip_distance":"1.38","RatecodeID":"1","store_and_fwd_flag":"N","PULocationID":"48","DOLocationID":"48","payment_type":"1","fare_amount":"8","extra":"0.5","mta_tax":"0.5","tip_amount":"2.32","tolls_amount":"0","improvement_surcharge":"0.3","total_amount":"11.62","congestion_surcharge":"","tripId":"8af0af9d-a984-4f0a-bc4b-5e87c0357274"},{"VendorID":"1","tpep_pickup_datetime":"2023-09-25 00:03:18","tpep_dropoff_datetime":"2023-11-06 00:07:24","passenger_count":"1","trip_distance":".70","RatecodeID":"1","store_and_fwd_flag":"N","PULocationID":"162","DOLocationID":"170","payment_type":"2","fare_amount":"5","extra":"0.5","mta_tax":"0.5","tip_amount":"0","tolls_amount":"0","improvement_surcharge":"0.3","total_amount":"6.3","congestion_surcharge":"","tripId":"6e042865-0d72-4ae6-89f1-a10d8db4073d"},{"VendorID":"1","tpep_pickup_datetime":"2023-09-19 00:10:09","tpep_dropoff_datetime":"2024-01-22 00:16:53","passenger_count":"1","trip_distance":"2.20","RatecodeID":"1","store_and_fwd_flag":"N","PULocationID":"137","DOLocationID":"141","payment_type":"1","fare_amount":"8.5","extra":"0.5","mta_tax":"0.5","tip_amount":"1","tolls_amount":"0","improvement_surcharge":"0.3","total_amount":"10.8","congestion_surcharge":"","tripId":"1583b0cf-ebdc-4803-9e67-e736dbff0df0"},{"VendorID":"1","tpep_pickup_datetime":"2023-08-20 00:20:05","tpep_dropoff_datetime":"2023-09-14 00:22:54","passenger_count":"1","trip_distance":"1.00","RatecodeID":"1","store_and_fwd_flag":"N","PULocationID":"141","DOLocationID":"229","payment_type":"1","fare_amount":"5","extra":"0.5","mta_tax":"0.5","tip_amount":"1.85","tolls_amount":"0","improvement_surcharge":"0.3","total_amount":"8.15","congestion_surcharge":"","tripId":"0285c104-b149-4b7a-a363-804e5dedcec6"},{"VendorID":"1","tpep_pickup_datetime":"2023-07-17 00:36:41","tpep_dropoff_datetime":"2023-11-04 00:41:34","passenger_count":"3","trip_distance":".90","RatecodeID":"1","store_and_fwd_flag":"N","PULocationID":"164","DOLocationID":"90","payment_type":"2","fare_amount":"5.5","extra":"0.5","mta_tax":"0.5","tip_amount":"0","tolls_amount":"0","improvement_surcharge":"0.3","total_amount":"6.8","congestion_surcharge":"","tripId":"e5c3b282-352b-439a-94a1-fc1eea1add63"},{"VendorID":"1","tpep_pickup_datetime":"2023-09-08 00:01:21","tpep_dropoff_datetime":"2023-12-15 00:09:38","passenger_count":"1","trip_distance":"1.30","RatecodeID":"1","store_and_fwd_flag":"N","PULocationID":"114","DOLocationID":"232","payment_type":"1","fare_amount":"7.5","extra":"0.5","mta_tax":"0.5","tip_amount":"2.2","tolls_amount":"0","improvement_surcharge":"0.3","total_amount":"11","congestion_surcharge":"","tripId":"90a36a56-2e12-44c7-97bb-64b5f426c1a4"},{"VendorID":"1","tpep_pickup_datetime":"2023-09-24 00:17:32","tpep_dropoff_datetime":"2023-12-29 00:30:33","passenger_count":"2","trip_distance":"3.30","RatecodeID":"1","store_and_fwd_flag":"N","PULocationID":"148","DOLocationID":"112","payment_type":"1","fare_amount":"13","extra":"0.5","mta_tax":"0.5","tip_amount":"2.85","tolls_amount":"0","improvement_surcharge":"0.3","total_amount":"17.15","congestion_surcharge":"","tripId":"ad21c8f3-87ef-4ed2-b37c-1d41cb903421"},{"VendorID":"1","tpep_pickup_datetime":"2023-01-24 00:38:04","tpep_dropoff_datetime":"2023-08-04 00:56:56","passenger_count":"2","trip_distance":"4.80","RatecodeID":"1","store_and_fwd_flag":"N","PULocationID":"79","DOLocationID":"48","payment_type":"1","fare_amount":"18","extra":"0.5","mta_tax":"0.5","tip_amount":"3.85","tolls_amount":"0","improvement_surcharge":"0.3","total_amount":"23.15","congestion_surcharge":"","tripId":"b68dea86-c891-44ce-83d0-4ded74a83d40"},{"VendorID":"1","tpep_pickup_datetime":"2023-06-10 00:58:53","tpep_dropoff_datetime":"2023-04-21 01:04:25","passenger_count":"1","trip_distance":"1.30","RatecodeID":"1","store_and_fwd_flag":"N","PULocationID":"48","DOLocationID":"100","payment_type":"1","fare_amount":"6.5","extra":"0.5","mta_tax":"0.5","tip_amount":"1","tolls_amount":"0","improvement_surcharge":"0.3","total_amount":"8.8","congestion_surcharge":"","tripId":"475a7d94-4082-4962-83cd-b7ee45390ebd"},{"VendorID":"2","tpep_pickup_datetime":"2023-09-22 00:36:23","tpep_dropoff_datetime":"2023-10-20 00:42:16","passenger_count":"1","trip_distance":".92","RatecodeID":"1","store_and_fwd_flag":"N","PULocationID":"163","DOLocationID":"237","payment_type":"2","fare_amount":"6","extra":"0.5","mta_tax":"0.5","tip_amount":"0","tolls_amount":"0","improvement_surcharge":"0.3","total_amount":"7.3","congestion_surcharge":"","tripId":"b2255d5f-a67f-4bda-9721-c9eeaf09e6f0"},{"VendorID":"2","tpep_pickup_datetime":"2023-01-31 00:48:03","tpep_dropoff_datetime":"2023-01-24 00:52:28","passenger_count":"1","trip_distance":"1.21","RatecodeID":"1","store_and_fwd_flag":"N","PULocationID":"229","DOLocationID":"170","payment_type":"1","fare_amount":"5.5","extra":"0.5","mta_tax":"0.5","tip_amount":"1.7","tolls_amount":"0","improvement_surcharge":"0.3","total_amount":"8.5","congestion_surcharge":"","tripId":"a32d4d13-5f7d-4477-b9a3-47981499f249"},{"VendorID":"1","tpep_pickup_datetime":"2024-01-26 00:06:17","tpep_dropoff_datetime":"2023-07-15 00:10:58","passenger_count":"1","trip_distance":"1.30","RatecodeID":"1","store_and_fwd_flag":"N","PULocationID":"229","DOLocationID":"141","payment_type":"1","fare_amount":"6","extra":"0.5","mta_tax":"0.5","tip_amount":"1.45","tolls_amount":"0","improvement_surcharge":"0.3","total_amount":"8.75","congestion_surcharge":"","tripId":"d5dd838b-c14e-4e05-a1b2-b02d0f607da8"},{"VendorID":"1","tpep_pickup_datetime":"2023-08-14 00:15:41","tpep_dropoff_datetime":"2023-02-25 00:18:04","passenger_count":"1","trip_distance":".60","RatecodeID":"1","store_and_fwd_flag":"N","PULocationID":"237","DOLocationID":"236","payment_type":"2","fare_amount":"4","extra":"0.5","mta_tax":"0.5","tip_amount":"0","tolls_amount":"0","improvement_surcharge":"0.3","total_amount":"5.3","congestion_surcharge":"","tripId":"9834e791-35ab-44c5-855f-4b392b3a2fb9"},{"VendorID":"1","tpep_pickup_datetime":"2023-03-16 00:26:55","tpep_dropoff_datetime":"2023-10-28 00:37:42","passenger_count":"1","trip_distance":"2.10","RatecodeID":"1","store_and_fwd_flag":"N","PULocationID":"237","DOLocationID":"170","payment_type":"1","fare_amount":"9.5","extra":"0.5","mta_tax":"0.5","tip_amount":"1.5","tolls_amount":"0","improvement_surcharge":"0.3","total_amount":"12.3","congestion_surcharge":"","tripId":"22ae50b8-04c4-4965-9363-bfd62c4cc795"},{"VendorID":"1","tpep_pickup_datetime":"2023-03-02 00:53:06","tpep_dropoff_datetime":"2023-03-09 00:56:39","passenger_count":"2","trip_distance":".60","RatecodeID":"1","store_and_fwd_flag":"N","PULocationID":"164","DOLocationID":"107","payment_type":"1","fare_amount":"4.5","extra":"0.5","mta_tax":"0.5","tip_amount":"1","tolls_amount":"0","improvement_surcharge":"0.3","total_amount":"6.8","congestion_surcharge":"","tripId":"8bef80b7-6017-4c19-a4ae-abfd3ab68f38"},{"VendorID":"1","tpep_pickup_datetime":"2023-07-27 00:59:15","tpep_dropoff_datetime":"2023-09-03 01:19:05","passenger_count":"2","trip_distance":"5.30","RatecodeID":"1","store_and_fwd_flag":"N","PULocationID":"234","DOLocationID":"7","payment_type":"1","fare_amount":"18.5","extra":"0.5","mta_tax":"0.5","tip_amount":"3.95","tolls_amount":"0","improvement_surcharge":"0.3","total_amount":"23.75","congestion_surcharge":"","tripId":"7c220e70-b423-4ca3-b898-79eca715a12a"},{"VendorID":"1","tpep_pickup_datetime":"2023-09-29 00:06:53","tpep_dropoff_datetime":"2023-01-28 00:32:17","passenger_count":"3","trip_distance":"3.80","RatecodeID":"1","store_and_fwd_flag":"N","PULocationID":"164","DOLocationID":"261","payment_type":"1","fare_amount":"18.5","extra":"0.5","mta_tax":"0.5","tip_amount":"0","tolls_amount":"0","improvement_surcharge":"0.3","total_amount":"19.8","congestion_surcharge":"","tripId":"3c38b25d-fe18-423f-a083-19fa3a7a27fd"},{"VendorID":"1","tpep_pickup_datetime":"2023-10-09 00:55:11","tpep_dropoff_datetime":"2023-10-24 01:14:49","passenger_count":"1","trip_distance":"8.60","RatecodeID":"1","store_and_fwd_flag":"N","PULocationID":"148","DOLocationID":"7","payment_type":"2","fare_amount":"26","extra":"0.5","mta_tax":"0.5","tip_amount":"0","tolls_amount":"0","improvement_surcharge":"0.3","total_amount":"27.3","congestion_surcharge":"","tripId":"3deb0546-a0ed-4fa3-8cf3-937da87b258a"},{"VendorID":"2","tpep_pickup_datetime":"2023-01-10 23:56:12","tpep_dropoff_datetime":"2023-09-18 00:18:53","passenger_count":"1","trip_distance":"8.36","RatecodeID":"1","store_and_fwd_flag":"N","PULocationID":"129","DOLocationID":"135","payment_type":"1","fare_amount":"27.5","extra":"0.5","mta_tax":"0.5","tip_amount":"0","tolls_amount":"0","improvement_surcharge":"0.3","total_amount":"28.8","congestion_surcharge":"","tripId":"6b45638b-30eb-445d-a578-e42340feb72a"},{"VendorID":"2","tpep_pickup_datetime":"2023-04-13 00:41:49","tpep_dropoff_datetime":"2023-03-12 01:07:46","passenger_count":"1","trip_distance":"4.12","RatecodeID":"1","store_and_fwd_flag":"N","PULocationID":"148","DOLocationID":"49","payment_type":"1","fare_amount":"20","extra":"0.5","mta_tax":"0.5","tip_amount":"8","tolls_amount":"0","improvement_surcharge":"0.3","total_amount":"29.3","congestion_surcharge":"","tripId":"91f73926-9d00-4c47-8d4a-0b84393f0b23"},{"VendorID":"2","tpep_pickup_datetime":"2023-09-30 00:16:29","tpep_dropoff_datetime":"2023-03-09 00:28:23","passenger_count":"1","trip_distance":"1.94","RatecodeID":"1","store_and_fwd_flag":"N","PULocationID":"148","DOLocationID":"137","payment_type":"1","fare_amount":"10","extra":"0.5","mta_tax":"0.5","tip_amount":"2.26","tolls_amount":"0","improvement_surcharge":"0.3","total_amount":"13.56","congestion_surcharge":"","tripId":"bc5be7ee-8bd2-4e7d-a33a-29d10fcaebce"},{"VendorID":"2","tpep_pickup_datetime":"2023-10-22 00:38:52","tpep_dropoff_datetime":"2023-08-18 01:01:35","passenger_count":"1","trip_distance":"4.57","RatecodeID":"1","store_and_fwd_flag":"N","PULocationID":"164","DOLocationID":"255","payment_type":"1","fare_amount":"17.5","extra":"0.5","mta_tax":"0.5","tip_amount":"3.5","tolls_amount":"5.76","improvement_surcharge":"0.3","total_amount":"28.06","congestion_surcharge":"","tripId":"b6f613c6-c286-453f-b586-66e2269470f7"},{"VendorID":"2","tpep_pickup_datetime":"2023-06-18 00:13:51","tpep_dropoff_datetime":"2023-01-17 00:19:57","passenger_count":"3","trip_distance":".88","RatecodeID":"1","store_and_fwd_flag":"N","PULocationID":"211","DOLocationID":"114","payment_type":"1","fare_amount":"6","extra":"0.5","mta_tax":"0.5","tip_amount":"1.46","tolls_amount":"0","improvement_surcharge":"0.3","total_amount":"8.76","congestion_surcharge":"","tripId":"a7fe2d81-00ce-4e28-9c1e-a3a94854a07a"},{"VendorID":"2","tpep_pickup_datetime":"2023-04-06 00:21:43","tpep_dropoff_datetime":"2023-10-08 00:25:36","passenger_count":"3","trip_distance":".59","RatecodeID":"1","store_and_fwd_flag":"N","PULocationID":"114","DOLocationID":"79","payment_type":"1","fare_amount":"4.5","extra":"0.5","mta_tax":"0.5","tip_amount":"1","tolls_amount":"0","improvement_surcharge":"0.3","total_amount":"6.8","congestion_surcharge":"","tripId":"37379490-3e45-4205-ae43-1dd4657fad85"},{"VendorID":"2","tpep_pickup_datetime":"2023-06-20 00:31:04","tpep_dropoff_datetime":"2023-10-22 00:51:05","passenger_count":"3","trip_distance":"3.56","RatecodeID":"1","store_and_fwd_flag":"N","PULocationID":"114","DOLocationID":"163","payment_type":"1","fare_amount":"15","extra":"0.5","mta_tax":"0.5","tip_amount":"1","tolls_amount":"0","improvement_surcharge":"0.3","total_amount":"17.3","congestion_surcharge":"","tripId":"9cb273bf-577d-4923-992d-c4975039d353"},{"VendorID":"2","tpep_pickup_datetime":"2023-09-09 00:10:58","tpep_dropoff_datetime":"2023-04-06 00:17:16","passenger_count":"5","trip_distance":"1.14","RatecodeID":"1","store_and_fwd_flag":"N","PULocationID":"148","DOLocationID":"107","payment_type":"1","fare_amount":"6.5","extra":"0.5","mta_tax":"0.5","tip_amount":"1.56","tolls_amount":"0","improvement_surcharge":"0.3","total_amount":"9.36","congestion_surcharge":"","tripId":"1fbfe740-a7f4-4b75-a06d-e1e31af3be2a"},{"VendorID":"2","tpep_pickup_datetime":"2023-02-02 00:19:09","tpep_dropoff_datetime":"2023-06-13 00:42:48","passenger_count":"5","trip_distance":"6.22","RatecodeID":"1","store_and_fwd_flag":"N","PULocationID":"107","DOLocationID":"41","payment_type":"2","fare_amount":"21","extra":"0.5","mta_tax":"0.5","tip_amount":"0","tolls_amount":"0","improvement_surcharge":"0.3","total_amount":"22.3","congestion_surcharge":"","tripId":"04974f48-ee4f-4127-8cca-4d1e91e1522b"},{"VendorID":"2","tpep_pickup_datetime":"2023-05-13 23:58:53","tpep_dropoff_datetime":"2023-10-05 00:24:20","passenger_count":"1","trip_distance":"5.86","RatecodeID":"1","store_and_fwd_flag":"N","PULocationID":"249","DOLocationID":"190","payment_type":"1","fare_amount":"22","extra":"0.5","mta_tax":"0.5","tip_amount":"2","tolls_amount":"0","improvement_surcharge":"0.3","total_amount":"25.3","congestion_surcharge":"","tripId":"43b517d5-6398-4755-a127-bd031d7ddb40"}]