[{"VendorID":"2","tpep_pickup_datetime":"2023-08-16 13:09:11","tpep_dropoff_datetime":"2023-05-18 13:25:25","passenger_count":"1","trip_distance":"1.36","RatecodeID":"1","store_and_fwd_flag":"N","PULocationID":"140","DOLocationID":"161","payment_type":"2","fare_amount":"9","extra":"0","mta_tax":"0.5","tip_amount":"0","tolls_amount":"0","improvement_surcharge":"0.3","total_amount":"9.8","congestion_surcharge":""},{"VendorID":"2","tpep_pickup_datetime":"2023-06-12 13:49:14","tpep_dropoff_datetime":"2023-07-29 14:34:46","passenger_count":"1","trip_distance":"14.52","RatecodeID":"1","store_and_fwd_flag":"N","PULocationID":"233","DOLocationID":"14","payment_type":"2","fare_amount":"46","extra":"0","mta_tax":"0.5","tip_amount":"0","tolls_amount":"0","improvement_surcharge":"0.3","total_amount":"46.8","congestion_surcharge":""},{"VendorID":"4","tpep_pickup_datetime":"2023-01-19 13:05:35","tpep_dropoff_datetime":"2023-12-04 13:34:58","passenger_count":"1","trip_distance":"9.44","RatecodeID":"1","store_and_fwd_flag":"N","PULocationID":"144","DOLocationID":"138","payment_type":"1","fare_amount":"30.5","extra":"0","mta_tax":"0.5","tip_amount":"6.26","tolls_amount":"0","improvement_surcharge":"0.3","total_amount":"37.56","congestion_surcharge":""},{"VendorID":"2","tpep_pickup_datetime":"2023-01-01 13:03:31","tpep_dropoff_datetime":"2023-10-26 13:07:44","passenger_count":"3","trip_distance":"1.05","RatecodeID":"1","store_and_fwd_flag":"N","PULocationID":"239","DOLocationID":"142","payment_type":"1","fare_amount":"5.5","extra":"0","mta_tax":"0.5","tip_amount":"1.26","tolls_amount":"0","improvement_surcharge":"0.3","total_amount":"7.56","congestion_surcharge":""},{"VendorID":"2","tpep_pickup_datetime":"2023-11-01 13:26:45","tpep_dropoff_datetime":"2023-04-02 13:34:53","passenger_count":"3","trip_distance":"1.67","RatecodeID":"1","store_and_fwd_flag":"N","PULocationID":"230","DOLocationID":"246","payment_type":"2","fare_amount":"7.5","extra":"0","mta_tax":"0.5","tip_amount":"0","tolls_amount":"0","improvement_surcharge":"0.3","total_amount":"8.3","congestion_surcharge":""},{"VendorID":"2","tpep_pickup_datetime":"2023-10-11 13:34:47","tpep_dropoff_datetime":"2023-01-07 13:56:41","passenger_count":"6","trip_distance":"2.63","RatecodeID":"1","store_and_fwd_flag":"N","PULocationID":"113","DOLocationID":"237","payment_type":"1","fare_amount":"15","extra":"0","mta_tax":"0.5","tip_amount":"3.16","tolls_amount":"0","improvement_surcharge":"0.3","total_amount":"18.96","congestion_surcharge":""},{"VendorID":"2","tpep_pickup_datetime":"2023-06-17 13:07:18","tpep_dropoff_datetime":"2023-09-01 13:12:04","passenger_count":"3","trip_distance":".76","RatecodeID":"1","store_and_fwd_flag":"N","PULocationID":"236","DOLocationID":"236","payment_type":"2","fare_amount":"5.5","extra":"0","mta_tax":"0.5","tip_amount":"0","tolls_amount":"0","improvement_surcharge":"0.3","total_amount":"6.3","congestion_surcharge":""},{"VendorID":"2","tpep_pickup_datetime":"2023-11-09 13:21:40","tpep_dropoff_datetime":"2023-02-08 13:25:53","passenger_count":"2","trip_distance":".78","RatecodeID":"1","store_and_fwd_flag":"N","PULocationID":"236","DOLocationID":"239","payment_type":"2","fare_amount":"5.5","extra":"0","mta_tax":"0.5","tip_amount":"0","tolls_amount":"0","improvement_surcharge":"0.3","total_amount":"6.3","congestion_surcharge":""},{"VendorID":"2","tpep_pickup_datetime":"2023-10-29 13:09:07","tpep_dropoff_datetime":"2023-01-01 13:26:29","passenger_count":"1","trip_distance":"8.41","RatecodeID":"1","store_and_fwd_flag":"N","PULocationID":"262","DOLocationID":"138","payment_type":"2","fare_amount":"24","extra":"0","mta_tax":"0.5","tip_amount":"0","tolls_amount":"5.76","improvement_surcharge":"0.3","total_amount":"30.56","congestion_surcharge":""},{"VendorID":"2","tpep_pickup_datetime":"2023-05-02 13:01:37","tpep_dropoff_datetime":"2023-06-12 13:11:24","passenger_count":"1","trip_distance":".97","RatecodeID":"1","store_and_fwd_flag":"N","PULocationID":"186","DOLocationID":"48","payment_type":"1","fare_amount":"7.5","extra":"0","mta_tax":"0.5","tip_amount":"1.66","tolls_amount":"0","improvement_surcharge":"0.3","total_amount":"9.96","congestion_surcharge":""},{"VendorID":"2","tpep_pickup_datetime":"2023-11-09 13:30:51","tpep_dropoff_datetime":"2023-09-17 13:42:03","passenger_count":"1","trip_distance":"1.76","RatecodeID":"1","store_and_fwd_flag":"N","PULocationID":"161","DOLocationID":"43","payment_type":"2","fare_amount":"9","extra":"0","mta_tax":"0.5","tip_amount":"0","tolls_amount":"0","improvement_surcharge":"0.3","total_amount":"9.8","congestion_surcharge":""},{"VendorID":"2","tpep_pickup_datetime":"2023-07-22 13:46:49","tpep_dropoff_datetime":"2023-10-26 13:53:03","passenger_count":"1","trip_distance":"1.09","RatecodeID":"1","store_and_fwd_flag":"N","PULocationID":"236","DOLocationID":"162","payment_type":"1","fare_amount":"6.5","extra":"0","mta_tax":"0.5","tip_amount":"1.46","tolls_amount":"0","improvement_surcharge":"0.3","total_amount":"8.76","congestion_surcharge":""},{"VendorID":"1","tpep_pickup_datetime":"2023-06-27 13:17:00","tpep_dropoff_datetime":"2023-02-08 13:18:26","passenger_count":"1","trip_distance":".30","RatecodeID":"1","store_and_fwd_flag":"N","PULocationID":"141","DOLocationID":"141","payment_type":"2","fare_amount":"3","extra":"0","mta_tax":"0.5","tip_amount":"0","tolls_amount":"0","improvement_surcharge":"0.3","total_amount":"3.8","congestion_surcharge":""},{"VendorID":"1","tpep_pickup_datetime":"2024-01-20 13:33:06","tpep_dropoff_datetime":"2023-05-07 13:50:22","passenger_count":"1","trip_distance":"2.60","RatecodeID":"1","store_and_fwd_flag":"N","PULocationID":"42","DOLocationID":"75","payment_type":"1","fare_amount":"13","extra":"0","mta_tax":"0.5","tip_amount":"2.75","tolls_amount":"0","improvement_surcharge":"0.3","total_amount":"16.55","congestion_surcharge":""},{"VendorID":"1","tpep_pickup_datetime":"2023-03-07 13:02:55","tpep_dropoff_datetime":"2023-05-13 13:32:40","passenger_count":"2","trip_distance":"16.40","RatecodeID":"3","store_and_fwd_flag":"N","PULocationID":"186","DOLocationID":"1","payment_type":"1","fare_amount":"63","extra":"0","mta_tax":"0","tip_amount":"10","tolls_amount":"10.5","improvement_surcharge":"0.3","total_amount":"83.8","congestion_surcharge":""},{"VendorID":"2","tpep_pickup_datetime":"2023-09-22 13:13:49","tpep_dropoff_datetime":"2023-06-12 13:49:45","passenger_count":"1","trip_distance":"18.79","RatecodeID":"1","store_and_fwd_flag":"N","PULocationID":"132","DOLocationID":"55","payment_type":"2","fare_amount":"51","extra":"0","mta_tax":"0.5","tip_amount":"0","tolls_amount":"0","improvement_surcharge":"0.3","total_amount":"51.8","congestion_surcharge":""},{"VendorID":"1","tpep_pickup_datetime":"2023-01-17 13:07:07","tpep_dropoff_datetime":"2023-12-26 13:09:48","passenger_count":"1","trip_distance":".50","RatecodeID":"1","store_and_fwd_flag":"N","PULocationID":"125","DOLocationID":"231","payment_type":"1","fare_amount":"4","extra":"0","mta_tax":"0.5","tip_amount":"1","tolls_amount":"0","improvement_surcharge":"0.3","total_amount":"5.8","congestion_surcharge":""},{"VendorID":"1","tpep_pickup_datetime":"2023-10-03 13:44:12","tpep_dropoff_datetime":"2023-10-23 13:56:19","passenger_count":"1","trip_distance":"2.50","RatecodeID":"1","store_and_fwd_flag":"N","PULocationID":"88","DOLocationID":"158","payment_type":"1","fare_amount":"11.5","extra":"0","mta_tax":"0.5","tip_amount":"2.45","tolls_amount":"0","improvement_surcharge":"0.3","total_amount":"14.75","congestion_surcharge":""},{"VendorID":"1","tpep_pickup_datetime":"2023-11-29 13:11:10","tpep_dropoff_datetime":"2023-08-19 13:14:11","passenger_count":"1","trip_distance":".50","RatecodeID":"1","store_and_fwd_flag":"N","PULocationID":"236","DOLocationID":"263","payment_type":"1","fare_amount":"4","extra":"0","mta_tax":"0.5","tip_amount":"0.95","tolls_amount":"0","improvement_surcharge":"0.3","total_amount":"5.75","congestion_surcharge":""},{"VendorID":"1","tpep_pickup_datetime":"2023-07-25 13:17:43","tpep_dropoff_datetime":"2023-08-18 13:23:43","passenger_count":"1","trip_distance":".70","RatecodeID":"1","store_and_fwd_flag":"N","PULocationID":"263","DOLocationID":"237","payment_type":"2","fare_amount":"5.5","extra":"0","mta_tax":"0.5","tip_amount":"0","tolls_amount":"0","improvement_surcharge":"0.3","total_amount":"6.3","congestion_surcharge":""},{"VendorID":"2","tpep_pickup_datetime":"2023-11-04 13:18:28","tpep_dropoff_datetime":"2023-06-08 13:26:58","passenger_count":"1","trip_distance":".74","RatecodeID":"1","store_and_fwd_flag":"N","PULocationID":"211","DOLocationID":"231","payment_type":"1","fare_amount":"7","extra":"0","mta_tax":"0.5","tip_amount":"0","tolls_amount":"0","improvement_surcharge":"0.3","total_amount":"7.8","congestion_surcharge":""},{"VendorID":"2","tpep_pickup_datetime":"2023-09-19 13:29:24","tpep_dropoff_datetime":"2023-12-14 13:37:33","passenger_count":"1","trip_distance":".75","RatecodeID":"1","store_and_fwd_flag":"N","PULocationID":"231","DOLocationID":"87","payment_type":"2","fare_amount":"6.5","extra":"0","mta_tax":"0.5","tip_amount":"0","tolls_amount":"0","improvement_surcharge":"0.3","total_amount":"7.3","congestion_surcharge":""},{"VendorID":"2","tpep_pickup_datetime":"2023-07-06 13:42:46","tpep_dropoff_datetime":"2023-01-23 13:55:30","passenger_count":"1","trip_distance":"1.16","RatecodeID":"1","store_and_fwd_flag":"N","PULocationID":"87","DOLocationID":"231","payment_type":"1","fare_amount":"9","extra":"0","mta_tax":"0.5","tip_amount":"1.96","tolls_amount":"0","improvement_surcharge":"0.3","total_amount":"11.76","congestion_surcharge":""},{"VendorID":"1","tpep_pickup_datetime":"2023-07-12 13:05:29","tpep_dropoff_datetime":"2023-01-31 13:17:00","passenger_count":"1","trip_distance":"1.40","RatecodeID":"1","store_and_fwd_flag":"N","PULocationID":"143","DOLocationID":"163","payment_type":"2","fare_amount":"9","extra":"0","mta_tax":"0.5","tip_amount":"0","tolls_amount":"0","improvement_surcharge":"0.3","total_amount":"9.8","congestion_surcharge":""},{"VendorID":"1","tpep_pickup_datetime":"2023-07-13 13:33:56","tpep_dropoff_datetime":"2023-06-12 13:48:01","passenger_count":"2","trip_distance":"1.00","RatecodeID":"1","store_and_fwd_flag":"N","PULocationID":"162","DOLocationID":"237","payment_type":"2","fare_amount":"9.5","extra":"0","mta_tax":"0.5","tip_amount":"0","tolls_amount":"0","improvement_surcharge":"0.3","total_amount":"10.3","congestion_surcharge":""},{"VendorID":"2","tpep_pickup_datetime":"2023-06-05 13:52:50","tpep_dropoff_datetime":"2023-02-14 14:08:58","passenger_count":"1","trip_distance":"4.19","RatecodeID":"1","store_and_fwd_flag":"N","PULocationID":"138","DOLocationID":"129","payment_type":"2","fare_amount":"15.5","extra":"0","mta_tax":"0.5","tip_amount":"0","tolls_amount":"0","improvement_surcharge":"0.3","total_amount":"16.3","congestion_surcharge":""},{"VendorID":"2","tpep_pickup_datetime":"2023-05-01 13:20:59","tpep_dropoff_datetime":"2023-08-19 13:32:35","passenger_count":"1","trip_distance":"1.77","RatecodeID":"1","store_and_fwd_flag":"N","PULocationID":"164","DOLocationID":"170","payment_type":"2","fare_amount":"8","extra":"0","mta_tax":"0.5","tip_amount":"0","tolls_amount":"0","improvement_surcharge":"0.3","total_amount":"8.8","congestion_surcharge":""},{"VendorID":"2","tpep_pickup_datetime":"2023-02-14 13:35:56","tpep_dropoff_datetime":"2023-08-02 13:47:34","passenger_count":"1","trip_distance":"3.65","RatecodeID":"1","store_and_fwd_flag":"N","PULocationID":"233","DOLocationID":"75","payment_type":"2","fare_amount":"13","extra":"0","mta_tax":"0.5","tip_amount":"0","tolls_amount":"0","improvement_surcharge":"0.3","total_amount":"13.8","congestion_surcharge":""},{"VendorID":"1","tpep_pickup_datetime":"2023-11-20 13:41:42","tpep_dropoff_datetime":"2023-03-26 13:58:26","passenger_count":"1","trip_distance":"2.90","RatecodeID":"1","store_and_fwd_flag":"N","PULocationID":"164","DOLocationID":"140","payment_type":"2","fare_amount":"14","extra":"0","mta_tax":"0.5","tip_amount":"0","tolls_amount":"0","improvement_surcharge":"0.3","total_amount":"14.8","congestion_surcharge":""},{"VendorID":"1","tpep_pickup_datetime":"2023-07-09 13:18:32","tpep_dropoff_datetime":"2023-02-04 13:30:08","passenger_count":"1","trip_distance":"1.40","RatecodeID":"1","store_and_fwd_flag":"N","PULocationID":"114","DOLocationID":"113","payment_type":"1","fare_amount":"9","extra":"0","mta_tax":"0.5","tip_amount":"1.95","tolls_amount":"0","improvement_surcharge":"0.3","total_amount":"11.75","congestion_surcharge":""},{"VendorID":"2","tpep_pickup_datetime":"2023-06-13 13:13:57","tpep_dropoff_datetime":"2023-10-06 13:21:16","passenger_count":"1","trip_distance":"4.00","RatecodeID":"1","store_and_fwd_flag":"N","PULocationID":"132","DOLocationID":"219","payment_type":"2","fare_amount":"13","extra":"0","mta_tax":"0.5","tip_amount":"0","tolls_amount":"0","improvement_surcharge":"0.3","total_amount":"13.8","congestion_surcharge":""},{"VendorID":"1","tpep_pickup_datetime":"2023-07-05 13:30:01","tpep_dropoff_datetime":"2023-06-22 13:43:10","passenger_count":"1","trip_distance":"1.10","RatecodeID":"1","store_and_fwd_flag":"N","PULocationID":"163","DOLocationID":"161","payment_type":"1","fare_amount":"9.5","extra":"0","mta_tax":"0.5","tip_amount":"2.05","tolls_amount":"0","improvement_surcharge":"0.3","total_amount":"12.35","congestion_surcharge":""},{"VendorID":"1","tpep_pickup_datetime":"2023-08-13 13:44:31","tpep_dropoff_datetime":"2023-03-18 13:55:38","passenger_count":"1","trip_distance":"1.30","RatecodeID":"1","store_and_fwd_flag":"N","PULocationID":"161","DOLocationID":"234","payment_type":"1","fare_amount":"8.5","extra":"0","mta_tax":"0.5","tip_amount":"1.85","tolls_amount":"0","improvement_surcharge":"0.3","total_amount":"11.15","congestion_surcharge":""},{"VendorID":"1","tpep_pickup_datetime":"2023-07-17 13:59:03","tpep_dropoff_datetime":"2023-12-03 14:10:54","passenger_count":"1","trip_distance":"1.30","RatecodeID":"1","store_and_fwd_flag":"N","PULocationID":"234","DOLocationID":"107","payment_type":"1","fare_amount":"9","extra":"0","mta_tax":"0.5","tip_amount":"1.9","tolls_amount":"0","improvement_surcharge":"0.3","total_amount":"11.7","congestion_surcharge":""},{"VendorID":"2","tpep_pickup_datetime":"2023-06-13 13:15:44","tpep_dropoff_datetime":"2023-05-13 13:45:37","passenger_count":"5","trip_distance":"11.56","RatecodeID":"1","store_and_fwd_flag":"N","PULocationID":"161","DOLocationID":"138","payment_type":"2","fare_amount":"37","extra":"0","mta_tax":"0.5","tip_amount":"0","tolls_amount":"5.76","improvement_surcharge":"0.3","total_amount":"43.56","congestion_surcharge":""},{"VendorID":"1","tpep_pickup_datetime":"2023-04-12 13:12:56","tpep_dropoff_datetime":"2023-11-29 13:21:14","passenger_count":"2","trip_distance":"1.20","RatecodeID":"1","store_and_fwd_flag":"N","PULocationID":"113","DOLocationID":"211","payment_type":"2","fare_amount":"7","extra":"0","mta_tax":"0.5","tip_amount":"0","tolls_amount":"0","improvement_surcharge":"0.3","total_amount":"7.8","congestion_surcharge":""},{"VendorID":"1","tpep_pickup_datetime":"2023-08-11 13:41:19","tpep_dropoff_datetime":"2023-11-29 13:53:19","passenger_count":"1","trip_distance":"1.70","RatecodeID":"1","store_and_fwd_flag":"N","PULocationID":"113","DOLocationID":"186","payment_type":"1","fare_amount":"9.5","extra":"0","mta_tax":"0.5","tip_amount":"2.05","tolls_amount":"0","improvement_surcharge":"0.3","total_amount":"12.35","congestion_surcharge":""},{"VendorID":"1","tpep_pickup_datetime":"2023-10-10 13:16:31","tpep_dropoff_datetime":"2023-03-03 13:22:25","passenger_count":"2","trip_distance":".80","RatecodeID":"1","store_and_fwd_flag":"N","PULocationID":"107","DOLocationID":"170","payment_type":"2","fare_amount":"6","extra":"0","mta_tax":"0.5","tip_amount":"0","tolls_amount":"0","improvement_surcharge":"0.3","total_amount":"6.8","congestion_surcharge":""},{"VendorID":"1","tpep_pickup_datetime":"2023-10-04 13:32:18","tpep_dropoff_datetime":"2024-02-01 13:36:49","passenger_count":"1","trip_distance":".70","RatecodeID":"1","store_and_fwd_flag":"N","PULocationID":"164","DOLocationID":"107","payment_type":"1","fare_amount":"5","extra":"0","mta_tax":"0.5","tip_amount":"1.15","tolls_amount":"0","improvement_surcharge":"0.3","total_amount":"6.95","congestion_surcharge":""},{"VendorID":"2","tpep_pickup_datetime":"2024-01-26 13:42:09","tpep_dropoff_datetime":"2023-09-11 13:48:38","passenger_count":"1","trip_distance":".96","RatecodeID":"1","store_and_fwd_flag":"N","PULocationID":"164","DOLocationID":"234","payment_type":"1","fare_amount":"6","extra":"0","mta_tax":"0.5","tip_amount":"1.36","tolls_amount":"0","improvement_surcharge":"0.3","total_amount":"8.16","congestion_surcharge":""},{"VendorID":"2","tpep_pickup_datetime":"2023-08-18 13:50:58","tpep_dropoff_datetime":"2023-11-02 13:55:08","passenger_count":"1","trip_distance":".59","RatecodeID":"1","store_and_fwd_flag":"N","PULocationID":"113","DOLocationID":"90","payment_type":"2","fare_amount":"4.5","extra":"0","mta_tax":"0.5","tip_amount":"0","tolls_amount":"0","improvement_surcharge":"0.3","total_amount":"5.3","congestion_surcharge":""},{"VendorID":"2","tpep_pickup_datetime":"2023-08-22 13:56:23","tpep_dropoff_datetime":"2023-01-22 14:03:47","passenger_count":"1","trip_distance":"1.24","RatecodeID":"1","store_and_fwd_flag":"N","PULocationID":"90","DOLocationID":"230","payment_type":"2","fare_amount":"7","extra":"0","mta_tax":"0.5","tip_amount":"0","tolls_amount":"0","improvement_surcharge":"0.3","total_amount":"7.8","congestion_surcharge":""},{"VendorID":"1","tpep_pickup_datetime":"2023-03-28 13:12:15","tpep_dropoff_datetime":"2023-04-01 13:22:34","passenger_count":"1","trip_distance":"1.30","RatecodeID":"1","store_and_fwd_flag":"N","PULocationID":"263","DOLocationID":"141","payment_type":"1","fare_amount":"8.5","extra":"0","mta_tax":"0.5","tip_amount":"1.85","tolls_amount":"0","improvement_surcharge":"0.3","total_amount":"11.15","congestion_surcharge":""},{"VendorID":"1","tpep_pickup_datetime":"2023-05-22 13:28:50","tpep_dropoff_datetime":"2023-08-07 13:42:51","passenger_count":"1","trip_distance":"1.90","RatecodeID":"1","store_and_fwd_flag":"N","PULocationID":"140","DOLocationID":"239","payment_type":"2","fare_amount":"10.5","extra":"0","mta_tax":"0.5","tip_amount":"0","tolls_amount":"0","improvement_surcharge":"0.3","total_amount":"11.3","congestion_surcharge":""},{"VendorID":"1","tpep_pickup_datetime":"2023-03-11 13:49:59","tpep_dropoff_datetime":"2023-12-05 14:03:13","passenger_count":"1","trip_distance":"2.50","RatecodeID":"1","store_and_fwd_flag":"N","PULocationID":"142","DOLocationID":"24","payment_type":"1","fare_amount":"12","extra":"0","mta_tax":"0.5","tip_amount":"3.2","tolls_amount":"0","improvement_surcharge":"0.3","total_amount":"16","congestion_surcharge":""},{"VendorID":"2","tpep_pickup_datetime":"2024-01-29 13:11:13","tpep_dropoff_datetime":"2023-01-12 13:42:18","passenger_count":"1","trip_distance":"4.27","RatecodeID":"1","store_and_fwd_flag":"N","PULocationID":"239","DOLocationID":"137","payment_type":"1","fare_amount":"21","extra":"0","mta_tax":"0.5","tip_amount":"4.36","tolls_amount":"0","improvement_surcharge":"0.3","total_amount":"26.16","congestion_surcharge":""},{"VendorID":"2","tpep_pickup_datetime":"2023-12-19 13:45:10","tpep_dropoff_datetime":"2023-04-17 13:59:25","passenger_count":"1","trip_distance":"1.37","RatecodeID":"1","store_and_fwd_flag":"N","PULocationID":"233","DOLocationID":"100","payment_type":"1","fare_amount":"10","extra":"0","mta_tax":"0.5","tip_amount":"2.16","tolls_amount":"0","improvement_surcharge":"0.3","total_amount":"12.96","congestion_surcharge":""},{"VendorID":"1","tpep_pickup_datetime":"2023-12-19 13:14:23","tpep_dropoff_datetime":"2023-05-02 13:18:11","passenger_count":"1","trip_distance":".80","RatecodeID":"1","store_and_fwd_flag":"N","PULocationID":"137","DOLocationID":"79","payment_type":"1","fare_amount":"5","extra":"0","mta_tax":"0.5","tip_amount":"1.5","tolls_amount":"0","improvement_surcharge":"0.3","total_amount":"7.3","congestion_surcharge":""},{"VendorID":"1","tpep_pickup_datetime":"2023-07-04 13:22:23","tpep_dropoff_datetime":"2023-02-12 13:50:34","passenger_count":"1","trip_distance":"3.60","RatecodeID":"1","store_and_fwd_flag":"N","PULocationID":"79","DOLocationID":"140","payment_type":"1","fare_amount":"19","extra":"0","mta_tax":"0.5","tip_amount":"0.7","tolls_amount":"0","improvement_surcharge":"0.3","total_amount":"20.5","congestion_surcharge":""},{"VendorID":"1","tpep_pickup_datetime":"2024-01-10 13:56:49","tpep_dropoff_datetime":"2023-12-18 14:15:27","passenger_count":"1","trip_distance":".70","RatecodeID":"1","store_and_fwd_flag":"N","PULocationID":"141","DOLocationID":"229","payment_type":"1","fare_amount":"11.5","extra":"0","mta_tax":"0.5","tip_amount":"2","tolls_amount":"0","improvement_surcharge":"0.3","total_amount":"14.3","congestion_surcharge":""},{"VendorID":"2","tpep_pickup_datetime":"2023-09-12 13:44:46","tpep_dropoff_datetime":"2023-03-30 14:01:20","passenger_count":"3","trip_distance":"2.56","RatecodeID":"1","store_and_fwd_flag":"N","PULocationID":"164","DOLocationID":"125","payment_type":"1","fare_amount":"12","extra":"0","mta_tax":"0.5","tip_amount":"0","tolls_amount":"0","improvement_surcharge":"0.3","total_amount":"12.8","congestion_surcharge":""},{"VendorID":"2","tpep_pickup_datetime":"2023-04-11 13:04:05","tpep_dropoff_datetime":"2023-06-28 13:18:26","passenger_count":"2","trip_distance":"1.57","RatecodeID":"1","store_and_fwd_flag":"N","PULocationID":"43","DOLocationID":"48","payment_type":"2","fare_amount":"10.5","extra":"0","mta_tax":"0.5","tip_amount":"0","tolls_amount":"0","improvement_surcharge":"0.3","total_amount":"11.3","congestion_surcharge":""},{"VendorID":"2","tpep_pickup_datetime":"2023-08-11 13:20:16","tpep_dropoff_datetime":"2023-07-10 13:37:17","passenger_count":"2","trip_distance":"1.33","RatecodeID":"1","store_and_fwd_flag":"N","PULocationID":"48","DOLocationID":"164","payment_type":"2","fare_amount":"11","extra":"0","mta_tax":"0.5","tip_amount":"0","tolls_amount":"0","improvement_surcharge":"0.3","total_amount":"11.8","congestion_surcharge":""},{"VendorID":"2","tpep_pickup_datetime":"2023-09-21 13:13:41","tpep_dropoff_datetime":"2023-02-17 13:41:14","passenger_count":"1","trip_distance":"4.36","RatecodeID":"1","store_and_fwd_flag":"N","PULocationID":"236","DOLocationID":"68","payment_type":"2","fare_amount":"19.5","extra":"0","mta_tax":"0.5","tip_amount":"0","tolls_amount":"0","improvement_surcharge":"0.3","total_amount":"20.3","congestion_surcharge":""},{"VendorID":"1","tpep_pickup_datetime":"2023-05-08 13:20:23","tpep_dropoff_datetime":"2023-11-28 13:46:22","passenger_count":"2","trip_distance":"3.80","RatecodeID":"1","store_and_fwd_flag":"N","PULocationID":"211","DOLocationID":"237","payment_type":"1","fare_amount":"18","extra":"0","mta_tax":"0.5","tip_amount":"3.75","tolls_amount":"0","improvement_surcharge":"0.3","total_amount":"22.55","congestion_surcharge":""},{"VendorID":"1","tpep_pickup_datetime":"2023-12-13 13:48:17","tpep_dropoff_datetime":"2023-02-24 13:51:02","passenger_count":"0","trip_distance":".80","RatecodeID":"1","store_and_fwd_flag":"N","PULocationID":"237","DOLocationID":"237","payment_type":"2","fare_amount":"4.5","extra":"0","mta_tax":"0.5","tip_amount":"0","tolls_amount":"0","improvement_surcharge":"0.3","total_amount":"5.3","congestion_surcharge":""},{"VendorID":"2","tpep_pickup_datetime":"2023-07-11 13:25:41","tpep_dropoff_datetime":"2023-07-28 13:36:26","passenger_count":"1","trip_distance":"1.45","RatecodeID":"1","store_and_fwd_flag":"N","PULocationID":"161","DOLocationID":"237","payment_type":"1","fare_amount":"8.5","extra":"0","mta_tax":"0.5","tip_amount":"1.86","tolls_amount":"0","improvement_surcharge":"0.3","total_amount":"11.16","congestion_surcharge":""},{"VendorID":"2","tpep_pickup_datetime":"2023-03-28 13:52:06","tpep_dropoff_datetime":"2023-07-23 13:55:12","passenger_count":"1","trip_distance":".45","RatecodeID":"1","store_and_fwd_flag":"N","PULocationID":"141","DOLocationID":"140","payment_type":"1","fare_amount":"4","extra":"0","mta_tax":"0.5","tip_amount":"5","tolls_amount":"0","improvement_surcharge":"0.3","total_amount":"9.8","congestion_surcharge":""},{"VendorID":"2","tpep_pickup_datetime":"2023-05-31 13:25:24","tpep_dropoff_datetime":"2024-01-02 13:28:56","passenger_count":"1","trip_distance":".49","RatecodeID":"1","store_and_fwd_flag":"N","PULocationID":"239","DOLocationID":"143","payment_type":"1","fare_amount":"4.5","extra":"0","mta_tax":"0.5","tip_amount":"1","tolls_amount":"0","improvement_surcharge":"0.3","total_amount":"6.3","congestion_surcharge":""},{"VendorID":"2","tpep_pickup_datetime":"2023-09-18 13:40:22","tpep_dropoff_datetime":"2023-05-18 13:57:38","passenger_count":"1","trip_distance":"1.87","RatecodeID":"1","store_and_fwd_flag":"N","PULocationID":"48","DOLocationID":"90","payment_type":"1","fare_amount":"12","extra":"0","mta_tax":"0.5","tip_amount":"3","tolls_amount":"0","improvement_surcharge":"0.3","total_amount":"15.8","congestion_surcharge":""},{"VendorID":"2","tpep_pickup_datetime":"2023-11-15 13:18:28","tpep_dropoff_datetime":"2023-05-31 13:58:15","passenger_count":"2","trip_distance":"17.38","RatecodeID":"2","store_and_fwd_flag":"N","PULocationID":"132","DOLocationID":"68","payment_type":"2","fare_amount":"52","extra":"0","mta_tax":"0.5","tip_amount":"0","tolls_amount":"5.76","improvement_surcharge":"0.3","total_amount":"58.56","congestion_surcharge":""},{"VendorID":"1","tpep_pickup_datetime":"2023-05-08 13:05:01","tpep_dropoff_datetime":"2023-04-23 13:20:59","passenger_count":"1","trip_distance":"1.10","RatecodeID":"1","store_and_fwd_flag":"N","PULocationID":"90","DOLocationID":"100","payment_type":"2","fare_amount":"10.5","extra":"0","mta_tax":"0.5","tip_amount":"0","tolls_amount":"0","improvement_surcharge":"0.3","total_amount":"11.3","congestion_surcharge":""},{"VendorID":"1","tpep_pickup_datetime":"2023-11-16 13:25:16","tpep_dropoff_datetime":"2023-02-14 13:29:41","passenger_count":"1","trip_distance":".30","RatecodeID":"1","store_and_fwd_flag":"N","PULocationID":"186","DOLocationID":"164","payment_type":"1","fare_amount":"4.5","extra":"0","mta_tax":"0.5","tip_amount":"1.05","tolls_amount":"0","improvement_surcharge":"0.3","total_amount":"6.35","congestion_surcharge":""},{"VendorID":"1","tpep_pickup_datetime":"2023-09-04 13:42:35","tpep_dropoff_datetime":"2024-01-12 13:46:22","passenger_count":"1","trip_distance":".50","RatecodeID":"1","store_and_fwd_flag":"N","PULocationID":"229","DOLocationID":"233","payment_type":"1","fare_amount":"4.5","extra":"0","mta_tax":"0.5","tip_amount":"2","tolls_amount":"0","improvement_surcharge":"0.3","total_amount":"7.3","congestion_surcharge":""},{"VendorID":"1","tpep_pickup_datetime":"2023-12-30 13:48:07","tpep_dropoff_datetime":"2023-12-22 14:02:20","passenger_count":"1","trip_distance":"3.10","RatecodeID":"1","store_and_fwd_flag":"N","PULocationID":"233","DOLocationID":"211","payment_type":"1","fare_amount":"12.5","extra":"0","mta_tax":"0.5","tip_amount":"0","tolls_amount":"0","improvement_surcharge":"0.3","total_amount":"13.3","congestion_surcharge":""},{"VendorID":"2","tpep_pickup_datetime":"2024-02-02 13:19:23","tpep_dropoff_datetime":"2023-03-22 13:28:41","passenger_count":"4","trip_distance":".99","RatecodeID":"1","store_and_fwd_flag":"N","PULocationID":"229","DOLocationID":"164","payment_type":"2","fare_amount":"7.5","extra":"0","mta_tax":"0.5","tip_amount":"0","tolls_amount":"0","improvement_surcharge":"0.3","total_amount":"8.3","congestion_surcharge":""},{"VendorID":"2","tpep_pickup_datetime":"2023-11-17 13:47:30","tpep_dropoff_datetime":"2023-06-03 13:59:10","passenger_count":"4","trip_distance":"1.55","RatecodeID":"1","store_and_fwd_flag":"N","PULocationID":"234","DOLocationID":"144","payment_type":"2","fare_amount":"9","extra":"0","mta_tax":"0.5","tip_amount":"0","tolls_amount":"0","improvement_surcharge":"0.3","total_amount":"9.8","congestion_surcharge":""},{"VendorID":"1","tpep_pickup_datetime":"2023-01-16 13:08:00","tpep_dropoff_datetime":"2023-06-17 13:14:24","passenger_count":"1","trip_distance":"1.20","RatecodeID":"1","store_and_fwd_flag":"N","PULocationID":"142","DOLocationID":"237","payment_type":"1","fare_amount":"6.5","extra":"0","mta_tax":"0.5","tip_amount":"2","tolls_amount":"0","improvement_surcharge":"0.3","total_amount":"9.3","congestion_surcharge":""},{"VendorID":"1","tpep_pickup_datetime":"2023-12-18 13:26:59","tpep_dropoff_datetime":"2023-12-01 13:50:10","passenger_count":"1","trip_distance":"3.00","RatecodeID":"1","store_and_fwd_flag":"N","PULocationID":"236","DOLocationID":"170","payment_type":"1","fare_amount":"16.5","extra":"0","mta_tax":"0.5","tip_amount":"3.45","tolls_amount":"0","improvement_surcharge":"0.3","total_amount":"20.75","congestion_surcharge":""},{"VendorID":"1","tpep_pickup_datetime":"2024-01-02 13:00:08","tpep_dropoff_datetime":"2023-10-12 13:22:35","passenger_count":"1","trip_distance":"5.70","RatecodeID":"1","store_and_fwd_flag":"N","PULocationID":"151","DOLocationID":"186","payment_type":"2","fare_amount":"21","extra":"0","mta_tax":"0.5","tip_amount":"0","tolls_amount":"0","improvement_surcharge":"0.3","total_amount":"21.8","congestion_surcharge":""},{"VendorID":"1","tpep_pickup_datetime":"2023-09-26 13:40:21","tpep_dropoff_datetime":"2023-08-16 13:48:52","passenger_count":"1","trip_distance":".60","RatecodeID":"1","store_and_fwd_flag":"Y","PULocationID":"161","DOLocationID":"163","payment_type":"1","fare_amount":"6.5","extra":"0","mta_tax":"0.5","tip_amount":"1.45","tolls_amount":"0","improvement_surcharge":"0.3","total_amount":"8.75","congestion_surcharge":""},{"VendorID":"1","tpep_pickup_datetime":"2023-08-26 13:54:58","tpep_dropoff_datetime":"2023-03-11 14:04:17","passenger_count":"2","trip_distance":".70","RatecodeID":"1","store_and_fwd_flag":"N","PULocationID":"43","DOLocationID":"161","payment_type":"2","fare_amount":"7","extra":"0","mta_tax":"0.5","tip_amount":"0","tolls_amount":"0","improvement_surcharge":"0.3","total_amount":"7.8","congestion_surcharge":""},{"VendorID":"2","tpep_pickup_datetime":"2023-08-12 12:54:28","tpep_dropoff_datetime":"2023-06-12 13:07:46","passenger_count":"3","trip_distance":"1.35","RatecodeID":"1","store_and_fwd_flag":"N","PULocationID":"90","DOLocationID":"170","payment_type":"1","fare_amount":"9.5","extra":"0","mta_tax":"0.5","tip_amount":"1.54","tolls_amount":"0","improvement_surcharge":"0.3","total_amount":"11.84","congestion_surcharge":""},{"VendorID":"2","tpep_pickup_datetime":"2023-07-16 13:13:53","tpep_dropoff_datetime":"2023-11-12 13:23:50","passenger_count":"3","trip_distance":".99","RatecodeID":"1","store_and_fwd_flag":"N","PULocationID":"162","DOLocationID":"237","payment_type":"1","fare_amount":"8","extra":"0","mta_tax":"0.5","tip_amount":"1.76","tolls_amount":"0","improvement_surcharge":"0.3","total_amount":"10.56","congestion_surcharge":""},{"VendorID":"2","tpep_pickup_datetime":"2023-12-30 13:40:10","tpep_dropoff_datetime":"2023-12-09 13:49:13","passenger_count":"3","trip_distance":"2.08","RatecodeID":"1","store_and_fwd_flag":"N","PULocationID":"43","DOLocationID":"166","payment_type":"2","fare_amount":"8.5","extra":"0","mta_tax":"0.5","tip_amount":"0","tolls_amount":"0","improvement_surcharge":"0.3","total_amount":"9.3","congestion_surcharge":""},{"VendorID":"4","tpep_pickup_datetime":"2023-05-02 13:03:26","tpep_dropoff_datetime":"2023-09-20 13:15:56","passenger_count":"1","trip_distance":"1.68","RatecodeID":"1","store_and_fwd_flag":"N","PULocationID":"13","DOLocationID":"144","payment_type":"1","fare_amount":"10","extra":"0","mta_tax":"0.5","tip_amount":"2.16","tolls_amount":"0","improvement_surcharge":"0.3","total_amount":"12.96","congestion_surcharge":""},{"VendorID":"4","tpep_pickup_datetime":"2023-09-05 13:41:05","tpep_dropoff_datetime":"2024-01-14 13:47:08","passenger_count":"1","trip_distance":".69","RatecodeID":"1","store_and_fwd_flag":"N","PULocationID":"234","DOLocationID":"90","payment_type":"1","fare_amount":"6","extra":"0","mta_tax":"0.5","tip_amount":"1.36","tolls_amount":"0","improvement_surcharge":"0.3","total_amount":"8.16","congestion_surcharge":""},{"VendorID":"2","tpep_pickup_datetime":"2023-08-19 13:13:50","tpep_dropoff_datetime":"2023-09-29 14:00:36","passenger_count":"1","trip_distance":"26.06","RatecodeID":"5","store_and_fwd_flag":"N","PULocationID":"263","DOLocationID":"201","payment_type":"1","fare_amount":"67.3","extra":"0","mta_tax":"0","tip_amount":"0","tolls_amount":"7.92","improvement_surcharge":"0.3","total_amount":"75.52","congestion_surcharge":""},{"VendorID":"1","tpep_pickup_datetime":"2023-05-13 13:02:49","tpep_dropoff_datetime":"2023-04-02 13:15:40","passenger_count":"2","trip_distance":"2.50","RatecodeID":"1","store_and_fwd_flag":"N","PULocationID":"238","DOLocationID":"163","payment_type":"1","fare_amount":"11.5","extra":"0","mta_tax":"0.5","tip_amount":"3.05","tolls_amount":"0","improvement_surcharge":"0.3","total_amount":"15.35","congestion_surcharge":""},{"VendorID":"1","tpep_pickup_datetime":"2023-09-11 13:18:56","tpep_dropoff_datetime":"2023-07-12 13:26:23","passenger_count":"3","trip_distance":"1.20","RatecodeID":"1","store_and_fwd_flag":"N","PULocationID":"237","DOLocationID":"142","payment_type":"1","fare_amount":"7","extra":"0","mta_tax":"0.5","tip_amount":"1.56","tolls_amount":"0","improvement_surcharge":"0.3","total_amount":"9.36","congestion_surcharge":""},{"VendorID":"1","tpep_pickup_datetime":"2023-12-21 13:39:08","tpep_dropoff_datetime":"2023-02-27 13:45:10","passenger_count":"1","trip_distance":"1.20","RatecodeID":"1","store_and_fwd_flag":"N","PULocationID":"239","DOLocationID":"236","payment_type":"1","fare_amount":"6.5","extra":"0","mta_tax":"0.5","tip_amount":"2.15","tolls_amount":"0","improvement_surcharge":"0.3","total_amount":"9.45","congestion_surcharge":""},{"VendorID":"1","tpep_pickup_datetime":"2023-03-27 13:53:00","tpep_dropoff_datetime":"2023-08-27 14:04:23","passenger_count":"1","trip_distance":"1.00","RatecodeID":"1","store_and_fwd_flag":"N","PULocationID":"237","DOLocationID":"140","payment_type":"2","fare_amount":"8.5","extra":"0","mta_tax":"0.5","tip_amount":"0","tolls_amount":"0","improvement_surcharge":"0.3","total_amount":"9.3","congestion_surcharge":""},{"VendorID":"2","tpep_pickup_datetime":"2023-11-30 13:51:42","tpep_dropoff_datetime":"2023-01-12 14:21:26","passenger_count":"1","trip_distance":"9.00","RatecodeID":"1","store_and_fwd_flag":"N","PULocationID":"138","DOLocationID":"239","payment_type":"1","fare_amount":"29.5","extra":"0","mta_tax":"0.5","tip_amount":"7.21","tolls_amount":"5.76","improvement_surcharge":"0.3","total_amount":"43.27","congestion_surcharge":""},{"VendorID":"2","tpep_pickup_datetime":"2023-09-04 13:32:43","tpep_dropoff_datetime":"2023-01-17 13:37:00","passenger_count":"5","trip_distance":".51","RatecodeID":"1","store_and_fwd_flag":"N","PULocationID":"236","DOLocationID":"237","payment_type":"1","fare_amount":"5","extra":"0","mta_tax":"0.5","tip_amount":"1.16","tolls_amount":"0","improvement_surcharge":"0.3","total_amount":"6.96","congestion_surcharge":""},{"VendorID":"2","tpep_pickup_datetime":"2023-04-07 13:48:32","tpep_dropoff_datetime":"2023-03-07 13:55:45","passenger_count":"1","trip_distance":"1.32","RatecodeID":"1","store_and_fwd_flag":"N","PULocationID":"43","DOLocationID":"238","payment_type":"2","fare_amount":"7","extra":"0","mta_tax":"0.5","tip_amount":"0","tolls_amount":"0","improvement_surcharge":"0.3","total_amount":"7.8","congestion_surcharge":""},{"VendorID":"1","tpep_pickup_datetime":"2023-12-17 13:39:37","tpep_dropoff_datetime":"2023-09-08 14:05:17","passenger_count":"1","trip_distance":"1.40","RatecodeID":"1","store_and_fwd_flag":"N","PULocationID":"233","DOLocationID":"186","payment_type":"1","fare_amount":"15.5","extra":"0","mta_tax":"0.5","tip_amount":"3.25","tolls_amount":"0","improvement_surcharge":"0.3","total_amount":"19.55","congestion_surcharge":""},{"VendorID":"2","tpep_pickup_datetime":"2024-01-19 13:18:14","tpep_dropoff_datetime":"2023-09-05 14:03:55","passenger_count":"1","trip_distance":"17.55","RatecodeID":"2","store_and_fwd_flag":"N","PULocationID":"237","DOLocationID":"132","payment_type":"2","fare_amount":"52","extra":"0","mta_tax":"0.5","tip_amount":"0","tolls_amount":"0","improvement_surcharge":"0.3","total_amount":"52.8","congestion_surcharge":""},{"VendorID":"2","tpep_pickup_datetime":"2023-11-08 13:48:17","tpep_dropoff_datetime":"2023-08-02 14:22:22","passenger_count":"1","trip_distance":"17.39","RatecodeID":"1","store_and_fwd_flag":"N","PULocationID":"138","DOLocationID":"125","payment_type":"1","fare_amount":"48","extra":"0","mta_tax":"0.5","tip_amount":"13.64","tolls_amount":"5.76","improvement_surcharge":"0.3","total_amount":"68.2","congestion_surcharge":""},{"VendorID":"4","tpep_pickup_datetime":"2023-03-12 13:44:38","tpep_dropoff_datetime":"2023-11-29 13:58:30","passenger_count":"1","trip_distance":"1.62","RatecodeID":"1","store_and_fwd_flag":"N","PULocationID":"163","DOLocationID":"100","payment_type":"1","fare_amount":"11","extra":"0","mta_tax":"0.5","tip_amount":"2.36","tolls_amount":"0","improvement_surcharge":"0.3","total_amount":"14.16","congestion_surcharge":""},{"VendorID":"1","tpep_pickup_datetime":"2023-12-05 13:14:51","tpep_dropoff_datetime":"2023-01-25 13:18:19","passenger_count":"1","trip_distance":".60","RatecodeID":"1","store_and_fwd_flag":"N","PULocationID":"239","DOLocationID":"142","payment_type":"2","fare_amount":"4.5","extra":"0","mta_tax":"0.5","tip_amount":"0","tolls_amount":"0","improvement_surcharge":"0.3","total_amount":"5.3","congestion_surcharge":""},{"VendorID":"1","tpep_pickup_datetime":"2023-04-01 13:33:48","tpep_dropoff_datetime":"2024-01-08 13:49:55","passenger_count":"1","trip_distance":"2.20","RatecodeID":"1","store_and_fwd_flag":"N","PULocationID":"239","DOLocationID":"163","payment_type":"1","fare_amount":"12","extra":"0","mta_tax":"0.5","tip_amount":"2.55","tolls_amount":"0","improvement_surcharge":"0.3","total_amount":"15.35","congestion_surcharge":""},{"VendorID":"2","tpep_pickup_datetime":"2024-02-04 13:13:20","tpep_dropoff_datetime":"2023-12-02 13:15:59","passenger_count":"5","trip_distance":".53","RatecodeID":"1","store_and_fwd_flag":"N","PULocationID":"41","DOLocationID":"166","payment_type":"1","fare_amount":"4","extra":"0","mta_tax":"0.5","tip_amount":"1","tolls_amount":"0","improvement_surcharge":"0.3","total_amount":"5.8","congestion_surcharge":""},{"VendorID":"2","tpep_pickup_datetime":"2023-10-19 13:26:44","tpep_dropoff_datetime":"2023-11-16 13:34:37","passenger_count":"5","trip_distance":"1.02","RatecodeID":"1","store_and_fwd_flag":"N","PULocationID":"75","DOLocationID":"263","payment_type":"1","fare_amount":"6.5","extra":"0","mta_tax":"0.5","tip_amount":"1.46","tolls_amount":"0","improvement_surcharge":"0.3","total_amount":"8.76","congestion_surcharge":""},{"VendorID":"2","tpep_pickup_datetime":"2024-01-05 13:29:12","tpep_dropoff_datetime":"2023-03-31 13:34:37","passenger_count":"1","trip_distance":"1.07","RatecodeID":"1","store_and_fwd_flag":"N","PULocationID":"164","DOLocationID":"234","payment_type":"1","fare_amount":"6","extra":"0","mta_tax":"0.5","tip_amount":"1.36","tolls_amount":"0","improvement_surcharge":"0.3","total_amount":"8.16","congestion_surcharge":""},{"VendorID":"2","tpep_pickup_datetime":"2023-04-02 13:32:07","tpep_dropoff_datetime":"2023-12-30 13:54:20","passenger_count":"2","trip_distance":"4.27","RatecodeID":"1","store_and_fwd_flag":"N","PULocationID":"136","DOLocationID":"136","payment_type":"1","fare_amount":"18","extra":"0","mta_tax":"0.5","tip_amount":"0","tolls_amount":"0","improvement_surcharge":"0.3","total_amount":"18.8","congestion_surcharge":""},{"VendorID":"1","tpep_pickup_datetime":"2023-10-20 13:59:44","tpep_dropoff_datetime":"2023-01-28 14:53:04","passenger_count":"3","trip_distance":"28.10","RatecodeID":"5","store_and_fwd_flag":"N","PULocationID":"13","DOLocationID":"132","payment_type":"1","fare_amount":"62","extra":"0","mta_tax":"0","tip_amount":"0","tolls_amount":"10.76","improvement_surcharge":"0.3","total_amount":"73.06","congestion_surcharge":""},{"VendorID":"2","tpep_pickup_datetime":"2023-04-30 13:42:30","tpep_dropoff_datetime":"2023-08-09 13:58:12","passenger_count":"1","trip_distance":"1.61","RatecodeID":"1","store_and_fwd_flag":"N","PULocationID":"140","DOLocationID":"161","payment_type":"1","fare_amount":"11","extra":"0","mta_tax":"0.5","tip_amount":"1.7","tolls_amount":"0","improvement_surcharge":"0.3","total_amount":"13.5","congestion_surcharge":""},{"VendorID":"1","tpep_pickup_datetime":"2023-04-28 13:26:47","tpep_dropoff_datetime":"2023-07-31 13:29:21","passenger_count":"1","trip_distance":".60","RatecodeID":"1","store_and_fwd_flag":"N","PULocationID":"229","DOLocationID":"162","payment_type":"1","fare_amount":"4","extra":"0","mta_tax":"0.5","tip_amount":"1.15","tolls_amount":"0","improvement_surcharge":"0.3","total_amount":"5.95","congestion_surcharge":""},{"VendorID":"2","tpep_pickup_datetime":"2023-09-27 13:13:36","tpep_dropoff_datetime":"2023-04-24 13:43:40","passenger_count":"1","trip_distance":"17.57","RatecodeID":"2","store_and_fwd_flag":"N","PULocationID":"132","DOLocationID":"74","payment_type":"1","fare_amount":"52","extra":"0","mta_tax":"0.5","tip_amount":"0","tolls_amount":"5.76","improvement_surcharge":"0.3","total_amount":"58.56","congestion_surcharge":""},{"VendorID":"1","tpep_pickup_datetime":"2023-02-17 13:50:50","tpep_dropoff_datetime":"2023-10-04 14:06:03","passenger_count":"1","trip_distance":"6.10","RatecodeID":"1","store_and_fwd_flag":"N","PULocationID":"138","DOLocationID":"160","payment_type":"1","fare_amount":"19","extra":"0","mta_tax":"0.5","tip_amount":"0.01","tolls_amount":"0","improvement_surcharge":"0.3","total_amount":"19.81","congestion_surcharge":""},{"VendorID":"1","tpep_pickup_datetime":"2023-02-12 13:10:01","tpep_dropoff_datetime":"2023-05-07 13:13:42","passenger_count":"1","trip_distance":"1.30","RatecodeID":"1","store_and_fwd_flag":"N","PULocationID":"237","DOLocationID":"236","payment_type":"1","fare_amount":"5.5","extra":"0","mta_tax":"0.5","tip_amount":"1.25","tolls_amount":"0","improvement_surcharge":"0.3","total_amount":"7.55","congestion_surcharge":""},{"VendorID":"1","tpep_pickup_datetime":"2023-07-02 13:39:41","tpep_dropoff_datetime":"2023-08-04 13:51:51","passenger_count":"0","trip_distance":"1.60","RatecodeID":"1","store_and_fwd_flag":"N","PULocationID":"158","DOLocationID":"107","payment_type":"1","fare_amount":"9","extra":"0","mta_tax":"0.5","tip_amount":"2.9","tolls_amount":"0","improvement_surcharge":"0.3","total_amount":"12.7","congestion_surcharge":""},{"VendorID":"1","tpep_pickup_datetime":"2023-07-13 13:57:40","tpep_dropoff_datetime":"2023-06-02 14:17:33","passenger_count":"0","trip_distance":"2.30","RatecodeID":"1","store_and_fwd_flag":"N","PULocationID":"79","DOLocationID":"68","payment_type":"1","fare_amount":"13.5","extra":"0","mta_tax":"0.5","tip_amount":"2.85","tolls_amount":"0","improvement_surcharge":"0.3","total_amount":"17.15","congestion_surcharge":""},{"VendorID":"2","tpep_pickup_datetime":"2023-12-10 13:38:07","tpep_dropoff_datetime":"2023-09-21 13:52:46","passenger_count":"3","trip_distance":"5.28","RatecodeID":"1","store_and_fwd_flag":"N","PULocationID":"231","DOLocationID":"164","payment_type":"1","fare_amount":"18.5","extra":"0","mta_tax":"0.5","tip_amount":"3.86","tolls_amount":"0","improvement_surcharge":"0.3","total_amount":"23.16","congestion_surcharge":""},{"VendorID":"1","tpep_pickup_datetime":"2023-09-05 13:56:30","tpep_dropoff_datetime":"2023-08-01 14:05:09","passenger_count":"1","trip_distance":"1.00","RatecodeID":"1","store_and_fwd_flag":"N","PULocationID":"170","DOLocationID":"161","payment_type":"1","fare_amount":"7.5","extra":"0","mta_tax":"0.5","tip_amount":"1.65","tolls_amount":"0","improvement_surcharge":"0.3","total_amount":"9.95","congestion_surcharge":""},{"VendorID":"1","tpep_pickup_datetime":"2023-07-15 13:10:45","tpep_dropoff_datetime":"2023-06-21 13:22:07","passenger_count":"2","trip_distance":"1.20","RatecodeID":"1","store_and_fwd_flag":"N","PULocationID":"233","DOLocationID":"234","payment_type":"1","fare_amount":"8.5","extra":"0","mta_tax":"0.5","tip_amount":"1.85","tolls_amount":"0","improvement_surcharge":"0.3","total_amount":"11.15","congestion_surcharge":""},{"VendorID":"1","tpep_pickup_datetime":"2023-03-03 13:49:43","tpep_dropoff_datetime":"2023-07-23 14:00:38","passenger_count":"4","trip_distance":"1.70","RatecodeID":"1","store_and_fwd_flag":"N","PULocationID":"158","DOLocationID":"48","payment_type":"1","fare_amount":"9","extra":"0","mta_tax":"0.5","tip_amount":"1.95","tolls_amount":"0","improvement_surcharge":"0.3","total_amount":"11.75","congestion_surcharge":""},{"VendorID":"4","tpep_pickup_datetime":"2023-04-20 13:29:59","tpep_dropoff_datetime":"2023-07-12 13:46:10","passenger_count":"1","trip_distance":"1.29","RatecodeID":"1","store_and_fwd_flag":"N","PULocationID":"170","DOLocationID":"161","payment_type":"1","fare_amount":"11","extra":"0","mta_tax":"0.5","tip_amount":"2.36","tolls_amount":"0","improvement_surcharge":"0.3","total_amount":"14.16","congestion_surcharge":""},{"VendorID":"1","tpep_pickup_datetime":"2023-08-11 13:13:10","tpep_dropoff_datetime":"2023-06-20 13:32:38","passenger_count":"1","trip_distance":"4.30","RatecodeID":"1","store_and_fwd_flag":"N","PULocationID":"43","DOLocationID":"79","payment_type":"1","fare_amount":"17","extra":"0","mta_tax":"0.5","tip_amount":"3.55","tolls_amount":"0","improvement_surcharge":"0.3","total_amount":"21.35","congestion_surcharge":""},{"VendorID":"1","tpep_pickup_datetime":"2023-08-07 13:43:48","tpep_dropoff_datetime":"2023-04-15 13:46:48","passenger_count":"1","trip_distance":".30","RatecodeID":"1","store_and_fwd_flag":"N","PULocationID":"234","DOLocationID":"107","payment_type":"1","fare_amount":"4","extra":"0","mta_tax":"0.5","tip_amount":"1","tolls_amount":"0","improvement_surcharge":"0.3","total_amount":"5.8","congestion_surcharge":""},{"VendorID":"2","tpep_pickup_datetime":"2023-05-31 13:51:51","tpep_dropoff_datetime":"2023-04-24 13:54:42","passenger_count":"1","trip_distance":".40","RatecodeID":"1","store_and_fwd_flag":"N","PULocationID":"237","DOLocationID":"237","payment_type":"1","fare_amount":"4","extra":"0","mta_tax":"0.5","tip_amount":"1.44","tolls_amount":"0","improvement_surcharge":"0.3","total_amount":"6.24","congestion_surcharge":""},{"VendorID":"2","tpep_pickup_datetime":"2023-10-10 13:24:16","tpep_dropoff_datetime":"2023-06-14 13:42:41","passenger_count":"1","trip_distance":"5.34","RatecodeID":"1","store_and_fwd_flag":"N","PULocationID":"114","DOLocationID":"140","payment_type":"1","fare_amount":"19","extra":"0","mta_tax":"0.5","tip_amount":"4.95","tolls_amount":"0","improvement_surcharge":"0.3","total_amount":"24.75","congestion_surcharge":""},{"VendorID":"1","tpep_pickup_datetime":"2023-10-11 13:07:17","tpep_dropoff_datetime":"2023-08-26 13:15:12","passenger_count":"2","trip_distance":"1.30","RatecodeID":"1","store_and_fwd_flag":"N","PULocationID":"162","DOLocationID":"234","payment_type":"1","fare_amount":"7","extra":"0","mta_tax":"0.5","tip_amount":"1.55","tolls_amount":"0","improvement_surcharge":"0.3","total_amount":"9.35","congestion_surcharge":""},{"VendorID":"1","tpep_pickup_datetime":"2023-12-19 13:21:21","tpep_dropoff_datetime":"2023-05-09 13:41:10","passenger_count":"2","trip_distance":"2.10","RatecodeID":"1","store_and_fwd_flag":"N","PULocationID":"186","DOLocationID":"233","payment_type":"1","fare_amount":"13.5","extra":"0","mta_tax":"0.5","tip_amount":"2.85","tolls_amount":"0","improvement_surcharge":"0.3","total_amount":"17.15","congestion_surcharge":""},{"VendorID":"2","tpep_pickup_datetime":"2023-01-21 12:17:19","tpep_dropoff_datetime":"2023-10-16 12:23:58","passenger_count":"1","trip_distance":".59","RatecodeID":"1","store_and_fwd_flag":"N","PULocationID":"90","DOLocationID":"107","payment_type":"1","fare_amount":"5.5","extra":"0","mta_tax":"0.5","tip_amount":"1.89","tolls_amount":"0","improvement_surcharge":"0.3","total_amount":"8.19","congestion_surcharge":""},{"VendorID":"2","tpep_pickup_datetime":"2023-11-02 13:23:29","tpep_dropoff_datetime":"2023-10-04 13:31:20","passenger_count":"3","trip_distance":"1.08","RatecodeID":"1","store_and_fwd_flag":"N","PULocationID":"113","DOLocationID":"158","payment_type":"1","fare_amount":"7","extra":"0","mta_tax":"0.5","tip_amount":"1.56","tolls_amount":"0","improvement_surcharge":"0.3","total_amount":"9.36","congestion_surcharge":""},{"VendorID":"1","tpep_pickup_datetime":"2023-05-07 13:50:24","tpep_dropoff_datetime":"2023-08-04 14:09:26","passenger_count":"1","trip_distance":"1.40","RatecodeID":"1","store_and_fwd_flag":"N","PULocationID":"68","DOLocationID":"170","payment_type":"1","fare_amount":"12","extra":"0","mta_tax":"0.5","tip_amount":"3.2","tolls_amount":"0","improvement_surcharge":"0.3","total_amount":"16","congestion_surcharge":""},{"VendorID":"1","tpep_pickup_datetime":"2023-08-28 13:42:40","tpep_dropoff_datetime":"2024-02-02 14:22:10","passenger_count":"1","trip_distance":"11.90","RatecodeID":"1","store_and_fwd_flag":"N","PULocationID":"138","DOLocationID":"143","payment_type":"1","fare_amount":"40","extra":"0","mta_tax":"0.5","tip_amount":"11.6","tolls_amount":"5.76","improvement_surcharge":"0.3","total_amount":"58.16","congestion_surcharge":""},{"VendorID":"2","tpep_pickup_datetime":"2023-06-20 13:04:30","tpep_dropoff_datetime":"2023-06-24 13:34:07","passenger_count":"1","trip_distance":"14.13","RatecodeID":"1","store_and_fwd_flag":"N","PULocationID":"137","DOLocationID":"51","payment_type":"1","fare_amount":"40.5","extra":"0","mta_tax":"0.5","tip_amount":"0","tolls_amount":"0","improvement_surcharge":"0.3","total_amount":"41.3","congestion_surcharge":""},{"VendorID":"2","tpep_pickup_datetime":"2023-05-23 13:17:16","tpep_dropoff_datetime":"2023-06-23 13:25:35","passenger_count":"1","trip_distance":"2.95","RatecodeID":"1","store_and_fwd_flag":"N","PULocationID":"166","DOLocationID":"244","payment_type":"1","fare_amount":"10.5","extra":"0","mta_tax":"0.5","tip_amount":"2.26","tolls_amount":"0","improvement_surcharge":"0.3","total_amount":"13.56","congestion_surcharge":""},{"VendorID":"2","tpep_pickup_datetime":"2023-12-05 13:28:11","tpep_dropoff_datetime":"2023-07-10 13:47:22","passenger_count":"1","trip_distance":"10.44","RatecodeID":"1","store_and_fwd_flag":"N","PULocationID":"244","DOLocationID":"57","payment_type":"1","fare_amount":"30","extra":"0","mta_tax":"0.5","tip_amount":"7.31","tolls_amount":"5.76","improvement_surcharge":"0.3","total_amount":"43.87","congestion_surcharge":""},{"VendorID":"2","tpep_pickup_datetime":"2023-06-10 13:14:43","tpep_dropoff_datetime":"2023-05-26 13:19:24","passenger_count":"5","trip_distance":".78","RatecodeID":"1","store_and_fwd_flag":"N","PULocationID":"163","DOLocationID":"237","payment_type":"1","fare_amount":"5","extra":"0","mta_tax":"0.5","tip_amount":"1.16","tolls_amount":"0","improvement_surcharge":"0.3","total_amount":"6.96","congestion_surcharge":""},{"VendorID":"2","tpep_pickup_datetime":"2023-03-07 12:56:18","tpep_dropoff_datetime":"2023-11-12 12:57:04","passenger_count":"1","trip_distance":".00","RatecodeID":"5","store_and_fwd_flag":"N","PULocationID":"265","DOLocationID":"265","payment_type":"1","fare_amount":"59.5","extra":"0","mta_tax":"0","tip_amount":"14.06","tolls_amount":"10.5","improvement_surcharge":"0.3","total_amount":"84.36","congestion_surcharge":""},{"VendorID":"2","tpep_pickup_datetime":"2023-08-11 13:21:34","tpep_dropoff_datetime":"2023-01-01 13:32:21","passenger_count":"1","trip_distance":"1.53","RatecodeID":"1","store_and_fwd_flag":"N","PULocationID":"68","DOLocationID":"107","payment_type":"1","fare_amount":"9","extra":"0","mta_tax":"0.5","tip_amount":"2.45","tolls_amount":"0","improvement_surcharge":"0.3","total_amount":"12.25","congestion_surcharge":""},{"VendorID":"2","tpep_pickup_datetime":"2023-07-13 13:35:20","tpep_dropoff_datetime":"2023-04-02 13:43:23","passenger_count":"1","trip_distance":"1.17","RatecodeID":"1","store_and_fwd_flag":"N","PULocationID":"113","DOLocationID":"144","payment_type":"1","fare_amount":"7","extra":"0","mta_tax":"0.5","tip_amount":"1.56","tolls_amount":"0","improvement_surcharge":"0.3","total_amount":"9.36","congestion_surcharge":""},{"VendorID":"2","tpep_pickup_datetime":"2023-07-15 12:56:14","tpep_dropoff_datetime":"2023-07-13 13:04:31","passenger_count":"1","trip_distance":".78","RatecodeID":"1","store_and_fwd_flag":"N","PULocationID":"237","DOLocationID":"163","payment_type":"1","fare_amount":"7","extra":"0","mta_tax":"0.5","tip_amount":"1.56","tolls_amount":"0","improvement_surcharge":"0.3","total_amount":"9.36","congestion_surcharge":""},{"VendorID":"2","tpep_pickup_datetime":"2023-08-01 13:19:47","tpep_dropoff_datetime":"2023-06-29 13:41:06","passenger_count":"1","trip_distance":"3.56","RatecodeID":"1","store_and_fwd_flag":"N","PULocationID":"161","DOLocationID":"151","payment_type":"1","fare_amount":"16","extra":"0","mta_tax":"0.5","tip_amount":"0","tolls_amount":"0","improvement_surcharge":"0.3","total_amount":"16.8","congestion_surcharge":""},{"VendorID":"2","tpep_pickup_datetime":"2023-12-14 13:05:55","tpep_dropoff_datetime":"2023-04-08 13:12:41","passenger_count":"1","trip_distance":"1.48","RatecodeID":"1","store_and_fwd_flag":"N","PULocationID":"13","DOLocationID":"88","payment_type":"2","fare_amount":"7.5","extra":"0","mta_tax":"0.5","tip_amount":"0","tolls_amount":"0","improvement_surcharge":"0.3","total_amount":"8.3","congestion_surcharge":""},{"VendorID":"2","tpep_pickup_datetime":"2023-07-19 13:29:05","tpep_dropoff_datetime":"2023-01-14 13:31:39","passenger_count":"1","trip_distance":".32","RatecodeID":"1","store_and_fwd_flag":"N","PULocationID":"261","DOLocationID":"13","payment_type":"1","fare_amount":"3.5","extra":"0","mta_tax":"0.5","tip_amount":"2","tolls_amount":"0","improvement_surcharge":"0.3","total_amount":"6.3","congestion_surcharge":""},{"VendorID":"2","tpep_pickup_datetime":"2023-10-16 13:44:55","tpep_dropoff_datetime":"2023-12-14 14:00:57","passenger_count":"1","trip_distance":"3.34","RatecodeID":"1","store_and_fwd_flag":"N","PULocationID":"13","DOLocationID":"186","payment_type":"1","fare_amount":"14.5","extra":"0","mta_tax":"0.5","tip_amount":"3.82","tolls_amount":"0","improvement_surcharge":"0.3","total_amount":"19.12","congestion_surcharge":""},{"VendorID":"1","tpep_pickup_datetime":"2023-07-31 13:48:39","tpep_dropoff_datetime":"2023-05-25 13:54:38","passenger_count":"1","trip_distance":"1.00","RatecodeID":"1","store_and_fwd_flag":"N","PULocationID":"146","DOLocationID":"7","payment_type":"2","fare_amount":"5.5","extra":"0","mta_tax":"0.5","tip_amount":"0","tolls_amount":"0","improvement_surcharge":"0.3","total_amount":"6.3","congestion_surcharge":""},{"VendorID":"2","tpep_pickup_datetime":"2023-01-22 13:05:41","tpep_dropoff_datetime":"2023-10-13 13:45:09","passenger_count":"1","trip_distance":"9.18","RatecodeID":"1","store_and_fwd_flag":"N","PULocationID":"12","DOLocationID":"230","payment_type":"2","fare_amount":"34.5","extra":"0","mta_tax":"0.5","tip_amount":"0","tolls_amount":"0","improvement_surcharge":"0.3","total_amount":"35.3","congestion_surcharge":""},{"VendorID":"2","tpep_pickup_datetime":"2023-04-09 13:49:04","tpep_dropoff_datetime":"2023-01-26 13:53:37","passenger_count":"1","trip_distance":".62","RatecodeID":"1","store_and_fwd_flag":"N","PULocationID":"230","DOLocationID":"230","payment_type":"1","fare_amount":"5","extra":"0","mta_tax":"0.5","tip_amount":"1","tolls_amount":"0","improvement_surcharge":"0.3","total_amount":"6.8","congestion_surcharge":""},{"VendorID":"1","tpep_pickup_datetime":"2023-05-09 13:51:56","tpep_dropoff_datetime":"2023-11-28 13:56:19","passenger_count":"1","trip_distance":".80","RatecodeID":"1","store_and_fwd_flag":"N","PULocationID":"151","DOLocationID":"238","payment_type":"1","fare_amount":"5","extra":"0","mta_tax":"0.5","tip_amount":"1.15","tolls_amount":"0","improvement_surcharge":"0.3","total_amount":"6.95","congestion_surcharge":""},{"VendorID":"2","tpep_pickup_datetime":"2023-04-03 13:11:18","tpep_dropoff_datetime":"2023-12-07 13:15:42","passenger_count":"2","trip_distance":".60","RatecodeID":"1","store_and_fwd_flag":"N","PULocationID":"114","DOLocationID":"249","payment_type":"1","fare_amount":"5","extra":"0","mta_tax":"0.5","tip_amount":"1.45","tolls_amount":"0","improvement_surcharge":"0.3","total_amount":"7.25","congestion_surcharge":""},{"VendorID":"2","tpep_pickup_datetime":"2023-02-25 13:39:57","tpep_dropoff_datetime":"2023-04-01 13:52:19","passenger_count":"2","trip_distance":".65","RatecodeID":"1","store_and_fwd_flag":"N","PULocationID":"162","DOLocationID":"161","payment_type":"1","fare_amount":"8.5","extra":"0","mta_tax":"0.5","tip_amount":"2.79","tolls_amount":"0","improvement_surcharge":"0.3","total_amount":"12.09","congestion_surcharge":""},{"VendorID":"2","tpep_pickup_datetime":"2023-10-02 13:11:41","tpep_dropoff_datetime":"2023-05-22 13:24:17","passenger_count":"5","trip_distance":"1.28","RatecodeID":"1","store_and_fwd_flag":"N","PULocationID":"231","DOLocationID":"209","payment_type":"1","fare_amount":"9","extra":"0","mta_tax":"0.5","tip_amount":"1.96","tolls_amount":"0","improvement_surcharge":"0.3","total_amount":"11.76","congestion_surcharge":""},{"VendorID":"2","tpep_pickup_datetime":"2023-06-10 13:36:43","tpep_dropoff_datetime":"2023-11-28 14:19:42","passenger_count":"5","trip_distance":"15.13","RatecodeID":"1","store_and_fwd_flag":"N","PULocationID":"261","DOLocationID":"138","payment_type":"2","fare_amount":"46.5","extra":"0","mta_tax":"0.5","tip_amount":"0","tolls_amount":"5.76","improvement_surcharge":"0.3","total_amount":"53.06","congestion_surcharge":""},{"VendorID":"1","tpep_pickup_datetime":"2023-09-09 13:04:51","tpep_dropoff_datetime":"2023-07-01 13:27:08","passenger_count":"1","trip_distance":"3.50","RatecodeID":"1","store_and_fwd_flag":"N","PULocationID":"140","DOLocationID":"151","payment_type":"1","fare_amount":"17","extra":"0","mta_tax":"0.5","tip_amount":"3.55","tolls_amount":"0","improvement_surcharge":"0.3","total_amount":"21.35","congestion_surcharge":""},{"VendorID":"1","tpep_pickup_datetime":"2023-05-20 13:50:59","tpep_dropoff_datetime":"2023-07-29 14:08:37","passenger_count":"1","trip_distance":"5.00","RatecodeID":"1","store_and_fwd_flag":"N","PULocationID":"151","DOLocationID":"170","payment_type":"2","fare_amount":"18","extra":"0","mta_tax":"0.5","tip_amount":"0","tolls_amount":"0","improvement_surcharge":"0.3","total_amount":"18.8","congestion_surcharge":""},{"VendorID":"1","tpep_pickup_datetime":"2023-04-30 13:10:08","tpep_dropoff_datetime":"2023-01-25 13:13:09","passenger_count":"1","trip_distance":".40","RatecodeID":"1","store_and_fwd_flag":"N","PULocationID":"143","DOLocationID":"143","payment_type":"2","fare_amount":"4","extra":"0","mta_tax":"0.5","tip_amount":"0","tolls_amount":"0","improvement_surcharge":"0.3","total_amount":"4.8","congestion_surcharge":""},{"VendorID":"1","tpep_pickup_datetime":"2023-12-26 13:15:47","tpep_dropoff_datetime":"2024-01-16 13:29:15","passenger_count":"1","trip_distance":"2.50","RatecodeID":"1","store_and_fwd_flag":"N","PULocationID":"50","DOLocationID":"234","payment_type":"1","fare_amount":"11","extra":"0","mta_tax":"0.5","tip_amount":"2.95","tolls_amount":"0","improvement_surcharge":"0.3","total_amount":"14.75","congestion_surcharge":""},{"VendorID":"1","tpep_pickup_datetime":"2023-07-31 13:34:03","tpep_dropoff_datetime":"2023-07-15 13:39:13","passenger_count":"4","trip_distance":".70","RatecodeID":"1","store_and_fwd_flag":"N","PULocationID":"164","DOLocationID":"233","payment_type":"1","fare_amount":"5.5","extra":"0","mta_tax":"0.5","tip_amount":"1.25","tolls_amount":"0","improvement_surcharge":"0.3","total_amount":"7.55","congestion_surcharge":""},{"VendorID":"1","tpep_pickup_datetime":"2023-11-09 13:49:59","tpep_dropoff_datetime":"2023-05-18 14:05:56","passenger_count":"1","trip_distance":"3.30","RatecodeID":"1","store_and_fwd_flag":"N","PULocationID":"140","DOLocationID":"41","payment_type":"2","fare_amount":"13","extra":"0","mta_tax":"0.5","tip_amount":"0","tolls_amount":"0","improvement_surcharge":"0.3","total_amount":"13.8","congestion_surcharge":""},{"VendorID":"1","tpep_pickup_datetime":"2023-01-23 13:55:42","tpep_dropoff_datetime":"2023-07-16 14:17:06","passenger_count":"1","trip_distance":"8.90","RatecodeID":"1","store_and_fwd_flag":"N","PULocationID":"138","DOLocationID":"229","payment_type":"2","fare_amount":"27","extra":"0","mta_tax":"0.5","tip_amount":"0","tolls_amount":"5.76","improvement_surcharge":"0.3","total_amount":"33.56","congestion_surcharge":""},{"VendorID":"2","tpep_pickup_datetime":"2023-04-06 13:38:42","tpep_dropoff_datetime":"2023-02-21 13:44:14","passenger_count":"1","trip_distance":".90","RatecodeID":"1","store_and_fwd_flag":"N","PULocationID":"107","DOLocationID":"90","payment_type":"2","fare_amount":"6","extra":"0","mta_tax":"0.5","tip_amount":"0","tolls_amount":"0","improvement_surcharge":"0.3","total_amount":"6.8","congestion_surcharge":""},{"VendorID":"2","tpep_pickup_datetime":"2023-11-13 13:02:11","tpep_dropoff_datetime":"2023-04-12 13:11:07","passenger_count":"1","trip_distance":"1.00","RatecodeID":"1","store_and_fwd_flag":"N","PULocationID":"68","DOLocationID":"48","payment_type":"1","fare_amount":"7.5","extra":"0","mta_tax":"0.5","tip_amount":"1.66","tolls_amount":"0","improvement_surcharge":"0.3","total_amount":"9.96","congestion_surcharge":""},{"VendorID":"2","tpep_pickup_datetime":"2023-02-13 13:25:33","tpep_dropoff_datetime":"2023-02-12 13:40:55","passenger_count":"1","trip_distance":"1.13","RatecodeID":"1","store_and_fwd_flag":"N","PULocationID":"68","DOLocationID":"161","payment_type":"1","fare_amount":"10.5","extra":"0","mta_tax":"0.5","tip_amount":"1.13","tolls_amount":"0","improvement_surcharge":"0.3","total_amount":"12.43","congestion_surcharge":""},{"VendorID":"2","tpep_pickup_datetime":"2023-06-02 13:42:55","tpep_dropoff_datetime":"2023-07-01 13:49:41","passenger_count":"1","trip_distance":".75","RatecodeID":"1","store_and_fwd_flag":"N","PULocationID":"161","DOLocationID":"237","payment_type":"1","fare_amount":"6","extra":"0","mta_tax":"0.5","tip_amount":"1.2","tolls_amount":"0","improvement_surcharge":"0.3","total_amount":"8","congestion_surcharge":""},{"VendorID":"1","tpep_pickup_datetime":"2023-02-03 13:16:50","tpep_dropoff_datetime":"2024-01-25 13:26:21","passenger_count":"4","trip_distance":".80","RatecodeID":"1","store_and_fwd_flag":"N","PULocationID":"186","DOLocationID":"48","payment_type":"2","fare_amount":"7.5","extra":"0","mta_tax":"0.5","tip_amount":"0","tolls_amount":"0","improvement_surcharge":"0.3","total_amount":"8.3","congestion_surcharge":""},{"VendorID":"2","tpep_pickup_datetime":"2023-04-29 13:41:57","tpep_dropoff_datetime":"2024-01-05 13:54:22","passenger_count":"1","trip_distance":"1.84","RatecodeID":"1","store_and_fwd_flag":"N","PULocationID":"238","DOLocationID":"48","payment_type":"1","fare_amount":"10","extra":"0","mta_tax":"0.5","tip_amount":"2.16","tolls_amount":"0","improvement_surcharge":"0.3","total_amount":"12.96","congestion_surcharge":""},{"VendorID":"1","tpep_pickup_datetime":"2024-02-01 13:01:20","tpep_dropoff_datetime":"2023-09-28 13:13:46","passenger_count":"4","trip_distance":"2.10","RatecodeID":"1","store_and_fwd_flag":"N","PULocationID":"125","DOLocationID":"68","payment_type":"1","fare_amount":"10","extra":"0","mta_tax":"0.5","tip_amount":"1.62","tolls_amount":"0","improvement_surcharge":"0.3","total_amount":"12.42","congestion_surcharge":""},{"VendorID":"1","tpep_pickup_datetime":"2023-01-30 13:27:38","tpep_dropoff_datetime":"2023-06-26 13:35:13","passenger_count":"1","trip_distance":"1.30","RatecodeID":"1","store_and_fwd_flag":"N","PULocationID":"143","DOLocationID":"239","payment_type":"1","fare_amount":"7.5","extra":"0","mta_tax":"0.5","tip_amount":"0","tolls_amount":"0","improvement_surcharge":"0.3","total_amount":"8.3","congestion_surcharge":""},{"VendorID":"1","tpep_pickup_datetime":"2023-04-06 13:44:02","tpep_dropoff_datetime":"2023-02-21 14:04:24","passenger_count":"2","trip_distance":"3.40","RatecodeID":"1","store_and_fwd_flag":"N","PULocationID":"142","DOLocationID":"113","payment_type":"1","fare_amount":"15","extra":"0","mta_tax":"0.5","tip_amount":"2","tolls_amount":"0","improvement_surcharge":"0.3","total_amount":"17.8","congestion_surcharge":""},{"VendorID":"2","tpep_pickup_datetime":"2023-06-08 13:15:30","tpep_dropoff_datetime":"2024-01-08 13:24:38","passenger_count":"1","trip_distance":"1.41","RatecodeID":"1","store_and_fwd_flag":"N","PULocationID":"137","DOLocationID":"161","payment_type":"1","fare_amount":"8","extra":"0","mta_tax":"0.5","tip_amount":"1.76","tolls_amount":"0","improvement_surcharge":"0.3","total_amount":"10.56","congestion_surcharge":""},{"VendorID":"2","tpep_pickup_datetime":"2023-05-13 13:28:11","tpep_dropoff_datetime":"2023-06-27 13:33:04","passenger_count":"3","trip_distance":".55","RatecodeID":"1","store_and_fwd_flag":"N","PULocationID":"161","DOLocationID":"163","payment_type":"2","fare_amount":"5","extra":"0","mta_tax":"0.5","tip_amount":"0","tolls_amount":"0","improvement_surcharge":"0.3","total_amount":"5.8","congestion_surcharge":""},{"VendorID":"1","tpep_pickup_datetime":"2023-04-24 13:35:39","tpep_dropoff_datetime":"2023-01-18 13:42:45","passenger_count":"1","trip_distance":".90","RatecodeID":"1","store_and_fwd_flag":"N","PULocationID":"13","DOLocationID":"231","payment_type":"1","fare_amount":"6.5","extra":"0","mta_tax":"0.5","tip_amount":"1.45","tolls_amount":"0","improvement_surcharge":"0.3","total_amount":"8.75","congestion_surcharge":""},{"VendorID":"2","tpep_pickup_datetime":"2024-02-04 13:19:43","tpep_dropoff_datetime":"2023-07-10 13:41:38","passenger_count":"1","trip_distance":"2.82","RatecodeID":"1","store_and_fwd_flag":"N","PULocationID":"161","DOLocationID":"68","payment_type":"1","fare_amount":"15","extra":"0","mta_tax":"0.5","tip_amount":"3.16","tolls_amount":"0","improvement_surcharge":"0.3","total_amount":"18.96","congestion_surcharge":""},{"VendorID":"2","tpep_pickup_datetime":"2024-01-22 13:44:52","tpep_dropoff_datetime":"2023-05-27 13:50:51","passenger_count":"1","trip_distance":"1.11","RatecodeID":"1","store_and_fwd_flag":"N","PULocationID":"158","DOLocationID":"158","payment_type":"1","fare_amount":"6.5","extra":"0","mta_tax":"0.5","tip_amount":"1.46","tolls_amount":"0","improvement_surcharge":"0.3","total_amount":"8.76","congestion_surcharge":""},{"VendorID":"2","tpep_pickup_datetime":"2023-05-11 13:53:07","tpep_dropoff_datetime":"2023-02-22 13:59:26","passenger_count":"1","trip_distance":"1.70","RatecodeID":"1","store_and_fwd_flag":"N","PULocationID":"158","DOLocationID":"246","payment_type":"1","fare_amount":"7.5","extra":"0","mta_tax":"0.5","tip_amount":"2.08","tolls_amount":"0","improvement_surcharge":"0.3","total_amount":"10.38","congestion_surcharge":""},{"VendorID":"2","tpep_pickup_datetime":"2023-05-13 13:07:17","tpep_dropoff_datetime":"2023-04-04 13:16:17","passenger_count":"5","trip_distance":"1.31","RatecodeID":"1","store_and_fwd_flag":"N","PULocationID":"231","DOLocationID":"232","payment_type":"1","fare_amount":"7.5","extra":"0","mta_tax":"0.5","tip_amount":"2.08","tolls_amount":"0","improvement_surcharge":"0.3","total_amount":"10.38","congestion_surcharge":""},{"VendorID":"1","tpep_pickup_datetime":"2024-01-22 13:04:01","tpep_dropoff_datetime":"2023-12-31 13:16:11","passenger_count":"1","trip_distance":"2.20","RatecodeID":"1","store_and_fwd_flag":"N","PULocationID":"161","DOLocationID":"249","payment_type":"2","fare_amount":"10","extra":"0","mta_tax":"0.5","tip_amount":"0","tolls_amount":"0","improvement_surcharge":"0.3","total_amount":"10.8","congestion_surcharge":""},{"VendorID":"2","tpep_pickup_datetime":"2023-08-03 13:36:26","tpep_dropoff_datetime":"2023-09-04 13:38:29","passenger_count":"1","trip_distance":".56","RatecodeID":"1","store_and_fwd_flag":"N","PULocationID":"12","DOLocationID":"261","payment_type":"2","fare_amount":"4","extra":"0","mta_tax":"0.5","tip_amount":"0","tolls_amount":"0","improvement_surcharge":"0.3","total_amount":"4.8","congestion_surcharge":""},{"VendorID":"2","tpep_pickup_datetime":"2023-02-16 13:45:18","tpep_dropoff_datetime":"2023-09-25 14:10:49","passenger_count":"1","trip_distance":"4.73","RatecodeID":"1","store_and_fwd_flag":"N","PULocationID":"12","DOLocationID":"230","payment_type":"2","fare_amount":"20.5","extra":"0","mta_tax":"0.5","tip_amount":"0","tolls_amount":"0","improvement_surcharge":"0.3","total_amount":"21.3","congestion_surcharge":""},{"VendorID":"2","tpep_pickup_datetime":"2023-01-14 13:15:21","tpep_dropoff_datetime":"2024-01-18 13:21:11","passenger_count":"1","trip_distance":".64","RatecodeID":"1","store_and_fwd_flag":"N","PULocationID":"68","DOLocationID":"230","payment_type":"1","fare_amount":"5.5","extra":"0","mta_tax":"0.5","tip_amount":"0","tolls_amount":"0","improvement_surcharge":"0.3","total_amount":"6.3","congestion_surcharge":""},{"VendorID":"2","tpep_pickup_datetime":"2024-02-01 13:49:58","tpep_dropoff_datetime":"2023-05-05 14:01:50","passenger_count":"1","trip_distance":"1.76","RatecodeID":"1","store_and_fwd_flag":"N","PULocationID":"43","DOLocationID":"161","payment_type":"1","fare_amount":"10","extra":"0","mta_tax":"0.5","tip_amount":"2.16","tolls_amount":"0","improvement_surcharge":"0.3","total_amount":"12.96","congestion_surcharge":""},{"VendorID":"1","tpep_pickup_datetime":"2023-06-05 13:33:45","tpep_dropoff_datetime":"2023-09-01 13:39:21","passenger_count":"1","trip_distance":".80","RatecodeID":"1","store_and_fwd_flag":"N","PULocationID":"236","DOLocationID":"236","payment_type":"1","fare_amount":"5.5","extra":"0","mta_tax":"0.5","tip_amount":"1.25","tolls_amount":"0","improvement_surcharge":"0.3","total_amount":"7.55","congestion_surcharge":""},{"VendorID":"1","tpep_pickup_datetime":"2023-04-09 13:38:32","tpep_dropoff_datetime":"2024-01-02 13:47:07","passenger_count":"1","trip_distance":"1.10","RatecodeID":"1","store_and_fwd_flag":"N","PULocationID":"263","DOLocationID":"237","payment_type":"1","fare_amount":"7.5","extra":"0.5","mta_tax":"0.5","tip_amount":"3","tolls_amount":"0","improvement_surcharge":"0.3","total_amount":"11.8","congestion_surcharge":""},{"VendorID":"1","tpep_pickup_datetime":"2023-12-03 13:57:51","tpep_dropoff_datetime":"2023-08-29 14:13:44","passenger_count":"1","trip_distance":"6.10","RatecodeID":"1","store_and_fwd_flag":"N","PULocationID":"262","DOLocationID":"114","payment_type":"1","fare_amount":"19.5","extra":"0.5","mta_tax":"0.5","tip_amount":"6.2","tolls_amount":"0","improvement_surcharge":"0.3","total_amount":"27","congestion_surcharge":""},{"VendorID":"1","tpep_pickup_datetime":"2023-05-05 13:05:44","tpep_dropoff_datetime":"2023-02-01 13:12:57","passenger_count":"1","trip_distance":"1.40","RatecodeID":"1","store_and_fwd_flag":"N","PULocationID":"249","DOLocationID":"90","payment_type":"1","fare_amount":"7.5","extra":"0","mta_tax":"0.5","tip_amount":"1.65","tolls_amount":"0","improvement_surcharge":"0.3","total_amount":"9.95","congestion_surcharge":""},{"VendorID":"2","tpep_pickup_datetime":"2023-08-05 13:25:06","tpep_dropoff_datetime":"2023-11-06 13:30:21","passenger_count":"1","trip_distance":".67","RatecodeID":"1","store_and_fwd_flag":"N","PULocationID":"170","DOLocationID":"107","payment_type":"1","fare_amount":"5.5","extra":"0","mta_tax":"0.5","tip_amount":"1.26","tolls_amount":"0","improvement_surcharge":"0.3","total_amount":"7.56","congestion_surcharge":""},{"VendorID":"2","tpep_pickup_datetime":"2023-08-24 13:45:13","tpep_dropoff_datetime":"2023-04-01 13:59:53","passenger_count":"1","trip_distance":"1.91","RatecodeID":"1","store_and_fwd_flag":"N","PULocationID":"137","DOLocationID":"230","payment_type":"1","fare_amount":"11","extra":"0","mta_tax":"0.5","tip_amount":"2.36","tolls_amount":"0","improvement_surcharge":"0.3","total_amount":"14.16","congestion_surcharge":""},{"VendorID":"2","tpep_pickup_datetime":"2023-05-24 13:19:50","tpep_dropoff_datetime":"2023-12-28 13:23:24","passenger_count":"2","trip_distance":".58","RatecodeID":"1","store_and_fwd_flag":"N","PULocationID":"237","DOLocationID":"237","payment_type":"1","fare_amount":"4.5","extra":"0","mta_tax":"0.5","tip_amount":"1.59","tolls_amount":"0","improvement_surcharge":"0.3","total_amount":"6.89","congestion_surcharge":""},{"VendorID":"2","tpep_pickup_datetime":"2023-01-04 13:24:34","tpep_dropoff_datetime":"2023-08-14 13:30:12","passenger_count":"2","trip_distance":"1.18","RatecodeID":"1","store_and_fwd_flag":"N","PULocationID":"237","DOLocationID":"141","payment_type":"1","fare_amount":"6","extra":"0","mta_tax":"0.5","tip_amount":"1.36","tolls_amount":"0","improvement_surcharge":"0.3","total_amount":"8.16","congestion_surcharge":""},{"VendorID":"2","tpep_pickup_datetime":"2024-01-18 13:40:54","tpep_dropoff_datetime":"2023-02-14 13:50:17","passenger_count":"2","trip_distance":".98","RatecodeID":"1","store_and_fwd_flag":"N","PULocationID":"43","DOLocationID":"161","payment_type":"2","fare_amount":"7.5","extra":"0","mta_tax":"0.5","tip_amount":"0","tolls_amount":"0","improvement_surcharge":"0.3","total_amount":"8.3","congestion_surcharge":""},{"VendorID":"2","tpep_pickup_datetime":"2023-10-08 13:49:29","tpep_dropoff_datetime":"2023-03-04 14:20:51","passenger_count":"1","trip_distance":"9.12","RatecodeID":"1","store_and_fwd_flag":"N","PULocationID":"138","DOLocationID":"230","payment_type":"1","fare_amount":"31.5","extra":"0","mta_tax":"0.5","tip_amount":"6","tolls_amount":"5.76","improvement_surcharge":"0.3","total_amount":"44.06","congestion_surcharge":""},{"VendorID":"2","tpep_pickup_datetime":"2023-05-20 13:42:18","tpep_dropoff_datetime":"2023-05-06 14:25:20","passenger_count":"1","trip_distance":"18.83","RatecodeID":"2","store_and_fwd_flag":"N","PULocationID":"132","DOLocationID":"163","payment_type":"1","fare_amount":"52","extra":"0","mta_tax":"0.5","tip_amount":"6.44","tolls_amount":"5.76","improvement_surcharge":"0.3","total_amount":"65","congestion_surcharge":""},{"VendorID":"2","tpep_pickup_datetime":"2023-02-27 13:51:44","tpep_dropoff_datetime":"2023-05-11 14:00:10","passenger_count":"5","trip_distance":"1.67","RatecodeID":"2","store_and_fwd_flag":"N","PULocationID":"170","DOLocationID":"113","payment_type":"2","fare_amount":"52","extra":"0","mta_tax":"0.5","tip_amount":"0","tolls_amount":"5.76","improvement_surcharge":"0.3","total_amount":"58.56","congestion_surcharge":""},{"VendorID":"1","tpep_pickup_datetime":"2023-08-29 13:43:13","tpep_dropoff_datetime":"2023-11-07 13:47:38","passenger_count":"1","trip_distance":".80","RatecodeID":"1","store_and_fwd_flag":"N","PULocationID":"100","DOLocationID":"230","payment_type":"1","fare_amount":"5","extra":"0","mta_tax":"0.5","tip_amount":"1.15","tolls_amount":"0","improvement_surcharge":"0.3","total_amount":"6.95","congestion_surcharge":""},{"VendorID":"1","tpep_pickup_datetime":"2023-03-30 13:58:20","tpep_dropoff_datetime":"2023-06-11 14:01:49","passenger_count":"1","trip_distance":".40","RatecodeID":"1","store_and_fwd_flag":"N","PULocationID":"161","DOLocationID":"163","payment_type":"2","fare_amount":"4","extra":"0","mta_tax":"0.5","tip_amount":"0","tolls_amount":"0","improvement_surcharge":"0.3","total_amount":"4.8","congestion_surcharge":""},{"VendorID":"1","tpep_pickup_datetime":"2023-08-07 13:14:22","tpep_dropoff_datetime":"2023-01-22 13:29:41","passenger_count":"1","trip_distance":"1.90","RatecodeID":"1","store_and_fwd_flag":"N","PULocationID":"107","DOLocationID":"144","payment_type":"2","fare_amount":"11.5","extra":"0","mta_tax":"0.5","tip_amount":"0","tolls_amount":"0","improvement_surcharge":"0.3","total_amount":"12.3","congestion_surcharge":""},{"VendorID":"1","tpep_pickup_datetime":"2023-06-04 13:37:39","tpep_dropoff_datetime":"2023-09-27 13:59:07","passenger_count":"1","trip_distance":"4.60","RatecodeID":"1","store_and_fwd_flag":"N","PULocationID":"113","DOLocationID":"66","payment_type":"2","fare_amount":"19","extra":"0","mta_tax":"0.5","tip_amount":"0","tolls_amount":"0","improvement_surcharge":"0.3","total_amount":"19.8","congestion_surcharge":""},{"VendorID":"2","tpep_pickup_datetime":"2023-02-03 13:28:11","tpep_dropoff_datetime":"2023-12-24 13:44:22","passenger_count":"1","trip_distance":"6.16","RatecodeID":"1","store_and_fwd_flag":"N","PULocationID":"186","DOLocationID":"152","payment_type":"2","fare_amount":"20","extra":"0","mta_tax":"0.5","tip_amount":"0","tolls_amount":"0","improvement_surcharge":"0.3","total_amount":"20.8","congestion_surcharge":""},{"VendorID":"2","tpep_pickup_datetime":"2023-07-18 13:57:14","tpep_dropoff_datetime":"2023-12-10 14:00:34","passenger_count":"1","trip_distance":".50","RatecodeID":"1","store_and_fwd_flag":"N","PULocationID":"151","DOLocationID":"151","payment_type":"2","fare_amount":"4.5","extra":"0","mta_tax":"0.5","tip_amount":"0","tolls_amount":"0","improvement_surcharge":"0.3","total_amount":"5.3","congestion_surcharge":""},{"VendorID":"2","tpep_pickup_datetime":"2023-10-23 13:14:00","tpep_dropoff_datetime":"2023-11-11 13:59:31","passenger_count":"1","trip_distance":"25.05","RatecodeID":"5","store_and_fwd_flag":"N","PULocationID":"249","DOLocationID":"131","payment_type":"1","fare_amount":"52.69","extra":"0","mta_tax":"0","tip_amount":"0","tolls_amount":"5.76","improvement_surcharge":"0.3","total_amount":"58.75","congestion_surcharge":""},{"VendorID":"2","tpep_pickup_datetime":"2023-03-16 13:58:53","tpep_dropoff_datetime":"2023-03-25 14:08:00","passenger_count":"1","trip_distance":"1.26","RatecodeID":"1","store_and_fwd_flag":"N","PULocationID":"164","DOLocationID":"162","payment_type":"1","fare_amount":"7.5","extra":"0","mta_tax":"0.5","tip_amount":"1.66","tolls_amount":"0","improvement_surcharge":"0.3","total_amount":"9.96","congestion_surcharge":""},{"VendorID":"2","tpep_pickup_datetime":"2023-11-30 13:36:25","tpep_dropoff_datetime":"2023-04-13 13:39:23","passenger_count":"1","trip_distance":".69","RatecodeID":"1","store_and_fwd_flag":"N","PULocationID":"230","DOLocationID":"48","payment_type":"2","fare_amount":"4.5","extra":"0","mta_tax":"0.5","tip_amount":"0","tolls_amount":"0","improvement_surcharge":"0.3","total_amount":"5.3","congestion_surcharge":""},{"VendorID":"2","tpep_pickup_datetime":"2023-10-14 13:57:49","tpep_dropoff_datetime":"2023-05-20 14:08:01","passenger_count":"1","trip_distance":"1.17","RatecodeID":"1","store_and_fwd_flag":"N","PULocationID":"68","DOLocationID":"164","payment_type":"2","fare_amount":"8","extra":"0","mta_tax":"0.5","tip_amount":"0","tolls_amount":"0","improvement_surcharge":"0.3","total_amount":"8.8","congestion_surcharge":""},{"VendorID":"2","tpep_pickup_datetime":"2023-03-23 13:08:12","tpep_dropoff_datetime":"2023-04-19 13:27:56","passenger_count":"3","trip_distance":"2.43","RatecodeID":"1","store_and_fwd_flag":"N","PULocationID":"162","DOLocationID":"68","payment_type":"1","fare_amount":"13.5","extra":"0","mta_tax":"0.5","tip_amount":"2.86","tolls_amount":"0","improvement_surcharge":"0.3","total_amount":"17.16","congestion_surcharge":""},{"VendorID":"2","tpep_pickup_datetime":"2023-10-21 13:29:18","tpep_dropoff_datetime":"2023-05-07 13:35:51","passenger_count":"3","trip_distance":"1.25","RatecodeID":"1","store_and_fwd_flag":"N","PULocationID":"68","DOLocationID":"246","payment_type":"2","fare_amount":"6.5","extra":"0","mta_tax":"0.5","tip_amount":"0","tolls_amount":"0","improvement_surcharge":"0.3","total_amount":"7.3","congestion_surcharge":""},{"VendorID":"2","tpep_pickup_datetime":"2023-04-04 13:46:31","tpep_dropoff_datetime":"2023-11-30 14:00:10","passenger_count":"3","trip_distance":".90","RatecodeID":"1","store_and_fwd_flag":"N","PULocationID":"230","DOLocationID":"230","payment_type":"1","fare_amount":"9.5","extra":"0","mta_tax":"0.5","tip_amount":"2.06","tolls_amount":"0","improvement_surcharge":"0.3","total_amount":"12.36","congestion_surcharge":""},{"VendorID":"2","tpep_pickup_datetime":"2023-02-06 13:02:49","tpep_dropoff_datetime":"2023-01-04 13:10:53","passenger_count":"1","trip_distance":"1.00","RatecodeID":"1","store_and_fwd_flag":"N","PULocationID":"113","DOLocationID":"158","payment_type":"2","fare_amount":"6.5","extra":"0","mta_tax":"0.5","tip_amount":"0","tolls_amount":"0","improvement_surcharge":"0.3","total_amount":"7.3","congestion_surcharge":""},{"VendorID":"2","tpep_pickup_datetime":"2023-08-28 13:13:38","tpep_dropoff_datetime":"2023-06-23 13:25:08","passenger_count":"1","trip_distance":"1.79","RatecodeID":"1","store_and_fwd_flag":"N","PULocationID":"158","DOLocationID":"231","payment_type":"1","fare_amount":"9","extra":"0","mta_tax":"0.5","tip_amount":"1.2","tolls_amount":"0","improvement_surcharge":"0.3","total_amount":"11","congestion_surcharge":""},{"VendorID":"2","tpep_pickup_datetime":"2023-07-27 13:29:54","tpep_dropoff_datetime":"2023-03-30 13:39:20","passenger_count":"1","trip_distance":"2.38","RatecodeID":"1","store_and_fwd_flag":"N","PULocationID":"231","DOLocationID":"234","payment_type":"2","fare_amount":"9.5","extra":"0","mta_tax":"0.5","tip_amount":"0","tolls_amount":"0","improvement_surcharge":"0.3","total_amount":"10.3","congestion_surcharge":""},{"VendorID":"2","tpep_pickup_datetime":"2023-06-11 13:55:56","tpep_dropoff_datetime":"2023-12-12 14:02:52","passenger_count":"1","trip_distance":".83","RatecodeID":"1","store_and_fwd_flag":"N","PULocationID":"234","DOLocationID":"100","payment_type":"1","fare_amount":"6","extra":"0","mta_tax":"0.5","tip_amount":"1.36","tolls_amount":"0","improvement_surcharge":"0.3","total_amount":"8.16","congestion_surcharge":""},{"VendorID":"1","tpep_pickup_datetime":"2024-01-31 13:27:21","tpep_dropoff_datetime":"2023-02-11 14:56:11","passenger_count":"2","trip_distance":"37.50","RatecodeID":"1","store_and_fwd_flag":"Y","PULocationID":"138","DOLocationID":"162","payment_type":"2","fare_amount":"112","extra":"0","mta_tax":"0.5","tip_amount":"0","tolls_amount":"5.76","improvement_surcharge":"0.3","total_amount":"118.56","congestion_surcharge":""},{"VendorID":"1","tpep_pickup_datetime":"2023-01-03 13:11:01","tpep_dropoff_datetime":"2023-09-09 13:29:03","passenger_count":"1","trip_distance":"2.50","RatecodeID":"1","store_and_fwd_flag":"N","PULocationID":"236","DOLocationID":"162","payment_type":"1","fare_amount":"13.5","extra":"0","mta_tax":"0.5","tip_amount":"3.55","tolls_amount":"0","improvement_surcharge":"0.3","total_amount":"17.85","congestion_surcharge":""},{"VendorID":"2","tpep_pickup_datetime":"2023-05-05 13:07:31","tpep_dropoff_datetime":"2023-08-19 13:17:09","passenger_count":"1","trip_distance":"1.43","RatecodeID":"1","store_and_fwd_flag":"N","PULocationID":"141","DOLocationID":"262","payment_type":"2","fare_amount":"8","extra":"0","mta_tax":"0.5","tip_amount":"0","tolls_amount":"0","improvement_surcharge":"0.3","total_amount":"8.8","congestion_surcharge":""},{"VendorID":"2","tpep_pickup_datetime":"2023-03-11 13:23:34","tpep_dropoff_datetime":"2023-05-15 13:39:14","passenger_count":"1","trip_distance":"1.43","RatecodeID":"1","store_and_fwd_flag":"N","PULocationID":"263","DOLocationID":"162","payment_type":"1","fare_amount":"10.5","extra":"0","mta_tax":"0.5","tip_amount":"1.5","tolls_amount":"0","improvement_surcharge":"0.3","total_amount":"12.8","congestion_surcharge":""},{"VendorID":"2","tpep_pickup_datetime":"2023-10-19 13:55:15","tpep_dropoff_datetime":"2023-02-20 14:02:38","passenger_count":"1","trip_distance":".85","RatecodeID":"1","store_and_fwd_flag":"N","PULocationID":"230","DOLocationID":"50","payment_type":"1","fare_amount":"6.5","extra":"0","mta_tax":"0.5","tip_amount":"1.82","tolls_amount":"0","improvement_surcharge":"0.3","total_amount":"9.12","congestion_surcharge":""}]