[{"VendorID":"1","tpep_pickup_datetime":"2023-11-29 16:01:00","tpep_dropoff_datetime":"2024-01-07 16:13:03","passenger_count":"1","trip_distance":"1.50","RatecodeID":"1","store_and_fwd_flag":"N","PULocationID":"125","DOLocationID":"87","payment_type":"1","fare_amount":"9","extra":"1","mta_tax":"0.5","tip_amount":"2","tolls_amount":"0","improvement_surcharge":"0.3","total_amount":"12.8","congestion_surcharge":""},{"VendorID":"2","tpep_pickup_datetime":"2023-05-25 16:22:06","tpep_dropoff_datetime":"2023-10-08 16:34:48","passenger_count":"1","trip_distance":"1.86","RatecodeID":"1","store_and_fwd_flag":"N","PULocationID":"163","DOLocationID":"236","payment_type":"1","fare_amount":"10.5","extra":"1","mta_tax":"0.5","tip_amount":"2.46","tolls_amount":"0","improvement_surcharge":"0.3","total_amount":"14.76","congestion_surcharge":""},{"VendorID":"2","tpep_pickup_datetime":"2023-03-12 16:04:33","tpep_dropoff_datetime":"2023-05-04 16:11:15","passenger_count":"1","trip_distance":".96","RatecodeID":"1","store_and_fwd_flag":"N","PULocationID":"161","DOLocationID":"229","payment_type":"1","fare_amount":"6.5","extra":"0","mta_tax":"0.5","tip_amount":"1","tolls_amount":"0","improvement_surcharge":"0.3","total_amount":"8.3","congestion_surcharge":""},{"VendorID":"2","tpep_pickup_datetime":"2023-05-09 16:15:04","tpep_dropoff_datetime":"2023-06-02 16:33:22","passenger_count":"1","trip_distance":"1.57","RatecodeID":"1","store_and_fwd_flag":"N","PULocationID":"140","DOLocationID":"161","payment_type":"2","fare_amount":"12","extra":"1","mta_tax":"0.5","tip_amount":"0","tolls_amount":"0","improvement_surcharge":"0.3","total_amount":"13.8","congestion_surcharge":""},{"VendorID":"2","tpep_pickup_datetime":"2023-02-26 16:35:12","tpep_dropoff_datetime":"2023-09-16 16:48:46","passenger_count":"1","trip_distance":".92","RatecodeID":"1","store_and_fwd_flag":"N","PULocationID":"161","DOLocationID":"100","payment_type":"1","fare_amount":"9.5","extra":"1","mta_tax":"0.5","tip_amount":"2.26","tolls_amount":"0","improvement_surcharge":"0.3","total_amount":"13.56","congestion_surcharge":""},{"VendorID":"2","tpep_pickup_datetime":"2023-05-20 16:54:17","tpep_dropoff_datetime":"2023-03-04 16:59:32","passenger_count":"1","trip_distance":".70","RatecodeID":"1","store_and_fwd_flag":"N","PULocationID":"161","DOLocationID":"170","payment_type":"1","fare_amount":"5","extra":"1","mta_tax":"0.5","tip_amount":"1.36","tolls_amount":"0","improvement_surcharge":"0.3","total_amount":"8.16","congestion_surcharge":""},{"VendorID":"2","tpep_pickup_datetime":"2023-01-23 16:21:04","tpep_dropoff_datetime":"2023-09-07 16:39:30","passenger_count":"1","trip_distance":"2.26","RatecodeID":"1","store_and_fwd_flag":"N","PULocationID":"43","DOLocationID":"186","payment_type":"2","fare_amount":"12","extra":"1","mta_tax":"0.5","tip_amount":"0","tolls_amount":"0","improvement_surcharge":"0.3","total_amount":"13.8","congestion_surcharge":""},{"VendorID":"2","tpep_pickup_datetime":"2023-11-21 16:44:40","tpep_dropoff_datetime":"2023-02-16 16:48:27","passenger_count":"1","trip_distance":".33","RatecodeID":"1","store_and_fwd_flag":"N","PULocationID":"230","DOLocationID":"230","payment_type":"2","fare_amount":"4","extra":"1","mta_tax":"0.5","tip_amount":"0","tolls_amount":"0","improvement_surcharge":"0.3","total_amount":"5.8","congestion_surcharge":""},{"VendorID":"2","tpep_pickup_datetime":"2023-12-06 16:51:51","tpep_dropoff_datetime":"2023-07-26 16:58:28","passenger_count":"1","trip_distance":".77","RatecodeID":"1","store_and_fwd_flag":"N","PULocationID":"100","DOLocationID":"48","payment_type":"1","fare_amount":"6","extra":"1","mta_tax":"0.5","tip_amount":"1.56","tolls_amount":"0","improvement_surcharge":"0.3","total_amount":"9.36","congestion_surcharge":""},{"VendorID":"2","tpep_pickup_datetime":"2023-09-13 16:11:43","tpep_dropoff_datetime":"2023-07-14 16:20:35","passenger_count":"1","trip_distance":"1.87","RatecodeID":"1","store_and_fwd_flag":"N","PULocationID":"48","DOLocationID":"68","payment_type":"1","fare_amount":"8.5","extra":"1","mta_tax":"0.5","tip_amount":"2.06","tolls_amount":"0","improvement_surcharge":"0.3","total_amount":"12.36","congestion_surcharge":""},{"VendorID":"2","tpep_pickup_datetime":"2023-08-24 16:25:02","tpep_dropoff_datetime":"2023-08-02 16:33:24","passenger_count":"1","trip_distance":"1.22","RatecodeID":"1","store_and_fwd_flag":"N","PULocationID":"246","DOLocationID":"161","payment_type":"1","fare_amount":"7","extra":"1","mta_tax":"0.5","tip_amount":"1","tolls_amount":"0","improvement_surcharge":"0.3","total_amount":"9.8","congestion_surcharge":""},{"VendorID":"2","tpep_pickup_datetime":"2023-10-10 16:40:38","tpep_dropoff_datetime":"2023-11-16 16:47:51","passenger_count":"1","trip_distance":".92","RatecodeID":"1","store_and_fwd_flag":"N","PULocationID":"161","DOLocationID":"140","payment_type":"2","fare_amount":"6.5","extra":"1","mta_tax":"0.5","tip_amount":"0","tolls_amount":"0","improvement_surcharge":"0.3","total_amount":"8.3","congestion_surcharge":""},{"VendorID":"2","tpep_pickup_datetime":"2023-04-18 16:57:26","tpep_dropoff_datetime":"2023-08-24 17:06:28","passenger_count":"1","trip_distance":"1.74","RatecodeID":"1","store_and_fwd_flag":"N","PULocationID":"236","DOLocationID":"151","payment_type":"2","fare_amount":"8.5","extra":"1","mta_tax":"0.5","tip_amount":"0","tolls_amount":"0","improvement_surcharge":"0.3","total_amount":"10.3","congestion_surcharge":""},{"VendorID":"2","tpep_pickup_datetime":"2023-05-21 16:29:35","tpep_dropoff_datetime":"2023-01-27 16:29:39","passenger_count":"4","trip_distance":".00","RatecodeID":"1","store_and_fwd_flag":"N","PULocationID":"144","DOLocationID":"264","payment_type":"2","fare_amount":"2.5","extra":"1","mta_tax":"0.5","tip_amount":"0","tolls_amount":"0","improvement_surcharge":"0.3","total_amount":"4.3","congestion_surcharge":""},{"VendorID":"1","tpep_pickup_datetime":"2023-01-22 16:02:21","tpep_dropoff_datetime":"2023-12-19 16:10:55","passenger_count":"1","trip_distance":".90","RatecodeID":"1","store_and_fwd_flag":"N","PULocationID":"263","DOLocationID":"237","payment_type":"1","fare_amount":"7","extra":"1","mta_tax":"0.5","tip_amount":"2.6","tolls_amount":"0","improvement_surcharge":"0.3","total_amount":"11.4","congestion_surcharge":""},{"VendorID":"1","tpep_pickup_datetime":"2023-10-12 16:25:14","tpep_dropoff_datetime":"2023-07-24 16:43:51","passenger_count":"1","trip_distance":"2.00","RatecodeID":"1","store_and_fwd_flag":"N","PULocationID":"237","DOLocationID":"50","payment_type":"1","fare_amount":"12.5","extra":"1","mta_tax":"0.5","tip_amount":"1","tolls_amount":"0","improvement_surcharge":"0.3","total_amount":"15.3","congestion_surcharge":""},{"VendorID":"1","tpep_pickup_datetime":"2023-07-24 16:51:35","tpep_dropoff_datetime":"2023-07-10 16:58:14","passenger_count":"1","trip_distance":"1.10","RatecodeID":"1","store_and_fwd_flag":"N","PULocationID":"50","DOLocationID":"48","payment_type":"1","fare_amount":"6","extra":"1","mta_tax":"0.5","tip_amount":"2.3","tolls_amount":"0","improvement_surcharge":"0.3","total_amount":"10.1","congestion_surcharge":""},{"VendorID":"1","tpep_pickup_datetime":"2023-09-19 16:14:05","tpep_dropoff_datetime":"2023-08-08 16:24:16","passenger_count":"2","trip_distance":"1.00","RatecodeID":"1","store_and_fwd_flag":"N","PULocationID":"142","DOLocationID":"163","payment_type":"1","fare_amount":"8","extra":"1","mta_tax":"0.5","tip_amount":"1.95","tolls_amount":"0","improvement_surcharge":"0.3","total_amount":"11.75","congestion_surcharge":""},{"VendorID":"1","tpep_pickup_datetime":"2023-11-11 16:28:20","tpep_dropoff_datetime":"2023-06-03 16:48:05","passenger_count":"1","trip_distance":"3.20","RatecodeID":"1","store_and_fwd_flag":"N","PULocationID":"161","DOLocationID":"145","payment_type":"1","fare_amount":"15.5","extra":"1","mta_tax":"0.5","tip_amount":"3.45","tolls_amount":"0","improvement_surcharge":"0.3","total_amount":"20.75","congestion_surcharge":""},{"VendorID":"2","tpep_pickup_datetime":"2023-02-16 16:39:07","tpep_dropoff_datetime":"2023-07-13 17:06:16","passenger_count":"1","trip_distance":"6.64","RatecodeID":"1","store_and_fwd_flag":"N","PULocationID":"7","DOLocationID":"152","payment_type":"1","fare_amount":"24.5","extra":"1","mta_tax":"0.5","tip_amount":"6.41","tolls_amount":"5.76","improvement_surcharge":"0.3","total_amount":"38.47","congestion_surcharge":""},{"VendorID":"2","tpep_pickup_datetime":"2023-11-17 16:06:34","tpep_dropoff_datetime":"2023-06-11 16:24:18","passenger_count":"1","trip_distance":"2.89","RatecodeID":"1","store_and_fwd_flag":"N","PULocationID":"164","DOLocationID":"142","payment_type":"1","fare_amount":"14","extra":"1","mta_tax":"0.5","tip_amount":"3.16","tolls_amount":"0","improvement_surcharge":"0.3","total_amount":"18.96","congestion_surcharge":""},{"VendorID":"2","tpep_pickup_datetime":"2024-01-16 16:29:32","tpep_dropoff_datetime":"2023-09-03 16:39:55","passenger_count":"1","trip_distance":"1.87","RatecodeID":"1","store_and_fwd_flag":"N","PULocationID":"142","DOLocationID":"141","payment_type":"1","fare_amount":"9","extra":"1","mta_tax":"0.5","tip_amount":"2.7","tolls_amount":"0","improvement_surcharge":"0.3","total_amount":"13.5","congestion_surcharge":""},{"VendorID":"2","tpep_pickup_datetime":"2024-02-03 16:19:36","tpep_dropoff_datetime":"2023-08-21 16:24:08","passenger_count":"2","trip_distance":".62","RatecodeID":"1","store_and_fwd_flag":"N","PULocationID":"7","DOLocationID":"7","payment_type":"2","fare_amount":"5","extra":"1","mta_tax":"0.5","tip_amount":"0","tolls_amount":"0","improvement_surcharge":"0.3","total_amount":"6.8","congestion_surcharge":""},{"VendorID":"2","tpep_pickup_datetime":"2023-08-08 16:45:16","tpep_dropoff_datetime":"2023-04-22 17:18:57","passenger_count":"1","trip_distance":"13.01","RatecodeID":"1","store_and_fwd_flag":"N","PULocationID":"138","DOLocationID":"220","payment_type":"1","fare_amount":"37.5","extra":"1","mta_tax":"0.5","tip_amount":"9.54","tolls_amount":"8.4","improvement_surcharge":"0.3","total_amount":"57.24","congestion_surcharge":""},{"VendorID":"1","tpep_pickup_datetime":"2023-07-25 16:43:41","tpep_dropoff_datetime":"2023-06-17 16:51:37","passenger_count":"1","trip_distance":"1.60","RatecodeID":"1","store_and_fwd_flag":"N","PULocationID":"79","DOLocationID":"234","payment_type":"1","fare_amount":"7.5","extra":"1","mta_tax":"0.5","tip_amount":"1.85","tolls_amount":"0","improvement_surcharge":"0.3","total_amount":"11.15","congestion_surcharge":""},{"VendorID":"1","tpep_pickup_datetime":"2023-11-26 16:55:07","tpep_dropoff_datetime":"2024-02-05 17:11:43","passenger_count":"1","trip_distance":"1.90","RatecodeID":"1","store_and_fwd_flag":"N","PULocationID":"264","DOLocationID":"264","payment_type":"1","fare_amount":"12","extra":"1","mta_tax":"0.5","tip_amount":"3.45","tolls_amount":"0","improvement_surcharge":"0.3","total_amount":"17.25","congestion_surcharge":""},{"VendorID":"2","tpep_pickup_datetime":"2023-05-30 16:25:14","tpep_dropoff_datetime":"2023-04-11 16:28:09","passenger_count":"1","trip_distance":".56","RatecodeID":"1","store_and_fwd_flag":"N","PULocationID":"236","DOLocationID":"236","payment_type":"2","fare_amount":"4","extra":"1","mta_tax":"0.5","tip_amount":"0","tolls_amount":"0","improvement_surcharge":"0.3","total_amount":"5.8","congestion_surcharge":""},{"VendorID":"2","tpep_pickup_datetime":"2023-07-21 16:32:52","tpep_dropoff_datetime":"2023-07-24 16:36:59","passenger_count":"1","trip_distance":"1.16","RatecodeID":"1","store_and_fwd_flag":"N","PULocationID":"236","DOLocationID":"75","payment_type":"2","fare_amount":"5.5","extra":"1","mta_tax":"0.5","tip_amount":"0","tolls_amount":"0","improvement_surcharge":"0.3","total_amount":"7.3","congestion_surcharge":""},{"VendorID":"2","tpep_pickup_datetime":"2023-04-15 16:54:06","tpep_dropoff_datetime":"2023-03-23 16:59:54","passenger_count":"1","trip_distance":".77","RatecodeID":"1","store_and_fwd_flag":"N","PULocationID":"236","DOLocationID":"263","payment_type":"1","fare_amount":"5.5","extra":"1","mta_tax":"0.5","tip_amount":"1.46","tolls_amount":"0","improvement_surcharge":"0.3","total_amount":"8.76","congestion_surcharge":""},{"VendorID":"1","tpep_pickup_datetime":"2023-08-18 16:10:59","tpep_dropoff_datetime":"2023-06-12 17:02:33","passenger_count":"1","trip_distance":"16.80","RatecodeID":"2","store_and_fwd_flag":"N","PULocationID":"186","DOLocationID":"132","payment_type":"1","fare_amount":"52","extra":"4.5","mta_tax":"0.5","tip_amount":"10","tolls_amount":"5.76","improvement_surcharge":"0.3","total_amount":"73.06","congestion_surcharge":""},{"VendorID":"2","tpep_pickup_datetime":"2023-07-12 16:00:43","tpep_dropoff_datetime":"2023-02-24 16:23:07","passenger_count":"3","trip_distance":"4.30","RatecodeID":"1","store_and_fwd_flag":"N","PULocationID":"43","DOLocationID":"137","payment_type":"2","fare_amount":"17","extra":"1","mta_tax":"0.5","tip_amount":"0","tolls_amount":"0","improvement_surcharge":"0.3","total_amount":"18.8","congestion_surcharge":""},{"VendorID":"2","tpep_pickup_datetime":"2023-04-03 16:31:58","tpep_dropoff_datetime":"2023-05-24 16:55:50","passenger_count":"6","trip_distance":"4.83","RatecodeID":"1","store_and_fwd_flag":"N","PULocationID":"79","DOLocationID":"231","payment_type":"2","fare_amount":"19.5","extra":"1","mta_tax":"0.5","tip_amount":"0","tolls_amount":"0","improvement_surcharge":"0.3","total_amount":"21.3","congestion_surcharge":""},{"VendorID":"1","tpep_pickup_datetime":"2023-10-08 16:06:02","tpep_dropoff_datetime":"2023-05-23 16:47:14","passenger_count":"0","trip_distance":"17.50","RatecodeID":"2","store_and_fwd_flag":"N","PULocationID":"132","DOLocationID":"164","payment_type":"1","fare_amount":"52","extra":"4.5","mta_tax":"0.5","tip_amount":"12.6","tolls_amount":"5.76","improvement_surcharge":"0.3","total_amount":"75.66","congestion_surcharge":""},{"VendorID":"1","tpep_pickup_datetime":"2023-01-04 16:42:36","tpep_dropoff_datetime":"2023-07-12 16:59:53","passenger_count":"1","trip_distance":"5.40","RatecodeID":"1","store_and_fwd_flag":"N","PULocationID":"209","DOLocationID":"141","payment_type":"2","fare_amount":"19","extra":"1","mta_tax":"0.5","tip_amount":"0","tolls_amount":"0","improvement_surcharge":"0.3","total_amount":"20.8","congestion_surcharge":""},{"VendorID":"2","tpep_pickup_datetime":"2023-05-24 16:55:57","tpep_dropoff_datetime":"2023-04-26 17:44:05","passenger_count":"2","trip_distance":"19.09","RatecodeID":"2","store_and_fwd_flag":"N","PULocationID":"132","DOLocationID":"148","payment_type":"2","fare_amount":"52","extra":"4.5","mta_tax":"0.5","tip_amount":"0","tolls_amount":"5.76","improvement_surcharge":"0.3","total_amount":"63.06","congestion_surcharge":""},{"VendorID":"2","tpep_pickup_datetime":"2023-06-13 16:07:27","tpep_dropoff_datetime":"2023-05-18 16:45:02","passenger_count":"1","trip_distance":"17.37","RatecodeID":"2","store_and_fwd_flag":"N","PULocationID":"132","DOLocationID":"162","payment_type":"2","fare_amount":"52","extra":"4.5","mta_tax":"0.5","tip_amount":"0","tolls_amount":"5.76","improvement_surcharge":"0.3","total_amount":"63.06","congestion_surcharge":""},{"VendorID":"1","tpep_pickup_datetime":"2023-06-16 16:08:31","tpep_dropoff_datetime":"2023-06-05 16:37:02","passenger_count":"1","trip_distance":"6.50","RatecodeID":"1","store_and_fwd_flag":"N","PULocationID":"68","DOLocationID":"65","payment_type":"2","fare_amount":"23","extra":"1","mta_tax":"0.5","tip_amount":"0","tolls_amount":"0","improvement_surcharge":"0.3","total_amount":"24.8","congestion_surcharge":""},{"VendorID":"1","tpep_pickup_datetime":"2023-04-07 16:48:49","tpep_dropoff_datetime":"2023-06-30 16:52:59","passenger_count":"1","trip_distance":".60","RatecodeID":"1","store_and_fwd_flag":"N","PULocationID":"79","DOLocationID":"113","payment_type":"2","fare_amount":"5","extra":"1","mta_tax":"0.5","tip_amount":"0","tolls_amount":"0","improvement_surcharge":"0.3","total_amount":"6.8","congestion_surcharge":""},{"VendorID":"1","tpep_pickup_datetime":"2023-01-28 16:57:39","tpep_dropoff_datetime":"2023-02-10 17:16:08","passenger_count":"1","trip_distance":"3.50","RatecodeID":"1","store_and_fwd_flag":"N","PULocationID":"107","DOLocationID":"66","payment_type":"1","fare_amount":"15.5","extra":"1","mta_tax":"0.5","tip_amount":"4.3","tolls_amount":"0","improvement_surcharge":"0.3","total_amount":"21.6","congestion_surcharge":""},{"VendorID":"1","tpep_pickup_datetime":"2023-11-29 16:18:46","tpep_dropoff_datetime":"2023-08-28 17:09:05","passenger_count":"3","trip_distance":"18.20","RatecodeID":"2","store_and_fwd_flag":"N","PULocationID":"132","DOLocationID":"230","payment_type":"2","fare_amount":"52","extra":"4.5","mta_tax":"0.5","tip_amount":"0","tolls_amount":"5.76","improvement_surcharge":"0.3","total_amount":"63.06","congestion_surcharge":""},{"VendorID":"1","tpep_pickup_datetime":"2023-04-19 16:43:55","tpep_dropoff_datetime":"2024-01-24 16:50:50","passenger_count":"0","trip_distance":"1.10","RatecodeID":"1","store_and_fwd_flag":"N","PULocationID":"239","DOLocationID":"48","payment_type":"1","fare_amount":"7","extra":"1","mta_tax":"0.5","tip_amount":"1.75","tolls_amount":"0","improvement_surcharge":"0.3","total_amount":"10.55","congestion_surcharge":""},{"VendorID":"1","tpep_pickup_datetime":"2023-03-28 16:58:49","tpep_dropoff_datetime":"2023-11-05 17:02:12","passenger_count":"0","trip_distance":".90","RatecodeID":"1","store_and_fwd_flag":"N","PULocationID":"50","DOLocationID":"246","payment_type":"2","fare_amount":"5","extra":"1","mta_tax":"0.5","tip_amount":"0","tolls_amount":"0","improvement_surcharge":"0.3","total_amount":"6.8","congestion_surcharge":""},{"VendorID":"1","tpep_pickup_datetime":"2023-08-03 16:02:20","tpep_dropoff_datetime":"2024-01-15 16:06:30","passenger_count":"1","trip_distance":"1.20","RatecodeID":"1","store_and_fwd_flag":"N","PULocationID":"66","DOLocationID":"52","payment_type":"1","fare_amount":"6","extra":"1","mta_tax":"0.5","tip_amount":"1","tolls_amount":"0","improvement_surcharge":"0.3","total_amount":"8.8","congestion_surcharge":""},{"VendorID":"1","tpep_pickup_datetime":"2023-05-26 16:25:29","tpep_dropoff_datetime":"2023-12-05 16:46:40","passenger_count":"1","trip_distance":"4.60","RatecodeID":"1","store_and_fwd_flag":"N","PULocationID":"261","DOLocationID":"50","payment_type":"2","fare_amount":"18.5","extra":"1","mta_tax":"0.5","tip_amount":"0","tolls_amount":"0","improvement_surcharge":"0.3","total_amount":"20.3","congestion_surcharge":""},{"VendorID":"2","tpep_pickup_datetime":"2023-09-17 16:57:50","tpep_dropoff_datetime":"2023-12-25 17:03:46","passenger_count":"1","trip_distance":"1.05","RatecodeID":"1","store_and_fwd_flag":"N","PULocationID":"24","DOLocationID":"238","payment_type":"2","fare_amount":"6.5","extra":"1","mta_tax":"0.5","tip_amount":"0","tolls_amount":"0","improvement_surcharge":"0.3","total_amount":"8.3","congestion_surcharge":""},{"VendorID":"2","tpep_pickup_datetime":"2024-01-13 16:15:00","tpep_dropoff_datetime":"2023-08-27 16:22:29","passenger_count":"1","trip_distance":".75","RatecodeID":"1","store_and_fwd_flag":"N","PULocationID":"142","DOLocationID":"50","payment_type":"2","fare_amount":"6.5","extra":"1","mta_tax":"0.5","tip_amount":"0","tolls_amount":"0","improvement_surcharge":"0.3","total_amount":"8.3","congestion_surcharge":""},{"VendorID":"2","tpep_pickup_datetime":"2023-10-04 16:36:51","tpep_dropoff_datetime":"2023-07-01 16:44:42","passenger_count":"1","trip_distance":"1.11","RatecodeID":"1","store_and_fwd_flag":"N","PULocationID":"142","DOLocationID":"142","payment_type":"2","fare_amount":"7","extra":"1","mta_tax":"0.5","tip_amount":"0","tolls_amount":"0","improvement_surcharge":"0.3","total_amount":"8.8","congestion_surcharge":""},{"VendorID":"2","tpep_pickup_datetime":"2023-11-19 16:47:37","tpep_dropoff_datetime":"2023-11-01 17:08:58","passenger_count":"1","trip_distance":"5.21","RatecodeID":"1","store_and_fwd_flag":"N","PULocationID":"142","DOLocationID":"231","payment_type":"1","fare_amount":"19.5","extra":"1","mta_tax":"0.5","tip_amount":"5.32","tolls_amount":"0","improvement_surcharge":"0.3","total_amount":"26.62","congestion_surcharge":""},{"VendorID":"2","tpep_pickup_datetime":"2023-01-26 16:27:31","tpep_dropoff_datetime":"2023-10-23 16:58:16","passenger_count":"3","trip_distance":"4.64","RatecodeID":"1","store_and_fwd_flag":"N","PULocationID":"239","DOLocationID":"211","payment_type":"2","fare_amount":"21","extra":"1","mta_tax":"0.5","tip_amount":"0","tolls_amount":"0","improvement_surcharge":"0.3","total_amount":"22.8","congestion_surcharge":""},{"VendorID":"1","tpep_pickup_datetime":"2023-02-16 16:48:56","tpep_dropoff_datetime":"2023-04-01 17:12:46","passenger_count":"1","trip_distance":"8.90","RatecodeID":"1","store_and_fwd_flag":"N","PULocationID":"138","DOLocationID":"140","payment_type":"2","fare_amount":"26.5","extra":"1","mta_tax":"0.5","tip_amount":"0","tolls_amount":"5.76","improvement_surcharge":"0.3","total_amount":"34.06","congestion_surcharge":""},{"VendorID":"1","tpep_pickup_datetime":"2023-11-13 16:08:32","tpep_dropoff_datetime":"2023-04-23 16:14:08","passenger_count":"1","trip_distance":".80","RatecodeID":"1","store_and_fwd_flag":"N","PULocationID":"239","DOLocationID":"142","payment_type":"2","fare_amount":"6","extra":"1","mta_tax":"0.5","tip_amount":"0","tolls_amount":"0","improvement_surcharge":"0.3","total_amount":"7.8","congestion_surcharge":""},{"VendorID":"1","tpep_pickup_datetime":"2023-05-22 16:18:07","tpep_dropoff_datetime":"2023-07-31 16:29:58","passenger_count":"1","trip_distance":"1.10","RatecodeID":"1","store_and_fwd_flag":"N","PULocationID":"142","DOLocationID":"162","payment_type":"1","fare_amount":"9","extra":"1","mta_tax":"0.5","tip_amount":"2.15","tolls_amount":"0","improvement_surcharge":"0.3","total_amount":"12.95","congestion_surcharge":""},{"VendorID":"1","tpep_pickup_datetime":"2023-09-20 16:32:56","tpep_dropoff_datetime":"2023-12-27 16:38:04","passenger_count":"1","trip_distance":".60","RatecodeID":"1","store_and_fwd_flag":"N","PULocationID":"162","DOLocationID":"233","payment_type":"1","fare_amount":"5","extra":"1","mta_tax":"0.5","tip_amount":"1.35","tolls_amount":"0","improvement_surcharge":"0.3","total_amount":"8.15","congestion_surcharge":""},{"VendorID":"1","tpep_pickup_datetime":"2023-12-16 16:49:41","tpep_dropoff_datetime":"2024-01-05 16:56:28","passenger_count":"1","trip_distance":".90","RatecodeID":"1","store_and_fwd_flag":"N","PULocationID":"79","DOLocationID":"144","payment_type":"1","fare_amount":"6.5","extra":"1","mta_tax":"0.5","tip_amount":"1","tolls_amount":"0","improvement_surcharge":"0.3","total_amount":"9.3","congestion_surcharge":""},{"VendorID":"2","tpep_pickup_datetime":"2023-07-07 16:16:47","tpep_dropoff_datetime":"2023-01-24 16:59:34","passenger_count":"1","trip_distance":"13.07","RatecodeID":"1","store_and_fwd_flag":"N","PULocationID":"132","DOLocationID":"71","payment_type":"2","fare_amount":"41.5","extra":"1","mta_tax":"0.5","tip_amount":"0","tolls_amount":"0","improvement_surcharge":"0.3","total_amount":"43.3","congestion_surcharge":""},{"VendorID":"2","tpep_pickup_datetime":"2024-02-03 16:46:51","tpep_dropoff_datetime":"2023-01-24 17:18:02","passenger_count":"3","trip_distance":"17.17","RatecodeID":"2","store_and_fwd_flag":"N","PULocationID":"132","DOLocationID":"170","payment_type":"1","fare_amount":"52","extra":"4.5","mta_tax":"0.5","tip_amount":"12.61","tolls_amount":"5.76","improvement_surcharge":"0.3","total_amount":"75.67","congestion_surcharge":""},{"VendorID":"2","tpep_pickup_datetime":"2023-05-16 16:06:06","tpep_dropoff_datetime":"2023-08-08 16:24:53","passenger_count":"2","trip_distance":"3.25","RatecodeID":"1","store_and_fwd_flag":"N","PULocationID":"43","DOLocationID":"230","payment_type":"2","fare_amount":"14.5","extra":"1","mta_tax":"0.5","tip_amount":"0","tolls_amount":"0","improvement_surcharge":"0.3","total_amount":"16.3","congestion_surcharge":""},{"VendorID":"2","tpep_pickup_datetime":"2023-06-24 16:27:16","tpep_dropoff_datetime":"2023-05-08 16:42:01","passenger_count":"2","trip_distance":"2.75","RatecodeID":"1","store_and_fwd_flag":"N","PULocationID":"164","DOLocationID":"236","payment_type":"1","fare_amount":"12","extra":"1","mta_tax":"0.5","tip_amount":"2.76","tolls_amount":"0","improvement_surcharge":"0.3","total_amount":"16.56","congestion_surcharge":""},{"VendorID":"1","tpep_pickup_datetime":"2023-09-17 16:57:14","tpep_dropoff_datetime":"2023-05-20 16:57:29","passenger_count":"2","trip_distance":".00","RatecodeID":"2","store_and_fwd_flag":"N","PULocationID":"132","DOLocationID":"132","payment_type":"1","fare_amount":"52","extra":"4.5","mta_tax":"0.5","tip_amount":"12.6","tolls_amount":"5.76","improvement_surcharge":"0.3","total_amount":"75.66","congestion_surcharge":""},{"VendorID":"1","tpep_pickup_datetime":"2023-06-12 16:39:21","tpep_dropoff_datetime":"2023-10-29 16:47:30","passenger_count":"1","trip_distance":"1.50","RatecodeID":"1","store_and_fwd_flag":"N","PULocationID":"107","DOLocationID":"232","payment_type":"2","fare_amount":"7.5","extra":"1","mta_tax":"0.5","tip_amount":"0","tolls_amount":"0","improvement_surcharge":"0.3","total_amount":"9.3","congestion_surcharge":""},{"VendorID":"1","tpep_pickup_datetime":"2023-08-22 16:12:16","tpep_dropoff_datetime":"2024-01-30 16:21:37","passenger_count":"1","trip_distance":"1.50","RatecodeID":"1","store_and_fwd_flag":"N","PULocationID":"87","DOLocationID":"148","payment_type":"1","fare_amount":"8","extra":"1","mta_tax":"0.5","tip_amount":"1.96","tolls_amount":"0","improvement_surcharge":"0.3","total_amount":"11.76","congestion_surcharge":""},{"VendorID":"1","tpep_pickup_datetime":"2023-08-04 16:28:21","tpep_dropoff_datetime":"2024-01-12 16:36:48","passenger_count":"1","trip_distance":"1.60","RatecodeID":"1","store_and_fwd_flag":"N","PULocationID":"107","DOLocationID":"211","payment_type":"1","fare_amount":"8","extra":"1","mta_tax":"0.5","tip_amount":"2.9","tolls_amount":"0","improvement_surcharge":"0.3","total_amount":"12.7","congestion_surcharge":""},{"VendorID":"1","tpep_pickup_datetime":"2023-02-09 16:40:47","tpep_dropoff_datetime":"2023-03-06 16:48:17","passenger_count":"4","trip_distance":".90","RatecodeID":"1","store_and_fwd_flag":"N","PULocationID":"144","DOLocationID":"79","payment_type":"1","fare_amount":"6.5","extra":"1","mta_tax":"0.5","tip_amount":"2","tolls_amount":"0","improvement_surcharge":"0.3","total_amount":"10.3","congestion_surcharge":""},{"VendorID":"2","tpep_pickup_datetime":"2023-04-02 16:27:39","tpep_dropoff_datetime":"2023-12-06 16:42:21","passenger_count":"6","trip_distance":".98","RatecodeID":"1","store_and_fwd_flag":"N","PULocationID":"88","DOLocationID":"209","payment_type":"2","fare_amount":"10","extra":"1","mta_tax":"0.5","tip_amount":"0","tolls_amount":"0","improvement_surcharge":"0.3","total_amount":"11.8","congestion_surcharge":""},{"VendorID":"2","tpep_pickup_datetime":"2023-06-09 16:54:01","tpep_dropoff_datetime":"2023-02-03 17:05:49","passenger_count":"6","trip_distance":"3.75","RatecodeID":"1","store_and_fwd_flag":"N","PULocationID":"12","DOLocationID":"79","payment_type":"2","fare_amount":"13.5","extra":"1","mta_tax":"0.5","tip_amount":"0","tolls_amount":"0","improvement_surcharge":"0.3","total_amount":"15.3","congestion_surcharge":""},{"VendorID":"2","tpep_pickup_datetime":"2023-11-18 16:15:56","tpep_dropoff_datetime":"2023-01-25 16:25:25","passenger_count":"1","trip_distance":"1.65","RatecodeID":"1","store_and_fwd_flag":"N","PULocationID":"125","DOLocationID":"90","payment_type":"1","fare_amount":"8.5","extra":"1","mta_tax":"0.5","tip_amount":"2.06","tolls_amount":"0","improvement_surcharge":"0.3","total_amount":"12.36","congestion_surcharge":""},{"VendorID":"2","tpep_pickup_datetime":"2024-01-29 16:36:27","tpep_dropoff_datetime":"2023-08-29 16:44:56","passenger_count":"1","trip_distance":"1.09","RatecodeID":"1","store_and_fwd_flag":"N","PULocationID":"234","DOLocationID":"161","payment_type":"1","fare_amount":"7","extra":"1","mta_tax":"0.5","tip_amount":"2.2","tolls_amount":"0","improvement_surcharge":"0.3","total_amount":"11","congestion_surcharge":""},{"VendorID":"2","tpep_pickup_datetime":"2023-06-15 16:48:39","tpep_dropoff_datetime":"2023-11-13 17:07:05","passenger_count":"1","trip_distance":"2.69","RatecodeID":"1","store_and_fwd_flag":"N","PULocationID":"161","DOLocationID":"263","payment_type":"1","fare_amount":"14","extra":"1","mta_tax":"0.5","tip_amount":"3.16","tolls_amount":"0","improvement_surcharge":"0.3","total_amount":"18.96","congestion_surcharge":""},{"VendorID":"2","tpep_pickup_datetime":"2023-01-02 16:32:44","tpep_dropoff_datetime":"2023-12-02 16:37:47","passenger_count":"1","trip_distance":".60","RatecodeID":"1","store_and_fwd_flag":"N","PULocationID":"148","DOLocationID":"114","payment_type":"2","fare_amount":"5","extra":"1","mta_tax":"0.5","tip_amount":"0","tolls_amount":"0","improvement_surcharge":"0.3","total_amount":"6.8","congestion_surcharge":""},{"VendorID":"1","tpep_pickup_datetime":"2023-11-24 16:29:07","tpep_dropoff_datetime":"2023-06-27 16:34:29","passenger_count":"0","trip_distance":".90","RatecodeID":"1","store_and_fwd_flag":"N","PULocationID":"143","DOLocationID":"142","payment_type":"1","fare_amount":"5.5","extra":"1","mta_tax":"0.5","tip_amount":"1.8","tolls_amount":"0","improvement_surcharge":"0.3","total_amount":"9.1","congestion_surcharge":""},{"VendorID":"1","tpep_pickup_datetime":"2023-08-13 16:49:57","tpep_dropoff_datetime":"2023-05-31 17:59:48","passenger_count":"0","trip_distance":"17.80","RatecodeID":"2","store_and_fwd_flag":"N","PULocationID":"142","DOLocationID":"132","payment_type":"2","fare_amount":"52","extra":"4.5","mta_tax":"0.5","tip_amount":"0","tolls_amount":"0","improvement_surcharge":"0.3","total_amount":"57.3","congestion_surcharge":""},{"VendorID":"1","tpep_pickup_datetime":"2023-01-16 16:01:38","tpep_dropoff_datetime":"2023-09-08 16:19:15","passenger_count":"1","trip_distance":"2.30","RatecodeID":"1","store_and_fwd_flag":"N","PULocationID":"237","DOLocationID":"164","payment_type":"1","fare_amount":"12.5","extra":"0","mta_tax":"0.5","tip_amount":"3.95","tolls_amount":"0","improvement_surcharge":"0.3","total_amount":"17.25","congestion_surcharge":""},{"VendorID":"1","tpep_pickup_datetime":"2023-06-29 16:34:58","tpep_dropoff_datetime":"2023-01-09 16:46:02","passenger_count":"1","trip_distance":"1.40","RatecodeID":"1","store_and_fwd_flag":"N","PULocationID":"162","DOLocationID":"237","payment_type":"1","fare_amount":"9","extra":"1","mta_tax":"0.5","tip_amount":"2.25","tolls_amount":"0","improvement_surcharge":"0.3","total_amount":"13.05","congestion_surcharge":""},{"VendorID":"1","tpep_pickup_datetime":"2023-02-07 16:53:47","tpep_dropoff_datetime":"2023-11-24 16:56:37","passenger_count":"1","trip_distance":"1.00","RatecodeID":"1","store_and_fwd_flag":"N","PULocationID":"140","DOLocationID":"263","payment_type":"1","fare_amount":"5","extra":"1","mta_tax":"0.5","tip_amount":"1.35","tolls_amount":"0","improvement_surcharge":"0.3","total_amount":"8.15","congestion_surcharge":""},{"VendorID":"1","tpep_pickup_datetime":"2023-08-21 16:58:39","tpep_dropoff_datetime":"2023-12-17 17:00:09","passenger_count":"1","trip_distance":".40","RatecodeID":"1","store_and_fwd_flag":"N","PULocationID":"262","DOLocationID":"262","payment_type":"1","fare_amount":"3.5","extra":"1","mta_tax":"0.5","tip_amount":"1.05","tolls_amount":"0","improvement_surcharge":"0.3","total_amount":"6.35","congestion_surcharge":""},{"VendorID":"2","tpep_pickup_datetime":"2023-03-10 16:28:26","tpep_dropoff_datetime":"2023-12-25 16:38:35","passenger_count":"1","trip_distance":"1.99","RatecodeID":"1","store_and_fwd_flag":"N","PULocationID":"141","DOLocationID":"43","payment_type":"2","fare_amount":"9","extra":"1","mta_tax":"0.5","tip_amount":"0","tolls_amount":"0","improvement_surcharge":"0.3","total_amount":"10.8","congestion_surcharge":""},{"VendorID":"2","tpep_pickup_datetime":"2023-04-30 16:42:32","tpep_dropoff_datetime":"2023-11-17 16:54:40","passenger_count":"1","trip_distance":"1.41","RatecodeID":"1","store_and_fwd_flag":"N","PULocationID":"236","DOLocationID":"163","payment_type":"1","fare_amount":"9.5","extra":"1","mta_tax":"0.5","tip_amount":"2.26","tolls_amount":"0","improvement_surcharge":"0.3","total_amount":"13.56","congestion_surcharge":""},{"VendorID":"2","tpep_pickup_datetime":"2023-06-12 16:10:22","tpep_dropoff_datetime":"2023-10-24 17:03:31","passenger_count":"6","trip_distance":"14.96","RatecodeID":"2","store_and_fwd_flag":"N","PULocationID":"163","DOLocationID":"132","payment_type":"1","fare_amount":"52","extra":"4.5","mta_tax":"0.5","tip_amount":"15.71","tolls_amount":"5.54","improvement_surcharge":"0.3","total_amount":"78.55","congestion_surcharge":""},{"VendorID":"1","tpep_pickup_datetime":"2023-10-06 16:01:10","tpep_dropoff_datetime":"2023-07-21 16:05:36","passenger_count":"1","trip_distance":".80","RatecodeID":"1","store_and_fwd_flag":"Y","PULocationID":"263","DOLocationID":"75","payment_type":"2","fare_amount":"5","extra":"1","mta_tax":"0.5","tip_amount":"0","tolls_amount":"0","improvement_surcharge":"0.3","total_amount":"6.8","congestion_surcharge":""},{"VendorID":"1","tpep_pickup_datetime":"2023-08-29 16:07:13","tpep_dropoff_datetime":"2023-10-29 16:13:38","passenger_count":"1","trip_distance":"1.20","RatecodeID":"1","store_and_fwd_flag":"N","PULocationID":"75","DOLocationID":"74","payment_type":"2","fare_amount":"6.5","extra":"1","mta_tax":"0.5","tip_amount":"0","tolls_amount":"0","improvement_surcharge":"0.3","total_amount":"8.3","congestion_surcharge":""},{"VendorID":"1","tpep_pickup_datetime":"2023-11-06 16:20:37","tpep_dropoff_datetime":"2023-04-03 16:23:12","passenger_count":"1","trip_distance":".20","RatecodeID":"1","store_and_fwd_flag":"N","PULocationID":"41","DOLocationID":"41","payment_type":"2","fare_amount":"3.5","extra":"1","mta_tax":"0.5","tip_amount":"0","tolls_amount":"0","improvement_surcharge":"0.3","total_amount":"5.3","congestion_surcharge":""},{"VendorID":"2","tpep_pickup_datetime":"2023-09-29 16:43:39","tpep_dropoff_datetime":"2023-03-25 16:49:54","passenger_count":"2","trip_distance":"1.23","RatecodeID":"1","store_and_fwd_flag":"N","PULocationID":"166","DOLocationID":"151","payment_type":"1","fare_amount":"6.5","extra":"1","mta_tax":"0.5","tip_amount":"2.08","tolls_amount":"0","improvement_surcharge":"0.3","total_amount":"10.38","congestion_surcharge":""},{"VendorID":"2","tpep_pickup_datetime":"2023-04-01 16:58:54","tpep_dropoff_datetime":"2023-11-22 17:03:50","passenger_count":"2","trip_distance":".69","RatecodeID":"1","store_and_fwd_flag":"N","PULocationID":"239","DOLocationID":"238","payment_type":"1","fare_amount":"5.5","extra":"1","mta_tax":"0.5","tip_amount":"1.82","tolls_amount":"0","improvement_surcharge":"0.3","total_amount":"9.12","congestion_surcharge":""},{"VendorID":"2","tpep_pickup_datetime":"2023-03-09 16:48:15","tpep_dropoff_datetime":"2023-01-23 16:55:41","passenger_count":"1","trip_distance":"1.34","RatecodeID":"1","store_and_fwd_flag":"N","PULocationID":"164","DOLocationID":"90","payment_type":"1","fare_amount":"7","extra":"1","mta_tax":"0.5","tip_amount":"1.76","tolls_amount":"0","improvement_surcharge":"0.3","total_amount":"10.56","congestion_surcharge":""},{"VendorID":"1","tpep_pickup_datetime":"2023-02-06 16:28:32","tpep_dropoff_datetime":"2023-09-27 16:33:59","passenger_count":"1","trip_distance":".90","RatecodeID":"1","store_and_fwd_flag":"N","PULocationID":"161","DOLocationID":"237","payment_type":"1","fare_amount":"6","extra":"1","mta_tax":"0.5","tip_amount":"1.55","tolls_amount":"0","improvement_surcharge":"0.3","total_amount":"9.35","congestion_surcharge":""},{"VendorID":"2","tpep_pickup_datetime":"2023-05-15 16:06:02","tpep_dropoff_datetime":"2023-04-27 16:15:21","passenger_count":"1","trip_distance":"2.03","RatecodeID":"1","store_and_fwd_flag":"N","PULocationID":"170","DOLocationID":"140","payment_type":"1","fare_amount":"9","extra":"1","mta_tax":"0.5","tip_amount":"2.16","tolls_amount":"0","improvement_surcharge":"0.3","total_amount":"12.96","congestion_surcharge":""},{"VendorID":"1","tpep_pickup_datetime":"2023-07-24 16:17:17","tpep_dropoff_datetime":"2023-09-29 16:21:24","passenger_count":"1","trip_distance":".70","RatecodeID":"1","store_and_fwd_flag":"N","PULocationID":"237","DOLocationID":"237","payment_type":"1","fare_amount":"5","extra":"1","mta_tax":"0.5","tip_amount":"1.35","tolls_amount":"0","improvement_surcharge":"0.3","total_amount":"8.15","congestion_surcharge":""},{"VendorID":"2","tpep_pickup_datetime":"2023-03-21 16:37:11","tpep_dropoff_datetime":"2023-04-14 16:42:30","passenger_count":"1","trip_distance":".49","RatecodeID":"1","store_and_fwd_flag":"N","PULocationID":"231","DOLocationID":"231","payment_type":"1","fare_amount":"5","extra":"1","mta_tax":"0.5","tip_amount":"1.36","tolls_amount":"0","improvement_surcharge":"0.3","total_amount":"8.16","congestion_surcharge":""},{"VendorID":"2","tpep_pickup_datetime":"2023-03-06 16:11:53","tpep_dropoff_datetime":"2023-10-14 16:14:49","passenger_count":"4","trip_distance":".60","RatecodeID":"1","store_and_fwd_flag":"N","PULocationID":"113","DOLocationID":"211","payment_type":"1","fare_amount":"4","extra":"1","mta_tax":"0.5","tip_amount":"1.16","tolls_amount":"0","improvement_surcharge":"0.3","total_amount":"6.96","congestion_surcharge":""},{"VendorID":"2","tpep_pickup_datetime":"2023-06-03 16:17:38","tpep_dropoff_datetime":"2023-02-23 16:22:32","passenger_count":"2","trip_distance":".92","RatecodeID":"1","store_and_fwd_flag":"N","PULocationID":"211","DOLocationID":"249","payment_type":"2","fare_amount":"5.5","extra":"1","mta_tax":"0.5","tip_amount":"0","tolls_amount":"0","improvement_surcharge":"0.3","total_amount":"7.3","congestion_surcharge":""},{"VendorID":"2","tpep_pickup_datetime":"2023-01-14 16:24:53","tpep_dropoff_datetime":"2023-12-17 16:44:56","passenger_count":"1","trip_distance":"2.99","RatecodeID":"1","store_and_fwd_flag":"N","PULocationID":"249","DOLocationID":"161","payment_type":"2","fare_amount":"14.5","extra":"1","mta_tax":"0.5","tip_amount":"0","tolls_amount":"0","improvement_surcharge":"0.3","total_amount":"16.3","congestion_surcharge":""},{"VendorID":"2","tpep_pickup_datetime":"2023-08-08 16:46:44","tpep_dropoff_datetime":"2023-07-18 16:59:16","passenger_count":"1","trip_distance":"2.02","RatecodeID":"1","store_and_fwd_flag":"N","PULocationID":"163","DOLocationID":"262","payment_type":"1","fare_amount":"10","extra":"1","mta_tax":"0.5","tip_amount":"1","tolls_amount":"0","improvement_surcharge":"0.3","total_amount":"12.8","congestion_surcharge":""},{"VendorID":"2","tpep_pickup_datetime":"2023-05-06 16:50:33","tpep_dropoff_datetime":"2023-12-21 17:05:47","passenger_count":"1","trip_distance":"1.99","RatecodeID":"1","store_and_fwd_flag":"N","PULocationID":"140","DOLocationID":"142","payment_type":"1","fare_amount":"11","extra":"1","mta_tax":"0.5","tip_amount":"7","tolls_amount":"0","improvement_surcharge":"0.3","total_amount":"19.8","congestion_surcharge":""},{"VendorID":"2","tpep_pickup_datetime":"2023-10-04 16:19:25","tpep_dropoff_datetime":"2023-05-24 16:26:51","passenger_count":"1","trip_distance":".93","RatecodeID":"1","store_and_fwd_flag":"N","PULocationID":"43","DOLocationID":"236","payment_type":"2","fare_amount":"6.5","extra":"1","mta_tax":"0.5","tip_amount":"0","tolls_amount":"0","improvement_surcharge":"0.3","total_amount":"8.3","congestion_surcharge":""},{"VendorID":"2","tpep_pickup_datetime":"2024-01-22 16:30:36","tpep_dropoff_datetime":"2023-05-05 17:07:36","passenger_count":"1","trip_distance":"3.37","RatecodeID":"1","store_and_fwd_flag":"N","PULocationID":"236","DOLocationID":"234","payment_type":"2","fare_amount":"22.5","extra":"1","mta_tax":"0.5","tip_amount":"0","tolls_amount":"0","improvement_surcharge":"0.3","total_amount":"24.3","congestion_surcharge":""},{"VendorID":"1","tpep_pickup_datetime":"2023-01-03 16:08:03","tpep_dropoff_datetime":"2023-01-13 16:13:27","passenger_count":"1","trip_distance":".80","RatecodeID":"1","store_and_fwd_flag":"N","PULocationID":"140","DOLocationID":"262","payment_type":"1","fare_amount":"5.5","extra":"1","mta_tax":"0.5","tip_amount":"1.45","tolls_amount":"0","improvement_surcharge":"0.3","total_amount":"8.75","congestion_surcharge":""},{"VendorID":"1","tpep_pickup_datetime":"2023-06-16 16:15:27","tpep_dropoff_datetime":"2023-02-15 16:29:40","passenger_count":"1","trip_distance":"2.50","RatecodeID":"1","store_and_fwd_flag":"N","PULocationID":"262","DOLocationID":"162","payment_type":"2","fare_amount":"12","extra":"1","mta_tax":"0.5","tip_amount":"0","tolls_amount":"0","improvement_surcharge":"0.3","total_amount":"13.8","congestion_surcharge":""},{"VendorID":"1","tpep_pickup_datetime":"2023-03-22 16:35:36","tpep_dropoff_datetime":"2023-04-15 16:48:05","passenger_count":"1","trip_distance":"2.10","RatecodeID":"1","store_and_fwd_flag":"N","PULocationID":"237","DOLocationID":"43","payment_type":"1","fare_amount":"11","extra":"1","mta_tax":"0.5","tip_amount":"2.55","tolls_amount":"0","improvement_surcharge":"0.3","total_amount":"15.35","congestion_surcharge":""},{"VendorID":"1","tpep_pickup_datetime":"2023-07-13 16:18:58","tpep_dropoff_datetime":"2023-06-22 16:25:33","passenger_count":"1","trip_distance":".40","RatecodeID":"1","store_and_fwd_flag":"N","PULocationID":"236","DOLocationID":"263","payment_type":"1","fare_amount":"5.5","extra":"1","mta_tax":"0.5","tip_amount":"1.8","tolls_amount":"0","improvement_surcharge":"0.3","total_amount":"9.1","congestion_surcharge":""},{"VendorID":"1","tpep_pickup_datetime":"2023-10-01 16:32:20","tpep_dropoff_datetime":"2023-10-05 16:40:36","passenger_count":"1","trip_distance":"1.00","RatecodeID":"1","store_and_fwd_flag":"N","PULocationID":"236","DOLocationID":"141","payment_type":"1","fare_amount":"7.5","extra":"1","mta_tax":"0.5","tip_amount":"1","tolls_amount":"0","improvement_surcharge":"0.3","total_amount":"10.3","congestion_surcharge":""},{"VendorID":"1","tpep_pickup_datetime":"2023-02-15 16:52:01","tpep_dropoff_datetime":"2024-01-28 17:03:14","passenger_count":"1","trip_distance":"1.70","RatecodeID":"1","store_and_fwd_flag":"N","PULocationID":"263","DOLocationID":"238","payment_type":"1","fare_amount":"9.5","extra":"1","mta_tax":"0.5","tip_amount":"1.7","tolls_amount":"0","improvement_surcharge":"0.3","total_amount":"13","congestion_surcharge":""},{"VendorID":"1","tpep_pickup_datetime":"2023-09-30 16:05:09","tpep_dropoff_datetime":"2023-03-30 16:08:45","passenger_count":"1","trip_distance":".40","RatecodeID":"1","store_and_fwd_flag":"N","PULocationID":"238","DOLocationID":"238","payment_type":"2","fare_amount":"4.5","extra":"0","mta_tax":"0.5","tip_amount":"0","tolls_amount":"0","improvement_surcharge":"0.3","total_amount":"5.3","congestion_surcharge":""},{"VendorID":"1","tpep_pickup_datetime":"2023-04-22 16:19:57","tpep_dropoff_datetime":"2023-02-12 16:33:04","passenger_count":"2","trip_distance":"1.50","RatecodeID":"1","store_and_fwd_flag":"N","PULocationID":"142","DOLocationID":"237","payment_type":"2","fare_amount":"9.5","extra":"0","mta_tax":"0.5","tip_amount":"0","tolls_amount":"0","improvement_surcharge":"0.3","total_amount":"10.3","congestion_surcharge":""},{"VendorID":"1","tpep_pickup_datetime":"2023-02-21 16:33:25","tpep_dropoff_datetime":"2023-11-29 16:34:04","passenger_count":"1","trip_distance":".10","RatecodeID":"1","store_and_fwd_flag":"N","PULocationID":"237","DOLocationID":"237","payment_type":"3","fare_amount":"2.5","extra":"0","mta_tax":"0.5","tip_amount":"0","tolls_amount":"0","improvement_surcharge":"0.3","total_amount":"3.3","congestion_surcharge":""},{"VendorID":"1","tpep_pickup_datetime":"2023-12-30 16:15:06","tpep_dropoff_datetime":"2024-01-15 16:18:43","passenger_count":"1","trip_distance":".80","RatecodeID":"1","store_and_fwd_flag":"N","PULocationID":"236","DOLocationID":"75","payment_type":"2","fare_amount":"5","extra":"1","mta_tax":"0.5","tip_amount":"0","tolls_amount":"0","improvement_surcharge":"0.3","total_amount":"6.8","congestion_surcharge":""},{"VendorID":"1","tpep_pickup_datetime":"2023-09-26 16:28:17","tpep_dropoff_datetime":"2023-09-13 16:35:42","passenger_count":"1","trip_distance":"1.30","RatecodeID":"1","store_and_fwd_flag":"N","PULocationID":"236","DOLocationID":"239","payment_type":"1","fare_amount":"7.5","extra":"1","mta_tax":"0.5","tip_amount":"1.85","tolls_amount":"0","improvement_surcharge":"0.3","total_amount":"11.15","congestion_surcharge":""},{"VendorID":"1","tpep_pickup_datetime":"2023-09-27 16:37:57","tpep_dropoff_datetime":"2023-05-17 16:48:45","passenger_count":"1","trip_distance":"1.80","RatecodeID":"1","store_and_fwd_flag":"N","PULocationID":"239","DOLocationID":"236","payment_type":"2","fare_amount":"9","extra":"1","mta_tax":"0.5","tip_amount":"0","tolls_amount":"0","improvement_surcharge":"0.3","total_amount":"10.8","congestion_surcharge":""},{"VendorID":"1","tpep_pickup_datetime":"2023-08-09 16:42:01","tpep_dropoff_datetime":"2023-03-17 16:48:49","passenger_count":"2","trip_distance":".90","RatecodeID":"1","store_and_fwd_flag":"N","PULocationID":"237","DOLocationID":"233","payment_type":"2","fare_amount":"6","extra":"1","mta_tax":"0.5","tip_amount":"0","tolls_amount":"0","improvement_surcharge":"0.3","total_amount":"7.8","congestion_surcharge":""},{"VendorID":"1","tpep_pickup_datetime":"2023-01-09 16:52:43","tpep_dropoff_datetime":"2023-03-31 17:00:06","passenger_count":"1","trip_distance":"1.30","RatecodeID":"1","store_and_fwd_flag":"N","PULocationID":"233","DOLocationID":"107","payment_type":"1","fare_amount":"7","extra":"1","mta_tax":"0.5","tip_amount":"1.75","tolls_amount":"0","improvement_surcharge":"0.3","total_amount":"10.55","congestion_surcharge":""},{"VendorID":"1","tpep_pickup_datetime":"2023-05-16 16:27:05","tpep_dropoff_datetime":"2023-03-26 16:32:43","passenger_count":"1","trip_distance":".60","RatecodeID":"1","store_and_fwd_flag":"N","PULocationID":"231","DOLocationID":"87","payment_type":"2","fare_amount":"5.5","extra":"1","mta_tax":"0.5","tip_amount":"0","tolls_amount":"0","improvement_surcharge":"0.3","total_amount":"7.3","congestion_surcharge":""},{"VendorID":"1","tpep_pickup_datetime":"2024-01-14 16:35:57","tpep_dropoff_datetime":"2023-12-29 17:01:14","passenger_count":"1","trip_distance":"4.70","RatecodeID":"1","store_and_fwd_flag":"N","PULocationID":"88","DOLocationID":"48","payment_type":"1","fare_amount":"20.5","extra":"1","mta_tax":"0.5","tip_amount":"4.45","tolls_amount":"0","improvement_surcharge":"0.3","total_amount":"26.75","congestion_surcharge":""},{"VendorID":"1","tpep_pickup_datetime":"2023-01-31 16:29:09","tpep_dropoff_datetime":"2023-09-26 16:52:33","passenger_count":"1","trip_distance":"9.30","RatecodeID":"1","store_and_fwd_flag":"N","PULocationID":"138","DOLocationID":"161","payment_type":"1","fare_amount":"27.5","extra":"1","mta_tax":"0.5","tip_amount":"7","tolls_amount":"5.76","improvement_surcharge":"0.3","total_amount":"42.06","congestion_surcharge":""},{"VendorID":"1","tpep_pickup_datetime":"2023-11-27 16:00:19","tpep_dropoff_datetime":"2023-09-22 16:16:07","passenger_count":"1","trip_distance":"1.80","RatecodeID":"1","store_and_fwd_flag":"N","PULocationID":"163","DOLocationID":"100","payment_type":"1","fare_amount":"11.5","extra":"1","mta_tax":"0.5","tip_amount":"2.65","tolls_amount":"0","improvement_surcharge":"0.3","total_amount":"15.95","congestion_surcharge":""},{"VendorID":"1","tpep_pickup_datetime":"2023-11-17 16:31:01","tpep_dropoff_datetime":"2023-12-24 16:42:02","passenger_count":"4","trip_distance":"1.70","RatecodeID":"1","store_and_fwd_flag":"N","PULocationID":"264","DOLocationID":"142","payment_type":"1","fare_amount":"9.5","extra":"1","mta_tax":"0.5","tip_amount":"1","tolls_amount":"0","improvement_surcharge":"0.3","total_amount":"12.3","congestion_surcharge":""},{"VendorID":"1","tpep_pickup_datetime":"2023-07-13 16:54:10","tpep_dropoff_datetime":"2024-01-14 18:00:37","passenger_count":"1","trip_distance":"25.00","RatecodeID":"1","store_and_fwd_flag":"N","PULocationID":"230","DOLocationID":"155","payment_type":"1","fare_amount":"73.5","extra":"1","mta_tax":"0.5","tip_amount":"0","tolls_amount":"5.76","improvement_surcharge":"0.3","total_amount":"81.06","congestion_surcharge":""},{"VendorID":"2","tpep_pickup_datetime":"2023-05-29 16:30:07","tpep_dropoff_datetime":"2023-06-27 16:40:30","passenger_count":"1","trip_distance":"1.41","RatecodeID":"1","store_and_fwd_flag":"N","PULocationID":"237","DOLocationID":"263","payment_type":"1","fare_amount":"8.5","extra":"1","mta_tax":"0.5","tip_amount":"2.06","tolls_amount":"0","improvement_surcharge":"0.3","total_amount":"12.36","congestion_surcharge":""},{"VendorID":"2","tpep_pickup_datetime":"2024-01-31 16:50:02","tpep_dropoff_datetime":"2023-11-05 17:10:54","passenger_count":"1","trip_distance":"2.29","RatecodeID":"1","store_and_fwd_flag":"N","PULocationID":"237","DOLocationID":"164","payment_type":"2","fare_amount":"14.5","extra":"1","mta_tax":"0.5","tip_amount":"0","tolls_amount":"0","improvement_surcharge":"0.3","total_amount":"16.3","congestion_surcharge":""},{"VendorID":"1","tpep_pickup_datetime":"2023-08-21 16:50:56","tpep_dropoff_datetime":"2023-03-02 16:59:58","passenger_count":"0","trip_distance":"1.30","RatecodeID":"1","store_and_fwd_flag":"N","PULocationID":"234","DOLocationID":"158","payment_type":"1","fare_amount":"7.5","extra":"1","mta_tax":"0.5","tip_amount":"1.4","tolls_amount":"0","improvement_surcharge":"0.3","total_amount":"10.7","congestion_surcharge":""},{"VendorID":"1","tpep_pickup_datetime":"2023-03-01 16:07:35","tpep_dropoff_datetime":"2023-10-19 16:07:54","passenger_count":"2","trip_distance":".10","RatecodeID":"1","store_and_fwd_flag":"N","PULocationID":"66","DOLocationID":"66","payment_type":"2","fare_amount":"2.5","extra":"1","mta_tax":"0.5","tip_amount":"0","tolls_amount":"0","improvement_surcharge":"0.3","total_amount":"4.3","congestion_surcharge":""},{"VendorID":"2","tpep_pickup_datetime":"2023-05-24 16:03:54","tpep_dropoff_datetime":"2023-05-24 16:16:12","passenger_count":"1","trip_distance":"1.75","RatecodeID":"1","store_and_fwd_flag":"N","PULocationID":"236","DOLocationID":"142","payment_type":"1","fare_amount":"10","extra":"1","mta_tax":"0.5","tip_amount":"2.36","tolls_amount":"0","improvement_surcharge":"0.3","total_amount":"14.16","congestion_surcharge":""},{"VendorID":"2","tpep_pickup_datetime":"2023-10-06 16:17:44","tpep_dropoff_datetime":"2023-07-06 16:23:43","passenger_count":"1","trip_distance":"1.85","RatecodeID":"1","store_and_fwd_flag":"N","PULocationID":"142","DOLocationID":"151","payment_type":"2","fare_amount":"7.5","extra":"1","mta_tax":"0.5","tip_amount":"0","tolls_amount":"0","improvement_surcharge":"0.3","total_amount":"9.3","congestion_surcharge":""},{"VendorID":"2","tpep_pickup_datetime":"2024-02-06 16:33:43","tpep_dropoff_datetime":"2023-04-15 16:44:36","passenger_count":"1","trip_distance":"2.58","RatecodeID":"1","store_and_fwd_flag":"N","PULocationID":"238","DOLocationID":"237","payment_type":"1","fare_amount":"10","extra":"1","mta_tax":"0.5","tip_amount":"2.36","tolls_amount":"0","improvement_surcharge":"0.3","total_amount":"14.16","congestion_surcharge":""},{"VendorID":"2","tpep_pickup_datetime":"2023-11-02 16:49:14","tpep_dropoff_datetime":"2023-02-12 17:09:29","passenger_count":"1","trip_distance":"3.81","RatecodeID":"1","store_and_fwd_flag":"N","PULocationID":"237","DOLocationID":"90","payment_type":"2","fare_amount":"15.5","extra":"1","mta_tax":"0.5","tip_amount":"0","tolls_amount":"0","improvement_surcharge":"0.3","total_amount":"17.3","congestion_surcharge":""},{"VendorID":"1","tpep_pickup_datetime":"2023-04-21 16:02:23","tpep_dropoff_datetime":"2024-01-16 16:25:33","passenger_count":"2","trip_distance":"2.90","RatecodeID":"1","store_and_fwd_flag":"N","PULocationID":"249","DOLocationID":"162","payment_type":"2","fare_amount":"15.5","extra":"1","mta_tax":"0.5","tip_amount":"0","tolls_amount":"0","improvement_surcharge":"0.3","total_amount":"17.3","congestion_surcharge":""},{"VendorID":"1","tpep_pickup_datetime":"2023-02-16 16:27:25","tpep_dropoff_datetime":"2023-01-09 16:45:44","passenger_count":"2","trip_distance":"2.70","RatecodeID":"1","store_and_fwd_flag":"N","PULocationID":"162","DOLocationID":"79","payment_type":"1","fare_amount":"13.5","extra":"1","mta_tax":"0.5","tip_amount":"3.8","tolls_amount":"0","improvement_surcharge":"0.3","total_amount":"19.1","congestion_surcharge":""},{"VendorID":"2","tpep_pickup_datetime":"2024-01-28 16:10:01","tpep_dropoff_datetime":"2023-01-19 16:20:20","passenger_count":"2","trip_distance":"1.14","RatecodeID":"1","store_and_fwd_flag":"N","PULocationID":"162","DOLocationID":"234","payment_type":"1","fare_amount":"8","extra":"1","mta_tax":"0.5","tip_amount":"1","tolls_amount":"0","improvement_surcharge":"0.3","total_amount":"10.8","congestion_surcharge":""},{"VendorID":"2","tpep_pickup_datetime":"2023-08-22 16:23:15","tpep_dropoff_datetime":"2023-05-26 16:34:17","passenger_count":"2","trip_distance":"1.64","RatecodeID":"1","store_and_fwd_flag":"N","PULocationID":"107","DOLocationID":"158","payment_type":"1","fare_amount":"9","extra":"1","mta_tax":"0.5","tip_amount":"1","tolls_amount":"0","improvement_surcharge":"0.3","total_amount":"11.8","congestion_surcharge":""},{"VendorID":"1","tpep_pickup_datetime":"2023-09-16 16:59:06","tpep_dropoff_datetime":"2023-10-17 17:10:32","passenger_count":"1","trip_distance":"2.90","RatecodeID":"1","store_and_fwd_flag":"N","PULocationID":"138","DOLocationID":"223","payment_type":"1","fare_amount":"11","extra":"1","mta_tax":"0.5","tip_amount":"2.56","tolls_amount":"0","improvement_surcharge":"0.3","total_amount":"15.36","congestion_surcharge":""},{"VendorID":"2","tpep_pickup_datetime":"2023-01-29 16:42:27","tpep_dropoff_datetime":"2023-11-11 16:48:33","passenger_count":"5","trip_distance":".98","RatecodeID":"1","store_and_fwd_flag":"N","PULocationID":"48","DOLocationID":"143","payment_type":"1","fare_amount":"6.5","extra":"1","mta_tax":"0.5","tip_amount":"1.66","tolls_amount":"0","improvement_surcharge":"0.3","total_amount":"9.96","congestion_surcharge":""},{"VendorID":"1","tpep_pickup_datetime":"2023-12-06 16:09:06","tpep_dropoff_datetime":"2023-04-12 16:29:21","passenger_count":"1","trip_distance":"4.00","RatecodeID":"1","store_and_fwd_flag":"N","PULocationID":"113","DOLocationID":"209","payment_type":"1","fare_amount":"16.5","extra":"1","mta_tax":"0.5","tip_amount":"2.75","tolls_amount":"0","improvement_surcharge":"0.3","total_amount":"21.05","congestion_surcharge":""},{"VendorID":"1","tpep_pickup_datetime":"2023-10-30 16:47:45","tpep_dropoff_datetime":"2024-01-21 17:11:09","passenger_count":"1","trip_distance":"1.10","RatecodeID":"1","store_and_fwd_flag":"N","PULocationID":"88","DOLocationID":"231","payment_type":"2","fare_amount":"14","extra":"1","mta_tax":"0.5","tip_amount":"0","tolls_amount":"0","improvement_surcharge":"0.3","total_amount":"15.8","congestion_surcharge":""},{"VendorID":"1","tpep_pickup_datetime":"2023-09-12 16:20:39","tpep_dropoff_datetime":"2023-12-11 16:33:00","passenger_count":"1","trip_distance":"1.50","RatecodeID":"1","store_and_fwd_flag":"N","PULocationID":"161","DOLocationID":"234","payment_type":"1","fare_amount":"9.5","extra":"1","mta_tax":"0.5","tip_amount":"1.5","tolls_amount":"0","improvement_surcharge":"0.3","total_amount":"12.8","congestion_surcharge":""},{"VendorID":"1","tpep_pickup_datetime":"2023-02-08 16:36:57","tpep_dropoff_datetime":"2023-04-07 16:43:45","passenger_count":"1","trip_distance":"1.00","RatecodeID":"1","store_and_fwd_flag":"N","PULocationID":"234","DOLocationID":"79","payment_type":"1","fare_amount":"6.5","extra":"1","mta_tax":"0.5","tip_amount":"1.65","tolls_amount":"0","improvement_surcharge":"0.3","total_amount":"9.95","congestion_surcharge":""},{"VendorID":"1","tpep_pickup_datetime":"2023-07-13 16:46:54","tpep_dropoff_datetime":"2023-01-07 16:50:19","passenger_count":"2","trip_distance":".40","RatecodeID":"1","store_and_fwd_flag":"N","PULocationID":"114","DOLocationID":"148","payment_type":"2","fare_amount":"4.5","extra":"1","mta_tax":"0.5","tip_amount":"0","tolls_amount":"0","improvement_surcharge":"0.3","total_amount":"6.3","congestion_surcharge":""},{"VendorID":"1","tpep_pickup_datetime":"2023-09-13 16:51:36","tpep_dropoff_datetime":"2023-01-16 16:53:30","passenger_count":"2","trip_distance":".30","RatecodeID":"1","store_and_fwd_flag":"N","PULocationID":"148","DOLocationID":"79","payment_type":"1","fare_amount":"3.5","extra":"1","mta_tax":"0.5","tip_amount":"0","tolls_amount":"0","improvement_surcharge":"0.3","total_amount":"5.3","congestion_surcharge":""},{"VendorID":"1","tpep_pickup_datetime":"2023-06-09 16:09:45","tpep_dropoff_datetime":"2023-09-03 16:20:32","passenger_count":"3","trip_distance":"2.00","RatecodeID":"1","store_and_fwd_flag":"N","PULocationID":"50","DOLocationID":"90","payment_type":"1","fare_amount":"9.5","extra":"1","mta_tax":"0.5","tip_amount":"0.57","tolls_amount":"0","improvement_surcharge":"0.3","total_amount":"11.87","congestion_surcharge":""},{"VendorID":"1","tpep_pickup_datetime":"2023-04-01 16:38:28","tpep_dropoff_datetime":"2023-11-06 17:06:53","passenger_count":"1","trip_distance":"1.50","RatecodeID":"1","store_and_fwd_flag":"N","PULocationID":"137","DOLocationID":"186","payment_type":"2","fare_amount":"17","extra":"1","mta_tax":"0.5","tip_amount":"0","tolls_amount":"0","improvement_surcharge":"0.3","total_amount":"18.8","congestion_surcharge":""},{"VendorID":"2","tpep_pickup_datetime":"2023-11-26 15:59:21","tpep_dropoff_datetime":"2023-07-14 16:26:19","passenger_count":"3","trip_distance":"4.13","RatecodeID":"1","store_and_fwd_flag":"N","PULocationID":"231","DOLocationID":"162","payment_type":"1","fare_amount":"19","extra":"1","mta_tax":"0.5","tip_amount":"4.16","tolls_amount":"0","improvement_surcharge":"0.3","total_amount":"24.96","congestion_surcharge":""},{"VendorID":"2","tpep_pickup_datetime":"2023-10-31 16:36:46","tpep_dropoff_datetime":"2023-09-14 16:48:25","passenger_count":"2","trip_distance":"1.88","RatecodeID":"1","store_and_fwd_flag":"N","PULocationID":"162","DOLocationID":"263","payment_type":"1","fare_amount":"10","extra":"1","mta_tax":"0.5","tip_amount":"2.36","tolls_amount":"0","improvement_surcharge":"0.3","total_amount":"14.16","congestion_surcharge":""},{"VendorID":"1","tpep_pickup_datetime":"2023-06-20 16:06:42","tpep_dropoff_datetime":"2023-09-20 16:29:54","passenger_count":"1","trip_distance":"7.90","RatecodeID":"2","store_and_fwd_flag":"Y","PULocationID":"93","DOLocationID":"132","payment_type":"2","fare_amount":"52","extra":"4.5","mta_tax":"0.5","tip_amount":"0","tolls_amount":"5.76","improvement_surcharge":"0.3","total_amount":"63.06","congestion_surcharge":""},{"VendorID":"2","tpep_pickup_datetime":"2023-01-21 16:02:08","tpep_dropoff_datetime":"2023-06-24 16:11:54","passenger_count":"1","trip_distance":"1.10","RatecodeID":"1","store_and_fwd_flag":"N","PULocationID":"230","DOLocationID":"186","payment_type":"1","fare_amount":"7.5","extra":"1","mta_tax":"0.5","tip_amount":"1.86","tolls_amount":"0","improvement_surcharge":"0.3","total_amount":"11.16","congestion_surcharge":""},{"VendorID":"2","tpep_pickup_datetime":"2023-12-29 16:31:28","tpep_dropoff_datetime":"2023-04-30 16:35:00","passenger_count":"1","trip_distance":".49","RatecodeID":"1","store_and_fwd_flag":"N","PULocationID":"161","DOLocationID":"229","payment_type":"2","fare_amount":"4","extra":"1","mta_tax":"0.5","tip_amount":"0","tolls_amount":"0","improvement_surcharge":"0.3","total_amount":"5.8","congestion_surcharge":""},{"VendorID":"2","tpep_pickup_datetime":"2023-09-17 16:40:26","tpep_dropoff_datetime":"2023-02-06 16:45:35","passenger_count":"1","trip_distance":"1.53","RatecodeID":"1","store_and_fwd_flag":"N","PULocationID":"229","DOLocationID":"263","payment_type":"1","fare_amount":"6.5","extra":"1","mta_tax":"0.5","tip_amount":"1.66","tolls_amount":"0","improvement_surcharge":"0.3","total_amount":"9.96","congestion_surcharge":""},{"VendorID":"2","tpep_pickup_datetime":"2023-09-30 16:49:14","tpep_dropoff_datetime":"2023-11-30 16:55:54","passenger_count":"1","trip_distance":"1.09","RatecodeID":"1","store_and_fwd_flag":"N","PULocationID":"262","DOLocationID":"236","payment_type":"1","fare_amount":"6.5","extra":"1","mta_tax":"0.5","tip_amount":"2.08","tolls_amount":"0","improvement_surcharge":"0.3","total_amount":"10.38","congestion_surcharge":""},{"VendorID":"2","tpep_pickup_datetime":"2024-01-11 16:01:16","tpep_dropoff_datetime":"2023-12-24 16:22:16","passenger_count":"1","trip_distance":"3.51","RatecodeID":"1","store_and_fwd_flag":"N","PULocationID":"163","DOLocationID":"211","payment_type":"1","fare_amount":"15","extra":"1","mta_tax":"0.5","tip_amount":"3.36","tolls_amount":"0","improvement_surcharge":"0.3","total_amount":"20.16","congestion_surcharge":""},{"VendorID":"2","tpep_pickup_datetime":"2024-02-01 16:24:54","tpep_dropoff_datetime":"2023-08-11 16:30:50","passenger_count":"1","trip_distance":"1.17","RatecodeID":"1","store_and_fwd_flag":"N","PULocationID":"125","DOLocationID":"249","payment_type":"1","fare_amount":"6.5","extra":"1","mta_tax":"0.5","tip_amount":"2.08","tolls_amount":"0","improvement_surcharge":"0.3","total_amount":"10.38","congestion_surcharge":""},{"VendorID":"2","tpep_pickup_datetime":"2024-01-19 16:40:35","tpep_dropoff_datetime":"2023-02-01 16:51:15","passenger_count":"1","trip_distance":"1.91","RatecodeID":"1","store_and_fwd_flag":"N","PULocationID":"158","DOLocationID":"211","payment_type":"1","fare_amount":"9","extra":"1","mta_tax":"0.5","tip_amount":"2.16","tolls_amount":"0","improvement_surcharge":"0.3","total_amount":"12.96","congestion_surcharge":""},{"VendorID":"2","tpep_pickup_datetime":"2023-07-24 16:00:22","tpep_dropoff_datetime":"2023-01-17 16:03:21","passenger_count":"6","trip_distance":".52","RatecodeID":"1","store_and_fwd_flag":"N","PULocationID":"239","DOLocationID":"239","payment_type":"1","fare_amount":"4.5","extra":"1","mta_tax":"0.5","tip_amount":"1.26","tolls_amount":"0","improvement_surcharge":"0.3","total_amount":"7.56","congestion_surcharge":""},{"VendorID":"2","tpep_pickup_datetime":"2023-09-30 16:04:07","tpep_dropoff_datetime":"2023-08-14 16:08:13","passenger_count":"6","trip_distance":".50","RatecodeID":"1","store_and_fwd_flag":"N","PULocationID":"239","DOLocationID":"142","payment_type":"1","fare_amount":"4.5","extra":"1","mta_tax":"0.5","tip_amount":"0.75","tolls_amount":"0","improvement_surcharge":"0.3","total_amount":"7.05","congestion_surcharge":""},{"VendorID":"1","tpep_pickup_datetime":"2023-02-05 16:52:20","tpep_dropoff_datetime":"2023-12-23 16:53:24","passenger_count":"1","trip_distance":".20","RatecodeID":"1","store_and_fwd_flag":"N","PULocationID":"138","DOLocationID":"138","payment_type":"2","fare_amount":"3","extra":"1","mta_tax":"0.5","tip_amount":"0","tolls_amount":"0","improvement_surcharge":"0.3","total_amount":"4.8","congestion_surcharge":""},{"VendorID":"1","tpep_pickup_datetime":"2023-04-11 16:53:57","tpep_dropoff_datetime":"2023-07-19 17:09:44","passenger_count":"1","trip_distance":"7.40","RatecodeID":"1","store_and_fwd_flag":"N","PULocationID":"138","DOLocationID":"262","payment_type":"1","fare_amount":"22.5","extra":"1","mta_tax":"0.5","tip_amount":"6","tolls_amount":"5.76","improvement_surcharge":"0.3","total_amount":"36.06","congestion_surcharge":""},{"VendorID":"2","tpep_pickup_datetime":"2023-04-12 16:01:19","tpep_dropoff_datetime":"2023-06-14 16:15:09","passenger_count":"6","trip_distance":"2.08","RatecodeID":"1","store_and_fwd_flag":"N","PULocationID":"231","DOLocationID":"113","payment_type":"1","fare_amount":"10.5","extra":"1","mta_tax":"0.5","tip_amount":"2.46","tolls_amount":"0","improvement_surcharge":"0.3","total_amount":"14.76","congestion_surcharge":""},{"VendorID":"2","tpep_pickup_datetime":"2023-08-20 16:16:55","tpep_dropoff_datetime":"2023-11-01 16:35:51","passenger_count":"1","trip_distance":"2.35","RatecodeID":"1","store_and_fwd_flag":"N","PULocationID":"113","DOLocationID":"230","payment_type":"2","fare_amount":"13","extra":"1","mta_tax":"0.5","tip_amount":"0","tolls_amount":"0","improvement_surcharge":"0.3","total_amount":"14.8","congestion_surcharge":""},{"VendorID":"2","tpep_pickup_datetime":"2024-01-25 16:45:20","tpep_dropoff_datetime":"2023-02-08 16:54:24","passenger_count":"5","trip_distance":".83","RatecodeID":"1","store_and_fwd_flag":"N","PULocationID":"142","DOLocationID":"163","payment_type":"1","fare_amount":"7","extra":"1","mta_tax":"0.5","tip_amount":"1.76","tolls_amount":"0","improvement_surcharge":"0.3","total_amount":"10.56","congestion_surcharge":""},{"VendorID":"2","tpep_pickup_datetime":"2023-06-30 16:05:04","tpep_dropoff_datetime":"2023-02-09 16:15:09","passenger_count":"1","trip_distance":"1.81","RatecodeID":"1","store_and_fwd_flag":"N","PULocationID":"161","DOLocationID":"236","payment_type":"1","fare_amount":"8.5","extra":"1","mta_tax":"0.5","tip_amount":"1","tolls_amount":"0","improvement_surcharge":"0.3","total_amount":"11.3","congestion_surcharge":""},{"VendorID":"2","tpep_pickup_datetime":"2023-09-03 16:28:16","tpep_dropoff_datetime":"2023-04-05 16:47:16","passenger_count":"1","trip_distance":"1.65","RatecodeID":"1","store_and_fwd_flag":"N","PULocationID":"43","DOLocationID":"163","payment_type":"2","fare_amount":"13","extra":"1","mta_tax":"0.5","tip_amount":"0","tolls_amount":"0","improvement_surcharge":"0.3","total_amount":"14.8","congestion_surcharge":""},{"VendorID":"1","tpep_pickup_datetime":"2023-06-17 16:18:56","tpep_dropoff_datetime":"2023-12-31 16:25:42","passenger_count":"1","trip_distance":".60","RatecodeID":"1","store_and_fwd_flag":"N","PULocationID":"161","DOLocationID":"163","payment_type":"1","fare_amount":"6","extra":"1","mta_tax":"0.5","tip_amount":"1.55","tolls_amount":"0","improvement_surcharge":"0.3","total_amount":"9.35","congestion_surcharge":""},{"VendorID":"1","tpep_pickup_datetime":"2023-05-25 16:27:47","tpep_dropoff_datetime":"2023-01-09 16:56:27","passenger_count":"1","trip_distance":"5.60","RatecodeID":"1","store_and_fwd_flag":"N","PULocationID":"163","DOLocationID":"231","payment_type":"2","fare_amount":"22","extra":"1","mta_tax":"0.5","tip_amount":"0","tolls_amount":"0","improvement_surcharge":"0.3","total_amount":"23.8","congestion_surcharge":""},{"VendorID":"1","tpep_pickup_datetime":"2023-06-26 16:02:30","tpep_dropoff_datetime":"2024-01-18 16:10:22","passenger_count":"1","trip_distance":"1.50","RatecodeID":"1","store_and_fwd_flag":"N","PULocationID":"239","DOLocationID":"75","payment_type":"1","fare_amount":"7.5","extra":"1","mta_tax":"0.5","tip_amount":"1.85","tolls_amount":"0","improvement_surcharge":"0.3","total_amount":"11.15","congestion_surcharge":""},{"VendorID":"1","tpep_pickup_datetime":"2023-01-04 16:13:25","tpep_dropoff_datetime":"2023-03-30 16:22:38","passenger_count":"1","trip_distance":"1.30","RatecodeID":"1","store_and_fwd_flag":"N","PULocationID":"75","DOLocationID":"41","payment_type":"1","fare_amount":"7.5","extra":"1","mta_tax":"0.5","tip_amount":"0","tolls_amount":"0","improvement_surcharge":"0.3","total_amount":"9.3","congestion_surcharge":""},{"VendorID":"1","tpep_pickup_datetime":"2023-02-23 16:48:55","tpep_dropoff_datetime":"2023-11-24 17:08:04","passenger_count":"2","trip_distance":"1.70","RatecodeID":"1","store_and_fwd_flag":"N","PULocationID":"43","DOLocationID":"142","payment_type":"1","fare_amount":"12.5","extra":"1","mta_tax":"0.5","tip_amount":"2.5","tolls_amount":"0","improvement_surcharge":"0.3","total_amount":"16.8","congestion_surcharge":""},{"VendorID":"2","tpep_pickup_datetime":"2023-10-08 16:01:17","tpep_dropoff_datetime":"2023-07-28 16:17:12","passenger_count":"2","trip_distance":"2.60","RatecodeID":"1","store_and_fwd_flag":"N","PULocationID":"164","DOLocationID":"4","payment_type":"1","fare_amount":"13","extra":"1","mta_tax":"0.5","tip_amount":"2.96","tolls_amount":"0","improvement_surcharge":"0.3","total_amount":"17.76","congestion_surcharge":""},{"VendorID":"2","tpep_pickup_datetime":"2023-06-23 16:28:07","tpep_dropoff_datetime":"2023-04-27 16:45:04","passenger_count":"2","trip_distance":"1.60","RatecodeID":"1","store_and_fwd_flag":"N","PULocationID":"148","DOLocationID":"231","payment_type":"1","fare_amount":"11.5","extra":"1","mta_tax":"0.5","tip_amount":"2","tolls_amount":"0","improvement_surcharge":"0.3","total_amount":"15.3","congestion_surcharge":""},{"VendorID":"1","tpep_pickup_datetime":"2023-11-26 16:41:15","tpep_dropoff_datetime":"2023-07-15 17:05:58","passenger_count":"1","trip_distance":"2.20","RatecodeID":"1","store_and_fwd_flag":"N","PULocationID":"143","DOLocationID":"161","payment_type":"2","fare_amount":"16","extra":"1","mta_tax":"0.5","tip_amount":"0","tolls_amount":"0","improvement_surcharge":"0.3","total_amount":"17.8","congestion_surcharge":""},{"VendorID":"2","tpep_pickup_datetime":"2023-01-13 16:06:25","tpep_dropoff_datetime":"2023-04-17 16:14:22","passenger_count":"6","trip_distance":"1.45","RatecodeID":"1","store_and_fwd_flag":"N","PULocationID":"137","DOLocationID":"229","payment_type":"2","fare_amount":"7.5","extra":"1","mta_tax":"0.5","tip_amount":"0","tolls_amount":"0","improvement_surcharge":"0.3","total_amount":"9.3","congestion_surcharge":""},{"VendorID":"1","tpep_pickup_datetime":"2023-06-14 16:13:46","tpep_dropoff_datetime":"2023-09-04 16:19:01","passenger_count":"1","trip_distance":".80","RatecodeID":"1","store_and_fwd_flag":"N","PULocationID":"231","DOLocationID":"45","payment_type":"2","fare_amount":"5.5","extra":"1","mta_tax":"0.5","tip_amount":"0","tolls_amount":"0","improvement_surcharge":"0.3","total_amount":"7.3","congestion_surcharge":""},{"VendorID":"1","tpep_pickup_datetime":"2023-01-26 16:31:16","tpep_dropoff_datetime":"2023-07-18 16:35:19","passenger_count":"1","trip_distance":".10","RatecodeID":"1","store_and_fwd_flag":"N","PULocationID":"261","DOLocationID":"231","payment_type":"2","fare_amount":"4.5","extra":"1","mta_tax":"0.5","tip_amount":"0","tolls_amount":"0","improvement_surcharge":"0.3","total_amount":"6.3","congestion_surcharge":""},{"VendorID":"1","tpep_pickup_datetime":"2023-11-07 16:55:59","tpep_dropoff_datetime":"2023-12-04 17:16:57","passenger_count":"1","trip_distance":"3.70","RatecodeID":"1","store_and_fwd_flag":"N","PULocationID":"13","DOLocationID":"186","payment_type":"1","fare_amount":"16.5","extra":"1","mta_tax":"0.5","tip_amount":"1.7","tolls_amount":"0","improvement_surcharge":"0.3","total_amount":"20","congestion_surcharge":""},{"VendorID":"1","tpep_pickup_datetime":"2023-12-31 16:08:47","tpep_dropoff_datetime":"2023-12-10 16:21:21","passenger_count":"2","trip_distance":"2.40","RatecodeID":"1","store_and_fwd_flag":"N","PULocationID":"236","DOLocationID":"143","payment_type":"1","fare_amount":"11","extra":"1","mta_tax":"0.5","tip_amount":"2.56","tolls_amount":"0","improvement_surcharge":"0.3","total_amount":"15.36","congestion_surcharge":""},{"VendorID":"1","tpep_pickup_datetime":"2023-11-01 16:23:54","tpep_dropoff_datetime":"2023-03-17 16:37:55","passenger_count":"1","trip_distance":"3.30","RatecodeID":"1","store_and_fwd_flag":"N","PULocationID":"143","DOLocationID":"41","payment_type":"1","fare_amount":"13","extra":"1","mta_tax":"0.5","tip_amount":"3","tolls_amount":"0","improvement_surcharge":"0.3","total_amount":"17.8","congestion_surcharge":""},{"VendorID":"1","tpep_pickup_datetime":"2023-08-27 16:23:43","tpep_dropoff_datetime":"2023-09-18 16:27:24","passenger_count":"4","trip_distance":".70","RatecodeID":"1","store_and_fwd_flag":"N","PULocationID":"234","DOLocationID":"170","payment_type":"1","fare_amount":"4.5","extra":"1","mta_tax":"0.5","tip_amount":"1.25","tolls_amount":"0","improvement_surcharge":"0.3","total_amount":"7.55","congestion_surcharge":""},{"VendorID":"1","tpep_pickup_datetime":"2024-01-03 16:28:13","tpep_dropoff_datetime":"2023-09-28 16:49:19","passenger_count":"1","trip_distance":"3.20","RatecodeID":"1","store_and_fwd_flag":"N","PULocationID":"170","DOLocationID":"75","payment_type":"1","fare_amount":"16","extra":"1","mta_tax":"0.5","tip_amount":"3.55","tolls_amount":"0","improvement_surcharge":"0.3","total_amount":"21.35","congestion_surcharge":""},{"VendorID":"1","tpep_pickup_datetime":"2023-03-04 16:29:15","tpep_dropoff_datetime":"2023-02-17 16:40:08","passenger_count":"2","trip_distance":"1.80","RatecodeID":"1","store_and_fwd_flag":"N","PULocationID":"140","DOLocationID":"263","payment_type":"1","fare_amount":"9","extra":"1","mta_tax":"0.5","tip_amount":"4","tolls_amount":"0","improvement_surcharge":"0.3","total_amount":"14.8","congestion_surcharge":""},{"VendorID":"1","tpep_pickup_datetime":"2023-01-11 16:50:37","tpep_dropoff_datetime":"2023-01-01 16:56:31","passenger_count":"1","trip_distance":".90","RatecodeID":"1","store_and_fwd_flag":"N","PULocationID":"75","DOLocationID":"236","payment_type":"1","fare_amount":"6","extra":"1","mta_tax":"0.5","tip_amount":"1","tolls_amount":"0","improvement_surcharge":"0.3","total_amount":"8.8","congestion_surcharge":""},{"VendorID":"2","tpep_pickup_datetime":"2023-07-21 16:10:29","tpep_dropoff_datetime":"2023-08-21 16:15:38","passenger_count":"1","trip_distance":"1.13","RatecodeID":"1","store_and_fwd_flag":"N","PULocationID":"249","DOLocationID":"211","payment_type":"2","fare_amount":"6","extra":"1","mta_tax":"0.5","tip_amount":"0","tolls_amount":"0","improvement_surcharge":"0.3","total_amount":"7.8","congestion_surcharge":""},{"VendorID":"1","tpep_pickup_datetime":"2023-07-08 16:31:34","tpep_dropoff_datetime":"2024-01-26 17:02:57","passenger_count":"0","trip_distance":"11.00","RatecodeID":"1","store_and_fwd_flag":"N","PULocationID":"230","DOLocationID":"138","payment_type":"2","fare_amount":"32.5","extra":"1","mta_tax":"0.5","tip_amount":"0","tolls_amount":"5.76","improvement_surcharge":"0.3","total_amount":"40.06","congestion_surcharge":""},{"VendorID":"2","tpep_pickup_datetime":"2023-10-10 16:24:31","tpep_dropoff_datetime":"2023-04-09 16:30:18","passenger_count":"1","trip_distance":".74","RatecodeID":"1","store_and_fwd_flag":"N","PULocationID":"237","DOLocationID":"263","payment_type":"1","fare_amount":"5.5","extra":"1","mta_tax":"0.5","tip_amount":"0","tolls_amount":"0","improvement_surcharge":"0.3","total_amount":"7.3","congestion_surcharge":""},{"VendorID":"2","tpep_pickup_datetime":"2023-12-15 16:33:02","tpep_dropoff_datetime":"2023-08-15 16:39:36","passenger_count":"1","trip_distance":"1.15","RatecodeID":"1","store_and_fwd_flag":"N","PULocationID":"263","DOLocationID":"238","payment_type":"1","fare_amount":"6.5","extra":"1","mta_tax":"0.5","tip_amount":"1.66","tolls_amount":"0","improvement_surcharge":"0.3","total_amount":"9.96","congestion_surcharge":""},{"VendorID":"2","tpep_pickup_datetime":"2023-12-15 16:17:52","tpep_dropoff_datetime":"2023-01-07 16:24:22","passenger_count":"1","trip_distance":"1.20","RatecodeID":"1","store_and_fwd_flag":"N","PULocationID":"142","DOLocationID":"68","payment_type":"2","fare_amount":"6.5","extra":"1","mta_tax":"0.5","tip_amount":"0","tolls_amount":"0","improvement_surcharge":"0.3","total_amount":"8.3","congestion_surcharge":""},{"VendorID":"2","tpep_pickup_datetime":"2023-01-13 17:00:56","tpep_dropoff_datetime":"2023-06-03 17:33:31","passenger_count":"1","trip_distance":"3.56","RatecodeID":"1","store_and_fwd_flag":"N","PULocationID":"144","DOLocationID":"163","payment_type":"2","fare_amount":"20.5","extra":"1","mta_tax":"0.5","tip_amount":"0","tolls_amount":"0","improvement_surcharge":"0.3","total_amount":"22.3","congestion_surcharge":""},{"VendorID":"2","tpep_pickup_datetime":"2023-12-10 16:07:01","tpep_dropoff_datetime":"2023-12-03 16:19:09","passenger_count":"1","trip_distance":"5.23","RatecodeID":"1","store_and_fwd_flag":"N","PULocationID":"88","DOLocationID":"170","payment_type":"1","fare_amount":"16.5","extra":"0","mta_tax":"0.5","tip_amount":"3.46","tolls_amount":"0","improvement_surcharge":"0.3","total_amount":"20.76","congestion_surcharge":""},{"VendorID":"2","tpep_pickup_datetime":"2023-12-14 16:02:09","tpep_dropoff_datetime":"2023-05-05 16:43:12","passenger_count":"1","trip_distance":"14.48","RatecodeID":"3","store_and_fwd_flag":"N","PULocationID":"261","DOLocationID":"1","payment_type":"1","fare_amount":"62","extra":"1","mta_tax":"0","tip_amount":"22.74","tolls_amount":"12.5","improvement_surcharge":"0.3","total_amount":"98.54","congestion_surcharge":""},{"VendorID":"2","tpep_pickup_datetime":"2023-09-18 16:30:03","tpep_dropoff_datetime":"2023-01-05 16:30:12","passenger_count":"2","trip_distance":".00","RatecodeID":"1","store_and_fwd_flag":"N","PULocationID":"162","DOLocationID":"162","payment_type":"3","fare_amount":"-2.5","extra":"-1","mta_tax":"-0.5","tip_amount":"0","tolls_amount":"0","improvement_surcharge":"-0.3","total_amount":"-4.3","congestion_surcharge":""},{"VendorID":"2","tpep_pickup_datetime":"2023-09-08 16:30:03","tpep_dropoff_datetime":"2023-09-28 16:30:12","passenger_count":"2","trip_distance":".00","RatecodeID":"1","store_and_fwd_flag":"N","PULocationID":"162","DOLocationID":"162","payment_type":"2","fare_amount":"2.5","extra":"1","mta_tax":"0.5","tip_amount":"0","tolls_amount":"0","improvement_surcharge":"0.3","total_amount":"4.3","congestion_surcharge":""},{"VendorID":"2","tpep_pickup_datetime":"2023-03-09 16:31:44","tpep_dropoff_datetime":"2023-05-23 17:18:37","passenger_count":"2","trip_distance":"16.70","RatecodeID":"2","store_and_fwd_flag":"N","PULocationID":"162","DOLocationID":"132","payment_type":"2","fare_amount":"52","extra":"4.5","mta_tax":"0.5","tip_amount":"0","tolls_amount":"5.76","improvement_surcharge":"0.3","total_amount":"63.06","congestion_surcharge":""},{"VendorID":"1","tpep_pickup_datetime":"2024-01-26 16:48:41","tpep_dropoff_datetime":"2023-05-16 17:13:06","passenger_count":"1","trip_distance":"3.60","RatecodeID":"1","store_and_fwd_flag":"N","PULocationID":"162","DOLocationID":"231","payment_type":"3","fare_amount":"17","extra":"1","mta_tax":"0.5","tip_amount":"0","tolls_amount":"0","improvement_surcharge":"0.3","total_amount":"18.8","congestion_surcharge":""},{"VendorID":"1","tpep_pickup_datetime":"2023-03-25 16:03:34","tpep_dropoff_datetime":"2023-04-12 16:10:28","passenger_count":"1","trip_distance":".90","RatecodeID":"1","store_and_fwd_flag":"N","PULocationID":"48","DOLocationID":"161","payment_type":"1","fare_amount":"6.5","extra":"1","mta_tax":"0.5","tip_amount":"2.06","tolls_amount":"0","improvement_surcharge":"0.3","total_amount":"10.36","congestion_surcharge":""},{"VendorID":"1","tpep_pickup_datetime":"2023-01-13 16:15:38","tpep_dropoff_datetime":"2023-10-11 16:30:48","passenger_count":"1","trip_distance":"1.70","RatecodeID":"1","store_and_fwd_flag":"N","PULocationID":"162","DOLocationID":"246","payment_type":"1","fare_amount":"11","extra":"1","mta_tax":"0.5","tip_amount":"1.5","tolls_amount":"0","improvement_surcharge":"0.3","total_amount":"14.3","congestion_surcharge":""},{"VendorID":"1","tpep_pickup_datetime":"2024-01-16 16:34:47","tpep_dropoff_datetime":"2023-09-12 17:01:44","passenger_count":"2","trip_distance":"2.90","RatecodeID":"1","store_and_fwd_flag":"N","PULocationID":"50","DOLocationID":"140","payment_type":"1","fare_amount":"17.5","extra":"1","mta_tax":"0.5","tip_amount":"3.85","tolls_amount":"0","improvement_surcharge":"0.3","total_amount":"23.15","congestion_surcharge":""},{"VendorID":"2","tpep_pickup_datetime":"2023-10-15 16:02:39","tpep_dropoff_datetime":"2023-05-31 16:14:39","passenger_count":"1","trip_distance":"1.53","RatecodeID":"1","store_and_fwd_flag":"N","PULocationID":"68","DOLocationID":"107","payment_type":"2","fare_amount":"9.5","extra":"1","mta_tax":"0.5","tip_amount":"0","tolls_amount":"0","improvement_surcharge":"0.3","total_amount":"11.3","congestion_surcharge":""},{"VendorID":"2","tpep_pickup_datetime":"2023-11-14 16:23:41","tpep_dropoff_datetime":"2023-03-19 16:33:53","passenger_count":"1","trip_distance":"1.28","RatecodeID":"1","store_and_fwd_flag":"N","PULocationID":"233","DOLocationID":"163","payment_type":"1","fare_amount":"8","extra":"1","mta_tax":"0.5","tip_amount":"1.2","tolls_amount":"0","improvement_surcharge":"0.3","total_amount":"11","congestion_surcharge":""},{"VendorID":"2","tpep_pickup_datetime":"2023-07-03 16:39:33","tpep_dropoff_datetime":"2023-12-21 16:58:04","passenger_count":"1","trip_distance":"2.04","RatecodeID":"1","store_and_fwd_flag":"N","PULocationID":"161","DOLocationID":"237","payment_type":"2","fare_amount":"13","extra":"1","mta_tax":"0.5","tip_amount":"0","tolls_amount":"0","improvement_surcharge":"0.3","total_amount":"14.8","congestion_surcharge":""},{"VendorID":"2","tpep_pickup_datetime":"2023-08-26 16:14:51","tpep_dropoff_datetime":"2023-01-30 16:18:23","passenger_count":"1","trip_distance":".58","RatecodeID":"1","store_and_fwd_flag":"N","PULocationID":"148","DOLocationID":"79","payment_type":"1","fare_amount":"4.5","extra":"1","mta_tax":"0.5","tip_amount":"1.58","tolls_amount":"0","improvement_surcharge":"0.3","total_amount":"7.88","congestion_surcharge":""},{"VendorID":"1","tpep_pickup_datetime":"2023-05-17 16:06:50","tpep_dropoff_datetime":"2023-02-28 16:14:29","passenger_count":"1","trip_distance":".70","RatecodeID":"1","store_and_fwd_flag":"N","PULocationID":"237","DOLocationID":"161","payment_type":"1","fare_amount":"6.5","extra":"1","mta_tax":"0.5","tip_amount":"2","tolls_amount":"0","improvement_surcharge":"0.3","total_amount":"10.3","congestion_surcharge":""},{"VendorID":"1","tpep_pickup_datetime":"2023-03-19 16:21:29","tpep_dropoff_datetime":"2024-01-28 16:34:47","passenger_count":"1","trip_distance":".80","RatecodeID":"1","store_and_fwd_flag":"N","PULocationID":"170","DOLocationID":"48","payment_type":"4","fare_amount":"9","extra":"1","mta_tax":"0.5","tip_amount":"0","tolls_amount":"0","improvement_surcharge":"0.3","total_amount":"10.8","congestion_surcharge":""},{"VendorID":"1","tpep_pickup_datetime":"2023-09-17 16:43:46","tpep_dropoff_datetime":"2023-08-12 17:38:26","passenger_count":"1","trip_distance":"17.40","RatecodeID":"2","store_and_fwd_flag":"N","PULocationID":"186","DOLocationID":"132","payment_type":"1","fare_amount":"52","extra":"4.5","mta_tax":"0.5","tip_amount":"16.45","tolls_amount":"0","improvement_surcharge":"0.3","total_amount":"73.75","congestion_surcharge":""},{"VendorID":"2","tpep_pickup_datetime":"2023-03-25 16:06:43","tpep_dropoff_datetime":"2023-06-26 16:09:36","passenger_count":"1","trip_distance":".32","RatecodeID":"1","store_and_fwd_flag":"N","PULocationID":"142","DOLocationID":"142","payment_type":"1","fare_amount":"4","extra":"1","mta_tax":"0.5","tip_amount":"1.16","tolls_amount":"0","improvement_surcharge":"0.3","total_amount":"6.96","congestion_surcharge":""},{"VendorID":"2","tpep_pickup_datetime":"2024-01-24 16:18:13","tpep_dropoff_datetime":"2023-08-12 16:31:54","passenger_count":"1","trip_distance":".91","RatecodeID":"1","store_and_fwd_flag":"N","PULocationID":"230","DOLocationID":"161","payment_type":"2","fare_amount":"9.5","extra":"1","mta_tax":"0.5","tip_amount":"0","tolls_amount":"0","improvement_surcharge":"0.3","total_amount":"11.3","congestion_surcharge":""},{"VendorID":"2","tpep_pickup_datetime":"2024-01-22 16:37:56","tpep_dropoff_datetime":"2023-10-26 16:43:17","passenger_count":"1","trip_distance":".99","RatecodeID":"1","store_and_fwd_flag":"N","PULocationID":"164","DOLocationID":"137","payment_type":"1","fare_amount":"6","extra":"1","mta_tax":"0.5","tip_amount":"1.95","tolls_amount":"0","improvement_surcharge":"0.3","total_amount":"9.75","congestion_surcharge":""},{"VendorID":"2","tpep_pickup_datetime":"2023-06-20 16:46:31","tpep_dropoff_datetime":"2024-01-23 17:01:05","passenger_count":"1","trip_distance":"1.51","RatecodeID":"1","store_and_fwd_flag":"N","PULocationID":"137","DOLocationID":"186","payment_type":"1","fare_amount":"10","extra":"1","mta_tax":"0.5","tip_amount":"2.95","tolls_amount":"0","improvement_surcharge":"0.3","total_amount":"14.75","congestion_surcharge":""}]