[{"VendorID":"2","tpep_pickup_datetime":"2023-04-02 08:15:19","tpep_dropoff_datetime":"2023-07-08 08:19:06","passenger_count":"2","trip_distance":".39","RatecodeID":"1","store_and_fwd_flag":"N","PULocationID":"164","DOLocationID":"137","payment_type":"1","fare_amount":"4.5","extra":"0","mta_tax":"0.5","tip_amount":"1.32","tolls_amount":"0","improvement_surcharge":"0.3","total_amount":"6.62","congestion_surcharge":""},{"VendorID":"2","tpep_pickup_datetime":"2023-02-01 08:33:36","tpep_dropoff_datetime":"2024-01-29 08:44:42","passenger_count":"2","trip_distance":"1.51","RatecodeID":"1","store_and_fwd_flag":"N","PULocationID":"229","DOLocationID":"230","payment_type":"1","fare_amount":"8.5","extra":"0","mta_tax":"0.5","tip_amount":"1.86","tolls_amount":"0","improvement_surcharge":"0.3","total_amount":"11.16","congestion_surcharge":""},{"VendorID":"2","tpep_pickup_datetime":"2023-10-10 08:49:26","tpep_dropoff_datetime":"2023-05-02 09:05:49","passenger_count":"1","trip_distance":"4.60","RatecodeID":"1","store_and_fwd_flag":"N","PULocationID":"230","DOLocationID":"13","payment_type":"2","fare_amount":"16.5","extra":"0","mta_tax":"0.5","tip_amount":"0","tolls_amount":"0","improvement_surcharge":"0.3","total_amount":"17.3","congestion_surcharge":""},{"VendorID":"2","tpep_pickup_datetime":"2023-05-07 08:57:32","tpep_dropoff_datetime":"2023-08-31 09:30:29","passenger_count":"2","trip_distance":"17.39","RatecodeID":"2","store_and_fwd_flag":"N","PULocationID":"132","DOLocationID":"233","payment_type":"1","fare_amount":"52","extra":"0","mta_tax":"0.5","tip_amount":"11.71","tolls_amount":"5.76","improvement_surcharge":"0.3","total_amount":"70.27","congestion_surcharge":""},{"VendorID":"2","tpep_pickup_datetime":"2024-01-30 08:02:54","tpep_dropoff_datetime":"2023-04-04 08:27:37","passenger_count":"1","trip_distance":"3.16","RatecodeID":"1","store_and_fwd_flag":"N","PULocationID":"50","DOLocationID":"140","payment_type":"1","fare_amount":"17","extra":"0","mta_tax":"0.5","tip_amount":"2.67","tolls_amount":"0","improvement_surcharge":"0.3","total_amount":"20.47","congestion_surcharge":""},{"VendorID":"2","tpep_pickup_datetime":"2023-05-10 08:31:56","tpep_dropoff_datetime":"2024-01-26 08:40:34","passenger_count":"1","trip_distance":".94","RatecodeID":"1","store_and_fwd_flag":"N","PULocationID":"140","DOLocationID":"236","payment_type":"1","fare_amount":"7","extra":"0","mta_tax":"0.5","tip_amount":"1.17","tolls_amount":"0","improvement_surcharge":"0.3","total_amount":"8.97","congestion_surcharge":""},{"VendorID":"2","tpep_pickup_datetime":"2024-01-27 08:50:27","tpep_dropoff_datetime":"2023-06-18 08:57:04","passenger_count":"1","trip_distance":"1.57","RatecodeID":"1","store_and_fwd_flag":"N","PULocationID":"263","DOLocationID":"229","payment_type":"2","fare_amount":"7","extra":"0","mta_tax":"0.5","tip_amount":"0","tolls_amount":"0","improvement_surcharge":"0.3","total_amount":"7.8","congestion_surcharge":""},{"VendorID":"2","tpep_pickup_datetime":"2023-08-31 07:57:40","tpep_dropoff_datetime":"2023-05-07 08:02:47","passenger_count":"4","trip_distance":".69","RatecodeID":"1","store_and_fwd_flag":"N","PULocationID":"158","DOLocationID":"246","payment_type":"2","fare_amount":"5.5","extra":"0","mta_tax":"0.5","tip_amount":"0","tolls_amount":"0","improvement_surcharge":"0.3","total_amount":"6.3","congestion_surcharge":""},{"VendorID":"2","tpep_pickup_datetime":"2023-09-01 08:14:16","tpep_dropoff_datetime":"2023-04-22 08:23:21","passenger_count":"2","trip_distance":"2.16","RatecodeID":"1","store_and_fwd_flag":"N","PULocationID":"142","DOLocationID":"68","payment_type":"2","fare_amount":"9","extra":"0","mta_tax":"0.5","tip_amount":"0","tolls_amount":"0","improvement_surcharge":"0.3","total_amount":"9.8","congestion_surcharge":""},{"VendorID":"2","tpep_pickup_datetime":"2023-06-02 08:30:11","tpep_dropoff_datetime":"2023-02-05 08:52:18","passenger_count":"3","trip_distance":"4.90","RatecodeID":"1","store_and_fwd_flag":"N","PULocationID":"50","DOLocationID":"45","payment_type":"2","fare_amount":"19","extra":"0","mta_tax":"0.5","tip_amount":"0","tolls_amount":"0","improvement_surcharge":"0.3","total_amount":"19.8","congestion_surcharge":""},{"VendorID":"2","tpep_pickup_datetime":"2023-10-25 08:21:32","tpep_dropoff_datetime":"2023-10-23 08:24:36","passenger_count":"2","trip_distance":".68","RatecodeID":"1","store_and_fwd_flag":"N","PULocationID":"43","DOLocationID":"43","payment_type":"1","fare_amount":"4.5","extra":"0","mta_tax":"0.5","tip_amount":"1.59","tolls_amount":"0","improvement_surcharge":"0.3","total_amount":"6.89","congestion_surcharge":""},{"VendorID":"2","tpep_pickup_datetime":"2024-01-20 08:35:56","tpep_dropoff_datetime":"2023-05-29 08:44:59","passenger_count":"2","trip_distance":"2.42","RatecodeID":"1","store_and_fwd_flag":"N","PULocationID":"239","DOLocationID":"41","payment_type":"1","fare_amount":"9","extra":"0","mta_tax":"0.5","tip_amount":"1.96","tolls_amount":"0","improvement_surcharge":"0.3","total_amount":"11.76","congestion_surcharge":""},{"VendorID":"2","tpep_pickup_datetime":"2023-05-07 08:54:05","tpep_dropoff_datetime":"2023-01-12 08:59:36","passenger_count":"2","trip_distance":"1.42","RatecodeID":"1","store_and_fwd_flag":"N","PULocationID":"24","DOLocationID":"238","payment_type":"1","fare_amount":"6.5","extra":"0","mta_tax":"0.5","tip_amount":"1","tolls_amount":"0","improvement_surcharge":"0.3","total_amount":"8.3","congestion_surcharge":""},{"VendorID":"2","tpep_pickup_datetime":"2023-03-20 09:00:50","tpep_dropoff_datetime":"2023-07-10 09:09:15","passenger_count":"2","trip_distance":"1.30","RatecodeID":"1","store_and_fwd_flag":"N","PULocationID":"238","DOLocationID":"263","payment_type":"1","fare_amount":"8","extra":"0","mta_tax":"0.5","tip_amount":"1.76","tolls_amount":"0","improvement_surcharge":"0.3","total_amount":"10.56","congestion_surcharge":""},{"VendorID":"2","tpep_pickup_datetime":"2023-08-26 08:11:34","tpep_dropoff_datetime":"2023-08-02 08:21:35","passenger_count":"1","trip_distance":"1.21","RatecodeID":"1","store_and_fwd_flag":"N","PULocationID":"142","DOLocationID":"162","payment_type":"2","fare_amount":"8","extra":"0","mta_tax":"0.5","tip_amount":"0","tolls_amount":"0","improvement_surcharge":"0.3","total_amount":"8.8","congestion_surcharge":""},{"VendorID":"1","tpep_pickup_datetime":"2023-06-26 08:03:14","tpep_dropoff_datetime":"2023-01-26 08:14:53","passenger_count":"1","trip_distance":"2.00","RatecodeID":"1","store_and_fwd_flag":"N","PULocationID":"246","DOLocationID":"170","payment_type":"1","fare_amount":"10","extra":"0","mta_tax":"0.5","tip_amount":"2.16","tolls_amount":"0","improvement_surcharge":"0.3","total_amount":"12.96","congestion_surcharge":""},{"VendorID":"1","tpep_pickup_datetime":"2023-01-10 08:18:00","tpep_dropoff_datetime":"2023-06-01 08:20:08","passenger_count":"1","trip_distance":".50","RatecodeID":"1","store_and_fwd_flag":"N","PULocationID":"170","DOLocationID":"107","payment_type":"1","fare_amount":"4","extra":"0","mta_tax":"0.5","tip_amount":"0.2","tolls_amount":"0","improvement_surcharge":"0.3","total_amount":"5","congestion_surcharge":""},{"VendorID":"2","tpep_pickup_datetime":"2023-11-07 08:08:47","tpep_dropoff_datetime":"2023-12-12 08:51:21","passenger_count":"1","trip_distance":"12.53","RatecodeID":"1","store_and_fwd_flag":"N","PULocationID":"138","DOLocationID":"48","payment_type":"1","fare_amount":"42","extra":"0","mta_tax":"0.5","tip_amount":"12.14","tolls_amount":"5.76","improvement_surcharge":"0.3","total_amount":"60.7","congestion_surcharge":""},{"VendorID":"2","tpep_pickup_datetime":"2023-07-31 08:40:46","tpep_dropoff_datetime":"2023-07-19 08:54:16","passenger_count":"1","trip_distance":"3.66","RatecodeID":"1","store_and_fwd_flag":"N","PULocationID":"263","DOLocationID":"137","payment_type":"1","fare_amount":"14","extra":"0","mta_tax":"0.5","tip_amount":"0","tolls_amount":"0","improvement_surcharge":"0.3","total_amount":"14.8","congestion_surcharge":""},{"VendorID":"2","tpep_pickup_datetime":"2023-10-13 08:04:34","tpep_dropoff_datetime":"2024-01-14 08:11:04","passenger_count":"3","trip_distance":"1.05","RatecodeID":"1","store_and_fwd_flag":"N","PULocationID":"90","DOLocationID":"249","payment_type":"1","fare_amount":"6.5","extra":"0","mta_tax":"0.5","tip_amount":"1.82","tolls_amount":"0","improvement_surcharge":"0.3","total_amount":"9.12","congestion_surcharge":""},{"VendorID":"2","tpep_pickup_datetime":"2023-10-01 08:14:58","tpep_dropoff_datetime":"2023-09-05 09:03:57","passenger_count":"1","trip_distance":"19.07","RatecodeID":"2","store_and_fwd_flag":"N","PULocationID":"249","DOLocationID":"132","payment_type":"2","fare_amount":"52","extra":"0","mta_tax":"0.5","tip_amount":"0","tolls_amount":"0","improvement_surcharge":"0.3","total_amount":"52.8","congestion_surcharge":""},{"VendorID":"1","tpep_pickup_datetime":"2023-12-09 08:19:52","tpep_dropoff_datetime":"2023-01-03 08:58:40","passenger_count":"1","trip_distance":"14.40","RatecodeID":"1","store_and_fwd_flag":"N","PULocationID":"138","DOLocationID":"249","payment_type":"1","fare_amount":"42.5","extra":"0","mta_tax":"0.5","tip_amount":"9.8","tolls_amount":"5.76","improvement_surcharge":"0.3","total_amount":"58.86","congestion_surcharge":""},{"VendorID":"2","tpep_pickup_datetime":"2024-01-16 08:47:05","tpep_dropoff_datetime":"2023-09-14 08:55:26","passenger_count":"1","trip_distance":"1.20","RatecodeID":"1","store_and_fwd_flag":"N","PULocationID":"186","DOLocationID":"107","payment_type":"1","fare_amount":"7","extra":"0","mta_tax":"0.5","tip_amount":"1.56","tolls_amount":"0","improvement_surcharge":"0.3","total_amount":"9.36","congestion_surcharge":""},{"VendorID":"2","tpep_pickup_datetime":"2023-10-05 08:24:51","tpep_dropoff_datetime":"2023-09-01 08:41:33","passenger_count":"1","trip_distance":"1.61","RatecodeID":"1","store_and_fwd_flag":"N","PULocationID":"75","DOLocationID":"238","payment_type":"2","fare_amount":"12","extra":"0","mta_tax":"0.5","tip_amount":"0","tolls_amount":"0","improvement_surcharge":"0.3","total_amount":"12.8","congestion_surcharge":""},{"VendorID":"2","tpep_pickup_datetime":"2023-06-10 08:22:46","tpep_dropoff_datetime":"2023-02-01 08:32:48","passenger_count":"1","trip_distance":"2.27","RatecodeID":"1","store_and_fwd_flag":"N","PULocationID":"262","DOLocationID":"163","payment_type":"2","fare_amount":"9.5","extra":"0","mta_tax":"0.5","tip_amount":"0","tolls_amount":"0","improvement_surcharge":"0.3","total_amount":"10.3","congestion_surcharge":""},{"VendorID":"2","tpep_pickup_datetime":"2023-08-02 08:46:46","tpep_dropoff_datetime":"2023-06-05 08:52:33","passenger_count":"1","trip_distance":".86","RatecodeID":"1","store_and_fwd_flag":"N","PULocationID":"140","DOLocationID":"141","payment_type":"1","fare_amount":"5.5","extra":"0","mta_tax":"0.5","tip_amount":"1.26","tolls_amount":"0","improvement_surcharge":"0.3","total_amount":"7.56","congestion_surcharge":""},{"VendorID":"2","tpep_pickup_datetime":"2023-07-21 08:08:34","tpep_dropoff_datetime":"2023-12-25 08:21:58","passenger_count":"1","trip_distance":"2.64","RatecodeID":"1","store_and_fwd_flag":"N","PULocationID":"41","DOLocationID":"41","payment_type":"1","fare_amount":"11.5","extra":"0","mta_tax":"0.5","tip_amount":"1","tolls_amount":"0","improvement_surcharge":"0.3","total_amount":"13.3","congestion_surcharge":""},{"VendorID":"2","tpep_pickup_datetime":"2023-07-12 08:31:17","tpep_dropoff_datetime":"2023-12-01 08:33:08","passenger_count":"1","trip_distance":".59","RatecodeID":"1","store_and_fwd_flag":"N","PULocationID":"239","DOLocationID":"142","payment_type":"1","fare_amount":"4","extra":"0","mta_tax":"0.5","tip_amount":"0.96","tolls_amount":"0","improvement_surcharge":"0.3","total_amount":"5.76","congestion_surcharge":""},{"VendorID":"2","tpep_pickup_datetime":"2023-07-24 08:45:41","tpep_dropoff_datetime":"2024-01-22 08:58:07","passenger_count":"1","trip_distance":"1.10","RatecodeID":"1","store_and_fwd_flag":"N","PULocationID":"100","DOLocationID":"234","payment_type":"1","fare_amount":"9","extra":"0","mta_tax":"0.5","tip_amount":"1.96","tolls_amount":"0","improvement_surcharge":"0.3","total_amount":"11.76","congestion_surcharge":""},{"VendorID":"1","tpep_pickup_datetime":"2023-07-07 08:03:17","tpep_dropoff_datetime":"2023-12-19 08:12:54","passenger_count":"1","trip_distance":"1.00","RatecodeID":"1","store_and_fwd_flag":"N","PULocationID":"164","DOLocationID":"137","payment_type":"2","fare_amount":"7.5","extra":"0","mta_tax":"0.5","tip_amount":"0","tolls_amount":"0","improvement_surcharge":"0.3","total_amount":"8.3","congestion_surcharge":""},{"VendorID":"1","tpep_pickup_datetime":"2024-01-07 08:18:36","tpep_dropoff_datetime":"2023-12-31 08:32:50","passenger_count":"1","trip_distance":"2.00","RatecodeID":"1","store_and_fwd_flag":"N","PULocationID":"107","DOLocationID":"246","payment_type":"1","fare_amount":"11","extra":"0","mta_tax":"0.5","tip_amount":"2.35","tolls_amount":"0","improvement_surcharge":"0.3","total_amount":"14.15","congestion_surcharge":""},{"VendorID":"1","tpep_pickup_datetime":"2023-07-04 08:47:40","tpep_dropoff_datetime":"2024-01-19 08:54:35","passenger_count":"1","trip_distance":"1.00","RatecodeID":"1","store_and_fwd_flag":"N","PULocationID":"239","DOLocationID":"238","payment_type":"2","fare_amount":"7","extra":"0","mta_tax":"0.5","tip_amount":"0","tolls_amount":"0","improvement_surcharge":"0.3","total_amount":"7.8","congestion_surcharge":""},{"VendorID":"2","tpep_pickup_datetime":"2023-09-10 08:02:10","tpep_dropoff_datetime":"2023-04-02 08:14:53","passenger_count":"1","trip_distance":"2.26","RatecodeID":"1","store_and_fwd_flag":"N","PULocationID":"68","DOLocationID":"163","payment_type":"1","fare_amount":"10.5","extra":"0","mta_tax":"0.5","tip_amount":"2.26","tolls_amount":"0","improvement_surcharge":"0.3","total_amount":"13.56","congestion_surcharge":""},{"VendorID":"2","tpep_pickup_datetime":"2023-02-19 08:26:23","tpep_dropoff_datetime":"2023-08-12 08:36:09","passenger_count":"1","trip_distance":"1.67","RatecodeID":"1","store_and_fwd_flag":"N","PULocationID":"113","DOLocationID":"100","payment_type":"1","fare_amount":"8.5","extra":"0","mta_tax":"0.5","tip_amount":"1.86","tolls_amount":"0","improvement_surcharge":"0.3","total_amount":"11.16","congestion_surcharge":""},{"VendorID":"2","tpep_pickup_datetime":"2023-10-18 08:49:38","tpep_dropoff_datetime":"2023-06-27 08:59:46","passenger_count":"1","trip_distance":"1.31","RatecodeID":"1","store_and_fwd_flag":"N","PULocationID":"107","DOLocationID":"164","payment_type":"1","fare_amount":"8","extra":"0","mta_tax":"0.5","tip_amount":"2.2","tolls_amount":"0","improvement_surcharge":"0.3","total_amount":"11","congestion_surcharge":""},{"VendorID":"2","tpep_pickup_datetime":"2023-12-23 08:51:30","tpep_dropoff_datetime":"2023-10-16 09:12:07","passenger_count":"1","trip_distance":"8.65","RatecodeID":"1","store_and_fwd_flag":"N","PULocationID":"132","DOLocationID":"196","payment_type":"1","fare_amount":"25.5","extra":"0","mta_tax":"0.5","tip_amount":"6.58","tolls_amount":"0","improvement_surcharge":"0.3","total_amount":"32.88","congestion_surcharge":""},{"VendorID":"1","tpep_pickup_datetime":"2023-11-10 08:56:31","tpep_dropoff_datetime":"2023-09-09 09:19:05","passenger_count":"1","trip_distance":"3.60","RatecodeID":"1","store_and_fwd_flag":"N","PULocationID":"151","DOLocationID":"162","payment_type":"1","fare_amount":"17","extra":"0","mta_tax":"0.5","tip_amount":"3.55","tolls_amount":"0","improvement_surcharge":"0.3","total_amount":"21.35","congestion_surcharge":""},{"VendorID":"1","tpep_pickup_datetime":"2023-09-30 08:10:34","tpep_dropoff_datetime":"2023-10-27 08:18:24","passenger_count":"1","trip_distance":"1.20","RatecodeID":"1","store_and_fwd_flag":"N","PULocationID":"186","DOLocationID":"107","payment_type":"1","fare_amount":"7","extra":"0","mta_tax":"0.5","tip_amount":"1.55","tolls_amount":"0","improvement_surcharge":"0.3","total_amount":"9.35","congestion_surcharge":""},{"VendorID":"1","tpep_pickup_datetime":"2023-08-14 08:35:45","tpep_dropoff_datetime":"2023-05-23 08:39:40","passenger_count":"1","trip_distance":"1.10","RatecodeID":"1","store_and_fwd_flag":"N","PULocationID":"107","DOLocationID":"170","payment_type":"2","fare_amount":"5.5","extra":"0","mta_tax":"0.5","tip_amount":"0","tolls_amount":"0","improvement_surcharge":"0.3","total_amount":"6.3","congestion_surcharge":""},{"VendorID":"1","tpep_pickup_datetime":"2023-11-05 08:43:30","tpep_dropoff_datetime":"2023-04-25 08:50:54","passenger_count":"1","trip_distance":"1.20","RatecodeID":"1","store_and_fwd_flag":"N","PULocationID":"170","DOLocationID":"162","payment_type":"1","fare_amount":"7","extra":"0","mta_tax":"0.5","tip_amount":"1.55","tolls_amount":"0","improvement_surcharge":"0.3","total_amount":"9.35","congestion_surcharge":""},{"VendorID":"1","tpep_pickup_datetime":"2023-04-25 08:57:53","tpep_dropoff_datetime":"2023-09-22 09:06:38","passenger_count":"1","trip_distance":"1.50","RatecodeID":"1","store_and_fwd_flag":"N","PULocationID":"141","DOLocationID":"161","payment_type":"1","fare_amount":"8","extra":"0","mta_tax":"0.5","tip_amount":"1","tolls_amount":"0","improvement_surcharge":"0.3","total_amount":"9.8","congestion_surcharge":""},{"VendorID":"2","tpep_pickup_datetime":"2023-04-21 08:16:20","tpep_dropoff_datetime":"2024-01-07 08:29:37","passenger_count":"1","trip_distance":"1.56","RatecodeID":"1","store_and_fwd_flag":"N","PULocationID":"41","DOLocationID":"24","payment_type":"1","fare_amount":"10.5","extra":"0","mta_tax":"0.5","tip_amount":"2.26","tolls_amount":"0","improvement_surcharge":"0.3","total_amount":"13.56","congestion_surcharge":""},{"VendorID":"2","tpep_pickup_datetime":"2023-01-06 08:32:12","tpep_dropoff_datetime":"2023-09-12 08:40:40","passenger_count":"1","trip_distance":"1.22","RatecodeID":"1","store_and_fwd_flag":"N","PULocationID":"24","DOLocationID":"75","payment_type":"1","fare_amount":"7.5","extra":"0","mta_tax":"0.5","tip_amount":"2.08","tolls_amount":"0","improvement_surcharge":"0.3","total_amount":"10.38","congestion_surcharge":""},{"VendorID":"1","tpep_pickup_datetime":"2023-01-08 08:01:34","tpep_dropoff_datetime":"2023-06-26 08:08:26","passenger_count":"1","trip_distance":"1.30","RatecodeID":"1","store_and_fwd_flag":"N","PULocationID":"234","DOLocationID":"230","payment_type":"2","fare_amount":"7","extra":"0","mta_tax":"0.5","tip_amount":"0","tolls_amount":"0","improvement_surcharge":"0.3","total_amount":"7.8","congestion_surcharge":""},{"VendorID":"1","tpep_pickup_datetime":"2023-03-15 08:09:40","tpep_dropoff_datetime":"2023-10-10 08:18:06","passenger_count":"1","trip_distance":"1.10","RatecodeID":"1","store_and_fwd_flag":"N","PULocationID":"230","DOLocationID":"164","payment_type":"1","fare_amount":"7.5","extra":"0","mta_tax":"0.5","tip_amount":"1","tolls_amount":"0","improvement_surcharge":"0.3","total_amount":"9.3","congestion_surcharge":""},{"VendorID":"1","tpep_pickup_datetime":"2023-03-31 08:25:48","tpep_dropoff_datetime":"2023-08-26 08:36:04","passenger_count":"1","trip_distance":"1.50","RatecodeID":"1","store_and_fwd_flag":"N","PULocationID":"234","DOLocationID":"170","payment_type":"1","fare_amount":"8.5","extra":"0","mta_tax":"0.5","tip_amount":"1.85","tolls_amount":"0","improvement_surcharge":"0.3","total_amount":"11.15","congestion_surcharge":""},{"VendorID":"1","tpep_pickup_datetime":"2023-08-23 08:39:09","tpep_dropoff_datetime":"2023-12-31 08:55:34","passenger_count":"1","trip_distance":"3.40","RatecodeID":"1","store_and_fwd_flag":"N","PULocationID":"170","DOLocationID":"231","payment_type":"2","fare_amount":"14","extra":"0","mta_tax":"0.5","tip_amount":"0","tolls_amount":"0","improvement_surcharge":"0.3","total_amount":"14.8","congestion_surcharge":""},{"VendorID":"1","tpep_pickup_datetime":"2023-05-07 08:16:46","tpep_dropoff_datetime":"2023-06-03 08:33:51","passenger_count":"1","trip_distance":"2.60","RatecodeID":"1","store_and_fwd_flag":"N","PULocationID":"100","DOLocationID":"141","payment_type":"1","fare_amount":"13.5","extra":"0","mta_tax":"0.5","tip_amount":"4","tolls_amount":"0","improvement_surcharge":"0.3","total_amount":"18.3","congestion_surcharge":""},{"VendorID":"1","tpep_pickup_datetime":"2023-10-02 08:39:32","tpep_dropoff_datetime":"2023-02-12 09:01:48","passenger_count":"1","trip_distance":"3.30","RatecodeID":"1","store_and_fwd_flag":"N","PULocationID":"237","DOLocationID":"249","payment_type":"1","fare_amount":"16.5","extra":"0","mta_tax":"0.5","tip_amount":"3.45","tolls_amount":"0","improvement_surcharge":"0.3","total_amount":"20.75","congestion_surcharge":""},{"VendorID":"2","tpep_pickup_datetime":"2023-04-25 08:20:50","tpep_dropoff_datetime":"2023-10-05 08:44:20","passenger_count":"5","trip_distance":"5.93","RatecodeID":"1","store_and_fwd_flag":"N","PULocationID":"164","DOLocationID":"87","payment_type":"2","fare_amount":"21.5","extra":"0","mta_tax":"0.5","tip_amount":"0","tolls_amount":"0","improvement_surcharge":"0.3","total_amount":"22.3","congestion_surcharge":""},{"VendorID":"2","tpep_pickup_datetime":"2023-09-23 08:57:49","tpep_dropoff_datetime":"2023-08-16 09:05:37","passenger_count":"4","trip_distance":"1.70","RatecodeID":"1","store_and_fwd_flag":"N","PULocationID":"87","DOLocationID":"232","payment_type":"1","fare_amount":"8","extra":"0","mta_tax":"0.5","tip_amount":"1.32","tolls_amount":"0","improvement_surcharge":"0.3","total_amount":"10.12","congestion_surcharge":""},{"VendorID":"2","tpep_pickup_datetime":"2023-04-01 08:25:12","tpep_dropoff_datetime":"2024-01-07 08:31:18","passenger_count":"2","trip_distance":"1.36","RatecodeID":"1","store_and_fwd_flag":"N","PULocationID":"233","DOLocationID":"162","payment_type":"1","fare_amount":"6.5","extra":"0","mta_tax":"0.5","tip_amount":"1.46","tolls_amount":"0","improvement_surcharge":"0.3","total_amount":"8.76","congestion_surcharge":""},{"VendorID":"2","tpep_pickup_datetime":"2023-07-26 08:40:23","tpep_dropoff_datetime":"2024-01-11 08:54:58","passenger_count":"2","trip_distance":"1.71","RatecodeID":"1","store_and_fwd_flag":"N","PULocationID":"141","DOLocationID":"143","payment_type":"1","fare_amount":"10.5","extra":"0","mta_tax":"0.5","tip_amount":"1.36","tolls_amount":"0","improvement_surcharge":"0.3","total_amount":"12.66","congestion_surcharge":""},{"VendorID":"2","tpep_pickup_datetime":"2023-09-15 08:11:10","tpep_dropoff_datetime":"2023-09-10 08:24:07","passenger_count":"3","trip_distance":"7.26","RatecodeID":"5","store_and_fwd_flag":"N","PULocationID":"170","DOLocationID":"95","payment_type":"1","fare_amount":"65","extra":"0","mta_tax":"0","tip_amount":"16.21","tolls_amount":"15.76","improvement_surcharge":"0.3","total_amount":"97.27","congestion_surcharge":""},{"VendorID":"2","tpep_pickup_datetime":"2023-02-07 08:06:40","tpep_dropoff_datetime":"2023-01-11 08:16:18","passenger_count":"2","trip_distance":"1.44","RatecodeID":"1","store_and_fwd_flag":"N","PULocationID":"186","DOLocationID":"162","payment_type":"1","fare_amount":"8","extra":"0","mta_tax":"0.5","tip_amount":"2.2","tolls_amount":"0","improvement_surcharge":"0.3","total_amount":"11","congestion_surcharge":""},{"VendorID":"2","tpep_pickup_datetime":"2023-07-24 08:22:51","tpep_dropoff_datetime":"2023-11-27 08:35:46","passenger_count":"2","trip_distance":"2.24","RatecodeID":"1","store_and_fwd_flag":"N","PULocationID":"162","DOLocationID":"113","payment_type":"1","fare_amount":"10.5","extra":"0","mta_tax":"0.5","tip_amount":"1.5","tolls_amount":"0","improvement_surcharge":"0.3","total_amount":"12.8","congestion_surcharge":""},{"VendorID":"2","tpep_pickup_datetime":"2023-10-30 08:44:22","tpep_dropoff_datetime":"2023-11-28 08:56:55","passenger_count":"2","trip_distance":"2.71","RatecodeID":"1","store_and_fwd_flag":"N","PULocationID":"90","DOLocationID":"13","payment_type":"1","fare_amount":"11.5","extra":"0","mta_tax":"0.5","tip_amount":"3.08","tolls_amount":"0","improvement_surcharge":"0.3","total_amount":"15.38","congestion_surcharge":""},{"VendorID":"2","tpep_pickup_datetime":"2023-04-16 08:02:13","tpep_dropoff_datetime":"2023-10-09 08:20:04","passenger_count":"2","trip_distance":"3.07","RatecodeID":"1","store_and_fwd_flag":"N","PULocationID":"186","DOLocationID":"141","payment_type":"1","fare_amount":"13.5","extra":"0","mta_tax":"0.5","tip_amount":"2.86","tolls_amount":"0","improvement_surcharge":"0.3","total_amount":"17.16","congestion_surcharge":""},{"VendorID":"2","tpep_pickup_datetime":"2023-07-22 08:21:15","tpep_dropoff_datetime":"2023-08-15 08:36:41","passenger_count":"2","trip_distance":"1.78","RatecodeID":"1","store_and_fwd_flag":"N","PULocationID":"140","DOLocationID":"170","payment_type":"1","fare_amount":"11","extra":"0","mta_tax":"0.5","tip_amount":"2","tolls_amount":"0","improvement_surcharge":"0.3","total_amount":"13.8","congestion_surcharge":""},{"VendorID":"2","tpep_pickup_datetime":"2023-05-11 08:47:09","tpep_dropoff_datetime":"2023-12-06 08:58:10","passenger_count":"2","trip_distance":"1.61","RatecodeID":"1","store_and_fwd_flag":"N","PULocationID":"229","DOLocationID":"237","payment_type":"1","fare_amount":"9","extra":"0","mta_tax":"0.5","tip_amount":"1.96","tolls_amount":"0","improvement_surcharge":"0.3","total_amount":"11.76","congestion_surcharge":""},{"VendorID":"1","tpep_pickup_datetime":"2023-02-03 08:01:46","tpep_dropoff_datetime":"2023-11-25 08:53:28","passenger_count":"1","trip_distance":"17.40","RatecodeID":"2","store_and_fwd_flag":"N","PULocationID":"132","DOLocationID":"161","payment_type":"1","fare_amount":"52","extra":"0","mta_tax":"0.5","tip_amount":"11.7","tolls_amount":"5.76","improvement_surcharge":"0.3","total_amount":"70.26","congestion_surcharge":""},{"VendorID":"2","tpep_pickup_datetime":"2023-07-11 08:21:43","tpep_dropoff_datetime":"2023-05-26 08:35:41","passenger_count":"1","trip_distance":"1.32","RatecodeID":"1","store_and_fwd_flag":"N","PULocationID":"100","DOLocationID":"186","payment_type":"1","fare_amount":"10","extra":"0","mta_tax":"0.5","tip_amount":"2.16","tolls_amount":"0","improvement_surcharge":"0.3","total_amount":"12.96","congestion_surcharge":""},{"VendorID":"2","tpep_pickup_datetime":"2023-02-15 08:41:22","tpep_dropoff_datetime":"2023-07-25 08:52:31","passenger_count":"1","trip_distance":".62","RatecodeID":"1","store_and_fwd_flag":"N","PULocationID":"186","DOLocationID":"100","payment_type":"1","fare_amount":"8","extra":"0","mta_tax":"0.5","tip_amount":"1.76","tolls_amount":"0","improvement_surcharge":"0.3","total_amount":"10.56","congestion_surcharge":""},{"VendorID":"2","tpep_pickup_datetime":"2023-09-28 08:13:23","tpep_dropoff_datetime":"2023-01-12 08:21:19","passenger_count":"1","trip_distance":"1.65","RatecodeID":"1","store_and_fwd_flag":"N","PULocationID":"113","DOLocationID":"230","payment_type":"1","fare_amount":"7.5","extra":"0","mta_tax":"0.5","tip_amount":"1.2","tolls_amount":"0","improvement_surcharge":"0.3","total_amount":"9.5","congestion_surcharge":""},{"VendorID":"2","tpep_pickup_datetime":"2023-11-07 08:44:43","tpep_dropoff_datetime":"2023-02-09 08:54:15","passenger_count":"1","trip_distance":"1.74","RatecodeID":"1","store_and_fwd_flag":"N","PULocationID":"186","DOLocationID":"113","payment_type":"2","fare_amount":"8.5","extra":"0","mta_tax":"0.5","tip_amount":"0","tolls_amount":"0","improvement_surcharge":"0.3","total_amount":"9.3","congestion_surcharge":""},{"VendorID":"1","tpep_pickup_datetime":"2023-08-14 08:20:01","tpep_dropoff_datetime":"2023-04-03 08:29:40","passenger_count":"1","trip_distance":"2.20","RatecodeID":"1","store_and_fwd_flag":"N","PULocationID":"138","DOLocationID":"223","payment_type":"1","fare_amount":"9.5","extra":"0","mta_tax":"0.5","tip_amount":"2.05","tolls_amount":"0","improvement_surcharge":"0.3","total_amount":"12.35","congestion_surcharge":""},{"VendorID":"1","tpep_pickup_datetime":"2023-01-08 08:57:44","tpep_dropoff_datetime":"2023-08-11 09:26:25","passenger_count":"1","trip_distance":"10.90","RatecodeID":"1","store_and_fwd_flag":"N","PULocationID":"138","DOLocationID":"163","payment_type":"1","fare_amount":"34","extra":"0","mta_tax":"0.5","tip_amount":"4","tolls_amount":"5.76","improvement_surcharge":"0.3","total_amount":"44.56","congestion_surcharge":""},{"VendorID":"1","tpep_pickup_datetime":"2023-11-27 08:38:55","tpep_dropoff_datetime":"2023-02-09 08:47:09","passenger_count":"1","trip_distance":"1.50","RatecodeID":"1","store_and_fwd_flag":"N","PULocationID":"74","DOLocationID":"263","payment_type":"1","fare_amount":"7.5","extra":"0","mta_tax":"0.5","tip_amount":"0","tolls_amount":"0","improvement_surcharge":"0.3","total_amount":"8.3","congestion_surcharge":""},{"VendorID":"1","tpep_pickup_datetime":"2023-06-02 08:50:57","tpep_dropoff_datetime":"2023-03-12 08:55:06","passenger_count":"1","trip_distance":".80","RatecodeID":"1","store_and_fwd_flag":"N","PULocationID":"263","DOLocationID":"236","payment_type":"1","fare_amount":"5","extra":"0","mta_tax":"0.5","tip_amount":"0.58","tolls_amount":"0","improvement_surcharge":"0.3","total_amount":"6.38","congestion_surcharge":""},{"VendorID":"1","tpep_pickup_datetime":"2024-01-25 08:57:01","tpep_dropoff_datetime":"2023-05-25 09:06:59","passenger_count":"1","trip_distance":".80","RatecodeID":"1","store_and_fwd_flag":"N","PULocationID":"237","DOLocationID":"162","payment_type":"1","fare_amount":"8","extra":"0","mta_tax":"0.5","tip_amount":"1.76","tolls_amount":"0","improvement_surcharge":"0.3","total_amount":"10.56","congestion_surcharge":""},{"VendorID":"1","tpep_pickup_datetime":"2023-01-28 08:16:30","tpep_dropoff_datetime":"2023-05-12 08:27:14","passenger_count":"1","trip_distance":"1.70","RatecodeID":"1","store_and_fwd_flag":"N","PULocationID":"71","DOLocationID":"35","payment_type":"1","fare_amount":"9.5","extra":"0","mta_tax":"0.5","tip_amount":"0","tolls_amount":"0","improvement_surcharge":"0.3","total_amount":"10.3","congestion_surcharge":""},{"VendorID":"2","tpep_pickup_datetime":"2023-06-16 08:14:17","tpep_dropoff_datetime":"2023-07-10 08:34:03","passenger_count":"1","trip_distance":"1.70","RatecodeID":"1","store_and_fwd_flag":"N","PULocationID":"230","DOLocationID":"229","payment_type":"1","fare_amount":"13","extra":"0","mta_tax":"0.5","tip_amount":"3.45","tolls_amount":"0","improvement_surcharge":"0.3","total_amount":"17.25","congestion_surcharge":""},{"VendorID":"2","tpep_pickup_datetime":"2023-03-24 08:39:02","tpep_dropoff_datetime":"2023-07-12 08:50:11","passenger_count":"1","trip_distance":"1.44","RatecodeID":"1","store_and_fwd_flag":"N","PULocationID":"162","DOLocationID":"170","payment_type":"1","fare_amount":"9","extra":"0","mta_tax":"0.5","tip_amount":"1.96","tolls_amount":"0","improvement_surcharge":"0.3","total_amount":"11.76","congestion_surcharge":""},{"VendorID":"2","tpep_pickup_datetime":"2024-01-13 08:21:04","tpep_dropoff_datetime":"2023-10-27 08:27:29","passenger_count":"6","trip_distance":".95","RatecodeID":"1","store_and_fwd_flag":"N","PULocationID":"41","DOLocationID":"74","payment_type":"1","fare_amount":"6","extra":"0","mta_tax":"0.5","tip_amount":"1.7","tolls_amount":"0","improvement_surcharge":"0.3","total_amount":"8.5","congestion_surcharge":""},{"VendorID":"2","tpep_pickup_datetime":"2023-01-27 08:39:18","tpep_dropoff_datetime":"2023-07-15 08:57:05","passenger_count":"6","trip_distance":"3.57","RatecodeID":"1","store_and_fwd_flag":"N","PULocationID":"75","DOLocationID":"164","payment_type":"2","fare_amount":"14.5","extra":"0","mta_tax":"0.5","tip_amount":"0","tolls_amount":"0","improvement_surcharge":"0.3","total_amount":"15.3","congestion_surcharge":""},{"VendorID":"1","tpep_pickup_datetime":"2023-01-25 08:14:54","tpep_dropoff_datetime":"2023-01-23 08:29:24","passenger_count":"1","trip_distance":"3.20","RatecodeID":"1","store_and_fwd_flag":"N","PULocationID":"33","DOLocationID":"114","payment_type":"1","fare_amount":"13","extra":"0","mta_tax":"0.5","tip_amount":"2.75","tolls_amount":"0","improvement_surcharge":"0.3","total_amount":"16.55","congestion_surcharge":""},{"VendorID":"1","tpep_pickup_datetime":"2023-03-19 08:03:53","tpep_dropoff_datetime":"2023-03-10 08:13:27","passenger_count":"1","trip_distance":".90","RatecodeID":"1","store_and_fwd_flag":"N","PULocationID":"100","DOLocationID":"186","payment_type":"1","fare_amount":"8","extra":"0","mta_tax":"0.5","tip_amount":"1","tolls_amount":"0","improvement_surcharge":"0.3","total_amount":"9.8","congestion_surcharge":""},{"VendorID":"1","tpep_pickup_datetime":"2023-12-14 08:22:04","tpep_dropoff_datetime":"2023-05-10 08:25:40","passenger_count":"1","trip_distance":".50","RatecodeID":"1","store_and_fwd_flag":"N","PULocationID":"90","DOLocationID":"234","payment_type":"1","fare_amount":"4.5","extra":"0","mta_tax":"0.5","tip_amount":"1.05","tolls_amount":"0","improvement_surcharge":"0.3","total_amount":"6.35","congestion_surcharge":""},{"VendorID":"1","tpep_pickup_datetime":"2023-04-26 08:36:01","tpep_dropoff_datetime":"2023-09-20 08:55:03","passenger_count":"1","trip_distance":"5.20","RatecodeID":"1","store_and_fwd_flag":"N","PULocationID":"107","DOLocationID":"75","payment_type":"1","fare_amount":"19.5","extra":"0","mta_tax":"0.5","tip_amount":"4.05","tolls_amount":"0","improvement_surcharge":"0.3","total_amount":"24.35","congestion_surcharge":""},{"VendorID":"2","tpep_pickup_datetime":"2023-05-01 08:20:36","tpep_dropoff_datetime":"2023-10-27 08:48:21","passenger_count":"1","trip_distance":"7.41","RatecodeID":"5","store_and_fwd_flag":"N","PULocationID":"196","DOLocationID":"170","payment_type":"1","fare_amount":"21.71","extra":"0","mta_tax":"0.5","tip_amount":"0","tolls_amount":"5.76","improvement_surcharge":"0.3","total_amount":"28.27","congestion_surcharge":""},{"VendorID":"2","tpep_pickup_datetime":"2023-01-05 08:52:55","tpep_dropoff_datetime":"2023-07-28 09:08:42","passenger_count":"1","trip_distance":"5.89","RatecodeID":"1","store_and_fwd_flag":"N","PULocationID":"170","DOLocationID":"65","payment_type":"2","fare_amount":"19.5","extra":"0","mta_tax":"0.5","tip_amount":"0","tolls_amount":"0","improvement_surcharge":"0.3","total_amount":"20.3","congestion_surcharge":""},{"VendorID":"2","tpep_pickup_datetime":"2023-12-24 08:32:11","tpep_dropoff_datetime":"2023-11-12 08:36:37","passenger_count":"1","trip_distance":".84","RatecodeID":"1","store_and_fwd_flag":"N","PULocationID":"236","DOLocationID":"141","payment_type":"1","fare_amount":"5","extra":"0","mta_tax":"0.5","tip_amount":"1.16","tolls_amount":"0","improvement_surcharge":"0.3","total_amount":"6.96","congestion_surcharge":""},{"VendorID":"2","tpep_pickup_datetime":"2023-02-06 08:45:03","tpep_dropoff_datetime":"2023-12-09 08:50:48","passenger_count":"1","trip_distance":".58","RatecodeID":"1","store_and_fwd_flag":"N","PULocationID":"141","DOLocationID":"229","payment_type":"1","fare_amount":"5","extra":"0","mta_tax":"0.5","tip_amount":"1.16","tolls_amount":"0","improvement_surcharge":"0.3","total_amount":"6.96","congestion_surcharge":""},{"VendorID":"2","tpep_pickup_datetime":"2023-06-17 08:54:19","tpep_dropoff_datetime":"2023-09-18 09:01:03","passenger_count":"1","trip_distance":".57","RatecodeID":"1","store_and_fwd_flag":"N","PULocationID":"229","DOLocationID":"170","payment_type":"1","fare_amount":"6","extra":"0","mta_tax":"0.5","tip_amount":"1.36","tolls_amount":"0","improvement_surcharge":"0.3","total_amount":"8.16","congestion_surcharge":""},{"VendorID":"1","tpep_pickup_datetime":"2024-01-26 08:08:52","tpep_dropoff_datetime":"2023-02-12 08:12:28","passenger_count":"1","trip_distance":".70","RatecodeID":"1","store_and_fwd_flag":"N","PULocationID":"161","DOLocationID":"163","payment_type":"2","fare_amount":"4.5","extra":"0","mta_tax":"0.5","tip_amount":"0","tolls_amount":"0","improvement_surcharge":"0.3","total_amount":"5.3","congestion_surcharge":""},{"VendorID":"1","tpep_pickup_datetime":"2023-02-03 08:44:42","tpep_dropoff_datetime":"2023-08-13 08:48:08","passenger_count":"1","trip_distance":".50","RatecodeID":"1","store_and_fwd_flag":"N","PULocationID":"236","DOLocationID":"263","payment_type":"1","fare_amount":"4","extra":"0","mta_tax":"0.5","tip_amount":"1","tolls_amount":"0","improvement_surcharge":"0.3","total_amount":"5.8","congestion_surcharge":""},{"VendorID":"1","tpep_pickup_datetime":"2023-06-14 08:52:41","tpep_dropoff_datetime":"2023-05-06 09:08:03","passenger_count":"1","trip_distance":"3.40","RatecodeID":"1","store_and_fwd_flag":"N","PULocationID":"262","DOLocationID":"164","payment_type":"1","fare_amount":"14","extra":"0","mta_tax":"0.5","tip_amount":"2.95","tolls_amount":"0","improvement_surcharge":"0.3","total_amount":"17.75","congestion_surcharge":""},{"VendorID":"2","tpep_pickup_datetime":"2023-12-19 08:19:17","tpep_dropoff_datetime":"2023-02-19 08:28:14","passenger_count":"2","trip_distance":"1.58","RatecodeID":"1","store_and_fwd_flag":"N","PULocationID":"249","DOLocationID":"186","payment_type":"1","fare_amount":"8","extra":"0","mta_tax":"0.5","tip_amount":"1.76","tolls_amount":"0","improvement_surcharge":"0.3","total_amount":"10.56","congestion_surcharge":""},{"VendorID":"2","tpep_pickup_datetime":"2023-09-01 08:19:32","tpep_dropoff_datetime":"2023-01-26 08:57:52","passenger_count":"1","trip_distance":"7.53","RatecodeID":"1","store_and_fwd_flag":"N","PULocationID":"177","DOLocationID":"87","payment_type":"1","fare_amount":"29.5","extra":"0","mta_tax":"0.5","tip_amount":"0","tolls_amount":"0","improvement_surcharge":"0.3","total_amount":"30.3","congestion_surcharge":""},{"VendorID":"2","tpep_pickup_datetime":"2023-04-27 08:29:39","tpep_dropoff_datetime":"2024-01-13 08:51:42","passenger_count":"4","trip_distance":"4.07","RatecodeID":"1","store_and_fwd_flag":"N","PULocationID":"263","DOLocationID":"68","payment_type":"1","fare_amount":"17","extra":"0","mta_tax":"0.5","tip_amount":"2.67","tolls_amount":"0","improvement_surcharge":"0.3","total_amount":"20.47","congestion_surcharge":""},{"VendorID":"1","tpep_pickup_datetime":"2023-11-20 08:19:34","tpep_dropoff_datetime":"2023-09-25 08:31:01","passenger_count":"1","trip_distance":"2.00","RatecodeID":"1","store_and_fwd_flag":"N","PULocationID":"60","DOLocationID":"60","payment_type":"1","fare_amount":"10","extra":"0","mta_tax":"0.5","tip_amount":"2.15","tolls_amount":"0","improvement_surcharge":"0.3","total_amount":"12.95","congestion_surcharge":""},{"VendorID":"1","tpep_pickup_datetime":"2023-05-25 08:32:56","tpep_dropoff_datetime":"2024-02-05 08:44:04","passenger_count":"1","trip_distance":"2.10","RatecodeID":"1","store_and_fwd_flag":"N","PULocationID":"60","DOLocationID":"60","payment_type":"1","fare_amount":"9.5","extra":"0","mta_tax":"0.5","tip_amount":"1.5","tolls_amount":"0","improvement_surcharge":"0.3","total_amount":"11.8","congestion_surcharge":""},{"VendorID":"1","tpep_pickup_datetime":"2023-08-27 08:46:18","tpep_dropoff_datetime":"2023-10-04 08:48:13","passenger_count":"1","trip_distance":".30","RatecodeID":"1","store_and_fwd_flag":"N","PULocationID":"60","DOLocationID":"60","payment_type":"1","fare_amount":"3.5","extra":"0","mta_tax":"0.5","tip_amount":"0.85","tolls_amount":"0","improvement_surcharge":"0.3","total_amount":"5.15","congestion_surcharge":""},{"VendorID":"2","tpep_pickup_datetime":"2023-10-05 08:40:10","tpep_dropoff_datetime":"2023-01-17 08:48:55","passenger_count":"1","trip_distance":"1.81","RatecodeID":"1","store_and_fwd_flag":"N","PULocationID":"143","DOLocationID":"230","payment_type":"1","fare_amount":"8","extra":"0","mta_tax":"0.5","tip_amount":"1.76","tolls_amount":"0","improvement_surcharge":"0.3","total_amount":"10.56","congestion_surcharge":""},{"VendorID":"2","tpep_pickup_datetime":"2023-05-28 08:09:44","tpep_dropoff_datetime":"2023-05-27 08:22:22","passenger_count":"1","trip_distance":"2.47","RatecodeID":"1","store_and_fwd_flag":"N","PULocationID":"158","DOLocationID":"13","payment_type":"1","fare_amount":"11.5","extra":"0","mta_tax":"0.5","tip_amount":"2.46","tolls_amount":"0","improvement_surcharge":"0.3","total_amount":"14.76","congestion_surcharge":""},{"VendorID":"2","tpep_pickup_datetime":"2023-01-25 08:29:51","tpep_dropoff_datetime":"2023-03-08 08:34:44","passenger_count":"1","trip_distance":".78","RatecodeID":"1","store_and_fwd_flag":"N","PULocationID":"13","DOLocationID":"13","payment_type":"1","fare_amount":"5.5","extra":"0","mta_tax":"0.5","tip_amount":"1.26","tolls_amount":"0","improvement_surcharge":"0.3","total_amount":"7.56","congestion_surcharge":""},{"VendorID":"2","tpep_pickup_datetime":"2023-07-28 08:54:00","tpep_dropoff_datetime":"2024-02-02 09:30:24","passenger_count":"1","trip_distance":"13.92","RatecodeID":"1","store_and_fwd_flag":"N","PULocationID":"261","DOLocationID":"69","payment_type":"1","fare_amount":"43","extra":"0","mta_tax":"0.5","tip_amount":"0","tolls_amount":"0","improvement_surcharge":"0.3","total_amount":"43.8","congestion_surcharge":""},{"VendorID":"1","tpep_pickup_datetime":"2023-09-03 08:01:17","tpep_dropoff_datetime":"2023-03-05 08:07:50","passenger_count":"1","trip_distance":".70","RatecodeID":"1","store_and_fwd_flag":"N","PULocationID":"158","DOLocationID":"113","payment_type":"1","fare_amount":"6","extra":"0","mta_tax":"0.5","tip_amount":"1.35","tolls_amount":"0","improvement_surcharge":"0.3","total_amount":"8.15","congestion_surcharge":""},{"VendorID":"1","tpep_pickup_datetime":"2023-06-09 08:35:10","tpep_dropoff_datetime":"2023-06-01 08:44:23","passenger_count":"1","trip_distance":".50","RatecodeID":"1","store_and_fwd_flag":"N","PULocationID":"162","DOLocationID":"230","payment_type":"1","fare_amount":"7","extra":"0","mta_tax":"0.5","tip_amount":"2.3","tolls_amount":"0","improvement_surcharge":"0.3","total_amount":"10.1","congestion_surcharge":""},{"VendorID":"1","tpep_pickup_datetime":"2023-02-02 08:46:47","tpep_dropoff_datetime":"2023-07-06 08:57:36","passenger_count":"3","trip_distance":"1.60","RatecodeID":"1","store_and_fwd_flag":"N","PULocationID":"230","DOLocationID":"43","payment_type":"1","fare_amount":"9","extra":"0","mta_tax":"0.5","tip_amount":"1.95","tolls_amount":"0","improvement_surcharge":"0.3","total_amount":"11.75","congestion_surcharge":""},{"VendorID":"2","tpep_pickup_datetime":"2023-10-24 08:11:44","tpep_dropoff_datetime":"2023-06-22 08:21:05","passenger_count":"2","trip_distance":"2.11","RatecodeID":"1","store_and_fwd_flag":"N","PULocationID":"244","DOLocationID":"166","payment_type":"1","fare_amount":"9.5","extra":"0","mta_tax":"0.5","tip_amount":"2.06","tolls_amount":"0","improvement_surcharge":"0.3","total_amount":"12.36","congestion_surcharge":""},{"VendorID":"2","tpep_pickup_datetime":"2023-11-05 08:30:26","tpep_dropoff_datetime":"2024-01-08 08:38:18","passenger_count":"2","trip_distance":"1.50","RatecodeID":"1","store_and_fwd_flag":"N","PULocationID":"238","DOLocationID":"142","payment_type":"1","fare_amount":"8","extra":"0","mta_tax":"0.5","tip_amount":"2.64","tolls_amount":"0","improvement_surcharge":"0.3","total_amount":"11.44","congestion_surcharge":""},{"VendorID":"2","tpep_pickup_datetime":"2023-04-22 08:40:37","tpep_dropoff_datetime":"2023-03-19 08:46:01","passenger_count":"2","trip_distance":"1.23","RatecodeID":"1","store_and_fwd_flag":"N","PULocationID":"142","DOLocationID":"163","payment_type":"1","fare_amount":"6","extra":"0","mta_tax":"0.5","tip_amount":"1","tolls_amount":"0","improvement_surcharge":"0.3","total_amount":"7.8","congestion_surcharge":""},{"VendorID":"2","tpep_pickup_datetime":"2023-12-02 08:47:41","tpep_dropoff_datetime":"2023-07-21 08:57:18","passenger_count":"2","trip_distance":".81","RatecodeID":"1","store_and_fwd_flag":"N","PULocationID":"163","DOLocationID":"230","payment_type":"1","fare_amount":"7.5","extra":"0","mta_tax":"0.5","tip_amount":"1.66","tolls_amount":"0","improvement_surcharge":"0.3","total_amount":"9.96","congestion_surcharge":""},{"VendorID":"2","tpep_pickup_datetime":"2023-01-08 08:08:19","tpep_dropoff_datetime":"2023-09-14 08:13:30","passenger_count":"1","trip_distance":".90","RatecodeID":"1","store_and_fwd_flag":"N","PULocationID":"236","DOLocationID":"75","payment_type":"1","fare_amount":"5.5","extra":"0","mta_tax":"0.5","tip_amount":"1.58","tolls_amount":"0","improvement_surcharge":"0.3","total_amount":"7.88","congestion_surcharge":""},{"VendorID":"2","tpep_pickup_datetime":"2023-01-11 08:35:14","tpep_dropoff_datetime":"2023-06-10 08:38:21","passenger_count":"1","trip_distance":".72","RatecodeID":"1","store_and_fwd_flag":"N","PULocationID":"141","DOLocationID":"236","payment_type":"1","fare_amount":"4.5","extra":"0","mta_tax":"0.5","tip_amount":"1.06","tolls_amount":"0","improvement_surcharge":"0.3","total_amount":"6.36","congestion_surcharge":""},{"VendorID":"2","tpep_pickup_datetime":"2024-01-14 08:42:19","tpep_dropoff_datetime":"2023-06-29 08:38:21","passenger_count":"1","trip_distance":"2.51","RatecodeID":"1","store_and_fwd_flag":"N","PULocationID":"236","DOLocationID":"161","payment_type":"2","fare_amount":"11","extra":"0","mta_tax":"0.5","tip_amount":"0","tolls_amount":"0","improvement_surcharge":"0.3","total_amount":"11.8","congestion_surcharge":""},{"VendorID":"1","tpep_pickup_datetime":"2023-05-27 08:48:53","tpep_dropoff_datetime":"2023-12-09 09:29:04","passenger_count":"1","trip_distance":"19.80","RatecodeID":"2","store_and_fwd_flag":"N","PULocationID":"132","DOLocationID":"238","payment_type":"1","fare_amount":"52","extra":"0","mta_tax":"0.5","tip_amount":"10","tolls_amount":"5.76","improvement_surcharge":"0.3","total_amount":"68.56","congestion_surcharge":""},{"VendorID":"2","tpep_pickup_datetime":"2023-07-31 08:09:35","tpep_dropoff_datetime":"2023-03-02 08:15:25","passenger_count":"1","trip_distance":"1.13","RatecodeID":"1","store_and_fwd_flag":"N","PULocationID":"68","DOLocationID":"230","payment_type":"1","fare_amount":"6","extra":"0","mta_tax":"0.5","tip_amount":"1","tolls_amount":"0","improvement_surcharge":"0.3","total_amount":"7.8","congestion_surcharge":""},{"VendorID":"2","tpep_pickup_datetime":"2023-12-01 08:19:55","tpep_dropoff_datetime":"2023-01-04 08:24:50","passenger_count":"1","trip_distance":".86","RatecodeID":"1","store_and_fwd_flag":"N","PULocationID":"100","DOLocationID":"234","payment_type":"1","fare_amount":"5","extra":"0","mta_tax":"0.5","tip_amount":"0.87","tolls_amount":"0","improvement_surcharge":"0.3","total_amount":"6.67","congestion_surcharge":""},{"VendorID":"2","tpep_pickup_datetime":"2023-12-06 08:36:22","tpep_dropoff_datetime":"2023-06-26 08:47:49","passenger_count":"1","trip_distance":".99","RatecodeID":"1","store_and_fwd_flag":"N","PULocationID":"186","DOLocationID":"164","payment_type":"1","fare_amount":"8.5","extra":"0","mta_tax":"0.5","tip_amount":"2","tolls_amount":"0","improvement_surcharge":"0.3","total_amount":"11.3","congestion_surcharge":""},{"VendorID":"1","tpep_pickup_datetime":"2023-08-09 08:40:43","tpep_dropoff_datetime":"2023-09-23 08:47:44","passenger_count":"2","trip_distance":".70","RatecodeID":"1","store_and_fwd_flag":"N","PULocationID":"107","DOLocationID":"234","payment_type":"1","fare_amount":"6","extra":"0","mta_tax":"0.5","tip_amount":"1.35","tolls_amount":"0","improvement_surcharge":"0.3","total_amount":"8.15","congestion_surcharge":""},{"VendorID":"1","tpep_pickup_datetime":"2023-08-02 08:08:12","tpep_dropoff_datetime":"2023-08-08 08:08:36","passenger_count":"1","trip_distance":".10","RatecodeID":"1","store_and_fwd_flag":"N","PULocationID":"142","DOLocationID":"142","payment_type":"2","fare_amount":"2.5","extra":"0","mta_tax":"0.5","tip_amount":"0","tolls_amount":"0","improvement_surcharge":"0.3","total_amount":"3.3","congestion_surcharge":""},{"VendorID":"1","tpep_pickup_datetime":"2023-10-19 08:15:27","tpep_dropoff_datetime":"2023-03-09 08:24:18","passenger_count":"1","trip_distance":"1.10","RatecodeID":"1","store_and_fwd_flag":"N","PULocationID":"68","DOLocationID":"234","payment_type":"1","fare_amount":"7.5","extra":"0","mta_tax":"0.5","tip_amount":"1","tolls_amount":"0","improvement_surcharge":"0.3","total_amount":"9.3","congestion_surcharge":""},{"VendorID":"1","tpep_pickup_datetime":"2023-03-22 08:56:06","tpep_dropoff_datetime":"2023-07-13 09:04:43","passenger_count":"1","trip_distance":"1.80","RatecodeID":"1","store_and_fwd_flag":"N","PULocationID":"236","DOLocationID":"142","payment_type":"1","fare_amount":"8.5","extra":"0","mta_tax":"0.5","tip_amount":"1.85","tolls_amount":"0","improvement_surcharge":"0.3","total_amount":"11.15","congestion_surcharge":""},{"VendorID":"2","tpep_pickup_datetime":"2023-07-29 08:09:39","tpep_dropoff_datetime":"2023-03-16 08:14:29","passenger_count":"2","trip_distance":"1.22","RatecodeID":"1","store_and_fwd_flag":"N","PULocationID":"107","DOLocationID":"233","payment_type":"2","fare_amount":"6","extra":"0","mta_tax":"0.5","tip_amount":"0","tolls_amount":"0","improvement_surcharge":"0.3","total_amount":"6.8","congestion_surcharge":""},{"VendorID":"2","tpep_pickup_datetime":"2023-05-13 08:23:58","tpep_dropoff_datetime":"2023-08-25 08:37:14","passenger_count":"2","trip_distance":"1.00","RatecodeID":"1","store_and_fwd_flag":"N","PULocationID":"137","DOLocationID":"234","payment_type":"2","fare_amount":"9.5","extra":"0","mta_tax":"0.5","tip_amount":"0","tolls_amount":"0","improvement_surcharge":"0.3","total_amount":"10.3","congestion_surcharge":""},{"VendorID":"2","tpep_pickup_datetime":"2023-05-05 08:50:49","tpep_dropoff_datetime":"2023-10-26 09:02:05","passenger_count":"2","trip_distance":"3.20","RatecodeID":"1","store_and_fwd_flag":"N","PULocationID":"144","DOLocationID":"88","payment_type":"1","fare_amount":"12.5","extra":"0","mta_tax":"0.5","tip_amount":"1.5","tolls_amount":"0","improvement_surcharge":"0.3","total_amount":"14.8","congestion_surcharge":""},{"VendorID":"1","tpep_pickup_datetime":"2023-12-06 08:38:20","tpep_dropoff_datetime":"2023-08-29 08:55:17","passenger_count":"1","trip_distance":"1.80","RatecodeID":"1","store_and_fwd_flag":"N","PULocationID":"141","DOLocationID":"163","payment_type":"1","fare_amount":"12","extra":"0","mta_tax":"0.5","tip_amount":"5","tolls_amount":"0","improvement_surcharge":"0.3","total_amount":"17.8","congestion_surcharge":""},{"VendorID":"2","tpep_pickup_datetime":"2023-04-05 08:23:39","tpep_dropoff_datetime":"2023-09-05 08:23:39","passenger_count":"4","trip_distance":".00","RatecodeID":"1","store_and_fwd_flag":"N","PULocationID":"264","DOLocationID":"264","payment_type":"2","fare_amount":"2.5","extra":"0","mta_tax":"0.5","tip_amount":"0","tolls_amount":"0","improvement_surcharge":"0.3","total_amount":"3.3","congestion_surcharge":""},{"VendorID":"2","tpep_pickup_datetime":"2023-01-08 08:32:04","tpep_dropoff_datetime":"2023-02-16 08:41:18","passenger_count":"3","trip_distance":"2.01","RatecodeID":"1","store_and_fwd_flag":"N","PULocationID":"238","DOLocationID":"43","payment_type":"2","fare_amount":"9.5","extra":"0","mta_tax":"0.5","tip_amount":"0","tolls_amount":"0","improvement_surcharge":"0.3","total_amount":"10.3","congestion_surcharge":""},{"VendorID":"2","tpep_pickup_datetime":"2023-11-23 08:49:00","tpep_dropoff_datetime":"2023-10-25 08:55:09","passenger_count":"4","trip_distance":"1.21","RatecodeID":"1","store_and_fwd_flag":"N","PULocationID":"239","DOLocationID":"238","payment_type":"1","fare_amount":"6.5","extra":"0","mta_tax":"0.5","tip_amount":"1","tolls_amount":"0","improvement_surcharge":"0.3","total_amount":"8.3","congestion_surcharge":""},{"VendorID":"2","tpep_pickup_datetime":"2023-05-17 08:42:12","tpep_dropoff_datetime":"2023-04-20 08:46:58","passenger_count":"1","trip_distance":".52","RatecodeID":"1","store_and_fwd_flag":"N","PULocationID":"107","DOLocationID":"107","payment_type":"1","fare_amount":"5","extra":"0","mta_tax":"0.5","tip_amount":"1.16","tolls_amount":"0","improvement_surcharge":"0.3","total_amount":"6.96","congestion_surcharge":""},{"VendorID":"2","tpep_pickup_datetime":"2023-04-18 08:06:18","tpep_dropoff_datetime":"2023-09-22 08:14:29","passenger_count":"1","trip_distance":"1.01","RatecodeID":"1","store_and_fwd_flag":"N","PULocationID":"186","DOLocationID":"90","payment_type":"1","fare_amount":"7","extra":"0","mta_tax":"0.5","tip_amount":"1.56","tolls_amount":"0","improvement_surcharge":"0.3","total_amount":"9.36","congestion_surcharge":""},{"VendorID":"2","tpep_pickup_datetime":"2023-10-03 08:25:21","tpep_dropoff_datetime":"2023-01-20 08:31:51","passenger_count":"1","trip_distance":"1.37","RatecodeID":"1","store_and_fwd_flag":"N","PULocationID":"249","DOLocationID":"234","payment_type":"1","fare_amount":"6.5","extra":"0","mta_tax":"0.5","tip_amount":"1.46","tolls_amount":"0","improvement_surcharge":"0.3","total_amount":"8.76","congestion_surcharge":""},{"VendorID":"2","tpep_pickup_datetime":"2023-02-10 08:33:28","tpep_dropoff_datetime":"2023-12-26 08:41:39","passenger_count":"1","trip_distance":"1.43","RatecodeID":"1","store_and_fwd_flag":"N","PULocationID":"234","DOLocationID":"161","payment_type":"1","fare_amount":"7.5","extra":"0","mta_tax":"0.5","tip_amount":"1.66","tolls_amount":"0","improvement_surcharge":"0.3","total_amount":"9.96","congestion_surcharge":""},{"VendorID":"2","tpep_pickup_datetime":"2023-04-26 08:45:20","tpep_dropoff_datetime":"2023-11-26 08:55:06","passenger_count":"1","trip_distance":"1.29","RatecodeID":"1","store_and_fwd_flag":"N","PULocationID":"161","DOLocationID":"170","payment_type":"1","fare_amount":"8","extra":"0","mta_tax":"0.5","tip_amount":"1","tolls_amount":"0","improvement_surcharge":"0.3","total_amount":"9.8","congestion_surcharge":""},{"VendorID":"2","tpep_pickup_datetime":"2023-08-09 08:14:02","tpep_dropoff_datetime":"2023-12-06 08:28:01","passenger_count":"1","trip_distance":"2.81","RatecodeID":"1","store_and_fwd_flag":"N","PULocationID":"143","DOLocationID":"90","payment_type":"2","fare_amount":"12","extra":"0","mta_tax":"0.5","tip_amount":"0","tolls_amount":"0","improvement_surcharge":"0.3","total_amount":"12.8","congestion_surcharge":""},{"VendorID":"2","tpep_pickup_datetime":"2024-01-09 08:34:52","tpep_dropoff_datetime":"2023-08-27 08:44:09","passenger_count":"1","trip_distance":"1.63","RatecodeID":"1","store_and_fwd_flag":"N","PULocationID":"249","DOLocationID":"100","payment_type":"1","fare_amount":"8.5","extra":"0","mta_tax":"0.5","tip_amount":"1.86","tolls_amount":"0","improvement_surcharge":"0.3","total_amount":"11.16","congestion_surcharge":""},{"VendorID":"2","tpep_pickup_datetime":"2023-03-06 08:46:12","tpep_dropoff_datetime":"2023-03-31 08:58:53","passenger_count":"1","trip_distance":"1.11","RatecodeID":"1","store_and_fwd_flag":"N","PULocationID":"100","DOLocationID":"170","payment_type":"1","fare_amount":"9","extra":"0","mta_tax":"0.5","tip_amount":"1.96","tolls_amount":"0","improvement_surcharge":"0.3","total_amount":"11.76","congestion_surcharge":""},{"VendorID":"1","tpep_pickup_datetime":"2024-01-28 08:02:31","tpep_dropoff_datetime":"2023-06-16 08:10:53","passenger_count":"1","trip_distance":"1.30","RatecodeID":"1","store_and_fwd_flag":"N","PULocationID":"68","DOLocationID":"90","payment_type":"1","fare_amount":"7.5","extra":"0","mta_tax":"0.5","tip_amount":"1.65","tolls_amount":"0","improvement_surcharge":"0.3","total_amount":"9.95","congestion_surcharge":""},{"VendorID":"1","tpep_pickup_datetime":"2023-11-24 08:29:29","tpep_dropoff_datetime":"2023-03-18 08:38:07","passenger_count":"1","trip_distance":"1.00","RatecodeID":"1","store_and_fwd_flag":"N","PULocationID":"186","DOLocationID":"230","payment_type":"2","fare_amount":"7","extra":"0","mta_tax":"0.5","tip_amount":"0","tolls_amount":"0","improvement_surcharge":"0.3","total_amount":"7.8","congestion_surcharge":""},{"VendorID":"1","tpep_pickup_datetime":"2023-02-09 08:14:51","tpep_dropoff_datetime":"2024-02-05 08:26:12","passenger_count":"1","trip_distance":"4.70","RatecodeID":"1","store_and_fwd_flag":"N","PULocationID":"170","DOLocationID":"88","payment_type":"1","fare_amount":"15.5","extra":"0","mta_tax":"0.5","tip_amount":"4.05","tolls_amount":"0","improvement_surcharge":"0.3","total_amount":"20.35","congestion_surcharge":""},{"VendorID":"1","tpep_pickup_datetime":"2023-04-15 08:28:53","tpep_dropoff_datetime":"2023-05-21 08:34:04","passenger_count":"1","trip_distance":"1.00","RatecodeID":"1","store_and_fwd_flag":"N","PULocationID":"88","DOLocationID":"45","payment_type":"1","fare_amount":"6","extra":"0","mta_tax":"0.5","tip_amount":"2","tolls_amount":"0","improvement_surcharge":"0.3","total_amount":"8.8","congestion_surcharge":""},{"VendorID":"1","tpep_pickup_datetime":"2023-09-06 08:35:46","tpep_dropoff_datetime":"2023-06-28 09:02:55","passenger_count":"1","trip_distance":"3.90","RatecodeID":"1","store_and_fwd_flag":"N","PULocationID":"45","DOLocationID":"161","payment_type":"1","fare_amount":"18.5","extra":"0","mta_tax":"0.5","tip_amount":"1.93","tolls_amount":"0","improvement_surcharge":"0.3","total_amount":"21.23","congestion_surcharge":""},{"VendorID":"2","tpep_pickup_datetime":"2023-02-19 08:10:34","tpep_dropoff_datetime":"2023-01-24 08:14:28","passenger_count":"1","trip_distance":".72","RatecodeID":"1","store_and_fwd_flag":"N","PULocationID":"170","DOLocationID":"186","payment_type":"1","fare_amount":"5","extra":"0","mta_tax":"0.5","tip_amount":"1.45","tolls_amount":"0","improvement_surcharge":"0.3","total_amount":"7.25","congestion_surcharge":""},{"VendorID":"2","tpep_pickup_datetime":"2023-08-07 08:26:38","tpep_dropoff_datetime":"2023-04-09 08:34:42","passenger_count":"1","trip_distance":".98","RatecodeID":"1","store_and_fwd_flag":"N","PULocationID":"107","DOLocationID":"186","payment_type":"1","fare_amount":"7","extra":"0","mta_tax":"0.5","tip_amount":"1.56","tolls_amount":"0","improvement_surcharge":"0.3","total_amount":"9.36","congestion_surcharge":""},{"VendorID":"2","tpep_pickup_datetime":"2023-04-05 08:47:37","tpep_dropoff_datetime":"2023-03-25 08:56:41","passenger_count":"1","trip_distance":"1.26","RatecodeID":"1","store_and_fwd_flag":"N","PULocationID":"170","DOLocationID":"90","payment_type":"1","fare_amount":"7.5","extra":"0","mta_tax":"0.5","tip_amount":"1.66","tolls_amount":"0","improvement_surcharge":"0.3","total_amount":"9.96","congestion_surcharge":""},{"VendorID":"2","tpep_pickup_datetime":"2023-02-09 08:09:03","tpep_dropoff_datetime":"2023-06-22 08:10:46","passenger_count":"1","trip_distance":".38","RatecodeID":"1","store_and_fwd_flag":"N","PULocationID":"4","DOLocationID":"148","payment_type":"2","fare_amount":"3.5","extra":"0","mta_tax":"0.5","tip_amount":"0","tolls_amount":"0","improvement_surcharge":"0.3","total_amount":"4.3","congestion_surcharge":""},{"VendorID":"2","tpep_pickup_datetime":"2023-01-08 08:17:10","tpep_dropoff_datetime":"2023-11-05 08:32:32","passenger_count":"1","trip_distance":"2.32","RatecodeID":"1","store_and_fwd_flag":"N","PULocationID":"79","DOLocationID":"186","payment_type":"2","fare_amount":"11.5","extra":"0","mta_tax":"0.5","tip_amount":"0","tolls_amount":"0","improvement_surcharge":"0.3","total_amount":"12.3","congestion_surcharge":""},{"VendorID":"2","tpep_pickup_datetime":"2023-03-24 08:51:19","tpep_dropoff_datetime":"2023-10-09 09:03:35","passenger_count":"1","trip_distance":"2.40","RatecodeID":"1","store_and_fwd_flag":"N","PULocationID":"234","DOLocationID":"13","payment_type":"1","fare_amount":"10.5","extra":"0","mta_tax":"0.5","tip_amount":"2.26","tolls_amount":"0","improvement_surcharge":"0.3","total_amount":"13.56","congestion_surcharge":""},{"VendorID":"2","tpep_pickup_datetime":"2023-07-01 08:47:24","tpep_dropoff_datetime":"2023-06-27 08:51:29","passenger_count":"3","trip_distance":".74","RatecodeID":"1","store_and_fwd_flag":"N","PULocationID":"100","DOLocationID":"230","payment_type":"2","fare_amount":"5","extra":"0","mta_tax":"0.5","tip_amount":"0","tolls_amount":"0","improvement_surcharge":"0.3","total_amount":"5.8","congestion_surcharge":""},{"VendorID":"2","tpep_pickup_datetime":"2023-01-03 08:56:47","tpep_dropoff_datetime":"2023-08-26 09:07:07","passenger_count":"4","trip_distance":"1.12","RatecodeID":"1","store_and_fwd_flag":"N","PULocationID":"163","DOLocationID":"143","payment_type":"2","fare_amount":"8","extra":"0","mta_tax":"0.5","tip_amount":"0","tolls_amount":"0","improvement_surcharge":"0.3","total_amount":"8.8","congestion_surcharge":""},{"VendorID":"1","tpep_pickup_datetime":"2023-07-08 08:04:13","tpep_dropoff_datetime":"2023-05-13 08:14:14","passenger_count":"0","trip_distance":"1.10","RatecodeID":"1","store_and_fwd_flag":"N","PULocationID":"170","DOLocationID":"68","payment_type":"1","fare_amount":"7.5","extra":"0","mta_tax":"0.5","tip_amount":"3","tolls_amount":"0","improvement_surcharge":"0.3","total_amount":"11.3","congestion_surcharge":""},{"VendorID":"1","tpep_pickup_datetime":"2023-06-09 08:28:46","tpep_dropoff_datetime":"2023-05-21 08:33:51","passenger_count":"0","trip_distance":".30","RatecodeID":"1","store_and_fwd_flag":"N","PULocationID":"48","DOLocationID":"48","payment_type":"1","fare_amount":"5","extra":"0","mta_tax":"0.5","tip_amount":"1.15","tolls_amount":"0","improvement_surcharge":"0.3","total_amount":"6.95","congestion_surcharge":""},{"VendorID":"1","tpep_pickup_datetime":"2023-05-07 08:40:04","tpep_dropoff_datetime":"2023-08-27 08:47:55","passenger_count":"0","trip_distance":"1.50","RatecodeID":"1","store_and_fwd_flag":"N","PULocationID":"48","DOLocationID":"158","payment_type":"2","fare_amount":"7.5","extra":"0","mta_tax":"0.5","tip_amount":"0","tolls_amount":"0","improvement_surcharge":"0.3","total_amount":"8.3","congestion_surcharge":""},{"VendorID":"1","tpep_pickup_datetime":"2023-12-28 08:52:55","tpep_dropoff_datetime":"2023-09-02 08:59:07","passenger_count":"0","trip_distance":"1.80","RatecodeID":"1","store_and_fwd_flag":"N","PULocationID":"158","DOLocationID":"231","payment_type":"1","fare_amount":"7.5","extra":"0","mta_tax":"0.5","tip_amount":"0.83","tolls_amount":"0","improvement_surcharge":"0.3","total_amount":"9.13","congestion_surcharge":""},{"VendorID":"2","tpep_pickup_datetime":"2023-05-24 08:02:06","tpep_dropoff_datetime":"2023-08-20 08:07:11","passenger_count":"2","trip_distance":".96","RatecodeID":"1","store_and_fwd_flag":"N","PULocationID":"163","DOLocationID":"143","payment_type":"2","fare_amount":"5.5","extra":"0","mta_tax":"0.5","tip_amount":"0","tolls_amount":"0","improvement_surcharge":"0.3","total_amount":"6.3","congestion_surcharge":""},{"VendorID":"2","tpep_pickup_datetime":"2023-07-15 08:15:52","tpep_dropoff_datetime":"2023-02-21 08:19:06","passenger_count":"1","trip_distance":".55","RatecodeID":"1","store_and_fwd_flag":"N","PULocationID":"143","DOLocationID":"143","payment_type":"1","fare_amount":"4.5","extra":"0","mta_tax":"0.5","tip_amount":"0.8","tolls_amount":"0","improvement_surcharge":"0.3","total_amount":"6.1","congestion_surcharge":""},{"VendorID":"2","tpep_pickup_datetime":"2023-02-19 08:38:47","tpep_dropoff_datetime":"2023-08-20 08:45:46","passenger_count":"1","trip_distance":".84","RatecodeID":"1","store_and_fwd_flag":"N","PULocationID":"143","DOLocationID":"48","payment_type":"1","fare_amount":"6.5","extra":"0","mta_tax":"0.5","tip_amount":"1.46","tolls_amount":"0","improvement_surcharge":"0.3","total_amount":"8.76","congestion_surcharge":""},{"VendorID":"2","tpep_pickup_datetime":"2023-02-15 08:55:52","tpep_dropoff_datetime":"2023-10-20 09:13:20","passenger_count":"2","trip_distance":"3.22","RatecodeID":"1","store_and_fwd_flag":"N","PULocationID":"50","DOLocationID":"249","payment_type":"2","fare_amount":"14.5","extra":"0","mta_tax":"0.5","tip_amount":"0","tolls_amount":"0","improvement_surcharge":"0.3","total_amount":"15.3","congestion_surcharge":""},{"VendorID":"2","tpep_pickup_datetime":"2023-10-09 08:23:27","tpep_dropoff_datetime":"2023-04-19 08:46:13","passenger_count":"1","trip_distance":"4.89","RatecodeID":"1","store_and_fwd_flag":"N","PULocationID":"263","DOLocationID":"68","payment_type":"1","fare_amount":"18.5","extra":"0","mta_tax":"0.5","tip_amount":"3","tolls_amount":"0","improvement_surcharge":"0.3","total_amount":"22.3","congestion_surcharge":""},{"VendorID":"2","tpep_pickup_datetime":"2023-09-27 08:52:39","tpep_dropoff_datetime":"2023-10-18 08:55:37","passenger_count":"1","trip_distance":".55","RatecodeID":"1","store_and_fwd_flag":"N","PULocationID":"68","DOLocationID":"68","payment_type":"1","fare_amount":"4","extra":"0","mta_tax":"0.5","tip_amount":"0.96","tolls_amount":"0","improvement_surcharge":"0.3","total_amount":"5.76","congestion_surcharge":""},{"VendorID":"2","tpep_pickup_datetime":"2023-03-26 08:37:10","tpep_dropoff_datetime":"2023-10-31 08:40:09","passenger_count":"4","trip_distance":".79","RatecodeID":"1","store_and_fwd_flag":"N","PULocationID":"151","DOLocationID":"239","payment_type":"2","fare_amount":"4.5","extra":"0","mta_tax":"0.5","tip_amount":"0","tolls_amount":"0","improvement_surcharge":"0.3","total_amount":"5.3","congestion_surcharge":""},{"VendorID":"1","tpep_pickup_datetime":"2023-02-07 08:39:11","tpep_dropoff_datetime":"2023-09-02 09:31:15","passenger_count":"1","trip_distance":"18.70","RatecodeID":"1","store_and_fwd_flag":"N","PULocationID":"132","DOLocationID":"181","payment_type":"1","fare_amount":"54.5","extra":"0","mta_tax":"0.5","tip_amount":"5","tolls_amount":"0","improvement_surcharge":"0.3","total_amount":"60.3","congestion_surcharge":""},{"VendorID":"1","tpep_pickup_datetime":"2023-11-11 08:11:00","tpep_dropoff_datetime":"2023-12-30 08:17:04","passenger_count":"1","trip_distance":".80","RatecodeID":"1","store_and_fwd_flag":"N","PULocationID":"234","DOLocationID":"164","payment_type":"1","fare_amount":"5.5","extra":"0","mta_tax":"0.5","tip_amount":"1.25","tolls_amount":"0","improvement_surcharge":"0.3","total_amount":"7.55","congestion_surcharge":""},{"VendorID":"1","tpep_pickup_datetime":"2023-03-01 08:19:07","tpep_dropoff_datetime":"2023-10-23 08:23:55","passenger_count":"1","trip_distance":"1.10","RatecodeID":"1","store_and_fwd_flag":"N","PULocationID":"107","DOLocationID":"113","payment_type":"1","fare_amount":"6","extra":"0","mta_tax":"0.5","tip_amount":"1.35","tolls_amount":"0","improvement_surcharge":"0.3","total_amount":"8.15","congestion_surcharge":""},{"VendorID":"1","tpep_pickup_datetime":"2023-05-13 08:36:32","tpep_dropoff_datetime":"2023-10-09 08:43:39","passenger_count":"1","trip_distance":"2.00","RatecodeID":"1","store_and_fwd_flag":"N","PULocationID":"107","DOLocationID":"229","payment_type":"1","fare_amount":"8","extra":"0","mta_tax":"0.5","tip_amount":"2.2","tolls_amount":"0","improvement_surcharge":"0.3","total_amount":"11","congestion_surcharge":""},{"VendorID":"1","tpep_pickup_datetime":"2023-01-21 08:46:56","tpep_dropoff_datetime":"2023-10-16 08:58:43","passenger_count":"1","trip_distance":"2.30","RatecodeID":"1","store_and_fwd_flag":"N","PULocationID":"229","DOLocationID":"236","payment_type":"1","fare_amount":"10.5","extra":"0","mta_tax":"0.5","tip_amount":"2.25","tolls_amount":"0","improvement_surcharge":"0.3","total_amount":"13.55","congestion_surcharge":""},{"VendorID":"2","tpep_pickup_datetime":"2023-01-02 08:14:01","tpep_dropoff_datetime":"2024-01-09 08:17:11","passenger_count":"1","trip_distance":".43","RatecodeID":"1","store_and_fwd_flag":"N","PULocationID":"74","DOLocationID":"75","payment_type":"2","fare_amount":"4","extra":"0","mta_tax":"0.5","tip_amount":"0","tolls_amount":"0","improvement_surcharge":"0.3","total_amount":"4.8","congestion_surcharge":""},{"VendorID":"2","tpep_pickup_datetime":"2023-02-15 08:32:46","tpep_dropoff_datetime":"2023-03-29 08:52:42","passenger_count":"1","trip_distance":"3.14","RatecodeID":"1","store_and_fwd_flag":"N","PULocationID":"74","DOLocationID":"244","payment_type":"1","fare_amount":"15","extra":"0","mta_tax":"0.5","tip_amount":"0","tolls_amount":"0","improvement_surcharge":"0.3","total_amount":"15.8","congestion_surcharge":""},{"VendorID":"2","tpep_pickup_datetime":"2023-12-02 08:14:05","tpep_dropoff_datetime":"2023-01-05 08:17:02","passenger_count":"1","trip_distance":".54","RatecodeID":"1","store_and_fwd_flag":"N","PULocationID":"229","DOLocationID":"229","payment_type":"1","fare_amount":"4","extra":"0","mta_tax":"0.5","tip_amount":"0.96","tolls_amount":"0","improvement_surcharge":"0.3","total_amount":"5.76","congestion_surcharge":""},{"VendorID":"2","tpep_pickup_datetime":"2023-05-17 08:19:33","tpep_dropoff_datetime":"2023-02-06 08:27:58","passenger_count":"1","trip_distance":".84","RatecodeID":"1","store_and_fwd_flag":"N","PULocationID":"229","DOLocationID":"141","payment_type":"1","fare_amount":"7","extra":"0","mta_tax":"0.5","tip_amount":"1","tolls_amount":"0","improvement_surcharge":"0.3","total_amount":"8.8","congestion_surcharge":""},{"VendorID":"2","tpep_pickup_datetime":"2023-09-29 08:49:56","tpep_dropoff_datetime":"2023-04-18 09:08:25","passenger_count":"1","trip_distance":"2.70","RatecodeID":"1","store_and_fwd_flag":"N","PULocationID":"239","DOLocationID":"170","payment_type":"1","fare_amount":"14","extra":"0","mta_tax":"0.5","tip_amount":"3.7","tolls_amount":"0","improvement_surcharge":"0.3","total_amount":"18.5","congestion_surcharge":""},{"VendorID":"2","tpep_pickup_datetime":"2024-01-10 08:24:28","tpep_dropoff_datetime":"2023-09-25 08:27:58","passenger_count":"1","trip_distance":".87","RatecodeID":"1","store_and_fwd_flag":"N","PULocationID":"158","DOLocationID":"246","payment_type":"1","fare_amount":"5","extra":"0","mta_tax":"0.5","tip_amount":"1.16","tolls_amount":"0","improvement_surcharge":"0.3","total_amount":"6.96","congestion_surcharge":""},{"VendorID":"2","tpep_pickup_datetime":"2023-05-27 08:30:22","tpep_dropoff_datetime":"2023-03-28 08:40:53","passenger_count":"1","trip_distance":"2.81","RatecodeID":"1","store_and_fwd_flag":"N","PULocationID":"246","DOLocationID":"13","payment_type":"1","fare_amount":"11","extra":"0","mta_tax":"0.5","tip_amount":"2.36","tolls_amount":"0","improvement_surcharge":"0.3","total_amount":"14.16","congestion_surcharge":""},{"VendorID":"1","tpep_pickup_datetime":"2023-10-19 08:08:30","tpep_dropoff_datetime":"2023-09-02 08:10:41","passenger_count":"2","trip_distance":".60","RatecodeID":"1","store_and_fwd_flag":"N","PULocationID":"263","DOLocationID":"263","payment_type":"1","fare_amount":"4","extra":"0","mta_tax":"0.5","tip_amount":"0.72","tolls_amount":"0","improvement_surcharge":"0.3","total_amount":"5.52","congestion_surcharge":""},{"VendorID":"1","tpep_pickup_datetime":"2023-12-25 08:12:35","tpep_dropoff_datetime":"2023-01-05 08:24:26","passenger_count":"1","trip_distance":"2.10","RatecodeID":"1","store_and_fwd_flag":"N","PULocationID":"263","DOLocationID":"166","payment_type":"1","fare_amount":"10","extra":"0","mta_tax":"0.5","tip_amount":"1","tolls_amount":"0","improvement_surcharge":"0.3","total_amount":"11.8","congestion_surcharge":""},{"VendorID":"1","tpep_pickup_datetime":"2023-02-22 08:29:38","tpep_dropoff_datetime":"2023-01-28 08:35:58","passenger_count":"1","trip_distance":"1.30","RatecodeID":"1","store_and_fwd_flag":"N","PULocationID":"151","DOLocationID":"166","payment_type":"2","fare_amount":"6.5","extra":"0","mta_tax":"0.5","tip_amount":"0","tolls_amount":"0","improvement_surcharge":"0.3","total_amount":"7.3","congestion_surcharge":""},{"VendorID":"1","tpep_pickup_datetime":"2023-01-27 08:41:30","tpep_dropoff_datetime":"2023-04-09 08:50:29","passenger_count":"1","trip_distance":"2.30","RatecodeID":"1","store_and_fwd_flag":"N","PULocationID":"24","DOLocationID":"43","payment_type":"1","fare_amount":"9.5","extra":"0","mta_tax":"0.5","tip_amount":"2","tolls_amount":"0","improvement_surcharge":"0.3","total_amount":"12.3","congestion_surcharge":""},{"VendorID":"1","tpep_pickup_datetime":"2023-12-28 08:59:40","tpep_dropoff_datetime":"2024-01-23 09:05:01","passenger_count":"1","trip_distance":".70","RatecodeID":"1","store_and_fwd_flag":"N","PULocationID":"262","DOLocationID":"140","payment_type":"1","fare_amount":"5.5","extra":"0","mta_tax":"0.5","tip_amount":"1.25","tolls_amount":"0","improvement_surcharge":"0.3","total_amount":"7.55","congestion_surcharge":""},{"VendorID":"2","tpep_pickup_datetime":"2023-08-04 08:12:58","tpep_dropoff_datetime":"2024-01-25 08:15:46","passenger_count":"1","trip_distance":".71","RatecodeID":"1","store_and_fwd_flag":"N","PULocationID":"158","DOLocationID":"249","payment_type":"1","fare_amount":"4.5","extra":"0","mta_tax":"0.5","tip_amount":"1.06","tolls_amount":"0","improvement_surcharge":"0.3","total_amount":"6.36","congestion_surcharge":""},{"VendorID":"2","tpep_pickup_datetime":"2023-07-14 08:46:04","tpep_dropoff_datetime":"2023-11-23 08:47:28","passenger_count":"1","trip_distance":".28","RatecodeID":"1","store_and_fwd_flag":"N","PULocationID":"239","DOLocationID":"239","payment_type":"1","fare_amount":"3","extra":"0","mta_tax":"0.5","tip_amount":"0.57","tolls_amount":"0","improvement_surcharge":"0.3","total_amount":"4.37","congestion_surcharge":""},{"VendorID":"2","tpep_pickup_datetime":"2024-01-11 08:58:00","tpep_dropoff_datetime":"2023-12-03 09:10:41","passenger_count":"1","trip_distance":"2.86","RatecodeID":"1","store_and_fwd_flag":"N","PULocationID":"239","DOLocationID":"170","payment_type":"1","fare_amount":"11.5","extra":"0","mta_tax":"0.5","tip_amount":"2.46","tolls_amount":"0","improvement_surcharge":"0.3","total_amount":"14.76","congestion_surcharge":""},{"VendorID":"2","tpep_pickup_datetime":"2023-04-16 08:17:16","tpep_dropoff_datetime":"2023-01-24 08:30:01","passenger_count":"1","trip_distance":"2.61","RatecodeID":"1","store_and_fwd_flag":"N","PULocationID":"142","DOLocationID":"170","payment_type":"1","fare_amount":"11","extra":"0","mta_tax":"0.5","tip_amount":"2.36","tolls_amount":"0","improvement_surcharge":"0.3","total_amount":"14.16","congestion_surcharge":""},{"VendorID":"2","tpep_pickup_datetime":"2023-05-13 08:01:53","tpep_dropoff_datetime":"2023-11-24 08:16:20","passenger_count":"1","trip_distance":"1.83","RatecodeID":"1","store_and_fwd_flag":"N","PULocationID":"170","DOLocationID":"246","payment_type":"1","fare_amount":"11","extra":"0","mta_tax":"0.5","tip_amount":"2","tolls_amount":"0","improvement_surcharge":"0.3","total_amount":"13.8","congestion_surcharge":""},{"VendorID":"2","tpep_pickup_datetime":"2023-09-11 08:41:01","tpep_dropoff_datetime":"2023-02-02 08:46:58","passenger_count":"1","trip_distance":".95","RatecodeID":"1","store_and_fwd_flag":"N","PULocationID":"186","DOLocationID":"234","payment_type":"1","fare_amount":"6","extra":"0","mta_tax":"0.5","tip_amount":"1.7","tolls_amount":"0","improvement_surcharge":"0.3","total_amount":"8.5","congestion_surcharge":""},{"VendorID":"2","tpep_pickup_datetime":"2023-12-17 08:18:35","tpep_dropoff_datetime":"2023-12-16 08:23:26","passenger_count":"1","trip_distance":".81","RatecodeID":"1","store_and_fwd_flag":"N","PULocationID":"48","DOLocationID":"48","payment_type":"1","fare_amount":"5","extra":"0","mta_tax":"0.5","tip_amount":"1.16","tolls_amount":"0","improvement_surcharge":"0.3","total_amount":"6.96","congestion_surcharge":""},{"VendorID":"2","tpep_pickup_datetime":"2023-07-28 08:37:20","tpep_dropoff_datetime":"2023-11-10 08:43:46","passenger_count":"1","trip_distance":"1.06","RatecodeID":"1","store_and_fwd_flag":"N","PULocationID":"186","DOLocationID":"246","payment_type":"2","fare_amount":"6.5","extra":"0","mta_tax":"0.5","tip_amount":"0","tolls_amount":"0","improvement_surcharge":"0.3","total_amount":"7.3","congestion_surcharge":""},{"VendorID":"1","tpep_pickup_datetime":"2023-11-25 08:17:19","tpep_dropoff_datetime":"2023-08-16 08:28:03","passenger_count":"1","trip_distance":"1.60","RatecodeID":"1","store_and_fwd_flag":"N","PULocationID":"140","DOLocationID":"236","payment_type":"1","fare_amount":"9","extra":"0","mta_tax":"0.5","tip_amount":"1.95","tolls_amount":"0","improvement_surcharge":"0.3","total_amount":"11.75","congestion_surcharge":""},{"VendorID":"1","tpep_pickup_datetime":"2023-07-25 08:44:18","tpep_dropoff_datetime":"2023-11-14 09:05:49","passenger_count":"1","trip_distance":"2.80","RatecodeID":"1","store_and_fwd_flag":"N","PULocationID":"75","DOLocationID":"75","payment_type":"1","fare_amount":"15.5","extra":"0","mta_tax":"0.5","tip_amount":"3.25","tolls_amount":"0","improvement_surcharge":"0.3","total_amount":"19.55","congestion_surcharge":""},{"VendorID":"2","tpep_pickup_datetime":"2023-04-27 08:05:41","tpep_dropoff_datetime":"2024-01-26 08:35:25","passenger_count":"2","trip_distance":"7.70","RatecodeID":"1","store_and_fwd_flag":"N","PULocationID":"211","DOLocationID":"75","payment_type":"1","fare_amount":"28","extra":"0","mta_tax":"0.5","tip_amount":"0","tolls_amount":"0","improvement_surcharge":"0.3","total_amount":"28.8","congestion_surcharge":""},{"VendorID":"2","tpep_pickup_datetime":"2023-03-19 08:51:17","tpep_dropoff_datetime":"2023-11-04 08:54:19","passenger_count":"2","trip_distance":".55","RatecodeID":"1","store_and_fwd_flag":"N","PULocationID":"263","DOLocationID":"263","payment_type":"1","fare_amount":"4","extra":"0","mta_tax":"0.5","tip_amount":"0.72","tolls_amount":"0","improvement_surcharge":"0.3","total_amount":"5.52","congestion_surcharge":""},{"VendorID":"2","tpep_pickup_datetime":"2024-02-02 08:44:25","tpep_dropoff_datetime":"2023-11-19 08:54:34","passenger_count":"1","trip_distance":"1.27","RatecodeID":"1","store_and_fwd_flag":"N","PULocationID":"100","DOLocationID":"162","payment_type":"2","fare_amount":"8","extra":"0","mta_tax":"0.5","tip_amount":"0","tolls_amount":"0","improvement_surcharge":"0.3","total_amount":"8.8","congestion_surcharge":""},{"VendorID":"2","tpep_pickup_datetime":"2023-05-22 08:02:20","tpep_dropoff_datetime":"2023-12-23 08:17:33","passenger_count":"4","trip_distance":"2.88","RatecodeID":"1","store_and_fwd_flag":"N","PULocationID":"236","DOLocationID":"230","payment_type":"1","fare_amount":"12.5","extra":"0","mta_tax":"0.5","tip_amount":"2.66","tolls_amount":"0","improvement_surcharge":"0.3","total_amount":"15.96","congestion_surcharge":""},{"VendorID":"2","tpep_pickup_datetime":"2024-01-22 08:55:12","tpep_dropoff_datetime":"2023-03-01 08:58:39","passenger_count":"4","trip_distance":".74","RatecodeID":"1","store_and_fwd_flag":"N","PULocationID":"100","DOLocationID":"163","payment_type":"1","fare_amount":"5","extra":"0","mta_tax":"0.5","tip_amount":"1.16","tolls_amount":"0","improvement_surcharge":"0.3","total_amount":"6.96","congestion_surcharge":""},{"VendorID":"1","tpep_pickup_datetime":"2023-03-14 08:24:17","tpep_dropoff_datetime":"2023-10-20 08:32:01","passenger_count":"1","trip_distance":".70","RatecodeID":"1","store_and_fwd_flag":"N","PULocationID":"100","DOLocationID":"230","payment_type":"1","fare_amount":"6.5","extra":"0","mta_tax":"0.5","tip_amount":"1.45","tolls_amount":"0","improvement_surcharge":"0.3","total_amount":"8.75","congestion_surcharge":""},{"VendorID":"1","tpep_pickup_datetime":"2023-09-18 08:49:54","tpep_dropoff_datetime":"2023-06-18 08:57:14","passenger_count":"1","trip_distance":".80","RatecodeID":"1","store_and_fwd_flag":"N","PULocationID":"48","DOLocationID":"68","payment_type":"1","fare_amount":"6.5","extra":"0","mta_tax":"0.5","tip_amount":"1","tolls_amount":"0","improvement_surcharge":"0.3","total_amount":"8.3","congestion_surcharge":""},{"VendorID":"1","tpep_pickup_datetime":"2023-07-16 08:27:08","tpep_dropoff_datetime":"2023-01-19 08:33:09","passenger_count":"1","trip_distance":".90","RatecodeID":"1","store_and_fwd_flag":"N","PULocationID":"170","DOLocationID":"161","payment_type":"2","fare_amount":"6","extra":"0","mta_tax":"0.5","tip_amount":"0","tolls_amount":"0","improvement_surcharge":"0.3","total_amount":"6.8","congestion_surcharge":""},{"VendorID":"1","tpep_pickup_datetime":"2023-02-27 08:42:29","tpep_dropoff_datetime":"2024-01-08 08:49:35","passenger_count":"1","trip_distance":"1.10","RatecodeID":"1","store_and_fwd_flag":"N","PULocationID":"263","DOLocationID":"43","payment_type":"1","fare_amount":"7","extra":"0","mta_tax":"0.5","tip_amount":"1.55","tolls_amount":"0","improvement_surcharge":"0.3","total_amount":"9.35","congestion_surcharge":""},{"VendorID":"2","tpep_pickup_datetime":"2023-01-22 08:01:16","tpep_dropoff_datetime":"2023-03-15 08:11:13","passenger_count":"1","trip_distance":"1.56","RatecodeID":"1","store_and_fwd_flag":"N","PULocationID":"143","DOLocationID":"230","payment_type":"1","fare_amount":"8.5","extra":"0","mta_tax":"0.5","tip_amount":"1.86","tolls_amount":"0","improvement_surcharge":"0.3","total_amount":"11.16","congestion_surcharge":""},{"VendorID":"2","tpep_pickup_datetime":"2023-10-20 08:21:06","tpep_dropoff_datetime":"2023-03-29 08:24:20","passenger_count":"1","trip_distance":".90","RatecodeID":"1","store_and_fwd_flag":"N","PULocationID":"50","DOLocationID":"48","payment_type":"1","fare_amount":"5","extra":"0","mta_tax":"0.5","tip_amount":"1","tolls_amount":"0","improvement_surcharge":"0.3","total_amount":"6.8","congestion_surcharge":""},{"VendorID":"2","tpep_pickup_datetime":"2024-01-06 08:28:17","tpep_dropoff_datetime":"2024-01-18 08:37:23","passenger_count":"1","trip_distance":"1.13","RatecodeID":"1","store_and_fwd_flag":"N","PULocationID":"48","DOLocationID":"100","payment_type":"1","fare_amount":"8","extra":"0","mta_tax":"0.5","tip_amount":"1.32","tolls_amount":"0","improvement_surcharge":"0.3","total_amount":"10.12","congestion_surcharge":""},{"VendorID":"2","tpep_pickup_datetime":"2023-02-13 08:40:20","tpep_dropoff_datetime":"2023-01-18 08:54:39","passenger_count":"1","trip_distance":"5.10","RatecodeID":"1","store_and_fwd_flag":"N","PULocationID":"170","DOLocationID":"88","payment_type":"1","fare_amount":"17.5","extra":"0","mta_tax":"0.5","tip_amount":"3.66","tolls_amount":"0","improvement_surcharge":"0.3","total_amount":"21.96","congestion_surcharge":""},{"VendorID":"2","tpep_pickup_datetime":"2023-04-01 08:07:25","tpep_dropoff_datetime":"2023-06-22 08:10:03","passenger_count":"1","trip_distance":".62","RatecodeID":"1","store_and_fwd_flag":"N","PULocationID":"233","DOLocationID":"137","payment_type":"1","fare_amount":"4.5","extra":"0","mta_tax":"0.5","tip_amount":"1","tolls_amount":"0","improvement_surcharge":"0.3","total_amount":"6.3","congestion_surcharge":""},{"VendorID":"2","tpep_pickup_datetime":"2023-04-04 08:36:51","tpep_dropoff_datetime":"2023-08-02 08:44:51","passenger_count":"1","trip_distance":"1.24","RatecodeID":"1","store_and_fwd_flag":"N","PULocationID":"140","DOLocationID":"43","payment_type":"1","fare_amount":"7.5","extra":"0","mta_tax":"0.5","tip_amount":"1.66","tolls_amount":"0","improvement_surcharge":"0.3","total_amount":"9.96","congestion_surcharge":""},{"VendorID":"2","tpep_pickup_datetime":"2023-11-30 08:58:26","tpep_dropoff_datetime":"2023-03-19 09:07:07","passenger_count":"1","trip_distance":"1.46","RatecodeID":"1","store_and_fwd_flag":"N","PULocationID":"236","DOLocationID":"163","payment_type":"1","fare_amount":"8","extra":"0","mta_tax":"0.5","tip_amount":"0.88","tolls_amount":"0","improvement_surcharge":"0.3","total_amount":"9.68","congestion_surcharge":""},{"VendorID":"2","tpep_pickup_datetime":"2023-01-14 08:01:48","tpep_dropoff_datetime":"2023-05-21 08:07:18","passenger_count":"6","trip_distance":"1.61","RatecodeID":"1","store_and_fwd_flag":"N","PULocationID":"107","DOLocationID":"233","payment_type":"2","fare_amount":"7","extra":"0","mta_tax":"0.5","tip_amount":"0","tolls_amount":"0","improvement_surcharge":"0.3","total_amount":"7.8","congestion_surcharge":""},{"VendorID":"2","tpep_pickup_datetime":"2023-10-19 08:17:38","tpep_dropoff_datetime":"2023-04-07 08:32:23","passenger_count":"6","trip_distance":"2.90","RatecodeID":"1","store_and_fwd_flag":"N","PULocationID":"233","DOLocationID":"43","payment_type":"2","fare_amount":"12","extra":"0","mta_tax":"0.5","tip_amount":"0","tolls_amount":"0","improvement_surcharge":"0.3","total_amount":"12.8","congestion_surcharge":""},{"VendorID":"2","tpep_pickup_datetime":"2023-05-28 08:41:20","tpep_dropoff_datetime":"2024-01-30 08:48:26","passenger_count":"4","trip_distance":"1.16","RatecodeID":"1","store_and_fwd_flag":"N","PULocationID":"230","DOLocationID":"163","payment_type":"2","fare_amount":"7","extra":"0","mta_tax":"0.5","tip_amount":"0","tolls_amount":"0","improvement_surcharge":"0.3","total_amount":"7.8","congestion_surcharge":""}]