[{"VendorID":"1","tpep_pickup_datetime":"2023-06-12 11:03:13","tpep_dropoff_datetime":"2023-05-19 11:12:40","passenger_count":"1","trip_distance":".70","RatecodeID":"1","store_and_fwd_flag":"N","PULocationID":"234","DOLocationID":"107","payment_type":"2","fare_amount":"7.5","extra":"0","mta_tax":"0.5","tip_amount":"0","tolls_amount":"0","improvement_surcharge":"0.3","total_amount":"8.3","congestion_surcharge":"","tripId":"4881a1b8-f5ab-445a-b762-97de7d4dfa61"},{"VendorID":"1","tpep_pickup_datetime":"2023-12-28 11:54:46","tpep_dropoff_datetime":"2023-12-26 12:08:26","passenger_count":"1","trip_distance":"2.30","RatecodeID":"1","store_and_fwd_flag":"N","PULocationID":"162","DOLocationID":"113","payment_type":"1","fare_amount":"11","extra":"0","mta_tax":"0.5","tip_amount":"2.35","tolls_amount":"0","improvement_surcharge":"0.3","total_amount":"14.15","congestion_surcharge":"","tripId":"aa6e400a-93ab-4c7c-893d-46d855315241"},{"VendorID":"2","tpep_pickup_datetime":"2023-01-20 11:39:50","tpep_dropoff_datetime":"2023-07-24 11:44:01","passenger_count":"2","trip_distance":".46","RatecodeID":"1","store_and_fwd_flag":"N","PULocationID":"143","DOLocationID":"142","payment_type":"1","fare_amount":"4.5","extra":"0","mta_tax":"0.5","tip_amount":"1.06","tolls_amount":"0","improvement_surcharge":"0.3","total_amount":"6.36","congestion_surcharge":"","tripId":"163ff93f-3700-4731-9f8d-9626f2957196"},{"VendorID":"2","tpep_pickup_datetime":"2023-10-11 11:52:58","tpep_dropoff_datetime":"2023-08-31 11:57:45","passenger_count":"2","trip_distance":".69","RatecodeID":"1","store_and_fwd_flag":"N","PULocationID":"239","DOLocationID":"143","payment_type":"2","fare_amount":"5","extra":"0","mta_tax":"0.5","tip_amount":"0","tolls_amount":"0","improvement_surcharge":"0.3","total_amount":"5.8","congestion_surcharge":"","tripId":"cd8a4f7a-ac53-4b4e-838e-27e63c55c5c8"},{"VendorID":"2","tpep_pickup_datetime":"2023-05-08 11:02:05","tpep_dropoff_datetime":"2023-09-16 11:15:11","passenger_count":"1","trip_distance":"3.20","RatecodeID":"1","store_and_fwd_flag":"N","PULocationID":"125","DOLocationID":"88","payment_type":"1","fare_amount":"13","extra":"0","mta_tax":"0.5","tip_amount":"2.76","tolls_amount":"0","improvement_surcharge":"0.3","total_amount":"16.56","congestion_surcharge":"","tripId":"a06722ef-66c9-4174-a633-f5ea3711b5e5"},{"VendorID":"2","tpep_pickup_datetime":"2023-07-16 11:54:51","tpep_dropoff_datetime":"2023-11-23 12:03:17","passenger_count":"1","trip_distance":"1.50","RatecodeID":"1","store_and_fwd_flag":"N","PULocationID":"170","DOLocationID":"79","payment_type":"2","fare_amount":"7.5","extra":"0","mta_tax":"0.5","tip_amount":"0","tolls_amount":"0","improvement_surcharge":"0.3","total_amount":"8.3","congestion_surcharge":"","tripId":"5fb4b613-54cc-4439-8bf7-69e0ccf0de2f"},{"VendorID":"2","tpep_pickup_datetime":"2023-11-22 11:22:33","tpep_dropoff_datetime":"2023-03-16 11:30:23","passenger_count":"5","trip_distance":".32","RatecodeID":"1","store_and_fwd_flag":"N","PULocationID":"236","DOLocationID":"263","payment_type":"1","fare_amount":"6","extra":"0","mta_tax":"0.5","tip_amount":"1.36","tolls_amount":"0","improvement_surcharge":"0.3","total_amount":"8.16","congestion_surcharge":"","tripId":"c3946d38-e84c-4553-920b-492524d0ae4a"},{"VendorID":"2","tpep_pickup_datetime":"2023-03-24 11:48:43","tpep_dropoff_datetime":"2023-01-23 12:07:46","passenger_count":"5","trip_distance":"1.98","RatecodeID":"1","store_and_fwd_flag":"N","PULocationID":"43","DOLocationID":"164","payment_type":"2","fare_amount":"13","extra":"0","mta_tax":"0.5","tip_amount":"0","tolls_amount":"0","improvement_surcharge":"0.3","total_amount":"13.8","congestion_surcharge":"","tripId":"71ab5b52-a20a-4508-a78a-34b40d1703db"},{"VendorID":"2","tpep_pickup_datetime":"2024-01-08 11:02:28","tpep_dropoff_datetime":"2023-01-31 11:30:00","passenger_count":"1","trip_distance":"2.78","RatecodeID":"1","store_and_fwd_flag":"N","PULocationID":"186","DOLocationID":"237","payment_type":"1","fare_amount":"17.5","extra":"0","mta_tax":"0.5","tip_amount":"3.66","tolls_amount":"0","improvement_surcharge":"0.3","total_amount":"21.96","congestion_surcharge":"","tripId":"adf62496-e21a-432a-a0a0-d6189acf19e4"},{"VendorID":"1","tpep_pickup_datetime":"2023-09-26 11:23:47","tpep_dropoff_datetime":"2023-07-31 11:47:02","passenger_count":"2","trip_distance":"9.80","RatecodeID":"1","store_and_fwd_flag":"N","PULocationID":"138","DOLocationID":"162","payment_type":"1","fare_amount":"29","extra":"0","mta_tax":"0.5","tip_amount":"7.1","tolls_amount":"5.76","improvement_surcharge":"0.3","total_amount":"42.66","congestion_surcharge":"","tripId":"2cd6085e-32be-49b5-aff6-814ae80ba29a"},{"VendorID":"1","tpep_pickup_datetime":"2023-10-28 11:56:22","tpep_dropoff_datetime":"2023-06-19 12:06:00","passenger_count":"1","trip_distance":"1.40","RatecodeID":"1","store_and_fwd_flag":"N","PULocationID":"170","DOLocationID":"113","payment_type":"1","fare_amount":"8","extra":"0","mta_tax":"0.5","tip_amount":"1.75","tolls_amount":"0","improvement_surcharge":"0.3","total_amount":"10.55","congestion_surcharge":"","tripId":"fd298ef2-81a4-467f-9127-6aa4d77c2d29"},{"VendorID":"1","tpep_pickup_datetime":"2023-01-03 11:19:22","tpep_dropoff_datetime":"2023-09-26 11:32:47","passenger_count":"3","trip_distance":"1.50","RatecodeID":"1","store_and_fwd_flag":"N","PULocationID":"161","DOLocationID":"236","payment_type":"2","fare_amount":"9.5","extra":"0","mta_tax":"0.5","tip_amount":"0","tolls_amount":"0","improvement_surcharge":"0.3","total_amount":"10.3","congestion_surcharge":"","tripId":"ae16784d-288b-4834-b719-7fb836644415"},{"VendorID":"1","tpep_pickup_datetime":"2023-08-05 11:34:41","tpep_dropoff_datetime":"2023-03-29 12:01:55","passenger_count":"1","trip_distance":"6.10","RatecodeID":"1","store_and_fwd_flag":"N","PULocationID":"237","DOLocationID":"144","payment_type":"2","fare_amount":"24.5","extra":"0","mta_tax":"0.5","tip_amount":"0","tolls_amount":"0","improvement_surcharge":"0.3","total_amount":"25.3","congestion_surcharge":"","tripId":"091d35dd-f1b9-4408-8be9-b642beb470b7"},{"VendorID":"2","tpep_pickup_datetime":"2023-01-21 11:41:08","tpep_dropoff_datetime":"2023-08-06 11:46:16","passenger_count":"2","trip_distance":".78","RatecodeID":"1","store_and_fwd_flag":"N","PULocationID":"229","DOLocationID":"141","payment_type":"2","fare_amount":"5.5","extra":"0","mta_tax":"0.5","tip_amount":"0","tolls_amount":"0","improvement_surcharge":"0.3","total_amount":"6.3","congestion_surcharge":"","tripId":"c3f4c0df-5843-48ed-81ea-c0a5800f8484"},{"VendorID":"2","tpep_pickup_datetime":"2023-01-29 11:58:10","tpep_dropoff_datetime":"2023-02-17 12:07:45","passenger_count":"2","trip_distance":"1.33","RatecodeID":"1","store_and_fwd_flag":"N","PULocationID":"141","DOLocationID":"162","payment_type":"1","fare_amount":"8.5","extra":"0","mta_tax":"0.5","tip_amount":"1.86","tolls_amount":"0","improvement_surcharge":"0.3","total_amount":"11.16","congestion_surcharge":"","tripId":"91d77ff9-22ce-49b1-bd86-82f70a9a36a5"},{"VendorID":"1","tpep_pickup_datetime":"2023-04-07 11:31:21","tpep_dropoff_datetime":"2023-02-19 11:45:45","passenger_count":"1","trip_distance":"1.70","RatecodeID":"1","store_and_fwd_flag":"N","PULocationID":"142","DOLocationID":"100","payment_type":"2","fare_amount":"10.5","extra":"0","mta_tax":"0.5","tip_amount":"0","tolls_amount":"0","improvement_surcharge":"0.3","total_amount":"11.3","congestion_surcharge":"","tripId":"933da9b9-1a37-4820-9762-6ac1d7576ca5"},{"VendorID":"2","tpep_pickup_datetime":"2023-01-19 11:07:40","tpep_dropoff_datetime":"2023-10-04 11:37:03","passenger_count":"2","trip_distance":"4.14","RatecodeID":"1","store_and_fwd_flag":"N","PULocationID":"238","DOLocationID":"234","payment_type":"2","fare_amount":"20","extra":"0","mta_tax":"0.5","tip_amount":"0","tolls_amount":"0","improvement_surcharge":"0.3","total_amount":"20.8","congestion_surcharge":"","tripId":"587e32bf-355e-4ba8-8a3b-d2c5d39867d8"},{"VendorID":"2","tpep_pickup_datetime":"2023-08-19 11:47:25","tpep_dropoff_datetime":"2023-01-06 12:02:27","passenger_count":"2","trip_distance":"1.73","RatecodeID":"1","store_and_fwd_flag":"N","PULocationID":"164","DOLocationID":"144","payment_type":"2","fare_amount":"11","extra":"0","mta_tax":"0.5","tip_amount":"0","tolls_amount":"0","improvement_surcharge":"0.3","total_amount":"11.8","congestion_surcharge":"","tripId":"5764f8ac-02a4-4190-802b-8ee94dc2b9a6"},{"VendorID":"2","tpep_pickup_datetime":"2023-01-24 11:24:02","tpep_dropoff_datetime":"2023-11-29 11:32:55","passenger_count":"1","trip_distance":".57","RatecodeID":"1","store_and_fwd_flag":"N","PULocationID":"90","DOLocationID":"186","payment_type":"1","fare_amount":"7","extra":"0","mta_tax":"0.5","tip_amount":"1.56","tolls_amount":"0","improvement_surcharge":"0.3","total_amount":"9.36","congestion_surcharge":"","tripId":"d44ede15-e701-4588-ac51-95f1bf2a5ef8"},{"VendorID":"2","tpep_pickup_datetime":"2023-11-05 11:43:30","tpep_dropoff_datetime":"2023-06-18 11:58:07","passenger_count":"1","trip_distance":"3.36","RatecodeID":"1","store_and_fwd_flag":"N","PULocationID":"158","DOLocationID":"87","payment_type":"1","fare_amount":"13","extra":"0","mta_tax":"0.5","tip_amount":"2.76","tolls_amount":"0","improvement_surcharge":"0.3","total_amount":"16.56","congestion_surcharge":"","tripId":"b6d62d94-b3db-47c1-9dff-d57c7b53c1cb"},{"VendorID":"2","tpep_pickup_datetime":"2023-05-11 11:41:17","tpep_dropoff_datetime":"2023-11-25 11:59:59","passenger_count":"2","trip_distance":"1.39","RatecodeID":"1","store_and_fwd_flag":"N","PULocationID":"186","DOLocationID":"162","payment_type":"1","fare_amount":"12.5","extra":"0","mta_tax":"0.5","tip_amount":"2.66","tolls_amount":"0","improvement_surcharge":"0.3","total_amount":"15.96","congestion_surcharge":"","tripId":"a93cf90d-8d00-4ed7-beac-fc22351b9bed"},{"VendorID":"2","tpep_pickup_datetime":"2023-12-26 11:29:30","tpep_dropoff_datetime":"2023-07-31 11:40:33","passenger_count":"2","trip_distance":"1.50","RatecodeID":"1","store_and_fwd_flag":"N","PULocationID":"162","DOLocationID":"100","payment_type":"1","fare_amount":"8.5","extra":"0","mta_tax":"0.5","tip_amount":"1.5","tolls_amount":"0","improvement_surcharge":"0.3","total_amount":"10.8","congestion_surcharge":"","tripId":"4ff3e541-9910-4545-bb55-863973e7775e"},{"VendorID":"2","tpep_pickup_datetime":"2023-10-07 11:47:31","tpep_dropoff_datetime":"2023-01-28 11:54:44","passenger_count":"2","trip_distance":"1.34","RatecodeID":"1","store_and_fwd_flag":"N","PULocationID":"246","DOLocationID":"48","payment_type":"1","fare_amount":"7","extra":"0","mta_tax":"0.5","tip_amount":"1.56","tolls_amount":"0","improvement_surcharge":"0.3","total_amount":"9.36","congestion_surcharge":"","tripId":"c37de0a5-61aa-40ef-b9d7-8c2a1683f1b4"},{"VendorID":"2","tpep_pickup_datetime":"2024-02-02 11:32:43","tpep_dropoff_datetime":"2023-07-31 11:51:47","passenger_count":"5","trip_distance":"2.05","RatecodeID":"1","store_and_fwd_flag":"N","PULocationID":"186","DOLocationID":"48","payment_type":"1","fare_amount":"13.5","extra":"0","mta_tax":"0.5","tip_amount":"3.58","tolls_amount":"0","improvement_surcharge":"0.3","total_amount":"17.88","congestion_surcharge":"","tripId":"afc8a461-4b47-4eb4-acc7-62900ad462c7"},{"VendorID":"2","tpep_pickup_datetime":"2023-02-05 11:48:21","tpep_dropoff_datetime":"2023-11-14 11:57:48","passenger_count":"1","trip_distance":"1.86","RatecodeID":"1","store_and_fwd_flag":"N","PULocationID":"48","DOLocationID":"68","payment_type":"1","fare_amount":"8.5","extra":"0","mta_tax":"0.5","tip_amount":"2.32","tolls_amount":"0","improvement_surcharge":"0.3","total_amount":"11.62","congestion_surcharge":"","tripId":"4e0a0549-97a4-4580-89d6-6375726980c3"},{"VendorID":"1","tpep_pickup_datetime":"2023-06-30 11:24:27","tpep_dropoff_datetime":"2023-06-16 11:42:05","passenger_count":"1","trip_distance":"1.90","RatecodeID":"1","store_and_fwd_flag":"N","PULocationID":"163","DOLocationID":"186","payment_type":"1","fare_amount":"12","extra":"0","mta_tax":"0.5","tip_amount":"2.56","tolls_amount":"0","improvement_surcharge":"0.3","total_amount":"15.36","congestion_surcharge":"","tripId":"b29bed73-7802-484c-bf7a-25e87902fa08"},{"VendorID":"1","tpep_pickup_datetime":"2023-10-23 11:53:13","tpep_dropoff_datetime":"2023-04-04 12:24:52","passenger_count":"3","trip_distance":"3.00","RatecodeID":"1","store_and_fwd_flag":"N","PULocationID":"186","DOLocationID":"236","payment_type":"2","fare_amount":"20.5","extra":"0","mta_tax":"0.5","tip_amount":"0","tolls_amount":"0","improvement_surcharge":"0.3","total_amount":"21.3","congestion_surcharge":"","tripId":"80330014-d6d9-41a3-a2a1-ee479a861c53"},{"VendorID":"1","tpep_pickup_datetime":"2024-01-26 11:02:49","tpep_dropoff_datetime":"2023-11-13 11:25:45","passenger_count":"2","trip_distance":"5.30","RatecodeID":"1","store_and_fwd_flag":"N","PULocationID":"161","DOLocationID":"231","payment_type":"2","fare_amount":"21","extra":"0","mta_tax":"0.5","tip_amount":"0","tolls_amount":"0","improvement_surcharge":"0.3","total_amount":"21.8","congestion_surcharge":"","tripId":"65020ad2-6f4f-404d-945b-184e2c1946db"},{"VendorID":"2","tpep_pickup_datetime":"2023-11-22 11:13:40","tpep_dropoff_datetime":"2023-02-20 11:25:24","passenger_count":"1","trip_distance":"1.23","RatecodeID":"1","store_and_fwd_flag":"N","PULocationID":"162","DOLocationID":"230","payment_type":"1","fare_amount":"8.5","extra":"0","mta_tax":"0.5","tip_amount":"1.86","tolls_amount":"0","improvement_surcharge":"0.3","total_amount":"11.16","congestion_surcharge":"","tripId":"257728a5-d576-4dfe-865c-bda28c9d2a28"},{"VendorID":"2","tpep_pickup_datetime":"2023-04-15 11:39:01","tpep_dropoff_datetime":"2023-04-29 11:42:59","passenger_count":"1","trip_distance":".38","RatecodeID":"1","store_and_fwd_flag":"N","PULocationID":"170","DOLocationID":"161","payment_type":"2","fare_amount":"4.5","extra":"0","mta_tax":"0.5","tip_amount":"0","tolls_amount":"0","improvement_surcharge":"0.3","total_amount":"5.3","congestion_surcharge":"","tripId":"9df5fea0-36aa-4b43-aef8-1f6f84a8a211"},{"VendorID":"2","tpep_pickup_datetime":"2024-02-01 11:48:48","tpep_dropoff_datetime":"2023-08-02 11:56:57","passenger_count":"1","trip_distance":"1.08","RatecodeID":"1","store_and_fwd_flag":"N","PULocationID":"161","DOLocationID":"170","payment_type":"1","fare_amount":"7","extra":"0","mta_tax":"0.5","tip_amount":"1.56","tolls_amount":"0","improvement_surcharge":"0.3","total_amount":"9.36","congestion_surcharge":"","tripId":"45fb4807-d476-44e2-8ddc-0a6530705bb3"},{"VendorID":"2","tpep_pickup_datetime":"2024-01-23 11:14:04","tpep_dropoff_datetime":"2023-12-28 11:21:50","passenger_count":"1","trip_distance":"2.72","RatecodeID":"1","store_and_fwd_flag":"N","PULocationID":"229","DOLocationID":"226","payment_type":"2","fare_amount":"9.5","extra":"0","mta_tax":"0.5","tip_amount":"0","tolls_amount":"0","improvement_surcharge":"0.3","total_amount":"10.3","congestion_surcharge":"","tripId":"7c30788a-ac4e-4a64-8169-bb1b32f81027"},{"VendorID":"2","tpep_pickup_datetime":"2023-03-01 11:37:56","tpep_dropoff_datetime":"2024-01-05 11:40:27","passenger_count":"1","trip_distance":".71","RatecodeID":"1","store_and_fwd_flag":"N","PULocationID":"263","DOLocationID":"74","payment_type":"2","fare_amount":"4","extra":"0","mta_tax":"0.5","tip_amount":"0","tolls_amount":"0","improvement_surcharge":"0.3","total_amount":"4.8","congestion_surcharge":"","tripId":"b0cb4e92-c929-4b26-bf46-b749670592ca"},{"VendorID":"2","tpep_pickup_datetime":"2023-11-03 11:48:43","tpep_dropoff_datetime":"2023-04-02 11:53:33","passenger_count":"1","trip_distance":".58","RatecodeID":"1","store_and_fwd_flag":"N","PULocationID":"75","DOLocationID":"236","payment_type":"1","fare_amount":"5","extra":"0","mta_tax":"0.5","tip_amount":"1.16","tolls_amount":"0","improvement_surcharge":"0.3","total_amount":"6.96","congestion_surcharge":"","tripId":"32258e2b-54a5-4771-b7e5-f82e28c6b9a5"},{"VendorID":"2","tpep_pickup_datetime":"2023-05-24 11:08:53","tpep_dropoff_datetime":"2024-01-26 11:12:36","passenger_count":"1","trip_distance":".66","RatecodeID":"1","store_and_fwd_flag":"N","PULocationID":"231","DOLocationID":"231","payment_type":"1","fare_amount":"4.5","extra":"0","mta_tax":"0.5","tip_amount":"1.06","tolls_amount":"0","improvement_surcharge":"0.3","total_amount":"6.36","congestion_surcharge":"","tripId":"3bac684e-ebe0-4f27-a41b-5a14ea18c72e"},{"VendorID":"1","tpep_pickup_datetime":"2023-06-22 11:24:35","tpep_dropoff_datetime":"2023-11-23 11:35:31","passenger_count":"2","trip_distance":"1.70","RatecodeID":"1","store_and_fwd_flag":"N","PULocationID":"164","DOLocationID":"249","payment_type":"1","fare_amount":"9","extra":"0","mta_tax":"0.5","tip_amount":"1.95","tolls_amount":"0","improvement_surcharge":"0.3","total_amount":"11.75","congestion_surcharge":"","tripId":"b137d202-65a7-4cbb-b91e-676c42b7ddb4"},{"VendorID":"1","tpep_pickup_datetime":"2023-05-12 11:45:33","tpep_dropoff_datetime":"2023-03-17 12:07:32","passenger_count":"1","trip_distance":"3.90","RatecodeID":"1","store_and_fwd_flag":"N","PULocationID":"158","DOLocationID":"87","payment_type":"1","fare_amount":"18","extra":"0","mta_tax":"0.5","tip_amount":"1","tolls_amount":"0","improvement_surcharge":"0.3","total_amount":"19.8","congestion_surcharge":"","tripId":"3773205b-5717-4914-a275-8965bbde4bb4"},{"VendorID":"2","tpep_pickup_datetime":"2023-12-05 11:45:38","tpep_dropoff_datetime":"2023-09-29 12:18:04","passenger_count":"5","trip_distance":"9.53","RatecodeID":"1","store_and_fwd_flag":"N","PULocationID":"69","DOLocationID":"143","payment_type":"1","fare_amount":"34","extra":"0","mta_tax":"0.5","tip_amount":"0","tolls_amount":"0","improvement_surcharge":"0.3","total_amount":"34.8","congestion_surcharge":"","tripId":"16768ce8-e73d-488c-ae66-0a80c069b5fb"},{"VendorID":"1","tpep_pickup_datetime":"2023-03-22 11:20:21","tpep_dropoff_datetime":"2023-11-12 11:52:57","passenger_count":"1","trip_distance":"10.40","RatecodeID":"1","store_and_fwd_flag":"N","PULocationID":"138","DOLocationID":"142","payment_type":"1","fare_amount":"34.5","extra":"0","mta_tax":"0.5","tip_amount":"12.3","tolls_amount":"5.76","improvement_surcharge":"0.3","total_amount":"53.36","congestion_surcharge":"","tripId":"e5e7f715-f97c-4b7a-80aa-ce3947f7cf87"},{"VendorID":"1","tpep_pickup_datetime":"2023-01-27 11:54:42","tpep_dropoff_datetime":"2023-08-10 12:05:29","passenger_count":"1","trip_distance":"2.40","RatecodeID":"1","store_and_fwd_flag":"N","PULocationID":"142","DOLocationID":"43","payment_type":"1","fare_amount":"10.5","extra":"0","mta_tax":"0.5","tip_amount":"1.13","tolls_amount":"0","improvement_surcharge":"0.3","total_amount":"12.43","congestion_surcharge":"","tripId":"b8f2b08c-d1a5-45e3-8892-f529efe7635c"},{"VendorID":"2","tpep_pickup_datetime":"2023-02-13 11:02:33","tpep_dropoff_datetime":"2024-01-28 11:07:39","passenger_count":"4","trip_distance":".81","RatecodeID":"1","store_and_fwd_flag":"N","PULocationID":"229","DOLocationID":"170","payment_type":"1","fare_amount":"5.5","extra":"0","mta_tax":"0.5","tip_amount":"1.26","tolls_amount":"0","improvement_surcharge":"0.3","total_amount":"7.56","congestion_surcharge":"","tripId":"52de77f0-ae52-4c0b-84b3-416d89295c6f"},{"VendorID":"2","tpep_pickup_datetime":"2023-07-30 11:24:28","tpep_dropoff_datetime":"2024-01-24 11:36:12","passenger_count":"3","trip_distance":"1.19","RatecodeID":"1","store_and_fwd_flag":"N","PULocationID":"170","DOLocationID":"186","payment_type":"2","fare_amount":"8.5","extra":"0","mta_tax":"0.5","tip_amount":"0","tolls_amount":"0","improvement_surcharge":"0.3","total_amount":"9.3","congestion_surcharge":"","tripId":"b47e4661-62eb-45ff-b5e4-e3d41c036798"},{"VendorID":"2","tpep_pickup_datetime":"2023-07-07 11:47:34","tpep_dropoff_datetime":"2023-01-12 12:38:45","passenger_count":"4","trip_distance":"17.02","RatecodeID":"1","store_and_fwd_flag":"N","PULocationID":"164","DOLocationID":"1","payment_type":"1","fare_amount":"56","extra":"0","mta_tax":"0.5","tip_amount":"0","tolls_amount":"10.5","improvement_surcharge":"0.3","total_amount":"67.3","congestion_surcharge":"","tripId":"3adac41c-712c-48a8-af56-90cf0f97a18a"},{"VendorID":"1","tpep_pickup_datetime":"2024-01-22 11:30:51","tpep_dropoff_datetime":"2023-02-27 11:36:04","passenger_count":"1","trip_distance":".40","RatecodeID":"1","store_and_fwd_flag":"N","PULocationID":"74","DOLocationID":"74","payment_type":"2","fare_amount":"5","extra":"0","mta_tax":"0.5","tip_amount":"0","tolls_amount":"0","improvement_surcharge":"0.3","total_amount":"5.8","congestion_surcharge":"","tripId":"44d9c271-e745-4c0a-8300-917e6e1f6376"},{"VendorID":"1","tpep_pickup_datetime":"2023-08-31 11:42:56","tpep_dropoff_datetime":"2023-08-21 11:52:26","passenger_count":"1","trip_distance":"6.20","RatecodeID":"1","store_and_fwd_flag":"N","PULocationID":"74","DOLocationID":"138","payment_type":"1","fare_amount":"18","extra":"0","mta_tax":"0.5","tip_amount":"4","tolls_amount":"5.76","improvement_surcharge":"0.3","total_amount":"28.56","congestion_surcharge":"","tripId":"7a6c4429-aefc-4117-bece-af7df6069f26"},{"VendorID":"1","tpep_pickup_datetime":"2023-01-06 11:09:59","tpep_dropoff_datetime":"2023-09-17 11:49:16","passenger_count":"0","trip_distance":"17.80","RatecodeID":"2","store_and_fwd_flag":"N","PULocationID":"132","DOLocationID":"230","payment_type":"1","fare_amount":"52","extra":"0","mta_tax":"0.5","tip_amount":"11.7","tolls_amount":"5.76","improvement_surcharge":"0.3","total_amount":"70.26","congestion_surcharge":"","tripId":"8b91d66d-ee5d-4781-9b79-8e1dd52a27a5"},{"VendorID":"2","tpep_pickup_datetime":"2023-04-22 11:04:32","tpep_dropoff_datetime":"2023-03-27 11:11:32","passenger_count":"1","trip_distance":".72","RatecodeID":"1","store_and_fwd_flag":"N","PULocationID":"237","DOLocationID":"163","payment_type":"1","fare_amount":"6","extra":"0","mta_tax":"0.5","tip_amount":"1.36","tolls_amount":"0","improvement_surcharge":"0.3","total_amount":"8.16","congestion_surcharge":"","tripId":"9eeaf9cd-5d7b-48c0-b55f-64f7ea5928ec"},{"VendorID":"2","tpep_pickup_datetime":"2023-12-20 11:12:48","tpep_dropoff_datetime":"2023-03-03 11:11:32","passenger_count":"1","trip_distance":"3.35","RatecodeID":"1","store_and_fwd_flag":"N","PULocationID":"43","DOLocationID":"211","payment_type":"2","fare_amount":"17.5","extra":"0","mta_tax":"0.5","tip_amount":"0","tolls_amount":"0","improvement_surcharge":"0.3","total_amount":"18.3","congestion_surcharge":"","tripId":"6cc290db-6b56-474f-850d-1e9b439edea1"},{"VendorID":"2","tpep_pickup_datetime":"2024-01-15 11:46:48","tpep_dropoff_datetime":"2023-10-28 12:00:28","passenger_count":"1","trip_distance":"1.86","RatecodeID":"1","store_and_fwd_flag":"N","PULocationID":"114","DOLocationID":"186","payment_type":"1","fare_amount":"10","extra":"0","mta_tax":"0.5","tip_amount":"2.16","tolls_amount":"0","improvement_surcharge":"0.3","total_amount":"12.96","congestion_surcharge":"","tripId":"d527a8c7-228b-440f-b331-eafdbe2b12e6"},{"VendorID":"1","tpep_pickup_datetime":"2023-03-21 11:33:43","tpep_dropoff_datetime":"2023-08-16 11:36:43","passenger_count":"1","trip_distance":".50","RatecodeID":"1","store_and_fwd_flag":"N","PULocationID":"236","DOLocationID":"263","payment_type":"1","fare_amount":"4","extra":"0","mta_tax":"0.5","tip_amount":"1","tolls_amount":"0","improvement_surcharge":"0.3","total_amount":"5.8","congestion_surcharge":"","tripId":"7b005905-0d08-46ec-abad-8ae22816f329"},{"VendorID":"1","tpep_pickup_datetime":"2023-12-13 11:47:53","tpep_dropoff_datetime":"2023-08-30 11:59:14","passenger_count":"3","trip_distance":"1.30","RatecodeID":"1","store_and_fwd_flag":"N","PULocationID":"43","DOLocationID":"237","payment_type":"1","fare_amount":"9","extra":"0","mta_tax":"0.5","tip_amount":"1.95","tolls_amount":"0","improvement_surcharge":"0.3","total_amount":"11.75","congestion_surcharge":"","tripId":"670ed657-0a35-4424-86f2-09c0f8363bd0"},{"VendorID":"2","tpep_pickup_datetime":"2023-12-01 11:42:07","tpep_dropoff_datetime":"2023-08-06 11:45:12","passenger_count":"1","trip_distance":".53","RatecodeID":"1","store_and_fwd_flag":"N","PULocationID":"262","DOLocationID":"236","payment_type":"1","fare_amount":"4","extra":"0","mta_tax":"0.5","tip_amount":"0.96","tolls_amount":"0","improvement_surcharge":"0.3","total_amount":"5.76","congestion_surcharge":"","tripId":"3d6ce338-2e2e-4452-aa1e-4a610e24c610"},{"VendorID":"2","tpep_pickup_datetime":"2023-02-21 11:22:59","tpep_dropoff_datetime":"2023-11-23 11:44:21","passenger_count":"1","trip_distance":"9.35","RatecodeID":"1","store_and_fwd_flag":"N","PULocationID":"132","DOLocationID":"92","payment_type":"1","fare_amount":"28.5","extra":"0","mta_tax":"0.5","tip_amount":"8.79","tolls_amount":"0","improvement_surcharge":"0.3","total_amount":"38.09","congestion_surcharge":"","tripId":"fbf968b8-7438-41d6-a6e4-d621737f8af7"},{"VendorID":"2","tpep_pickup_datetime":"2023-04-09 11:51:31","tpep_dropoff_datetime":"2023-05-13 12:03:47","passenger_count":"2","trip_distance":"1.68","RatecodeID":"1","store_and_fwd_flag":"N","PULocationID":"236","DOLocationID":"162","payment_type":"1","fare_amount":"10","extra":"0","mta_tax":"0.5","tip_amount":"2.08","tolls_amount":"0","improvement_surcharge":"0.3","total_amount":"12.88","congestion_surcharge":"","tripId":"00a4a32a-0532-4bfe-8a7a-ebd78ccfacf6"},{"VendorID":"1","tpep_pickup_datetime":"2023-12-15 11:09:51","tpep_dropoff_datetime":"2024-01-07 11:25:42","passenger_count":"1","trip_distance":"2.60","RatecodeID":"1","store_and_fwd_flag":"N","PULocationID":"238","DOLocationID":"237","payment_type":"1","fare_amount":"12.5","extra":"0","mta_tax":"0.5","tip_amount":"1.33","tolls_amount":"0","improvement_surcharge":"0.3","total_amount":"14.63","congestion_surcharge":"","tripId":"0f8d4ed8-a74e-450c-b993-a3eba928f554"},{"VendorID":"1","tpep_pickup_datetime":"2023-01-18 11:50:28","tpep_dropoff_datetime":"2023-12-21 12:08:27","passenger_count":"2","trip_distance":"2.50","RatecodeID":"1","store_and_fwd_flag":"N","PULocationID":"90","DOLocationID":"229","payment_type":"1","fare_amount":"13","extra":"0","mta_tax":"0.5","tip_amount":"2.35","tolls_amount":"0","improvement_surcharge":"0.3","total_amount":"16.15","congestion_surcharge":"","tripId":"7d8fc2c5-4d25-4389-a8e6-54ce51025d03"},{"VendorID":"2","tpep_pickup_datetime":"2023-06-12 11:03:37","tpep_dropoff_datetime":"2023-05-09 11:19:22","passenger_count":"1","trip_distance":"1.70","RatecodeID":"1","store_and_fwd_flag":"N","PULocationID":"237","DOLocationID":"161","payment_type":"1","fare_amount":"11","extra":"0","mta_tax":"0.5","tip_amount":"2","tolls_amount":"0","improvement_surcharge":"0.3","total_amount":"13.8","congestion_surcharge":"","tripId":"02a0714e-b344-4127-bfcf-7722f4bf2024"},{"VendorID":"2","tpep_pickup_datetime":"2023-04-25 11:33:33","tpep_dropoff_datetime":"2023-09-26 12:01:50","passenger_count":"1","trip_distance":"2.60","RatecodeID":"1","store_and_fwd_flag":"N","PULocationID":"100","DOLocationID":"237","payment_type":"1","fare_amount":"17.5","extra":"0","mta_tax":"0.5","tip_amount":"3","tolls_amount":"0","improvement_surcharge":"0.3","total_amount":"21.3","congestion_surcharge":"","tripId":"5b7f0461-7ff8-4d2a-ab21-4d371c826877"},{"VendorID":"1","tpep_pickup_datetime":"2023-12-13 11:16:16","tpep_dropoff_datetime":"2023-09-14 11:25:01","passenger_count":"1","trip_distance":"1.20","RatecodeID":"1","store_and_fwd_flag":"N","PULocationID":"237","DOLocationID":"161","payment_type":"1","fare_amount":"7.5","extra":"0","mta_tax":"0.5","tip_amount":"2.05","tolls_amount":"0","improvement_surcharge":"0.3","total_amount":"10.35","congestion_surcharge":"","tripId":"e6dba637-0829-4be4-85e9-fe1e6193b440"},{"VendorID":"1","tpep_pickup_datetime":"2023-07-13 11:58:19","tpep_dropoff_datetime":"2023-02-23 12:19:02","passenger_count":"1","trip_distance":"4.40","RatecodeID":"1","store_and_fwd_flag":"N","PULocationID":"79","DOLocationID":"112","payment_type":"1","fare_amount":"18","extra":"0","mta_tax":"0.5","tip_amount":"4.7","tolls_amount":"0","improvement_surcharge":"0.3","total_amount":"23.5","congestion_surcharge":"","tripId":"741f2772-cff7-496f-9025-b59d8835850e"},{"VendorID":"1","tpep_pickup_datetime":"2023-06-02 11:14:27","tpep_dropoff_datetime":"2024-01-26 11:18:53","passenger_count":"1","trip_distance":".30","RatecodeID":"1","store_and_fwd_flag":"N","PULocationID":"13","DOLocationID":"261","payment_type":"2","fare_amount":"4.5","extra":"0","mta_tax":"0.5","tip_amount":"0","tolls_amount":"0","improvement_surcharge":"0.3","total_amount":"5.3","congestion_surcharge":"","tripId":"f1a085eb-5d54-46da-bea0-bcff90772b47"},{"VendorID":"1","tpep_pickup_datetime":"2023-06-15 11:42:11","tpep_dropoff_datetime":"2023-04-29 12:14:17","passenger_count":"4","trip_distance":"7.50","RatecodeID":"1","store_and_fwd_flag":"N","PULocationID":"148","DOLocationID":"237","payment_type":"1","fare_amount":"28.5","extra":"0","mta_tax":"0.5","tip_amount":"5.85","tolls_amount":"0","improvement_surcharge":"0.3","total_amount":"35.15","congestion_surcharge":"","tripId":"6ddf3add-759c-4ad6-acb5-4ee973335fec"},{"VendorID":"1","tpep_pickup_datetime":"2023-02-14 11:26:35","tpep_dropoff_datetime":"2023-12-19 11:50:05","passenger_count":"1","trip_distance":"8.60","RatecodeID":"1","store_and_fwd_flag":"N","PULocationID":"138","DOLocationID":"161","payment_type":"1","fare_amount":"27.5","extra":"0","mta_tax":"0.5","tip_amount":"6.8","tolls_amount":"5.76","improvement_surcharge":"0.3","total_amount":"40.86","congestion_surcharge":"","tripId":"3e3ea66c-aac4-45f4-8579-bb3f498f007f"},{"VendorID":"2","tpep_pickup_datetime":"2023-03-07 11:23:54","tpep_dropoff_datetime":"2023-07-24 11:46:02","passenger_count":"2","trip_distance":"3.13","RatecodeID":"1","store_and_fwd_flag":"N","PULocationID":"164","DOLocationID":"43","payment_type":"1","fare_amount":"15.5","extra":"0","mta_tax":"0.5","tip_amount":"3","tolls_amount":"0","improvement_surcharge":"0.3","total_amount":"19.3","congestion_surcharge":"","tripId":"0e48838b-42e8-492a-88fe-c524802c65c5"},{"VendorID":"2","tpep_pickup_datetime":"2023-07-05 11:49:00","tpep_dropoff_datetime":"2024-01-20 12:05:06","passenger_count":"2","trip_distance":"1.85","RatecodeID":"1","store_and_fwd_flag":"N","PULocationID":"114","DOLocationID":"158","payment_type":"1","fare_amount":"11","extra":"0","mta_tax":"0.5","tip_amount":"2.95","tolls_amount":"0","improvement_surcharge":"0.3","total_amount":"14.75","congestion_surcharge":"","tripId":"4d798f85-ddba-4bd7-9808-f48fcdfbd781"},{"VendorID":"2","tpep_pickup_datetime":"2023-04-23 11:07:10","tpep_dropoff_datetime":"2023-07-24 11:24:43","passenger_count":"2","trip_distance":"2.51","RatecodeID":"1","store_and_fwd_flag":"N","PULocationID":"237","DOLocationID":"238","payment_type":"1","fare_amount":"13.5","extra":"0","mta_tax":"0.5","tip_amount":"2.86","tolls_amount":"0","improvement_surcharge":"0.3","total_amount":"17.16","congestion_surcharge":"","tripId":"302d348b-4a4e-408c-ad5b-995f8f14ad3e"},{"VendorID":"2","tpep_pickup_datetime":"2023-02-04 11:35:52","tpep_dropoff_datetime":"2023-12-21 11:37:52","passenger_count":"2","trip_distance":".41","RatecodeID":"1","store_and_fwd_flag":"N","PULocationID":"238","DOLocationID":"238","payment_type":"1","fare_amount":"3.5","extra":"0","mta_tax":"0.5","tip_amount":"0.64","tolls_amount":"0","improvement_surcharge":"0.3","total_amount":"4.94","congestion_surcharge":"","tripId":"5e586a0b-db19-420e-9c79-8fc8a293a27c"},{"VendorID":"1","tpep_pickup_datetime":"2023-04-19 11:18:59","tpep_dropoff_datetime":"2023-12-16 11:32:11","passenger_count":"1","trip_distance":"1.60","RatecodeID":"1","store_and_fwd_flag":"N","PULocationID":"78","DOLocationID":"47","payment_type":"1","fare_amount":"10","extra":"0","mta_tax":"0.5","tip_amount":"1.62","tolls_amount":"0","improvement_surcharge":"0.3","total_amount":"12.42","congestion_surcharge":"","tripId":"86d86d23-94e0-46ef-a892-3aaa01bfd6dc"},{"VendorID":"1","tpep_pickup_datetime":"2023-01-26 11:58:27","tpep_dropoff_datetime":"2023-06-06 12:15:40","passenger_count":"2","trip_distance":"2.10","RatecodeID":"1","store_and_fwd_flag":"N","PULocationID":"136","DOLocationID":"220","payment_type":"1","fare_amount":"12.5","extra":"0","mta_tax":"0.5","tip_amount":"0","tolls_amount":"0","improvement_surcharge":"0.3","total_amount":"13.3","congestion_surcharge":"","tripId":"8e1d2c71-3c68-40a4-ab23-e4027f961ddf"},{"VendorID":"2","tpep_pickup_datetime":"2023-09-23 11:02:32","tpep_dropoff_datetime":"2023-09-05 11:10:25","passenger_count":"5","trip_distance":"1.22","RatecodeID":"1","store_and_fwd_flag":"N","PULocationID":"79","DOLocationID":"234","payment_type":"2","fare_amount":"7","extra":"0","mta_tax":"0.5","tip_amount":"0","tolls_amount":"0","improvement_surcharge":"0.3","total_amount":"7.8","congestion_surcharge":"","tripId":"4a685fea-81c5-4608-aa1e-eef9efa63cad"},{"VendorID":"2","tpep_pickup_datetime":"2023-02-10 11:21:52","tpep_dropoff_datetime":"2023-03-05 11:29:08","passenger_count":"5","trip_distance":"2.05","RatecodeID":"1","store_and_fwd_flag":"N","PULocationID":"158","DOLocationID":"13","payment_type":"2","fare_amount":"8.5","extra":"0","mta_tax":"0.5","tip_amount":"0","tolls_amount":"0","improvement_surcharge":"0.3","total_amount":"9.3","congestion_surcharge":"","tripId":"a5fdb8c2-6b38-4155-94c9-368f51b73066"},{"VendorID":"2","tpep_pickup_datetime":"2023-07-24 11:46:54","tpep_dropoff_datetime":"2023-08-12 12:09:32","passenger_count":"5","trip_distance":"5.00","RatecodeID":"1","store_and_fwd_flag":"N","PULocationID":"13","DOLocationID":"230","payment_type":"2","fare_amount":"19.5","extra":"0","mta_tax":"0.5","tip_amount":"0","tolls_amount":"0","improvement_surcharge":"0.3","total_amount":"20.3","congestion_surcharge":"","tripId":"2cc20e09-ce0e-4734-9cef-a597bece5ced"},{"VendorID":"2","tpep_pickup_datetime":"2023-08-10 11:02:39","tpep_dropoff_datetime":"2024-01-04 11:07:36","passenger_count":"1","trip_distance":".91","RatecodeID":"1","store_and_fwd_flag":"N","PULocationID":"163","DOLocationID":"164","payment_type":"1","fare_amount":"5.5","extra":"0","mta_tax":"0.5","tip_amount":"1.26","tolls_amount":"0","improvement_surcharge":"0.3","total_amount":"7.56","congestion_surcharge":"","tripId":"60c5f293-46d8-45b5-b023-50de3d9d6c12"},{"VendorID":"2","tpep_pickup_datetime":"2023-05-23 11:12:35","tpep_dropoff_datetime":"2023-07-25 11:20:33","passenger_count":"1","trip_distance":".74","RatecodeID":"1","store_and_fwd_flag":"N","PULocationID":"170","DOLocationID":"163","payment_type":"2","fare_amount":"6.5","extra":"0","mta_tax":"0.5","tip_amount":"0","tolls_amount":"0","improvement_surcharge":"0.3","total_amount":"7.3","congestion_surcharge":"","tripId":"9d7d7d90-bc87-4b5f-83d1-b7c95184ae34"},{"VendorID":"2","tpep_pickup_datetime":"2023-04-04 11:53:45","tpep_dropoff_datetime":"2023-07-14 12:02:44","passenger_count":"1","trip_distance":".99","RatecodeID":"1","store_and_fwd_flag":"N","PULocationID":"162","DOLocationID":"237","payment_type":"1","fare_amount":"7.5","extra":"0","mta_tax":"0.5","tip_amount":"1.24","tolls_amount":"0","improvement_surcharge":"0.3","total_amount":"9.54","congestion_surcharge":"","tripId":"0b70afae-53d4-4316-8b67-71dcd604df50"},{"VendorID":"1","tpep_pickup_datetime":"2023-04-08 11:47:01","tpep_dropoff_datetime":"2023-08-21 12:26:51","passenger_count":"2","trip_distance":"23.10","RatecodeID":"2","store_and_fwd_flag":"N","PULocationID":"158","DOLocationID":"132","payment_type":"1","fare_amount":"52","extra":"0","mta_tax":"0.5","tip_amount":"11.7","tolls_amount":"5.76","improvement_surcharge":"0.3","total_amount":"70.26","congestion_surcharge":"","tripId":"ab625832-8ee8-4369-a3d3-accea647cbe4"},{"VendorID":"2","tpep_pickup_datetime":"2023-10-30 11:14:57","tpep_dropoff_datetime":"2024-01-31 11:23:58","passenger_count":"1","trip_distance":"1.96","RatecodeID":"1","store_and_fwd_flag":"N","PULocationID":"148","DOLocationID":"137","payment_type":"1","fare_amount":"8.5","extra":"0","mta_tax":"0.5","tip_amount":"0.74","tolls_amount":"0","improvement_surcharge":"0.3","total_amount":"10.04","congestion_surcharge":"","tripId":"7a4e1745-6b14-438d-b663-631132127e1b"},{"VendorID":"2","tpep_pickup_datetime":"2023-02-23 11:43:04","tpep_dropoff_datetime":"2023-02-01 11:47:19","passenger_count":"1","trip_distance":".48","RatecodeID":"1","store_and_fwd_flag":"N","PULocationID":"161","DOLocationID":"162","payment_type":"2","fare_amount":"4.5","extra":"0","mta_tax":"0.5","tip_amount":"0","tolls_amount":"0","improvement_surcharge":"0.3","total_amount":"5.3","congestion_surcharge":"","tripId":"b659372a-f3e7-48a5-aed3-ce2142767f3f"},{"VendorID":"2","tpep_pickup_datetime":"2023-08-30 11:50:09","tpep_dropoff_datetime":"2023-04-26 11:55:51","passenger_count":"1","trip_distance":"1.40","RatecodeID":"1","store_and_fwd_flag":"N","PULocationID":"162","DOLocationID":"236","payment_type":"1","fare_amount":"6.5","extra":"0","mta_tax":"0.5","tip_amount":"1.46","tolls_amount":"0","improvement_surcharge":"0.3","total_amount":"8.76","congestion_surcharge":"","tripId":"be02ce5b-7e74-45f4-980c-fa787a71074d"},{"VendorID":"2","tpep_pickup_datetime":"2023-06-01 11:49:44","tpep_dropoff_datetime":"2023-08-25 12:18:16","passenger_count":"2","trip_distance":"15.40","RatecodeID":"1","store_and_fwd_flag":"N","PULocationID":"45","DOLocationID":"138","payment_type":"1","fare_amount":"43.5","extra":"0","mta_tax":"0.5","tip_amount":"11.16","tolls_amount":"11.52","improvement_surcharge":"0.3","total_amount":"66.98","congestion_surcharge":"","tripId":"04d69a5b-4e46-4ba4-928e-a52fdd3a75d9"},{"VendorID":"2","tpep_pickup_datetime":"2023-09-22 11:42:45","tpep_dropoff_datetime":"2024-01-07 12:38:17","passenger_count":"1","trip_distance":"20.11","RatecodeID":"2","store_and_fwd_flag":"N","PULocationID":"132","DOLocationID":"145","payment_type":"2","fare_amount":"52","extra":"0","mta_tax":"0.5","tip_amount":"0","tolls_amount":"0","improvement_surcharge":"0.3","total_amount":"52.8","congestion_surcharge":"","tripId":"2ca900ac-ac93-48cb-9f86-b2c5f628cedd"},{"VendorID":"1","tpep_pickup_datetime":"2023-08-27 11:19:00","tpep_dropoff_datetime":"2023-08-13 11:29:35","passenger_count":"1","trip_distance":"1.50","RatecodeID":"1","store_and_fwd_flag":"N","PULocationID":"264","DOLocationID":"264","payment_type":"1","fare_amount":"8.5","extra":"0","mta_tax":"0.5","tip_amount":"1","tolls_amount":"0","improvement_surcharge":"0.3","total_amount":"10.3","congestion_surcharge":"","tripId":"2feb6464-7a35-4e86-a4a7-8d536cd120c8"},{"VendorID":"1","tpep_pickup_datetime":"2023-10-08 11:35:37","tpep_dropoff_datetime":"2023-12-07 11:41:12","passenger_count":"1","trip_distance":".50","RatecodeID":"1","store_and_fwd_flag":"N","PULocationID":"264","DOLocationID":"264","payment_type":"1","fare_amount":"5.5","extra":"0","mta_tax":"0.5","tip_amount":"1.55","tolls_amount":"0","improvement_surcharge":"0.3","total_amount":"7.85","congestion_surcharge":"","tripId":"c6f5b2e7-4191-44b3-837b-a603da56533d"},{"VendorID":"1","tpep_pickup_datetime":"2023-07-25 11:45:38","tpep_dropoff_datetime":"2023-11-12 11:58:00","passenger_count":"1","trip_distance":"1.70","RatecodeID":"1","store_and_fwd_flag":"N","PULocationID":"264","DOLocationID":"264","payment_type":"1","fare_amount":"9.5","extra":"0","mta_tax":"0.5","tip_amount":"2.55","tolls_amount":"0","improvement_surcharge":"0.3","total_amount":"12.85","congestion_surcharge":"","tripId":"48b751b8-fcbf-48b7-bf32-b3908db9c421"},{"VendorID":"1","tpep_pickup_datetime":"2023-04-23 11:07:25","tpep_dropoff_datetime":"2023-12-18 11:10:11","passenger_count":"2","trip_distance":".50","RatecodeID":"1","store_and_fwd_flag":"N","PULocationID":"236","DOLocationID":"237","payment_type":"1","fare_amount":"4","extra":"0","mta_tax":"0.5","tip_amount":"1.2","tolls_amount":"0","improvement_surcharge":"0.3","total_amount":"6","congestion_surcharge":"","tripId":"09eefa67-556b-4d22-8af9-34979ab37b32"},{"VendorID":"1","tpep_pickup_datetime":"2024-01-02 11:21:59","tpep_dropoff_datetime":"2023-09-30 11:34:35","passenger_count":"2","trip_distance":"1.60","RatecodeID":"1","store_and_fwd_flag":"N","PULocationID":"236","DOLocationID":"140","payment_type":"1","fare_amount":"9.5","extra":"0","mta_tax":"0.5","tip_amount":"2","tolls_amount":"0","improvement_surcharge":"0.3","total_amount":"12.3","congestion_surcharge":"","tripId":"11358346-bd04-4ef0-8ca5-060e2c25d3d7"},{"VendorID":"1","tpep_pickup_datetime":"2024-01-06 11:35:49","tpep_dropoff_datetime":"2023-11-07 11:54:54","passenger_count":"1","trip_distance":"3.60","RatecodeID":"1","store_and_fwd_flag":"N","PULocationID":"140","DOLocationID":"234","payment_type":"1","fare_amount":"17","extra":"0","mta_tax":"0.5","tip_amount":"1.5","tolls_amount":"0","improvement_surcharge":"0.3","total_amount":"19.3","congestion_surcharge":"","tripId":"6a5c010e-1ac9-4671-bfe9-270d19d758ff"},{"VendorID":"1","tpep_pickup_datetime":"2024-02-05 11:07:55","tpep_dropoff_datetime":"2024-01-14 11:27:20","passenger_count":"2","trip_distance":"3.00","RatecodeID":"1","store_and_fwd_flag":"N","PULocationID":"238","DOLocationID":"162","payment_type":"2","fare_amount":"14.5","extra":"0","mta_tax":"0.5","tip_amount":"0","tolls_amount":"0","improvement_surcharge":"0.3","total_amount":"15.3","congestion_surcharge":"","tripId":"79033264-c5c1-4b6b-9826-b408135869ba"},{"VendorID":"1","tpep_pickup_datetime":"2023-09-07 11:34:18","tpep_dropoff_datetime":"2023-01-16 11:38:46","passenger_count":"1","trip_distance":".70","RatecodeID":"1","store_and_fwd_flag":"N","PULocationID":"170","DOLocationID":"164","payment_type":"1","fare_amount":"5","extra":"0","mta_tax":"0.5","tip_amount":"1.7","tolls_amount":"0","improvement_surcharge":"0.3","total_amount":"7.5","congestion_surcharge":"","tripId":"f0c46607-f702-427b-85b5-81264b79e3a8"},{"VendorID":"1","tpep_pickup_datetime":"2023-12-27 11:43:52","tpep_dropoff_datetime":"2023-11-01 11:59:23","passenger_count":"1","trip_distance":"1.70","RatecodeID":"1","store_and_fwd_flag":"N","PULocationID":"234","DOLocationID":"48","payment_type":"2","fare_amount":"11","extra":"0","mta_tax":"0.5","tip_amount":"0","tolls_amount":"0","improvement_surcharge":"0.3","total_amount":"11.8","congestion_surcharge":"","tripId":"2e3e7fb4-6746-4787-b28a-0efb55b31dcb"},{"VendorID":"2","tpep_pickup_datetime":"2023-09-08 11:08:08","tpep_dropoff_datetime":"2023-02-08 11:16:06","passenger_count":"1","trip_distance":".94","RatecodeID":"1","store_and_fwd_flag":"N","PULocationID":"163","DOLocationID":"237","payment_type":"1","fare_amount":"7","extra":"0","mta_tax":"0.5","tip_amount":"0.9","tolls_amount":"0","improvement_surcharge":"0.3","total_amount":"8.7","congestion_surcharge":"","tripId":"96752fc3-223a-492d-bb94-160fb63c991d"},{"VendorID":"2","tpep_pickup_datetime":"2023-12-21 11:31:44","tpep_dropoff_datetime":"2023-05-07 11:55:01","passenger_count":"1","trip_distance":"9.43","RatecodeID":"1","store_and_fwd_flag":"N","PULocationID":"140","DOLocationID":"147","payment_type":"1","fare_amount":"28.5","extra":"0","mta_tax":"0.5","tip_amount":"0","tolls_amount":"0","improvement_surcharge":"0.3","total_amount":"29.3","congestion_surcharge":"","tripId":"6f5fb202-9576-423c-ba44-d9c0e3dd11f6"},{"VendorID":"2","tpep_pickup_datetime":"2023-06-20 11:27:06","tpep_dropoff_datetime":"2023-05-09 11:32:41","passenger_count":"1","trip_distance":"1.17","RatecodeID":"1","store_and_fwd_flag":"N","PULocationID":"236","DOLocationID":"239","payment_type":"1","fare_amount":"6","extra":"0","mta_tax":"0.5","tip_amount":"1.7","tolls_amount":"0","improvement_surcharge":"0.3","total_amount":"8.5","congestion_surcharge":"","tripId":"e4b43686-67d8-42ae-8e6e-b7c40856a197"},{"VendorID":"2","tpep_pickup_datetime":"2023-07-26 11:47:08","tpep_dropoff_datetime":"2023-06-18 12:01:51","passenger_count":"1","trip_distance":"2.48","RatecodeID":"1","store_and_fwd_flag":"N","PULocationID":"238","DOLocationID":"230","payment_type":"1","fare_amount":"11.5","extra":"0","mta_tax":"0.5","tip_amount":"2.46","tolls_amount":"0","improvement_surcharge":"0.3","total_amount":"14.76","congestion_surcharge":"","tripId":"dbe7c74a-9327-4127-9677-52a7c2db7046"},{"VendorID":"2","tpep_pickup_datetime":"2023-12-18 11:39:38","tpep_dropoff_datetime":"2023-02-09 11:49:34","passenger_count":"1","trip_distance":"3.98","RatecodeID":"1","store_and_fwd_flag":"N","PULocationID":"13","DOLocationID":"4","payment_type":"1","fare_amount":"13.5","extra":"0","mta_tax":"0.5","tip_amount":"4.29","tolls_amount":"0","improvement_surcharge":"0.3","total_amount":"18.59","congestion_surcharge":"","tripId":"b820cbf5-58fa-4bc9-9a14-24ad892d0052"},{"VendorID":"2","tpep_pickup_datetime":"2024-01-11 11:57:00","tpep_dropoff_datetime":"2024-02-05 12:10:21","passenger_count":"1","trip_distance":"1.90","RatecodeID":"1","store_and_fwd_flag":"N","PULocationID":"107","DOLocationID":"186","payment_type":"2","fare_amount":"10","extra":"0","mta_tax":"0.5","tip_amount":"0","tolls_amount":"0","improvement_surcharge":"0.3","total_amount":"10.8","congestion_surcharge":"","tripId":"189c2286-1277-4b52-b73e-bb13913f41a7"},{"VendorID":"2","tpep_pickup_datetime":"2023-07-23 11:15:58","tpep_dropoff_datetime":"2023-10-30 11:19:03","passenger_count":"1","trip_distance":".78","RatecodeID":"1","store_and_fwd_flag":"N","PULocationID":"79","DOLocationID":"107","payment_type":"1","fare_amount":"4.5","extra":"0","mta_tax":"0.5","tip_amount":"1.32","tolls_amount":"0","improvement_surcharge":"0.3","total_amount":"6.62","congestion_surcharge":"","tripId":"82f33a40-afab-4993-b4e8-7bd73bcd8b4e"},{"VendorID":"2","tpep_pickup_datetime":"2023-06-20 11:38:55","tpep_dropoff_datetime":"2023-03-22 11:43:54","passenger_count":"1","trip_distance":".89","RatecodeID":"1","store_and_fwd_flag":"N","PULocationID":"224","DOLocationID":"234","payment_type":"1","fare_amount":"5.5","extra":"0","mta_tax":"0.5","tip_amount":"0.7","tolls_amount":"0","improvement_surcharge":"0.3","total_amount":"7","congestion_surcharge":"","tripId":"103da9c2-7cde-41ec-8438-5473845e2635"},{"VendorID":"2","tpep_pickup_datetime":"2023-03-30 11:52:29","tpep_dropoff_datetime":"2023-03-03 12:18:10","passenger_count":"1","trip_distance":"10.11","RatecodeID":"1","store_and_fwd_flag":"N","PULocationID":"249","DOLocationID":"243","payment_type":"1","fare_amount":"32","extra":"0","mta_tax":"0.5","tip_amount":"5","tolls_amount":"0","improvement_surcharge":"0.3","total_amount":"37.8","congestion_surcharge":"","tripId":"0784decc-ab2e-40b0-b09f-6d31e83cf664"},{"VendorID":"2","tpep_pickup_datetime":"2023-10-28 11:16:11","tpep_dropoff_datetime":"2023-01-14 11:31:43","passenger_count":"1","trip_distance":"7.05","RatecodeID":"1","store_and_fwd_flag":"N","PULocationID":"233","DOLocationID":"196","payment_type":"1","fare_amount":"21.5","extra":"0","mta_tax":"0.5","tip_amount":"0","tolls_amount":"5.76","improvement_surcharge":"0.3","total_amount":"28.06","congestion_surcharge":"","tripId":"b2e26f76-0543-4656-8f6b-25a283e1d986"},{"VendorID":"1","tpep_pickup_datetime":"2023-08-07 11:22:27","tpep_dropoff_datetime":"2023-12-08 11:48:08","passenger_count":"1","trip_distance":"6.50","RatecodeID":"1","store_and_fwd_flag":"N","PULocationID":"179","DOLocationID":"24","payment_type":"1","fare_amount":"23","extra":"0","mta_tax":"0.5","tip_amount":"3","tolls_amount":"5.76","improvement_surcharge":"0.3","total_amount":"32.56","congestion_surcharge":"","tripId":"07b920d0-2c45-40a0-bff7-7fca79ecca6f"},{"VendorID":"2","tpep_pickup_datetime":"2023-09-07 11:22:27","tpep_dropoff_datetime":"2023-09-06 11:37:37","passenger_count":"3","trip_distance":"1.81","RatecodeID":"1","store_and_fwd_flag":"N","PULocationID":"43","DOLocationID":"170","payment_type":"1","fare_amount":"11","extra":"0","mta_tax":"0.5","tip_amount":"2.36","tolls_amount":"0","improvement_surcharge":"0.3","total_amount":"14.16","congestion_surcharge":"","tripId":"ebaf2611-9299-4570-866b-85be7f05697d"},{"VendorID":"2","tpep_pickup_datetime":"2023-06-01 11:39:27","tpep_dropoff_datetime":"2023-09-14 11:50:44","passenger_count":"4","trip_distance":"1.63","RatecodeID":"1","store_and_fwd_flag":"N","PULocationID":"170","DOLocationID":"79","payment_type":"1","fare_amount":"9","extra":"0","mta_tax":"0.5","tip_amount":"2.45","tolls_amount":"0","improvement_surcharge":"0.3","total_amount":"12.25","congestion_surcharge":"","tripId":"d7ce5fd5-d85c-4615-9b5c-ee7ee52583ec"},{"VendorID":"2","tpep_pickup_datetime":"2023-04-29 10:55:42","tpep_dropoff_datetime":"2023-08-02 11:07:03","passenger_count":"1","trip_distance":"1.65","RatecodeID":"1","store_and_fwd_flag":"N","PULocationID":"164","DOLocationID":"237","payment_type":"1","fare_amount":"9","extra":"0","mta_tax":"0.5","tip_amount":"1.96","tolls_amount":"0","improvement_surcharge":"0.3","total_amount":"11.76","congestion_surcharge":"","tripId":"b0792fce-fdfc-4783-8a89-990a6389a37e"},{"VendorID":"2","tpep_pickup_datetime":"2024-01-05 11:08:05","tpep_dropoff_datetime":"2023-03-31 11:13:03","passenger_count":"6","trip_distance":".61","RatecodeID":"1","store_and_fwd_flag":"N","PULocationID":"237","DOLocationID":"237","payment_type":"1","fare_amount":"5","extra":"0","mta_tax":"0.5","tip_amount":"1.16","tolls_amount":"0","improvement_surcharge":"0.3","total_amount":"6.96","congestion_surcharge":"","tripId":"7c07680a-f53d-4538-af59-188cf4685a47"},{"VendorID":"2","tpep_pickup_datetime":"2023-08-30 11:14:08","tpep_dropoff_datetime":"2023-07-29 11:19:57","passenger_count":"6","trip_distance":"1.21","RatecodeID":"1","store_and_fwd_flag":"N","PULocationID":"43","DOLocationID":"161","payment_type":"1","fare_amount":"6.5","extra":"0","mta_tax":"0.5","tip_amount":"3","tolls_amount":"0","improvement_surcharge":"0.3","total_amount":"10.3","congestion_surcharge":"","tripId":"b9e19c32-fdf7-49e5-a5ea-954069b75b8f"},{"VendorID":"2","tpep_pickup_datetime":"2023-02-18 11:29:54","tpep_dropoff_datetime":"2023-03-18 11:56:27","passenger_count":"1","trip_distance":"6.21","RatecodeID":"1","store_and_fwd_flag":"N","PULocationID":"163","DOLocationID":"87","payment_type":"2","fare_amount":"23.5","extra":"0","mta_tax":"0.5","tip_amount":"0","tolls_amount":"0","improvement_surcharge":"0.3","total_amount":"24.3","congestion_surcharge":"","tripId":"9c93fdca-6f17-4b58-8500-6352e1b6465f"},{"VendorID":"2","tpep_pickup_datetime":"2023-10-26 10:59:07","tpep_dropoff_datetime":"2023-11-13 11:14:36","passenger_count":"1","trip_distance":"1.24","RatecodeID":"1","store_and_fwd_flag":"N","PULocationID":"140","DOLocationID":"161","payment_type":"1","fare_amount":"10.5","extra":"0","mta_tax":"0.5","tip_amount":"2.26","tolls_amount":"0","improvement_surcharge":"0.3","total_amount":"13.56","congestion_surcharge":"","tripId":"002dd719-b960-40fc-a881-4496daab5653"},{"VendorID":"2","tpep_pickup_datetime":"2024-01-21 11:24:12","tpep_dropoff_datetime":"2023-05-04 11:44:04","passenger_count":"1","trip_distance":"2.21","RatecodeID":"1","store_and_fwd_flag":"N","PULocationID":"161","DOLocationID":"143","payment_type":"1","fare_amount":"13.5","extra":"0","mta_tax":"0.5","tip_amount":"2.14","tolls_amount":"0","improvement_surcharge":"0.3","total_amount":"16.44","congestion_surcharge":"","tripId":"00d0d465-b180-4e95-b0a5-70a8d51d6a66"},{"VendorID":"2","tpep_pickup_datetime":"2023-09-03 11:44:40","tpep_dropoff_datetime":"2023-10-20 11:47:32","passenger_count":"1","trip_distance":".53","RatecodeID":"1","store_and_fwd_flag":"N","PULocationID":"143","DOLocationID":"142","payment_type":"1","fare_amount":"4","extra":"0","mta_tax":"0.5","tip_amount":"0.96","tolls_amount":"0","improvement_surcharge":"0.3","total_amount":"5.76","congestion_surcharge":"","tripId":"b41fcc64-fbf3-4202-8fae-0fb6c37e400a"},{"VendorID":"1","tpep_pickup_datetime":"2023-12-22 11:05:32","tpep_dropoff_datetime":"2023-10-21 11:24:01","passenger_count":"1","trip_distance":"4.20","RatecodeID":"1","store_and_fwd_flag":"N","PULocationID":"88","DOLocationID":"68","payment_type":"2","fare_amount":"16.5","extra":"0","mta_tax":"0.5","tip_amount":"0","tolls_amount":"0","improvement_surcharge":"0.3","total_amount":"17.3","congestion_surcharge":"","tripId":"24d6117c-9147-4dd7-a5b6-4623c7b56f12"},{"VendorID":"1","tpep_pickup_datetime":"2023-11-10 11:49:25","tpep_dropoff_datetime":"2024-01-06 12:03:23","passenger_count":"1","trip_distance":"1.50","RatecodeID":"1","store_and_fwd_flag":"N","PULocationID":"143","DOLocationID":"163","payment_type":"1","fare_amount":"10","extra":"0","mta_tax":"0.5","tip_amount":"2.16","tolls_amount":"0","improvement_surcharge":"0.3","total_amount":"12.96","congestion_surcharge":"","tripId":"bafec6de-5c0b-4b6a-80f0-85e670369869"},{"VendorID":"1","tpep_pickup_datetime":"2023-06-28 11:06:57","tpep_dropoff_datetime":"2024-01-30 11:17:05","passenger_count":"1","trip_distance":"1.10","RatecodeID":"1","store_and_fwd_flag":"N","PULocationID":"141","DOLocationID":"262","payment_type":"1","fare_amount":"8","extra":"0","mta_tax":"0.5","tip_amount":"0","tolls_amount":"0","improvement_surcharge":"0.3","total_amount":"8.8","congestion_surcharge":"","tripId":"0a030684-12b7-4cbf-b010-f98756a73619"},{"VendorID":"1","tpep_pickup_datetime":"2023-10-29 11:37:38","tpep_dropoff_datetime":"2023-08-30 11:48:13","passenger_count":"1","trip_distance":"1.30","RatecodeID":"1","store_and_fwd_flag":"N","PULocationID":"239","DOLocationID":"141","payment_type":"2","fare_amount":"8.5","extra":"0","mta_tax":"0.5","tip_amount":"0","tolls_amount":"0","improvement_surcharge":"0.3","total_amount":"9.3","congestion_surcharge":"","tripId":"71db9464-2270-4dde-b314-e542309cc13a"},{"VendorID":"2","tpep_pickup_datetime":"2024-01-24 11:33:17","tpep_dropoff_datetime":"2023-01-26 11:46:14","passenger_count":"1","trip_distance":"1.39","RatecodeID":"1","store_and_fwd_flag":"N","PULocationID":"236","DOLocationID":"140","payment_type":"1","fare_amount":"9.5","extra":"0","mta_tax":"0.5","tip_amount":"2.06","tolls_amount":"0","improvement_surcharge":"0.3","total_amount":"12.36","congestion_surcharge":"","tripId":"21a71b4f-ad2e-4fbc-9944-5bfb6519ba0e"},{"VendorID":"2","tpep_pickup_datetime":"2023-02-23 11:49:26","tpep_dropoff_datetime":"2023-08-08 11:53:07","passenger_count":"1","trip_distance":".61","RatecodeID":"1","store_and_fwd_flag":"N","PULocationID":"140","DOLocationID":"262","payment_type":"1","fare_amount":"4.5","extra":"0","mta_tax":"0.5","tip_amount":"0.53","tolls_amount":"0","improvement_surcharge":"0.3","total_amount":"5.83","congestion_surcharge":"","tripId":"63db8583-0662-4ccf-b837-4e48fd4583ab"},{"VendorID":"2","tpep_pickup_datetime":"2023-12-06 11:18:52","tpep_dropoff_datetime":"2023-02-04 11:32:12","passenger_count":"1","trip_distance":"1.64","RatecodeID":"1","store_and_fwd_flag":"N","PULocationID":"234","DOLocationID":"231","payment_type":"1","fare_amount":"10","extra":"0","mta_tax":"0.5","tip_amount":"2.16","tolls_amount":"0","improvement_surcharge":"0.3","total_amount":"12.96","congestion_surcharge":"","tripId":"1a3c1d12-39e1-4266-b971-c144299b9782"},{"VendorID":"1","tpep_pickup_datetime":"2023-12-24 11:03:09","tpep_dropoff_datetime":"2024-01-27 11:18:43","passenger_count":"1","trip_distance":"3.30","RatecodeID":"1","store_and_fwd_flag":"N","PULocationID":"196","DOLocationID":"134","payment_type":"1","fare_amount":"13.5","extra":"0","mta_tax":"0.5","tip_amount":"0","tolls_amount":"0","improvement_surcharge":"0.3","total_amount":"14.3","congestion_surcharge":"","tripId":"a59774b3-6cb3-4711-8d8f-ecc990c011c7"},{"VendorID":"2","tpep_pickup_datetime":"2023-11-19 11:24:28","tpep_dropoff_datetime":"2023-04-27 11:34:51","passenger_count":"1","trip_distance":"1.78","RatecodeID":"1","store_and_fwd_flag":"N","PULocationID":"236","DOLocationID":"163","payment_type":"1","fare_amount":"9","extra":"0","mta_tax":"0.5","tip_amount":"1.5","tolls_amount":"0","improvement_surcharge":"0.3","total_amount":"11.3","congestion_surcharge":"","tripId":"2b48962a-6c46-43c3-b3ad-655e7376f8b6"},{"VendorID":"2","tpep_pickup_datetime":"2023-03-06 11:37:42","tpep_dropoff_datetime":"2023-06-22 11:48:02","passenger_count":"1","trip_distance":"1.47","RatecodeID":"1","store_and_fwd_flag":"N","PULocationID":"161","DOLocationID":"234","payment_type":"2","fare_amount":"8.5","extra":"0","mta_tax":"0.5","tip_amount":"0","tolls_amount":"0","improvement_surcharge":"0.3","total_amount":"9.3","congestion_surcharge":"","tripId":"524cf1f5-fad0-4335-ab1b-3c44a07a8d2d"},{"VendorID":"2","tpep_pickup_datetime":"2023-11-25 11:50:41","tpep_dropoff_datetime":"2023-08-28 11:59:25","passenger_count":"1","trip_distance":"1.06","RatecodeID":"1","store_and_fwd_flag":"N","PULocationID":"234","DOLocationID":"186","payment_type":"1","fare_amount":"7.5","extra":"0","mta_tax":"0.5","tip_amount":"1.66","tolls_amount":"0","improvement_surcharge":"0.3","total_amount":"9.96","congestion_surcharge":"","tripId":"832f53e5-9dac-476e-af48-34f66cf25793"},{"VendorID":"2","tpep_pickup_datetime":"2024-01-24 11:18:24","tpep_dropoff_datetime":"2024-01-28 11:44:05","passenger_count":"1","trip_distance":"3.33","RatecodeID":"1","store_and_fwd_flag":"N","PULocationID":"161","DOLocationID":"162","payment_type":"1","fare_amount":"17.5","extra":"0","mta_tax":"0.5","tip_amount":"3.66","tolls_amount":"0","improvement_surcharge":"0.3","total_amount":"21.96","congestion_surcharge":"","tripId":"bbf9d371-0af4-464e-aeea-5442e463b170"},{"VendorID":"2","tpep_pickup_datetime":"2023-04-15 11:46:35","tpep_dropoff_datetime":"2023-04-11 12:01:48","passenger_count":"1","trip_distance":"2.54","RatecodeID":"1","store_and_fwd_flag":"N","PULocationID":"161","DOLocationID":"239","payment_type":"1","fare_amount":"12","extra":"0","mta_tax":"0.5","tip_amount":"2.56","tolls_amount":"0","improvement_surcharge":"0.3","total_amount":"15.36","congestion_surcharge":"","tripId":"0cc4b9aa-93e3-4bf1-a3b3-b570d74ee838"},{"VendorID":"1","tpep_pickup_datetime":"2023-12-15 11:07:22","tpep_dropoff_datetime":"2023-08-02 11:20:32","passenger_count":"1","trip_distance":"6.90","RatecodeID":"1","store_and_fwd_flag":"N","PULocationID":"229","DOLocationID":"261","payment_type":"2","fare_amount":"20.5","extra":"0","mta_tax":"0.5","tip_amount":"0","tolls_amount":"0","improvement_surcharge":"0.3","total_amount":"21.3","congestion_surcharge":"","tripId":"896f5fcc-0a6c-48e7-94ae-3a964d4cd0e4"},{"VendorID":"1","tpep_pickup_datetime":"2023-11-16 11:21:42","tpep_dropoff_datetime":"2023-09-22 11:30:11","passenger_count":"1","trip_distance":".80","RatecodeID":"1","store_and_fwd_flag":"N","PULocationID":"261","DOLocationID":"209","payment_type":"2","fare_amount":"6.5","extra":"0","mta_tax":"0.5","tip_amount":"0","tolls_amount":"0","improvement_surcharge":"0.3","total_amount":"7.3","congestion_surcharge":"","tripId":"a5ef53d3-f99f-46b5-8962-5e88ddd2e985"},{"VendorID":"1","tpep_pickup_datetime":"2023-06-26 11:32:04","tpep_dropoff_datetime":"2023-09-28 11:34:58","passenger_count":"1","trip_distance":".30","RatecodeID":"1","store_and_fwd_flag":"N","PULocationID":"209","DOLocationID":"87","payment_type":"2","fare_amount":"4","extra":"0","mta_tax":"0.5","tip_amount":"0","tolls_amount":"0","improvement_surcharge":"0.3","total_amount":"4.8","congestion_surcharge":"","tripId":"acf2603d-9e5d-4afe-9964-cf4a79e0a9da"},{"VendorID":"1","tpep_pickup_datetime":"2023-01-26 11:50:58","tpep_dropoff_datetime":"2023-08-11 12:15:17","passenger_count":"1","trip_distance":"5.30","RatecodeID":"1","store_and_fwd_flag":"N","PULocationID":"261","DOLocationID":"164","payment_type":"2","fare_amount":"21.5","extra":"0","mta_tax":"0.5","tip_amount":"0","tolls_amount":"0","improvement_surcharge":"0.3","total_amount":"22.3","congestion_surcharge":"","tripId":"a0afe269-0d63-4f2a-842a-47ce49dc25ba"},{"VendorID":"1","tpep_pickup_datetime":"2023-09-11 11:06:27","tpep_dropoff_datetime":"2023-08-22 11:14:18","passenger_count":"1","trip_distance":"1.10","RatecodeID":"1","store_and_fwd_flag":"N","PULocationID":"170","DOLocationID":"137","payment_type":"1","fare_amount":"7","extra":"0","mta_tax":"0.5","tip_amount":"1.55","tolls_amount":"0","improvement_surcharge":"0.3","total_amount":"9.35","congestion_surcharge":"","tripId":"c1c9f483-a153-40c0-b1b2-27c683da271b"},{"VendorID":"1","tpep_pickup_datetime":"2023-05-19 11:27:05","tpep_dropoff_datetime":"2023-03-10 11:32:36","passenger_count":"1","trip_distance":".30","RatecodeID":"1","store_and_fwd_flag":"N","PULocationID":"162","DOLocationID":"162","payment_type":"2","fare_amount":"5","extra":"0","mta_tax":"0.5","tip_amount":"0","tolls_amount":"0","improvement_surcharge":"0.3","total_amount":"5.8","congestion_surcharge":"","tripId":"74bbdfa1-e081-40ef-a3dc-0db87bdc81bf"},{"VendorID":"1","tpep_pickup_datetime":"2023-06-13 11:43:25","tpep_dropoff_datetime":"2023-11-19 11:49:58","passenger_count":"1","trip_distance":".90","RatecodeID":"1","store_and_fwd_flag":"N","PULocationID":"162","DOLocationID":"161","payment_type":"1","fare_amount":"6","extra":"0","mta_tax":"0.5","tip_amount":"1.35","tolls_amount":"0","improvement_surcharge":"0.3","total_amount":"8.15","congestion_surcharge":"","tripId":"5526ab8e-9185-45bb-aca4-8038a6b6a640"},{"VendorID":"2","tpep_pickup_datetime":"2023-12-16 11:10:21","tpep_dropoff_datetime":"2023-06-06 11:29:01","passenger_count":"3","trip_distance":"3.54","RatecodeID":"1","store_and_fwd_flag":"N","PULocationID":"140","DOLocationID":"107","payment_type":"1","fare_amount":"16","extra":"0","mta_tax":"0.5","tip_amount":"1","tolls_amount":"0","improvement_surcharge":"0.3","total_amount":"17.8","congestion_surcharge":"","tripId":"e093d4d2-be3a-4ab4-a82e-8c700e7ab270"},{"VendorID":"2","tpep_pickup_datetime":"2024-01-21 11:41:27","tpep_dropoff_datetime":"2023-02-25 11:46:23","passenger_count":"4","trip_distance":".69","RatecodeID":"1","store_and_fwd_flag":"N","PULocationID":"170","DOLocationID":"170","payment_type":"1","fare_amount":"5","extra":"0","mta_tax":"0.5","tip_amount":"1.16","tolls_amount":"0","improvement_surcharge":"0.3","total_amount":"6.96","congestion_surcharge":"","tripId":"37c76d33-9fee-40fb-a656-8c811a8ba014"},{"VendorID":"2","tpep_pickup_datetime":"2023-07-20 11:48:20","tpep_dropoff_datetime":"2024-01-08 12:00:00","passenger_count":"5","trip_distance":"1.21","RatecodeID":"1","store_and_fwd_flag":"N","PULocationID":"164","DOLocationID":"246","payment_type":"2","fare_amount":"9","extra":"0","mta_tax":"0.5","tip_amount":"0","tolls_amount":"0","improvement_surcharge":"0.3","total_amount":"9.8","congestion_surcharge":"","tripId":"72b79ffd-7b07-4a5d-954d-02322bb256c8"},{"VendorID":"1","tpep_pickup_datetime":"2023-11-15 11:06:01","tpep_dropoff_datetime":"2023-07-11 11:27:04","passenger_count":"2","trip_distance":"2.80","RatecodeID":"1","store_and_fwd_flag":"N","PULocationID":"125","DOLocationID":"230","payment_type":"1","fare_amount":"14.5","extra":"0","mta_tax":"0.5","tip_amount":"3.05","tolls_amount":"0","improvement_surcharge":"0.3","total_amount":"18.35","congestion_surcharge":"","tripId":"9bae0f3c-d7a8-4f40-a9e2-fc3d7636670e"},{"VendorID":"1","tpep_pickup_datetime":"2023-05-21 11:55:34","tpep_dropoff_datetime":"2023-04-05 12:21:26","passenger_count":"2","trip_distance":"2.80","RatecodeID":"1","store_and_fwd_flag":"N","PULocationID":"230","DOLocationID":"236","payment_type":"2","fare_amount":"17","extra":"0","mta_tax":"0.5","tip_amount":"0","tolls_amount":"0","improvement_surcharge":"0.3","total_amount":"17.8","congestion_surcharge":"","tripId":"2e946720-5e70-4f88-bd35-d16807a1615c"},{"VendorID":"2","tpep_pickup_datetime":"2023-04-22 11:13:43","tpep_dropoff_datetime":"2024-01-21 11:16:07","passenger_count":"1","trip_distance":".32","RatecodeID":"1","store_and_fwd_flag":"N","PULocationID":"229","DOLocationID":"141","payment_type":"2","fare_amount":"3.5","extra":"0","mta_tax":"0.5","tip_amount":"0","tolls_amount":"0","improvement_surcharge":"0.3","total_amount":"4.3","congestion_surcharge":"","tripId":"cdda376a-1050-499f-a46c-30fb92c981bf"},{"VendorID":"2","tpep_pickup_datetime":"2023-10-26 11:41:03","tpep_dropoff_datetime":"2023-10-29 11:48:39","passenger_count":"1","trip_distance":".87","RatecodeID":"1","store_and_fwd_flag":"N","PULocationID":"237","DOLocationID":"162","payment_type":"1","fare_amount":"6.5","extra":"0","mta_tax":"0.5","tip_amount":"1.46","tolls_amount":"0","improvement_surcharge":"0.3","total_amount":"8.76","congestion_surcharge":"","tripId":"534042ba-bead-4236-ac9c-f2be7c7626c8"},{"VendorID":"1","tpep_pickup_datetime":"2023-08-14 11:29:54","tpep_dropoff_datetime":"2023-07-07 11:53:28","passenger_count":"1","trip_distance":"2.50","RatecodeID":"1","store_and_fwd_flag":"N","PULocationID":"164","DOLocationID":"236","payment_type":"2","fare_amount":"15.5","extra":"0","mta_tax":"0.5","tip_amount":"0","tolls_amount":"0","improvement_surcharge":"0.3","total_amount":"16.3","congestion_surcharge":"","tripId":"b44b6ba8-01ee-4983-ba71-6a1c507ccc00"},{"VendorID":"1","tpep_pickup_datetime":"2024-01-02 11:33:03","tpep_dropoff_datetime":"2023-10-02 11:51:57","passenger_count":"1","trip_distance":"4.40","RatecodeID":"1","store_and_fwd_flag":"N","PULocationID":"143","DOLocationID":"114","payment_type":"1","fare_amount":"17.5","extra":"0","mta_tax":"0.5","tip_amount":"3.65","tolls_amount":"0","improvement_surcharge":"0.3","total_amount":"21.95","congestion_surcharge":"","tripId":"97944592-2a85-4ea0-9564-7fde7bd0738f"},{"VendorID":"1","tpep_pickup_datetime":"2023-09-15 11:59:18","tpep_dropoff_datetime":"2023-06-25 12:04:49","passenger_count":"1","trip_distance":".80","RatecodeID":"1","store_and_fwd_flag":"N","PULocationID":"114","DOLocationID":"79","payment_type":"2","fare_amount":"5.5","extra":"0","mta_tax":"0.5","tip_amount":"0","tolls_amount":"0","improvement_surcharge":"0.3","total_amount":"6.3","congestion_surcharge":"","tripId":"7ca5c9fb-19d5-44fc-8740-adffa15574a3"},{"VendorID":"2","tpep_pickup_datetime":"2023-11-29 11:04:14","tpep_dropoff_datetime":"2023-09-06 11:23:46","passenger_count":"1","trip_distance":"2.95","RatecodeID":"1","store_and_fwd_flag":"N","PULocationID":"161","DOLocationID":"211","payment_type":"2","fare_amount":"14","extra":"0","mta_tax":"0.5","tip_amount":"0","tolls_amount":"0","improvement_surcharge":"0.3","total_amount":"14.8","congestion_surcharge":"","tripId":"2170fd6e-9ad4-4dde-b162-20dac270b4ce"},{"VendorID":"2","tpep_pickup_datetime":"2023-12-09 11:36:51","tpep_dropoff_datetime":"2023-04-08 11:44:26","passenger_count":"1","trip_distance":".87","RatecodeID":"1","store_and_fwd_flag":"N","PULocationID":"90","DOLocationID":"107","payment_type":"1","fare_amount":"6.5","extra":"0","mta_tax":"0.5","tip_amount":"1.46","tolls_amount":"0","improvement_surcharge":"0.3","total_amount":"8.76","congestion_surcharge":"","tripId":"805a08b5-0fec-4c4a-be1d-b27ba90d1c56"},{"VendorID":"2","tpep_pickup_datetime":"2023-04-20 11:47:59","tpep_dropoff_datetime":"2023-10-02 12:04:41","passenger_count":"6","trip_distance":"1.37","RatecodeID":"1","store_and_fwd_flag":"N","PULocationID":"48","DOLocationID":"234","payment_type":"1","fare_amount":"11","extra":"0","mta_tax":"0.5","tip_amount":"2.36","tolls_amount":"0","improvement_surcharge":"0.3","total_amount":"14.16","congestion_surcharge":"","tripId":"9299af09-5b46-42d4-8cca-e02ff34adc8c"},{"VendorID":"1","tpep_pickup_datetime":"2023-09-18 11:04:09","tpep_dropoff_datetime":"2024-02-01 11:14:21","passenger_count":"1","trip_distance":"1.60","RatecodeID":"1","store_and_fwd_flag":"N","PULocationID":"143","DOLocationID":"151","payment_type":"2","fare_amount":"9","extra":"0","mta_tax":"0.5","tip_amount":"0","tolls_amount":"0","improvement_surcharge":"0.3","total_amount":"9.8","congestion_surcharge":"","tripId":"9e7154d1-335f-401a-88cb-51c269501d8f"},{"VendorID":"1","tpep_pickup_datetime":"2023-04-01 11:21:40","tpep_dropoff_datetime":"2023-06-15 11:35:48","passenger_count":"1","trip_distance":"2.20","RatecodeID":"1","store_and_fwd_flag":"N","PULocationID":"238","DOLocationID":"48","payment_type":"1","fare_amount":"11","extra":"0","mta_tax":"0.5","tip_amount":"2.35","tolls_amount":"0","improvement_surcharge":"0.3","total_amount":"14.15","congestion_surcharge":"","tripId":"d98ab603-99e1-4914-8f94-5ed7b20096b7"},{"VendorID":"2","tpep_pickup_datetime":"2023-07-18 09:22:33","tpep_dropoff_datetime":"2023-01-24 09:27:25","passenger_count":"1","trip_distance":".63","RatecodeID":"1","store_and_fwd_flag":"N","PULocationID":"125","DOLocationID":"158","payment_type":"1","fare_amount":"5","extra":"0","mta_tax":"0.5","tip_amount":"1.16","tolls_amount":"0","improvement_surcharge":"0.3","total_amount":"6.96","congestion_surcharge":"","tripId":"67600e4e-22ef-4f9e-8d77-29cf8e1b892f"},{"VendorID":"2","tpep_pickup_datetime":"2023-10-07 11:08:31","tpep_dropoff_datetime":"2023-03-23 11:13:27","passenger_count":"6","trip_distance":"1.45","RatecodeID":"1","store_and_fwd_flag":"N","PULocationID":"50","DOLocationID":"68","payment_type":"2","fare_amount":"6.5","extra":"0","mta_tax":"0.5","tip_amount":"0","tolls_amount":"0","improvement_surcharge":"0.3","total_amount":"7.3","congestion_surcharge":"","tripId":"a05f3220-5a46-4db1-b213-c13ef8687332"},{"VendorID":"2","tpep_pickup_datetime":"2023-07-15 11:38:30","tpep_dropoff_datetime":"2023-06-03 11:58:24","passenger_count":"6","trip_distance":"2.46","RatecodeID":"1","store_and_fwd_flag":"N","PULocationID":"186","DOLocationID":"229","payment_type":"2","fare_amount":"13.5","extra":"0","mta_tax":"0.5","tip_amount":"0","tolls_amount":"0","improvement_surcharge":"0.3","total_amount":"14.3","congestion_surcharge":"","tripId":"1ff44368-f636-45c6-ae2d-59b43574a461"},{"VendorID":"2","tpep_pickup_datetime":"2023-11-22 11:24:54","tpep_dropoff_datetime":"2023-03-20 11:31:47","passenger_count":"1","trip_distance":"2.85","RatecodeID":"1","store_and_fwd_flag":"N","PULocationID":"138","DOLocationID":"223","payment_type":"1","fare_amount":"10.5","extra":"0","mta_tax":"0.5","tip_amount":"2.26","tolls_amount":"0","improvement_surcharge":"0.3","total_amount":"13.56","congestion_surcharge":"","tripId":"c84dd898-b34d-4143-bbd9-a051bd8db86a"},{"VendorID":"1","tpep_pickup_datetime":"2023-08-07 11:14:56","tpep_dropoff_datetime":"2023-03-19 11:25:39","passenger_count":"1","trip_distance":"1.70","RatecodeID":"1","store_and_fwd_flag":"N","PULocationID":"263","DOLocationID":"237","payment_type":"1","fare_amount":"9","extra":"0","mta_tax":"0.5","tip_amount":"1.95","tolls_amount":"0","improvement_surcharge":"0.3","total_amount":"11.75","congestion_surcharge":"","tripId":"3b362325-44d4-4dcd-9c53-831475272cc7"},{"VendorID":"1","tpep_pickup_datetime":"2023-03-25 11:27:33","tpep_dropoff_datetime":"2023-02-21 11:39:41","passenger_count":"1","trip_distance":"2.00","RatecodeID":"1","store_and_fwd_flag":"N","PULocationID":"237","DOLocationID":"236","payment_type":"1","fare_amount":"10.5","extra":"0","mta_tax":"0.5","tip_amount":"1.13","tolls_amount":"0","improvement_surcharge":"0.3","total_amount":"12.43","congestion_surcharge":"","tripId":"0f1fb417-9e9d-40f5-98c4-03bfa84df133"},{"VendorID":"1","tpep_pickup_datetime":"2023-06-24 11:46:36","tpep_dropoff_datetime":"2023-11-03 11:54:13","passenger_count":"1","trip_distance":"1.20","RatecodeID":"1","store_and_fwd_flag":"N","PULocationID":"236","DOLocationID":"237","payment_type":"2","fare_amount":"7","extra":"0","mta_tax":"0.5","tip_amount":"0","tolls_amount":"0","improvement_surcharge":"0.3","total_amount":"7.8","congestion_surcharge":"","tripId":"a1a1113d-2223-44fc-b1a3-cfa0ebe70778"},{"VendorID":"1","tpep_pickup_datetime":"2023-11-17 11:57:22","tpep_dropoff_datetime":"2023-06-23 12:07:13","passenger_count":"2","trip_distance":"1.50","RatecodeID":"1","store_and_fwd_flag":"N","PULocationID":"237","DOLocationID":"233","payment_type":"1","fare_amount":"8.5","extra":"0","mta_tax":"0.5","tip_amount":"0.93","tolls_amount":"0","improvement_surcharge":"0.3","total_amount":"10.23","congestion_surcharge":"","tripId":"268a13ce-b473-4fb0-98af-3bde83243736"},{"VendorID":"1","tpep_pickup_datetime":"2023-12-27 11:28:42","tpep_dropoff_datetime":"2023-03-22 11:45:21","passenger_count":"1","trip_distance":"2.70","RatecodeID":"1","store_and_fwd_flag":"N","PULocationID":"236","DOLocationID":"100","payment_type":"1","fare_amount":"13.5","extra":"0","mta_tax":"0.5","tip_amount":"1.5","tolls_amount":"0","improvement_surcharge":"0.3","total_amount":"15.8","congestion_surcharge":"","tripId":"2c807bb3-2f15-4e5e-8329-66a5674a97e0"},{"VendorID":"1","tpep_pickup_datetime":"2023-12-20 11:52:15","tpep_dropoff_datetime":"2023-08-16 12:01:32","passenger_count":"1","trip_distance":"1.20","RatecodeID":"1","store_and_fwd_flag":"N","PULocationID":"170","DOLocationID":"162","payment_type":"1","fare_amount":"7.5","extra":"0","mta_tax":"0.5","tip_amount":"1.65","tolls_amount":"0","improvement_surcharge":"0.3","total_amount":"9.95","congestion_surcharge":"","tripId":"f2f24806-9ced-4f31-a138-be678994b0ee"},{"VendorID":"2","tpep_pickup_datetime":"2023-04-15 11:23:11","tpep_dropoff_datetime":"2023-01-02 11:32:01","passenger_count":"5","trip_distance":"1.41","RatecodeID":"1","store_and_fwd_flag":"N","PULocationID":"143","DOLocationID":"151","payment_type":"2","fare_amount":"8","extra":"0","mta_tax":"0.5","tip_amount":"0","tolls_amount":"0","improvement_surcharge":"0.3","total_amount":"8.8","congestion_surcharge":"","tripId":"dc6a8ed5-0496-4fbc-acaa-a7cfa697e0bc"},{"VendorID":"2","tpep_pickup_datetime":"2023-05-06 11:15:10","tpep_dropoff_datetime":"2023-08-11 11:25:44","passenger_count":"5","trip_distance":"1.68","RatecodeID":"1","store_and_fwd_flag":"N","PULocationID":"114","DOLocationID":"68","payment_type":"1","fare_amount":"9","extra":"0","mta_tax":"0.5","tip_amount":"1.96","tolls_amount":"0","improvement_surcharge":"0.3","total_amount":"11.76","congestion_surcharge":"","tripId":"e095c630-4fc9-4a97-a871-070936edb5df"},{"VendorID":"2","tpep_pickup_datetime":"2023-04-29 11:36:12","tpep_dropoff_datetime":"2023-03-13 11:46:54","passenger_count":"5","trip_distance":"1.14","RatecodeID":"1","store_and_fwd_flag":"N","PULocationID":"234","DOLocationID":"68","payment_type":"1","fare_amount":"8.5","extra":"0","mta_tax":"0.5","tip_amount":"1","tolls_amount":"0","improvement_surcharge":"0.3","total_amount":"10.3","congestion_surcharge":"","tripId":"2fde2ca1-4ecb-4da9-83f2-9fbb05d7298f"},{"VendorID":"1","tpep_pickup_datetime":"2024-01-04 11:31:03","tpep_dropoff_datetime":"2023-08-12 11:40:41","passenger_count":"3","trip_distance":".40","RatecodeID":"1","store_and_fwd_flag":"N","PULocationID":"237","DOLocationID":"163","payment_type":"1","fare_amount":"7","extra":"0","mta_tax":"0.5","tip_amount":"1.56","tolls_amount":"0","improvement_surcharge":"0.3","total_amount":"9.36","congestion_surcharge":"","tripId":"8c7957d2-f9f9-40c6-845d-ee2e33b74452"},{"VendorID":"1","tpep_pickup_datetime":"2023-02-07 11:45:22","tpep_dropoff_datetime":"2024-01-19 11:47:45","passenger_count":"1","trip_distance":".50","RatecodeID":"1","store_and_fwd_flag":"N","PULocationID":"237","DOLocationID":"237","payment_type":"2","fare_amount":"4","extra":"0","mta_tax":"0.5","tip_amount":"0","tolls_amount":"0","improvement_surcharge":"0.3","total_amount":"4.8","congestion_surcharge":"","tripId":"e8b03bec-9153-433d-bda4-97c4ffcdfa44"},{"VendorID":"1","tpep_pickup_datetime":"2023-12-24 11:48:16","tpep_dropoff_datetime":"2023-06-27 11:54:33","passenger_count":"1","trip_distance":".60","RatecodeID":"1","store_and_fwd_flag":"N","PULocationID":"237","DOLocationID":"236","payment_type":"1","fare_amount":"5.5","extra":"0","mta_tax":"0.5","tip_amount":"1.25","tolls_amount":"0","improvement_surcharge":"0.3","total_amount":"7.55","congestion_surcharge":"","tripId":"d0e23fcd-6716-4510-a4de-7aaaa4e5d8b9"},{"VendorID":"1","tpep_pickup_datetime":"2023-12-11 11:08:20","tpep_dropoff_datetime":"2023-09-14 11:34:05","passenger_count":"1","trip_distance":"6.90","RatecodeID":"1","store_and_fwd_flag":"N","PULocationID":"262","DOLocationID":"244","payment_type":"2","fare_amount":"24.5","extra":"0","mta_tax":"0.5","tip_amount":"0","tolls_amount":"0","improvement_surcharge":"0.3","total_amount":"25.3","congestion_surcharge":"","tripId":"6dde858d-a4c2-434d-a546-98c3e86bd471"},{"VendorID":"1","tpep_pickup_datetime":"2023-12-05 11:55:59","tpep_dropoff_datetime":"2023-03-14 11:59:11","passenger_count":"1","trip_distance":".50","RatecodeID":"1","store_and_fwd_flag":"N","PULocationID":"166","DOLocationID":"24","payment_type":"1","fare_amount":"4.5","extra":"0","mta_tax":"0.5","tip_amount":"1.05","tolls_amount":"0","improvement_surcharge":"0.3","total_amount":"6.35","congestion_surcharge":"","tripId":"dcfd5507-2be0-49e1-9f84-8280b45191db"},{"VendorID":"2","tpep_pickup_datetime":"2023-08-29 11:26:41","tpep_dropoff_datetime":"2023-09-02 11:44:58","passenger_count":"2","trip_distance":"6.62","RatecodeID":"1","store_and_fwd_flag":"N","PULocationID":"141","DOLocationID":"88","payment_type":"1","fare_amount":"22","extra":"0","mta_tax":"0.5","tip_amount":"6.84","tolls_amount":"0","improvement_surcharge":"0.3","total_amount":"29.64","congestion_surcharge":"","tripId":"55f57071-e439-49f0-b2ba-abf7c108879a"},{"VendorID":"2","tpep_pickup_datetime":"2023-05-07 11:50:56","tpep_dropoff_datetime":"2023-10-26 12:20:09","passenger_count":"2","trip_distance":"3.85","RatecodeID":"1","store_and_fwd_flag":"N","PULocationID":"12","DOLocationID":"100","payment_type":"1","fare_amount":"19","extra":"0","mta_tax":"0.5","tip_amount":"3.96","tolls_amount":"0","improvement_surcharge":"0.3","total_amount":"23.76","congestion_surcharge":"","tripId":"919d334d-ccbb-4898-84c1-3a8847f52532"},{"VendorID":"1","tpep_pickup_datetime":"2023-11-01 11:04:35","tpep_dropoff_datetime":"2023-02-11 11:17:13","passenger_count":"1","trip_distance":"2.10","RatecodeID":"1","store_and_fwd_flag":"N","PULocationID":"141","DOLocationID":"238","payment_type":"2","fare_amount":"10.5","extra":"0","mta_tax":"0.5","tip_amount":"0","tolls_amount":"0","improvement_surcharge":"0.3","total_amount":"11.3","congestion_surcharge":"","tripId":"51ba8199-eb14-4d89-8e68-2ca2f8e67d22"},{"VendorID":"1","tpep_pickup_datetime":"2023-05-22 11:20:55","tpep_dropoff_datetime":"2023-02-28 11:24:44","passenger_count":"1","trip_distance":".60","RatecodeID":"1","store_and_fwd_flag":"N","PULocationID":"238","DOLocationID":"239","payment_type":"2","fare_amount":"4.5","extra":"0","mta_tax":"0.5","tip_amount":"0","tolls_amount":"0","improvement_surcharge":"0.3","total_amount":"5.3","congestion_surcharge":"","tripId":"018ddbd5-3845-4eb4-bafc-b94baf6525af"},{"VendorID":"1","tpep_pickup_datetime":"2023-07-31 11:47:57","tpep_dropoff_datetime":"2023-12-10 12:01:42","passenger_count":"1","trip_distance":"2.10","RatecodeID":"1","store_and_fwd_flag":"N","PULocationID":"236","DOLocationID":"162","payment_type":"1","fare_amount":"11","extra":"0","mta_tax":"0.5","tip_amount":"2.36","tolls_amount":"0","improvement_surcharge":"0.3","total_amount":"14.16","congestion_surcharge":"","tripId":"a5ea09b6-8425-47f9-9844-7d7c4fcdd273"},{"VendorID":"2","tpep_pickup_datetime":"2023-12-18 11:34:38","tpep_dropoff_datetime":"2023-08-26 11:36:23","passenger_count":"1","trip_distance":".37","RatecodeID":"1","store_and_fwd_flag":"N","PULocationID":"263","DOLocationID":"236","payment_type":"2","fare_amount":"3.5","extra":"0","mta_tax":"0.5","tip_amount":"0","tolls_amount":"0","improvement_surcharge":"0.3","total_amount":"4.3","congestion_surcharge":"","tripId":"cd3dac51-8971-492d-b965-f2f07e0713ed"},{"VendorID":"2","tpep_pickup_datetime":"2023-10-12 11:45:14","tpep_dropoff_datetime":"2023-07-09 11:52:50","passenger_count":"1","trip_distance":".66","RatecodeID":"1","store_and_fwd_flag":"N","PULocationID":"237","DOLocationID":"237","payment_type":"1","fare_amount":"6.5","extra":"0","mta_tax":"0.5","tip_amount":"0.73","tolls_amount":"0","improvement_surcharge":"0.3","total_amount":"8.03","congestion_surcharge":"","tripId":"aab62339-e369-4634-9811-685fa937cca6"},{"VendorID":"2","tpep_pickup_datetime":"2023-01-23 11:11:15","tpep_dropoff_datetime":"2023-05-20 11:51:24","passenger_count":"1","trip_distance":"11.98","RatecodeID":"5","store_and_fwd_flag":"N","PULocationID":"178","DOLocationID":"137","payment_type":"1","fare_amount":"34.26","extra":"0","mta_tax":"0.5","tip_amount":"0","tolls_amount":"0","improvement_surcharge":"0.3","total_amount":"35.06","congestion_surcharge":"","tripId":"23089d8f-14ed-441f-b52d-5cc54bce9abe"},{"VendorID":"1","tpep_pickup_datetime":"2023-03-01 11:21:46","tpep_dropoff_datetime":"2023-03-16 11:46:28","passenger_count":"1","trip_distance":"3.50","RatecodeID":"1","store_and_fwd_flag":"N","PULocationID":"88","DOLocationID":"186","payment_type":"2","fare_amount":"17","extra":"0","mta_tax":"0.5","tip_amount":"0","tolls_amount":"0","improvement_surcharge":"0.3","total_amount":"17.8","congestion_surcharge":"","tripId":"4dd65e22-0c7b-4f49-b010-a107cd524e3f"},{"VendorID":"1","tpep_pickup_datetime":"2023-11-27 11:49:06","tpep_dropoff_datetime":"2023-06-26 12:14:37","passenger_count":"4","trip_distance":"2.70","RatecodeID":"1","store_and_fwd_flag":"N","PULocationID":"186","DOLocationID":"148","payment_type":"1","fare_amount":"16.5","extra":"0","mta_tax":"0.5","tip_amount":"3.45","tolls_amount":"0","improvement_surcharge":"0.3","total_amount":"20.75","congestion_surcharge":"","tripId":"5bb23d72-3399-4961-a38a-9bc7c604c4eb"},{"VendorID":"2","tpep_pickup_datetime":"2023-01-22 11:28:21","tpep_dropoff_datetime":"2023-02-16 11:39:27","passenger_count":"1","trip_distance":"1.39","RatecodeID":"1","store_and_fwd_flag":"N","PULocationID":"236","DOLocationID":"141","payment_type":"1","fare_amount":"9","extra":"0","mta_tax":"0.5","tip_amount":"0","tolls_amount":"0","improvement_surcharge":"0.3","total_amount":"9.8","congestion_surcharge":"","tripId":"f6e83f22-618c-435d-b456-f316633013c6"},{"VendorID":"2","tpep_pickup_datetime":"2023-08-06 11:49:35","tpep_dropoff_datetime":"2023-01-27 11:53:59","passenger_count":"1","trip_distance":".74","RatecodeID":"1","store_and_fwd_flag":"N","PULocationID":"141","DOLocationID":"237","payment_type":"2","fare_amount":"5","extra":"0","mta_tax":"0.5","tip_amount":"0","tolls_amount":"0","improvement_surcharge":"0.3","total_amount":"5.8","congestion_surcharge":"","tripId":"bc644ed3-c8e1-4193-8962-397da4ce7ce4"},{"VendorID":"1","tpep_pickup_datetime":"2023-10-08 11:27:42","tpep_dropoff_datetime":"2024-01-07 11:40:01","passenger_count":"1","trip_distance":"1.90","RatecodeID":"1","store_and_fwd_flag":"N","PULocationID":"170","DOLocationID":"114","payment_type":"1","fare_amount":"10","extra":"0","mta_tax":"0.5","tip_amount":"2.15","tolls_amount":"0","improvement_surcharge":"0.3","total_amount":"12.95","congestion_surcharge":"","tripId":"253c35aa-bd76-44cc-87cd-fabd5b3170d0"},{"VendorID":"1","tpep_pickup_datetime":"2023-07-20 11:43:01","tpep_dropoff_datetime":"2023-10-04 12:09:15","passenger_count":"1","trip_distance":"4.10","RatecodeID":"1","store_and_fwd_flag":"N","PULocationID":"79","DOLocationID":"262","payment_type":"1","fare_amount":"18","extra":"0","mta_tax":"0.5","tip_amount":"1","tolls_amount":"0","improvement_surcharge":"0.3","total_amount":"19.8","congestion_surcharge":"","tripId":"dead6996-9b19-4534-b78e-1a612de3fc0f"},{"VendorID":"2","tpep_pickup_datetime":"2023-05-25 11:16:38","tpep_dropoff_datetime":"2023-11-05 11:30:42","passenger_count":"2","trip_distance":"2.12","RatecodeID":"1","store_and_fwd_flag":"N","PULocationID":"236","DOLocationID":"161","payment_type":"1","fare_amount":"10.5","extra":"0","mta_tax":"0.5","tip_amount":"3.39","tolls_amount":"0","improvement_surcharge":"0.3","total_amount":"14.69","congestion_surcharge":"","tripId":"6e75b35e-3b38-48f0-9334-0c5ae7cbedfd"},{"VendorID":"2","tpep_pickup_datetime":"2023-05-03 11:36:28","tpep_dropoff_datetime":"2023-06-03 11:48:15","passenger_count":"2","trip_distance":"1.94","RatecodeID":"1","store_and_fwd_flag":"N","PULocationID":"163","DOLocationID":"234","payment_type":"1","fare_amount":"9.5","extra":"0","mta_tax":"0.5","tip_amount":"1","tolls_amount":"0","improvement_surcharge":"0.3","total_amount":"11.3","congestion_surcharge":"","tripId":"98de93fb-b8df-415e-b3db-383764e8c319"},{"VendorID":"2","tpep_pickup_datetime":"2023-09-21 11:52:46","tpep_dropoff_datetime":"2023-02-21 12:11:12","passenger_count":"2","trip_distance":"2.57","RatecodeID":"1","store_and_fwd_flag":"N","PULocationID":"113","DOLocationID":"161","payment_type":"1","fare_amount":"13","extra":"0","mta_tax":"0.5","tip_amount":"4.14","tolls_amount":"0","improvement_surcharge":"0.3","total_amount":"17.94","congestion_surcharge":"","tripId":"6a9f99e6-720b-4b62-8be8-6679bf15fd4f"},{"VendorID":"1","tpep_pickup_datetime":"2023-08-21 11:14:14","tpep_dropoff_datetime":"2023-01-06 11:17:48","passenger_count":"1","trip_distance":".60","RatecodeID":"1","store_and_fwd_flag":"N","PULocationID":"244","DOLocationID":"244","payment_type":"2","fare_amount":"4.5","extra":"0","mta_tax":"0.5","tip_amount":"0","tolls_amount":"0","improvement_surcharge":"0.3","total_amount":"5.3","congestion_surcharge":"","tripId":"7929f9dc-ca86-4753-b000-addf5f19f792"},{"VendorID":"1","tpep_pickup_datetime":"2023-05-06 11:38:18","tpep_dropoff_datetime":"2023-08-28 11:39:56","passenger_count":"1","trip_distance":".10","RatecodeID":"1","store_and_fwd_flag":"N","PULocationID":"152","DOLocationID":"152","payment_type":"3","fare_amount":"3","extra":"0","mta_tax":"0.5","tip_amount":"0","tolls_amount":"0","improvement_surcharge":"0.3","total_amount":"3.8","congestion_surcharge":"","tripId":"b5191656-330a-4a36-84a2-b62f76ec7380"},{"VendorID":"2","tpep_pickup_datetime":"2023-02-10 11:07:28","tpep_dropoff_datetime":"2023-07-14 11:28:59","passenger_count":"1","trip_distance":"10.56","RatecodeID":"1","store_and_fwd_flag":"N","PULocationID":"138","DOLocationID":"229","payment_type":"1","fare_amount":"30.5","extra":"0","mta_tax":"0.5","tip_amount":"7.41","tolls_amount":"5.76","improvement_surcharge":"0.3","total_amount":"44.47","congestion_surcharge":"","tripId":"4fd46035-0ba6-4365-9830-db2631ac1e99"},{"VendorID":"1","tpep_pickup_datetime":"2023-03-20 11:23:31","tpep_dropoff_datetime":"2023-07-27 11:52:31","passenger_count":"2","trip_distance":"16.50","RatecodeID":"2","store_and_fwd_flag":"N","PULocationID":"170","DOLocationID":"132","payment_type":"2","fare_amount":"52","extra":"0","mta_tax":"0.5","tip_amount":"0","tolls_amount":"5.76","improvement_surcharge":"0.3","total_amount":"58.56","congestion_surcharge":"","tripId":"f7bbc668-8fa2-4abb-bc43-1537da5349b4"},{"VendorID":"2","tpep_pickup_datetime":"2023-09-28 11:03:58","tpep_dropoff_datetime":"2023-06-16 11:07:05","passenger_count":"1","trip_distance":".69","RatecodeID":"1","store_and_fwd_flag":"N","PULocationID":"186","DOLocationID":"249","payment_type":"2","fare_amount":"4.5","extra":"0","mta_tax":"0.5","tip_amount":"0","tolls_amount":"0","improvement_surcharge":"0.3","total_amount":"5.3","congestion_surcharge":"","tripId":"d667b33a-3dd8-433e-8792-a87ed526b79a"},{"VendorID":"2","tpep_pickup_datetime":"2023-11-27 11:15:41","tpep_dropoff_datetime":"2023-04-23 11:21:01","passenger_count":"1","trip_distance":".32","RatecodeID":"1","store_and_fwd_flag":"N","PULocationID":"164","DOLocationID":"186","payment_type":"2","fare_amount":"5","extra":"0","mta_tax":"0.5","tip_amount":"0","tolls_amount":"0","improvement_surcharge":"0.3","total_amount":"5.8","congestion_surcharge":"","tripId":"acd25e63-9456-4c72-b5a6-0fb62c1c7912"},{"VendorID":"2","tpep_pickup_datetime":"2023-07-17 11:47:14","tpep_dropoff_datetime":"2023-03-11 11:52:33","passenger_count":"1","trip_distance":"1.03","RatecodeID":"1","store_and_fwd_flag":"N","PULocationID":"43","DOLocationID":"239","payment_type":"1","fare_amount":"6","extra":"0","mta_tax":"0.5","tip_amount":"1.36","tolls_amount":"0","improvement_surcharge":"0.3","total_amount":"8.16","congestion_surcharge":"","tripId":"c076445c-ae91-4c02-97fc-df27aca45946"},{"VendorID":"2","tpep_pickup_datetime":"2023-09-12 11:53:23","tpep_dropoff_datetime":"2023-11-12 12:01:17","passenger_count":"1","trip_distance":"1.20","RatecodeID":"1","store_and_fwd_flag":"N","PULocationID":"239","DOLocationID":"236","payment_type":"1","fare_amount":"7","extra":"0","mta_tax":"0.5","tip_amount":"1","tolls_amount":"0","improvement_surcharge":"0.3","total_amount":"8.8","congestion_surcharge":"","tripId":"77a87c3c-47ca-4fb0-bdd1-ad6bbf86f3e1"},{"VendorID":"1","tpep_pickup_datetime":"2023-09-04 11:05:57","tpep_dropoff_datetime":"2023-04-03 11:12:47","passenger_count":"1","trip_distance":".70","RatecodeID":"1","store_and_fwd_flag":"N","PULocationID":"68","DOLocationID":"68","payment_type":"1","fare_amount":"6","extra":"0","mta_tax":"0.5","tip_amount":"1.35","tolls_amount":"0","improvement_surcharge":"0.3","total_amount":"8.15","congestion_surcharge":"","tripId":"b09dad8e-9a84-49e7-b3b8-21bc5c654429"},{"VendorID":"1","tpep_pickup_datetime":"2023-01-26 11:51:06","tpep_dropoff_datetime":"2023-06-24 11:56:30","passenger_count":"1","trip_distance":".80","RatecodeID":"1","store_and_fwd_flag":"N","PULocationID":"164","DOLocationID":"230","payment_type":"2","fare_amount":"5.5","extra":"0","mta_tax":"0.5","tip_amount":"0","tolls_amount":"0","improvement_surcharge":"0.3","total_amount":"6.3","congestion_surcharge":"","tripId":"64f467e7-c19c-4dca-a7a7-50f60b01fc7c"},{"VendorID":"2","tpep_pickup_datetime":"2023-08-04 11:45:49","tpep_dropoff_datetime":"2023-11-30 11:56:27","passenger_count":"1","trip_distance":".76","RatecodeID":"1","store_and_fwd_flag":"N","PULocationID":"161","DOLocationID":"162","payment_type":"1","fare_amount":"7.5","extra":"0","mta_tax":"0.5","tip_amount":"1.66","tolls_amount":"0","improvement_surcharge":"0.3","total_amount":"9.96","congestion_surcharge":"","tripId":"c59bcd4b-4da2-482b-96d1-0cdb03f0e662"},{"VendorID":"2","tpep_pickup_datetime":"2023-10-25 10:57:11","tpep_dropoff_datetime":"2023-10-06 11:08:20","passenger_count":"1","trip_distance":"1.80","RatecodeID":"1","store_and_fwd_flag":"N","PULocationID":"262","DOLocationID":"239","payment_type":"2","fare_amount":"9.5","extra":"0","mta_tax":"0.5","tip_amount":"0","tolls_amount":"0","improvement_surcharge":"0.3","total_amount":"10.3","congestion_surcharge":"","tripId":"db2aa92a-328c-4232-9a85-af8a206eadff"},{"VendorID":"2","tpep_pickup_datetime":"2023-05-17 11:18:35","tpep_dropoff_datetime":"2023-05-09 11:24:37","passenger_count":"1","trip_distance":"1.00","RatecodeID":"1","store_and_fwd_flag":"N","PULocationID":"237","DOLocationID":"237","payment_type":"2","fare_amount":"6","extra":"0","mta_tax":"0.5","tip_amount":"0","tolls_amount":"0","improvement_surcharge":"0.3","total_amount":"6.8","congestion_surcharge":"","tripId":"868ba4ef-d01d-4a9b-878a-2bc62b394849"},{"VendorID":"2","tpep_pickup_datetime":"2023-06-03 11:26:09","tpep_dropoff_datetime":"2024-02-01 11:29:05","passenger_count":"1","trip_distance":".46","RatecodeID":"1","store_and_fwd_flag":"N","PULocationID":"237","DOLocationID":"162","payment_type":"1","fare_amount":"4","extra":"0","mta_tax":"0.5","tip_amount":"0.96","tolls_amount":"0","improvement_surcharge":"0.3","total_amount":"5.76","congestion_surcharge":"","tripId":"10cedc37-04a1-434e-879a-a1e8429e35a2"},{"VendorID":"2","tpep_pickup_datetime":"2023-01-29 11:36:07","tpep_dropoff_datetime":"2023-07-17 11:41:58","passenger_count":"1","trip_distance":"1.17","RatecodeID":"1","store_and_fwd_flag":"N","PULocationID":"233","DOLocationID":"140","payment_type":"1","fare_amount":"6","extra":"0","mta_tax":"0.5","tip_amount":"1.36","tolls_amount":"0","improvement_surcharge":"0.3","total_amount":"8.16","congestion_surcharge":"","tripId":"bdd32e18-3e65-4388-9e4b-ab2c11cbd282"},{"VendorID":"2","tpep_pickup_datetime":"2023-07-05 11:52:59","tpep_dropoff_datetime":"2023-08-30 12:07:47","passenger_count":"1","trip_distance":"1.84","RatecodeID":"1","store_and_fwd_flag":"N","PULocationID":"262","DOLocationID":"229","payment_type":"1","fare_amount":"11","extra":"0","mta_tax":"0.5","tip_amount":"2.36","tolls_amount":"0","improvement_surcharge":"0.3","total_amount":"14.16","congestion_surcharge":"","tripId":"74db1050-6548-4561-8bc5-c72c8e7f8ecd"},{"VendorID":"2","tpep_pickup_datetime":"2023-06-19 11:56:55","tpep_dropoff_datetime":"2023-10-27 12:15:58","passenger_count":"1","trip_distance":"8.98","RatecodeID":"1","store_and_fwd_flag":"N","PULocationID":"138","DOLocationID":"248","payment_type":"2","fare_amount":"26.5","extra":"0","mta_tax":"0.5","tip_amount":"0","tolls_amount":"5.76","improvement_surcharge":"0.3","total_amount":"33.06","congestion_surcharge":"","tripId":"e113c10e-3a54-430f-86c8-7ae451cc8f1f"},{"VendorID":"1","tpep_pickup_datetime":"2023-07-16 11:13:06","tpep_dropoff_datetime":"2023-10-04 11:52:49","passenger_count":"2","trip_distance":"20.00","RatecodeID":"1","store_and_fwd_flag":"N","PULocationID":"48","DOLocationID":"38","payment_type":"2","fare_amount":"58","extra":"0","mta_tax":"0.5","tip_amount":"0","tolls_amount":"5.76","improvement_surcharge":"0.3","total_amount":"64.56","congestion_surcharge":"","tripId":"451c2399-5044-4374-934f-1c528bdb4871"},{"VendorID":"2","tpep_pickup_datetime":"2023-03-11 11:24:34","tpep_dropoff_datetime":"2023-05-21 11:37:00","passenger_count":"2","trip_distance":"1.34","RatecodeID":"1","store_and_fwd_flag":"N","PULocationID":"163","DOLocationID":"170","payment_type":"1","fare_amount":"9.5","extra":"0","mta_tax":"0.5","tip_amount":"2.58","tolls_amount":"0","improvement_surcharge":"0.3","total_amount":"12.88","congestion_surcharge":"","tripId":"10e42165-dc94-4366-a275-44b7a7e050c8"},{"VendorID":"2","tpep_pickup_datetime":"2023-08-27 11:43:20","tpep_dropoff_datetime":"2023-02-22 12:02:34","passenger_count":"4","trip_distance":"2.57","RatecodeID":"1","store_and_fwd_flag":"N","PULocationID":"161","DOLocationID":"158","payment_type":"1","fare_amount":"13.5","extra":"0","mta_tax":"0.5","tip_amount":"2.86","tolls_amount":"0","improvement_surcharge":"0.3","total_amount":"17.16","congestion_surcharge":"","tripId":"3c61f296-fbb6-44b1-ac46-7864b6e5071d"}]