[{"VendorID":"2","tpep_pickup_datetime":"2023-08-18 19:36:32","tpep_dropoff_datetime":"2023-07-12 19:51:08","passenger_count":"5","trip_distance":"1.01","RatecodeID":"1","store_and_fwd_flag":"N","PULocationID":"163","DOLocationID":"229","payment_type":"2","fare_amount":"9.5","extra":"1","mta_tax":"0.5","tip_amount":"0","tolls_amount":"0","improvement_surcharge":"0.3","total_amount":"11.3","congestion_surcharge":"","tripId":"1e6e2f26-3af2-4857-ae07-091f906b2158"},{"VendorID":"2","tpep_pickup_datetime":"2023-08-30 19:12:34","tpep_dropoff_datetime":"2024-01-08 19:30:52","passenger_count":"1","trip_distance":"5.62","RatecodeID":"1","store_and_fwd_flag":"N","PULocationID":"148","DOLocationID":"262","payment_type":"1","fare_amount":"19","extra":"1","mta_tax":"0.5","tip_amount":"4.16","tolls_amount":"0","improvement_surcharge":"0.3","total_amount":"24.96","congestion_surcharge":"","tripId":"a0ab1902-ebde-43f7-a966-1bebe6cf01d2"},{"VendorID":"1","tpep_pickup_datetime":"2023-11-01 19:24:46","tpep_dropoff_datetime":"2023-10-04 19:30:38","passenger_count":"1","trip_distance":"1.60","RatecodeID":"1","store_and_fwd_flag":"N","PULocationID":"236","DOLocationID":"239","payment_type":"1","fare_amount":"7","extra":"1","mta_tax":"0.5","tip_amount":"2.2","tolls_amount":"0","improvement_surcharge":"0.3","total_amount":"11","congestion_surcharge":"","tripId":"02f03b08-1fc0-47c0-9235-8110863920b5"},{"VendorID":"1","tpep_pickup_datetime":"2023-05-07 19:41:48","tpep_dropoff_datetime":"2023-11-21 19:56:44","passenger_count":"1","trip_distance":"1.70","RatecodeID":"1","store_and_fwd_flag":"N","PULocationID":"161","DOLocationID":"186","payment_type":"1","fare_amount":"10.5","extra":"1","mta_tax":"0.5","tip_amount":"2.45","tolls_amount":"0","improvement_surcharge":"0.3","total_amount":"14.75","congestion_surcharge":"","tripId":"90f5def2-150b-4afa-aff8-02cbd2722511"},{"VendorID":"1","tpep_pickup_datetime":"2023-06-26 19:59:06","tpep_dropoff_datetime":"2023-07-19 20:05:31","passenger_count":"1","trip_distance":"1.10","RatecodeID":"1","store_and_fwd_flag":"Y","PULocationID":"186","DOLocationID":"234","payment_type":"1","fare_amount":"6.5","extra":"0.5","mta_tax":"0.5","tip_amount":"1","tolls_amount":"0","improvement_surcharge":"0.3","total_amount":"8.8","congestion_surcharge":"","tripId":"8ffb4093-3e88-4745-bd01-eeb50f6b217a"},{"VendorID":"2","tpep_pickup_datetime":"2023-10-08 19:03:19","tpep_dropoff_datetime":"2023-10-12 19:11:27","passenger_count":"1","trip_distance":"1.13","RatecodeID":"1","store_and_fwd_flag":"N","PULocationID":"144","DOLocationID":"231","payment_type":"1","fare_amount":"7","extra":"1","mta_tax":"0.5","tip_amount":"1.32","tolls_amount":"0","improvement_surcharge":"0.3","total_amount":"10.12","congestion_surcharge":"","tripId":"66f87300-8511-43d0-b7da-2998271d7033"},{"VendorID":"2","tpep_pickup_datetime":"2023-02-02 19:14:47","tpep_dropoff_datetime":"2023-04-09 19:21:53","passenger_count":"1","trip_distance":"1.28","RatecodeID":"1","store_and_fwd_flag":"N","PULocationID":"231","DOLocationID":"249","payment_type":"1","fare_amount":"7","extra":"1","mta_tax":"0.5","tip_amount":"1","tolls_amount":"0","improvement_surcharge":"0.3","total_amount":"9.8","congestion_surcharge":"","tripId":"65122e15-b0d6-40e5-b07c-cd5096d337ab"},{"VendorID":"2","tpep_pickup_datetime":"2023-08-30 19:32:00","tpep_dropoff_datetime":"2023-09-13 19:40:28","passenger_count":"1","trip_distance":"1.27","RatecodeID":"1","store_and_fwd_flag":"N","PULocationID":"234","DOLocationID":"4","payment_type":"2","fare_amount":"7.5","extra":"1","mta_tax":"0.5","tip_amount":"0","tolls_amount":"0","improvement_surcharge":"0.3","total_amount":"9.3","congestion_surcharge":"","tripId":"0d79c582-d886-4b75-8f1e-eef1b68182bc"},{"VendorID":"2","tpep_pickup_datetime":"2023-05-06 19:54:12","tpep_dropoff_datetime":"2023-12-26 20:03:04","passenger_count":"1","trip_distance":"1.35","RatecodeID":"1","store_and_fwd_flag":"N","PULocationID":"107","DOLocationID":"211","payment_type":"1","fare_amount":"8","extra":"1","mta_tax":"0.5","tip_amount":"2.45","tolls_amount":"0","improvement_surcharge":"0.3","total_amount":"12.25","congestion_surcharge":"","tripId":"870504fd-d7ec-48fb-817e-097618f2708e"},{"VendorID":"1","tpep_pickup_datetime":"2023-02-12 19:45:23","tpep_dropoff_datetime":"2024-01-29 19:58:37","passenger_count":"1","trip_distance":"1.70","RatecodeID":"1","store_and_fwd_flag":"N","PULocationID":"164","DOLocationID":"229","payment_type":"1","fare_amount":"10","extra":"1","mta_tax":"0.5","tip_amount":"2.35","tolls_amount":"0","improvement_surcharge":"0.3","total_amount":"14.15","congestion_surcharge":"","tripId":"32558b9c-6e9b-4899-90df-94f0be202567"},{"VendorID":"2","tpep_pickup_datetime":"2023-11-10 19:28:28","tpep_dropoff_datetime":"2023-11-30 19:39:27","passenger_count":"3","trip_distance":"3.04","RatecodeID":"1","store_and_fwd_flag":"N","PULocationID":"87","DOLocationID":"79","payment_type":"1","fare_amount":"11.5","extra":"1","mta_tax":"0.5","tip_amount":"1.33","tolls_amount":"0","improvement_surcharge":"0.3","total_amount":"14.63","congestion_surcharge":"","tripId":"0acab315-aac7-4eac-acca-bcf6c2f112dc"},{"VendorID":"2","tpep_pickup_datetime":"2023-05-24 19:40:52","tpep_dropoff_datetime":"2023-10-12 19:44:28","passenger_count":"2","trip_distance":".55","RatecodeID":"1","store_and_fwd_flag":"N","PULocationID":"79","DOLocationID":"4","payment_type":"1","fare_amount":"4.5","extra":"1","mta_tax":"0.5","tip_amount":"1.58","tolls_amount":"0","improvement_surcharge":"0.3","total_amount":"7.88","congestion_surcharge":"","tripId":"fac36c5b-bcf1-4a22-89f4-1ccf86a49c00"},{"VendorID":"1","tpep_pickup_datetime":"2023-08-25 19:24:26","tpep_dropoff_datetime":"2024-01-02 19:51:01","passenger_count":"1","trip_distance":"14.10","RatecodeID":"1","store_and_fwd_flag":"N","PULocationID":"138","DOLocationID":"114","payment_type":"1","fare_amount":"40","extra":"1","mta_tax":"0.5","tip_amount":"9.5","tolls_amount":"5.76","improvement_surcharge":"0.3","total_amount":"57.06","congestion_surcharge":"","tripId":"134d1d14-ee79-4612-b20c-b0bde378f8c0"},{"VendorID":"2","tpep_pickup_datetime":"2023-05-04 19:21:35","tpep_dropoff_datetime":"2023-08-12 19:38:14","passenger_count":"1","trip_distance":".95","RatecodeID":"1","store_and_fwd_flag":"N","PULocationID":"237","DOLocationID":"162","payment_type":"2","fare_amount":"11","extra":"1","mta_tax":"0.5","tip_amount":"0","tolls_amount":"0","improvement_surcharge":"0.3","total_amount":"12.8","congestion_surcharge":"","tripId":"1e4c0a9f-79b1-4673-b769-3655a204905e"},{"VendorID":"2","tpep_pickup_datetime":"2023-10-25 19:50:35","tpep_dropoff_datetime":"2023-02-06 19:54:11","passenger_count":"2","trip_distance":".85","RatecodeID":"1","store_and_fwd_flag":"N","PULocationID":"163","DOLocationID":"237","payment_type":"1","fare_amount":"5","extra":"1","mta_tax":"0.5","tip_amount":"1","tolls_amount":"0","improvement_surcharge":"0.3","total_amount":"7.8","congestion_surcharge":"","tripId":"77b1eb37-bf13-40fe-9f7d-445b56e40923"},{"VendorID":"2","tpep_pickup_datetime":"2023-02-21 19:59:01","tpep_dropoff_datetime":"2023-09-26 20:11:15","passenger_count":"2","trip_distance":"2.03","RatecodeID":"1","store_and_fwd_flag":"N","PULocationID":"237","DOLocationID":"48","payment_type":"2","fare_amount":"10.5","extra":"1","mta_tax":"0.5","tip_amount":"0","tolls_amount":"0","improvement_surcharge":"0.3","total_amount":"12.3","congestion_surcharge":"","tripId":"435b72ad-1921-4b92-afd7-cd822e705f90"},{"VendorID":"2","tpep_pickup_datetime":"2023-06-24 19:35:12","tpep_dropoff_datetime":"2023-11-22 19:54:07","passenger_count":"3","trip_distance":"2.63","RatecodeID":"1","store_and_fwd_flag":"N","PULocationID":"165","DOLocationID":"26","payment_type":"1","fare_amount":"13.5","extra":"1","mta_tax":"0.5","tip_amount":"0","tolls_amount":"0","improvement_surcharge":"0.3","total_amount":"15.3","congestion_surcharge":"","tripId":"f784922c-5067-4e97-b8be-c680bd70cd15"},{"VendorID":"2","tpep_pickup_datetime":"2023-06-08 19:27:03","tpep_dropoff_datetime":"2023-10-14 19:53:59","passenger_count":"1","trip_distance":"12.26","RatecodeID":"1","store_and_fwd_flag":"N","PULocationID":"138","DOLocationID":"125","payment_type":"1","fare_amount":"35.5","extra":"1","mta_tax":"0.5","tip_amount":"7.46","tolls_amount":"0","improvement_surcharge":"0.3","total_amount":"44.76","congestion_surcharge":"","tripId":"ff9803b1-43bb-4e06-981e-c98589eb144c"},{"VendorID":"2","tpep_pickup_datetime":"2023-01-23 19:55:38","tpep_dropoff_datetime":"2023-09-20 20:06:44","passenger_count":"1","trip_distance":"1.91","RatecodeID":"1","store_and_fwd_flag":"N","PULocationID":"125","DOLocationID":"4","payment_type":"1","fare_amount":"10","extra":"1","mta_tax":"0.5","tip_amount":"3.54","tolls_amount":"0","improvement_surcharge":"0.3","total_amount":"15.34","congestion_surcharge":"","tripId":"e260ab58-3377-4dfa-8eae-760b9e6224d6"},{"VendorID":"1","tpep_pickup_datetime":"2023-05-22 19:35:20","tpep_dropoff_datetime":"2023-07-20 19:52:45","passenger_count":"1","trip_distance":"2.80","RatecodeID":"1","store_and_fwd_flag":"N","PULocationID":"144","DOLocationID":"186","payment_type":"2","fare_amount":"13","extra":"1","mta_tax":"0.5","tip_amount":"0","tolls_amount":"0","improvement_surcharge":"0.3","total_amount":"14.8","congestion_surcharge":"","tripId":"70cb0561-87d1-4b87-8362-b3b368173e11"},{"VendorID":"1","tpep_pickup_datetime":"2023-11-12 19:57:30","tpep_dropoff_datetime":"2023-11-05 20:05:51","passenger_count":"1","trip_distance":"1.30","RatecodeID":"1","store_and_fwd_flag":"N","PULocationID":"68","DOLocationID":"68","payment_type":"2","fare_amount":"7.5","extra":"1","mta_tax":"0.5","tip_amount":"0","tolls_amount":"0","improvement_surcharge":"0.3","total_amount":"9.3","congestion_surcharge":"","tripId":"fb49a2c6-c5d9-4dd1-af0f-fb7d83a54f65"},{"VendorID":"2","tpep_pickup_datetime":"2023-11-25 19:16:04","tpep_dropoff_datetime":"2023-04-19 19:24:25","passenger_count":"1","trip_distance":"1.52","RatecodeID":"1","store_and_fwd_flag":"N","PULocationID":"164","DOLocationID":"50","payment_type":"1","fare_amount":"7.5","extra":"1","mta_tax":"0.5","tip_amount":"1.4","tolls_amount":"0","improvement_surcharge":"0.3","total_amount":"10.7","congestion_surcharge":"","tripId":"f2017406-79be-41b4-970a-6b79501a6112"},{"VendorID":"2","tpep_pickup_datetime":"2023-04-20 19:52:41","tpep_dropoff_datetime":"2023-01-29 20:00:09","passenger_count":"1","trip_distance":".78","RatecodeID":"1","store_and_fwd_flag":"N","PULocationID":"161","DOLocationID":"163","payment_type":"1","fare_amount":"6.5","extra":"1","mta_tax":"0.5","tip_amount":"1.66","tolls_amount":"0","improvement_surcharge":"0.3","total_amount":"9.96","congestion_surcharge":"","tripId":"7f0cd8f7-223f-413f-b7d7-e9149ba8e429"},{"VendorID":"1","tpep_pickup_datetime":"2023-10-13 19:06:28","tpep_dropoff_datetime":"2023-12-07 19:16:07","passenger_count":"1","trip_distance":"1.80","RatecodeID":"1","store_and_fwd_flag":"N","PULocationID":"237","DOLocationID":"263","payment_type":"2","fare_amount":"9","extra":"1","mta_tax":"0.5","tip_amount":"0","tolls_amount":"0","improvement_surcharge":"0.3","total_amount":"10.8","congestion_surcharge":"","tripId":"6573b53e-0e71-40de-8b32-ed977dd74831"},{"VendorID":"1","tpep_pickup_datetime":"2023-12-16 19:45:59","tpep_dropoff_datetime":"2023-04-18 20:00:08","passenger_count":"1","trip_distance":"2.60","RatecodeID":"1","store_and_fwd_flag":"N","PULocationID":"161","DOLocationID":"249","payment_type":"1","fare_amount":"11.5","extra":"1","mta_tax":"0.5","tip_amount":"2.65","tolls_amount":"0","improvement_surcharge":"0.3","total_amount":"15.95","congestion_surcharge":"","tripId":"82bc91cf-1a52-4c6f-af74-288ff003f934"},{"VendorID":"2","tpep_pickup_datetime":"2023-12-18 18:56:21","tpep_dropoff_datetime":"2023-12-31 19:33:33","passenger_count":"1","trip_distance":"7.74","RatecodeID":"1","store_and_fwd_flag":"N","PULocationID":"161","DOLocationID":"196","payment_type":"2","fare_amount":"29","extra":"1","mta_tax":"0.5","tip_amount":"0","tolls_amount":"0","improvement_surcharge":"0.3","total_amount":"30.8","congestion_surcharge":"","tripId":"cff2ff51-9105-49c9-aee8-cf12b2258ab1"},{"VendorID":"2","tpep_pickup_datetime":"2023-04-01 19:12:25","tpep_dropoff_datetime":"2023-06-28 19:22:36","passenger_count":"2","trip_distance":"1.33","RatecodeID":"1","store_and_fwd_flag":"N","PULocationID":"114","DOLocationID":"261","payment_type":"1","fare_amount":"8","extra":"1","mta_tax":"0.5","tip_amount":"1.96","tolls_amount":"0","improvement_surcharge":"0.3","total_amount":"11.76","congestion_surcharge":"","tripId":"101b148a-7120-43de-b0ab-8fa6f376d66b"},{"VendorID":"1","tpep_pickup_datetime":"2024-01-14 19:16:47","tpep_dropoff_datetime":"2023-07-04 19:21:29","passenger_count":"2","trip_distance":"1.30","RatecodeID":"1","store_and_fwd_flag":"N","PULocationID":"239","DOLocationID":"151","payment_type":"1","fare_amount":"6","extra":"1","mta_tax":"0.5","tip_amount":"1.55","tolls_amount":"0","improvement_surcharge":"0.3","total_amount":"9.35","congestion_surcharge":"","tripId":"ed9572a7-486e-46e8-9763-d1850e2b49bd"},{"VendorID":"1","tpep_pickup_datetime":"2023-08-01 19:39:12","tpep_dropoff_datetime":"2023-10-01 19:41:35","passenger_count":"1","trip_distance":".80","RatecodeID":"1","store_and_fwd_flag":"N","PULocationID":"75","DOLocationID":"74","payment_type":"2","fare_amount":"4.5","extra":"1","mta_tax":"0.5","tip_amount":"0","tolls_amount":"0","improvement_surcharge":"0.3","total_amount":"6.3","congestion_surcharge":"","tripId":"ad0ce60a-e56c-483b-87e1-627ad7d56b52"},{"VendorID":"2","tpep_pickup_datetime":"2023-05-24 19:25:50","tpep_dropoff_datetime":"2023-01-12 19:36:48","passenger_count":"1","trip_distance":"1.36","RatecodeID":"1","store_and_fwd_flag":"N","PULocationID":"262","DOLocationID":"237","payment_type":"1","fare_amount":"9","extra":"1","mta_tax":"0.5","tip_amount":"2.7","tolls_amount":"0","improvement_surcharge":"0.3","total_amount":"13.5","congestion_surcharge":"","tripId":"bb078aa0-3ce8-40ed-a533-fae42e9e7391"},{"VendorID":"2","tpep_pickup_datetime":"2023-11-07 19:47:24","tpep_dropoff_datetime":"2023-02-12 20:15:35","passenger_count":"1","trip_distance":"5.61","RatecodeID":"1","store_and_fwd_flag":"N","PULocationID":"140","DOLocationID":"223","payment_type":"1","fare_amount":"23","extra":"1","mta_tax":"0.5","tip_amount":"7","tolls_amount":"0","improvement_surcharge":"0.3","total_amount":"31.8","congestion_surcharge":"","tripId":"c2c7f139-6d30-46c7-84c3-52ebb01150f0"},{"VendorID":"1","tpep_pickup_datetime":"2023-09-07 19:20:59","tpep_dropoff_datetime":"2023-09-03 19:30:10","passenger_count":"1","trip_distance":".90","RatecodeID":"1","store_and_fwd_flag":"N","PULocationID":"162","DOLocationID":"142","payment_type":"1","fare_amount":"7.5","extra":"1","mta_tax":"0.5","tip_amount":"2.75","tolls_amount":"0","improvement_surcharge":"0.3","total_amount":"12.05","congestion_surcharge":"","tripId":"3c197857-830a-4f1f-b2c2-930dab359cac"},{"VendorID":"2","tpep_pickup_datetime":"2023-06-18 19:06:34","tpep_dropoff_datetime":"2023-06-28 19:13:46","passenger_count":"1","trip_distance":"1.54","RatecodeID":"1","store_and_fwd_flag":"N","PULocationID":"137","DOLocationID":"79","payment_type":"1","fare_amount":"7.5","extra":"1","mta_tax":"0.5","tip_amount":"1","tolls_amount":"0","improvement_surcharge":"0.3","total_amount":"10.3","congestion_surcharge":"","tripId":"d1b7c798-a1f9-41e9-a0a3-ed90ca341ae7"},{"VendorID":"2","tpep_pickup_datetime":"2023-07-22 19:34:20","tpep_dropoff_datetime":"2023-08-13 19:44:02","passenger_count":"1","trip_distance":"1.45","RatecodeID":"1","store_and_fwd_flag":"N","PULocationID":"162","DOLocationID":"141","payment_type":"1","fare_amount":"8.5","extra":"1","mta_tax":"0.5","tip_amount":"2.06","tolls_amount":"0","improvement_surcharge":"0.3","total_amount":"12.36","congestion_surcharge":"","tripId":"ff2cd5c4-7f08-4ae2-87cc-8785caccf6aa"},{"VendorID":"2","tpep_pickup_datetime":"2023-02-06 19:14:48","tpep_dropoff_datetime":"2023-08-27 19:22:28","passenger_count":"5","trip_distance":".99","RatecodeID":"1","store_and_fwd_flag":"N","PULocationID":"100","DOLocationID":"230","payment_type":"2","fare_amount":"6.5","extra":"1","mta_tax":"0.5","tip_amount":"0","tolls_amount":"0","improvement_surcharge":"0.3","total_amount":"8.3","congestion_surcharge":"","tripId":"ef2c1153-f4d3-487e-9d80-a7836cc89cca"},{"VendorID":"2","tpep_pickup_datetime":"2023-08-14 19:23:55","tpep_dropoff_datetime":"2023-05-06 19:34:23","passenger_count":"5","trip_distance":"1.79","RatecodeID":"1","store_and_fwd_flag":"N","PULocationID":"230","DOLocationID":"143","payment_type":"1","fare_amount":"9","extra":"1","mta_tax":"0.5","tip_amount":"2.16","tolls_amount":"0","improvement_surcharge":"0.3","total_amount":"12.96","congestion_surcharge":"","tripId":"ac3243c7-261f-4101-9491-833d086e0e57"},{"VendorID":"2","tpep_pickup_datetime":"2023-06-06 19:17:42","tpep_dropoff_datetime":"2023-08-27 19:23:31","passenger_count":"1","trip_distance":"1.28","RatecodeID":"1","store_and_fwd_flag":"N","PULocationID":"230","DOLocationID":"246","payment_type":"1","fare_amount":"6.5","extra":"1","mta_tax":"0.5","tip_amount":"1.66","tolls_amount":"0","improvement_surcharge":"0.3","total_amount":"9.96","congestion_surcharge":"","tripId":"260183bf-01ac-41e0-a8b0-3a8f34e802c0"},{"VendorID":"2","tpep_pickup_datetime":"2023-03-15 19:29:16","tpep_dropoff_datetime":"2024-01-11 19:33:27","passenger_count":"1","trip_distance":".66","RatecodeID":"1","store_and_fwd_flag":"N","PULocationID":"246","DOLocationID":"68","payment_type":"1","fare_amount":"5","extra":"1","mta_tax":"0.5","tip_amount":"1.02","tolls_amount":"0","improvement_surcharge":"0.3","total_amount":"7.82","congestion_surcharge":"","tripId":"3e37af17-3715-45db-b61b-6ee669a8c7c1"},{"VendorID":"2","tpep_pickup_datetime":"2023-09-17 19:41:17","tpep_dropoff_datetime":"2023-01-12 19:45:17","passenger_count":"1","trip_distance":".82","RatecodeID":"1","store_and_fwd_flag":"N","PULocationID":"234","DOLocationID":"107","payment_type":"1","fare_amount":"5","extra":"1","mta_tax":"0.5","tip_amount":"1","tolls_amount":"0","improvement_surcharge":"0.3","total_amount":"7.8","congestion_surcharge":"","tripId":"51d446dd-a235-4bc7-9f90-21381d38b870"},{"VendorID":"2","tpep_pickup_datetime":"2023-11-19 19:51:07","tpep_dropoff_datetime":"2023-03-21 19:58:26","passenger_count":"1","trip_distance":"1.20","RatecodeID":"1","store_and_fwd_flag":"N","PULocationID":"107","DOLocationID":"233","payment_type":"1","fare_amount":"7","extra":"1","mta_tax":"0.5","tip_amount":"1.76","tolls_amount":"0","improvement_surcharge":"0.3","total_amount":"10.56","congestion_surcharge":"","tripId":"288f1f88-d0d2-411b-898c-7e55f5b5381e"},{"VendorID":"1","tpep_pickup_datetime":"2023-02-18 19:06:14","tpep_dropoff_datetime":"2023-05-12 19:12:13","passenger_count":"1","trip_distance":"1.00","RatecodeID":"1","store_and_fwd_flag":"N","PULocationID":"237","DOLocationID":"162","payment_type":"1","fare_amount":"6","extra":"1","mta_tax":"0.5","tip_amount":"1.55","tolls_amount":"0","improvement_surcharge":"0.3","total_amount":"9.35","congestion_surcharge":"","tripId":"1c46507c-22fd-42f4-9567-55b233eee345"},{"VendorID":"1","tpep_pickup_datetime":"2023-10-27 19:30:13","tpep_dropoff_datetime":"2023-08-31 19:43:44","passenger_count":"1","trip_distance":"2.40","RatecodeID":"1","store_and_fwd_flag":"N","PULocationID":"163","DOLocationID":"107","payment_type":"1","fare_amount":"11","extra":"1","mta_tax":"0.5","tip_amount":"2.55","tolls_amount":"0","improvement_surcharge":"0.3","total_amount":"15.35","congestion_surcharge":"","tripId":"5f40802e-5691-4051-8b82-efa007b25aa0"},{"VendorID":"1","tpep_pickup_datetime":"2023-04-24 19:44:04","tpep_dropoff_datetime":"2023-05-30 19:55:11","passenger_count":"1","trip_distance":"2.50","RatecodeID":"1","store_and_fwd_flag":"N","PULocationID":"179","DOLocationID":"226","payment_type":"1","fare_amount":"10.5","extra":"0.5","mta_tax":"0.5","tip_amount":"1.77","tolls_amount":"0","improvement_surcharge":"0.3","total_amount":"13.57","congestion_surcharge":"","tripId":"0ef22674-0d66-4138-acfe-06cfcebd4dc6"},{"VendorID":"2","tpep_pickup_datetime":"2023-05-18 19:07:54","tpep_dropoff_datetime":"2023-09-06 19:16:31","passenger_count":"1","trip_distance":"1.56","RatecodeID":"1","store_and_fwd_flag":"N","PULocationID":"232","DOLocationID":"87","payment_type":"1","fare_amount":"7.5","extra":"1","mta_tax":"0.5","tip_amount":"0","tolls_amount":"0","improvement_surcharge":"0.3","total_amount":"9.3","congestion_surcharge":"","tripId":"7a3bf3e1-2b2a-4548-a504-beb6ae50b526"},{"VendorID":"2","tpep_pickup_datetime":"2023-03-04 19:30:29","tpep_dropoff_datetime":"2023-08-02 19:35:41","passenger_count":"1","trip_distance":".98","RatecodeID":"1","store_and_fwd_flag":"N","PULocationID":"125","DOLocationID":"148","payment_type":"1","fare_amount":"6","extra":"1","mta_tax":"0.5","tip_amount":"1.56","tolls_amount":"0","improvement_surcharge":"0.3","total_amount":"9.36","congestion_surcharge":"","tripId":"bbd759b9-fb4d-4f92-827c-dd57e11cae8e"},{"VendorID":"1","tpep_pickup_datetime":"2023-03-20 19:00:28","tpep_dropoff_datetime":"2023-06-26 19:05:41","passenger_count":"1","trip_distance":".50","RatecodeID":"1","store_and_fwd_flag":"N","PULocationID":"236","DOLocationID":"236","payment_type":"2","fare_amount":"5","extra":"1","mta_tax":"0.5","tip_amount":"0","tolls_amount":"0","improvement_surcharge":"0.3","total_amount":"6.8","congestion_surcharge":"","tripId":"706f6ad9-fd03-42d0-9b9c-39bed73f3608"},{"VendorID":"1","tpep_pickup_datetime":"2023-12-06 19:26:55","tpep_dropoff_datetime":"2024-01-19 19:28:59","passenger_count":"1","trip_distance":".70","RatecodeID":"1","store_and_fwd_flag":"N","PULocationID":"237","DOLocationID":"263","payment_type":"1","fare_amount":"4","extra":"1","mta_tax":"0.5","tip_amount":"1","tolls_amount":"0","improvement_surcharge":"0.3","total_amount":"6.8","congestion_surcharge":"","tripId":"65d6e04d-c5ac-4352-8ebe-c160e36e6c08"},{"VendorID":"1","tpep_pickup_datetime":"2024-01-19 19:42:09","tpep_dropoff_datetime":"2023-10-20 19:47:23","passenger_count":"1","trip_distance":".90","RatecodeID":"1","store_and_fwd_flag":"N","PULocationID":"141","DOLocationID":"236","payment_type":"1","fare_amount":"6","extra":"1","mta_tax":"0.5","tip_amount":"1.55","tolls_amount":"0","improvement_surcharge":"0.3","total_amount":"9.35","congestion_surcharge":"","tripId":"e646648a-d198-48a2-b5fe-aa78d7efcb1c"},{"VendorID":"1","tpep_pickup_datetime":"2023-02-04 19:51:50","tpep_dropoff_datetime":"2023-03-05 19:53:57","passenger_count":"1","trip_distance":".30","RatecodeID":"1","store_and_fwd_flag":"N","PULocationID":"236","DOLocationID":"75","payment_type":"1","fare_amount":"3.5","extra":"1","mta_tax":"0.5","tip_amount":"1.3","tolls_amount":"0","improvement_surcharge":"0.3","total_amount":"6.6","congestion_surcharge":"","tripId":"eaaa447f-6ff6-4892-ac88-e31ab2490dc8"},{"VendorID":"2","tpep_pickup_datetime":"2023-12-24 19:36:07","tpep_dropoff_datetime":"2024-01-13 19:40:32","passenger_count":"1","trip_distance":".42","RatecodeID":"1","store_and_fwd_flag":"N","PULocationID":"249","DOLocationID":"90","payment_type":"2","fare_amount":"4.5","extra":"1","mta_tax":"0.5","tip_amount":"0","tolls_amount":"0","improvement_surcharge":"0.3","total_amount":"6.3","congestion_surcharge":"","tripId":"37724408-0d9d-4de0-9a91-ca0aea500cee"},{"VendorID":"1","tpep_pickup_datetime":"2023-05-09 19:37:30","tpep_dropoff_datetime":"2023-06-18 19:48:47","passenger_count":"1","trip_distance":"2.10","RatecodeID":"1","store_and_fwd_flag":"N","PULocationID":"137","DOLocationID":"148","payment_type":"1","fare_amount":"10","extra":"1","mta_tax":"0.5","tip_amount":"2.36","tolls_amount":"0","improvement_surcharge":"0.3","total_amount":"14.16","congestion_surcharge":"","tripId":"269f62b9-7f0c-467b-8f94-3475e84a9b23"},{"VendorID":"2","tpep_pickup_datetime":"2023-01-21 19:07:54","tpep_dropoff_datetime":"2024-01-26 19:14:12","passenger_count":"1","trip_distance":"1.00","RatecodeID":"1","store_and_fwd_flag":"N","PULocationID":"48","DOLocationID":"142","payment_type":"1","fare_amount":"6.5","extra":"1","mta_tax":"0.5","tip_amount":"1.66","tolls_amount":"0","improvement_surcharge":"0.3","total_amount":"9.96","congestion_surcharge":"","tripId":"0d1ca305-b92f-45d8-be52-77bbaeed842f"},{"VendorID":"2","tpep_pickup_datetime":"2023-12-15 19:27:10","tpep_dropoff_datetime":"2024-01-17 19:39:42","passenger_count":"1","trip_distance":"2.63","RatecodeID":"1","store_and_fwd_flag":"N","PULocationID":"238","DOLocationID":"42","payment_type":"1","fare_amount":"11","extra":"1","mta_tax":"0.5","tip_amount":"0","tolls_amount":"0","improvement_surcharge":"0.3","total_amount":"12.8","congestion_surcharge":"","tripId":"c5993754-5048-4430-b3ac-10a4d4bda242"},{"VendorID":"2","tpep_pickup_datetime":"2023-09-13 19:03:16","tpep_dropoff_datetime":"2023-02-12 19:14:50","passenger_count":"1","trip_distance":"1.61","RatecodeID":"1","store_and_fwd_flag":"N","PULocationID":"230","DOLocationID":"186","payment_type":"1","fare_amount":"9","extra":"1","mta_tax":"0.5","tip_amount":"2.16","tolls_amount":"0","improvement_surcharge":"0.3","total_amount":"12.96","congestion_surcharge":"","tripId":"3937896a-b1c5-4740-a063-1f0e5c639dd6"},{"VendorID":"2","tpep_pickup_datetime":"2024-01-23 19:22:57","tpep_dropoff_datetime":"2023-08-09 19:38:48","passenger_count":"1","trip_distance":"3.15","RatecodeID":"1","store_and_fwd_flag":"N","PULocationID":"100","DOLocationID":"151","payment_type":"1","fare_amount":"13.5","extra":"1","mta_tax":"0.5","tip_amount":"3.06","tolls_amount":"0","improvement_surcharge":"0.3","total_amount":"18.36","congestion_surcharge":"","tripId":"1fa7a900-6dbf-43cf-96d0-d64738948b31"},{"VendorID":"2","tpep_pickup_datetime":"2023-10-18 19:41:56","tpep_dropoff_datetime":"2023-11-27 20:03:31","passenger_count":"1","trip_distance":"3.65","RatecodeID":"1","store_and_fwd_flag":"N","PULocationID":"238","DOLocationID":"161","payment_type":"1","fare_amount":"16","extra":"1","mta_tax":"0.5","tip_amount":"3.56","tolls_amount":"0","improvement_surcharge":"0.3","total_amount":"21.36","congestion_surcharge":"","tripId":"74dc341e-157b-43b9-b575-9859a1132fdf"},{"VendorID":"2","tpep_pickup_datetime":"2023-09-11 19:00:02","tpep_dropoff_datetime":"2023-08-19 19:23:45","passenger_count":"1","trip_distance":"3.20","RatecodeID":"1","store_and_fwd_flag":"N","PULocationID":"161","DOLocationID":"231","payment_type":"1","fare_amount":"16.5","extra":"1","mta_tax":"0.5","tip_amount":"3.66","tolls_amount":"0","improvement_surcharge":"0.3","total_amount":"21.96","congestion_surcharge":"","tripId":"77469244-a005-42bb-a0e4-395d409a1df2"},{"VendorID":"2","tpep_pickup_datetime":"2023-07-31 19:29:05","tpep_dropoff_datetime":"2023-02-28 19:50:51","passenger_count":"1","trip_distance":"3.85","RatecodeID":"1","store_and_fwd_flag":"N","PULocationID":"87","DOLocationID":"100","payment_type":"2","fare_amount":"16","extra":"1","mta_tax":"0.5","tip_amount":"0","tolls_amount":"0","improvement_surcharge":"0.3","total_amount":"17.8","congestion_surcharge":"","tripId":"0912d0cc-e0df-473f-ae83-e2fa8a50f048"},{"VendorID":"1","tpep_pickup_datetime":"2023-12-19 19:07:44","tpep_dropoff_datetime":"2023-06-21 19:13:08","passenger_count":"1","trip_distance":".60","RatecodeID":"1","store_and_fwd_flag":"N","PULocationID":"237","DOLocationID":"237","payment_type":"1","fare_amount":"5.5","extra":"1","mta_tax":"0.5","tip_amount":"1.45","tolls_amount":"0","improvement_surcharge":"0.3","total_amount":"8.75","congestion_surcharge":"","tripId":"2f12c6dd-cc07-454e-9367-90a8d0bed2e3"},{"VendorID":"2","tpep_pickup_datetime":"2024-02-03 19:05:23","tpep_dropoff_datetime":"2023-08-28 19:43:01","passenger_count":"1","trip_distance":"27.77","RatecodeID":"5","store_and_fwd_flag":"N","PULocationID":"88","DOLocationID":"219","payment_type":"1","fare_amount":"78.48","extra":"0","mta_tax":"0.5","tip_amount":"0","tolls_amount":"5.76","improvement_surcharge":"0.3","total_amount":"85.04","congestion_surcharge":"","tripId":"74caf3e6-6e93-4c6e-a352-8811411c8b08"},{"VendorID":"2","tpep_pickup_datetime":"2023-03-28 19:02:40","tpep_dropoff_datetime":"2024-01-14 19:08:59","passenger_count":"1","trip_distance":"1.47","RatecodeID":"1","store_and_fwd_flag":"N","PULocationID":"238","DOLocationID":"236","payment_type":"2","fare_amount":"6.5","extra":"1","mta_tax":"0.5","tip_amount":"0","tolls_amount":"0","improvement_surcharge":"0.3","total_amount":"8.3","congestion_surcharge":"","tripId":"4095fee0-76bd-48e7-8e65-c7fb5058afcc"},{"VendorID":"2","tpep_pickup_datetime":"2023-01-30 19:16:42","tpep_dropoff_datetime":"2023-08-14 19:25:23","passenger_count":"1","trip_distance":"1.37","RatecodeID":"1","store_and_fwd_flag":"N","PULocationID":"237","DOLocationID":"262","payment_type":"1","fare_amount":"8","extra":"1","mta_tax":"0.5","tip_amount":"2.1","tolls_amount":"0","improvement_surcharge":"0.3","total_amount":"11.9","congestion_surcharge":"","tripId":"6c246231-f39d-47ef-a6ff-a18f22fbe975"},{"VendorID":"1","tpep_pickup_datetime":"2023-10-15 19:16:54","tpep_dropoff_datetime":"2023-04-09 19:22:54","passenger_count":"1","trip_distance":".40","RatecodeID":"1","store_and_fwd_flag":"N","PULocationID":"264","DOLocationID":"264","payment_type":"1","fare_amount":"5.5","extra":"1","mta_tax":"0.5","tip_amount":"1","tolls_amount":"0","improvement_surcharge":"0.3","total_amount":"8.3","congestion_surcharge":"","tripId":"ec5c0ba5-1934-44e0-a1e1-b1e20048cce8"},{"VendorID":"1","tpep_pickup_datetime":"2023-08-06 19:28:16","tpep_dropoff_datetime":"2023-08-27 19:41:06","passenger_count":"1","trip_distance":"2.90","RatecodeID":"1","store_and_fwd_flag":"N","PULocationID":"264","DOLocationID":"264","payment_type":"1","fare_amount":"12","extra":"1","mta_tax":"0.5","tip_amount":"1.96","tolls_amount":"5.76","improvement_surcharge":"0.3","total_amount":"21.52","congestion_surcharge":"","tripId":"2fd06a66-0d18-4b7a-8439-de4e3d420307"},{"VendorID":"1","tpep_pickup_datetime":"2023-02-28 19:47:14","tpep_dropoff_datetime":"2023-02-23 20:05:09","passenger_count":"1","trip_distance":"2.40","RatecodeID":"1","store_and_fwd_flag":"N","PULocationID":"100","DOLocationID":"237","payment_type":"1","fare_amount":"13.5","extra":"1","mta_tax":"0.5","tip_amount":"3.05","tolls_amount":"0","improvement_surcharge":"0.3","total_amount":"18.35","congestion_surcharge":"","tripId":"a4ad7311-ca79-4d82-9f71-d8a0999de751"},{"VendorID":"1","tpep_pickup_datetime":"2023-02-14 19:20:26","tpep_dropoff_datetime":"2023-10-26 19:35:49","passenger_count":"1","trip_distance":"2.70","RatecodeID":"1","store_and_fwd_flag":"N","PULocationID":"238","DOLocationID":"48","payment_type":"1","fare_amount":"12","extra":"1","mta_tax":"0.5","tip_amount":"1","tolls_amount":"0","improvement_surcharge":"0.3","total_amount":"14.8","congestion_surcharge":"","tripId":"7f711210-cebd-4950-b026-c55fcb19728a"},{"VendorID":"1","tpep_pickup_datetime":"2023-07-13 19:47:06","tpep_dropoff_datetime":"2023-09-19 19:57:53","passenger_count":"1","trip_distance":"1.00","RatecodeID":"1","store_and_fwd_flag":"N","PULocationID":"161","DOLocationID":"142","payment_type":"2","fare_amount":"8","extra":"1","mta_tax":"0.5","tip_amount":"0","tolls_amount":"0","improvement_surcharge":"0.3","total_amount":"9.8","congestion_surcharge":"","tripId":"46a72edc-2f91-4a42-aee3-a7bfd70634ed"},{"VendorID":"2","tpep_pickup_datetime":"2024-01-09 19:16:29","tpep_dropoff_datetime":"2023-09-11 19:25:27","passenger_count":"1","trip_distance":"2.68","RatecodeID":"1","store_and_fwd_flag":"N","PULocationID":"107","DOLocationID":"262","payment_type":"2","fare_amount":"10","extra":"1","mta_tax":"0.5","tip_amount":"0","tolls_amount":"0","improvement_surcharge":"0.3","total_amount":"11.8","congestion_surcharge":"","tripId":"158b760c-f10f-472c-ac31-a58a33f2e6c2"},{"VendorID":"2","tpep_pickup_datetime":"2024-02-01 19:36:20","tpep_dropoff_datetime":"2023-09-08 19:47:58","passenger_count":"1","trip_distance":"1.93","RatecodeID":"1","store_and_fwd_flag":"N","PULocationID":"237","DOLocationID":"170","payment_type":"1","fare_amount":"10","extra":"1","mta_tax":"0.5","tip_amount":"1","tolls_amount":"0","improvement_surcharge":"0.3","total_amount":"12.8","congestion_surcharge":"","tripId":"1b203c30-40f9-448f-a77d-642d4c77d168"},{"VendorID":"2","tpep_pickup_datetime":"2023-12-28 19:56:38","tpep_dropoff_datetime":"2023-10-13 20:12:10","passenger_count":"1","trip_distance":"2.99","RatecodeID":"1","store_and_fwd_flag":"N","PULocationID":"170","DOLocationID":"263","payment_type":"2","fare_amount":"13","extra":"1","mta_tax":"0.5","tip_amount":"0","tolls_amount":"0","improvement_surcharge":"0.3","total_amount":"14.8","congestion_surcharge":"","tripId":"bc49ce11-2d98-4cef-8712-6444c30271ee"},{"VendorID":"1","tpep_pickup_datetime":"2023-09-19 19:02:59","tpep_dropoff_datetime":"2023-09-14 19:26:41","passenger_count":"2","trip_distance":"3.30","RatecodeID":"1","store_and_fwd_flag":"N","PULocationID":"79","DOLocationID":"48","payment_type":"2","fare_amount":"17","extra":"1","mta_tax":"0.5","tip_amount":"0","tolls_amount":"0","improvement_surcharge":"0.3","total_amount":"18.8","congestion_surcharge":"","tripId":"bd588dd4-1430-475e-9df3-7255019bd57b"},{"VendorID":"2","tpep_pickup_datetime":"2023-04-19 19:12:17","tpep_dropoff_datetime":"2023-11-02 19:12:19","passenger_count":"1","trip_distance":".00","RatecodeID":"5","store_and_fwd_flag":"N","PULocationID":"262","DOLocationID":"262","payment_type":"1","fare_amount":"8","extra":"0","mta_tax":"0.5","tip_amount":"8","tolls_amount":"0","improvement_surcharge":"0.3","total_amount":"16.8","congestion_surcharge":"","tripId":"598dff7c-4790-4127-abd4-3ecbf632580a"},{"VendorID":"2","tpep_pickup_datetime":"2023-07-25 19:35:25","tpep_dropoff_datetime":"2023-03-13 19:44:24","passenger_count":"1","trip_distance":"1.84","RatecodeID":"1","store_and_fwd_flag":"N","PULocationID":"233","DOLocationID":"234","payment_type":"1","fare_amount":"8.5","extra":"1","mta_tax":"0.5","tip_amount":"2.06","tolls_amount":"0","improvement_surcharge":"0.3","total_amount":"12.36","congestion_surcharge":"","tripId":"f46ddead-a607-4921-aaf7-c1aa1b18e694"},{"VendorID":"2","tpep_pickup_datetime":"2023-07-25 19:44:30","tpep_dropoff_datetime":"2023-03-19 19:47:34","passenger_count":"1","trip_distance":".71","RatecodeID":"1","store_and_fwd_flag":"N","PULocationID":"236","DOLocationID":"236","payment_type":"1","fare_amount":"4.5","extra":"1","mta_tax":"0.5","tip_amount":"1.26","tolls_amount":"0","improvement_surcharge":"0.3","total_amount":"7.56","congestion_surcharge":"","tripId":"bf0a08e5-8877-4eb6-9119-c394fe9d3740"},{"VendorID":"2","tpep_pickup_datetime":"2023-04-17 19:51:49","tpep_dropoff_datetime":"2023-05-24 19:55:08","passenger_count":"1","trip_distance":".41","RatecodeID":"1","store_and_fwd_flag":"N","PULocationID":"236","DOLocationID":"236","payment_type":"1","fare_amount":"4","extra":"1","mta_tax":"0.5","tip_amount":"1","tolls_amount":"0","improvement_surcharge":"0.3","total_amount":"6.8","congestion_surcharge":"","tripId":"eb9e6e2c-006b-4def-bb79-f1fcb3e31d08"},{"VendorID":"2","tpep_pickup_datetime":"2023-11-29 18:57:08","tpep_dropoff_datetime":"2023-06-06 18:58:53","passenger_count":"1","trip_distance":".80","RatecodeID":"1","store_and_fwd_flag":"N","PULocationID":"236","DOLocationID":"75","payment_type":"2","fare_amount":"4.5","extra":"1","mta_tax":"0.5","tip_amount":"0","tolls_amount":"0","improvement_surcharge":"0.3","total_amount":"6.3","congestion_surcharge":"","tripId":"7ce4ef27-0c5f-4648-9639-eba2377ae4ce"},{"VendorID":"2","tpep_pickup_datetime":"2023-02-08 19:23:14","tpep_dropoff_datetime":"2023-07-17 19:33:47","passenger_count":"1","trip_distance":"1.77","RatecodeID":"1","store_and_fwd_flag":"N","PULocationID":"236","DOLocationID":"163","payment_type":"1","fare_amount":"9.5","extra":"1","mta_tax":"0.5","tip_amount":"1.97","tolls_amount":"0","improvement_surcharge":"0.3","total_amount":"13.27","congestion_surcharge":"","tripId":"0e27c452-306d-4c11-aa02-820a9039b65b"},{"VendorID":"2","tpep_pickup_datetime":"2023-07-01 19:36:09","tpep_dropoff_datetime":"2023-10-01 19:33:47","passenger_count":"1","trip_distance":"2.60","RatecodeID":"1","store_and_fwd_flag":"N","PULocationID":"163","DOLocationID":"236","payment_type":"1","fare_amount":"11.5","extra":"1","mta_tax":"0.5","tip_amount":"1.33","tolls_amount":"0","improvement_surcharge":"0.3","total_amount":"14.63","congestion_surcharge":"","tripId":"5696af33-9fd1-464d-b2b6-4c54f5145d5e"},{"VendorID":"2","tpep_pickup_datetime":"2023-06-16 19:14:05","tpep_dropoff_datetime":"2023-03-22 19:25:36","passenger_count":"1","trip_distance":"1.59","RatecodeID":"1","store_and_fwd_flag":"N","PULocationID":"114","DOLocationID":"148","payment_type":"2","fare_amount":"9","extra":"1","mta_tax":"0.5","tip_amount":"0","tolls_amount":"0","improvement_surcharge":"0.3","total_amount":"10.8","congestion_surcharge":"","tripId":"341f5b0e-8756-4a2a-a066-99e1bca62366"},{"VendorID":"2","tpep_pickup_datetime":"2023-07-25 19:43:02","tpep_dropoff_datetime":"2023-11-10 19:54:22","passenger_count":"1","trip_distance":"1.68","RatecodeID":"1","store_and_fwd_flag":"N","PULocationID":"170","DOLocationID":"246","payment_type":"1","fare_amount":"9","extra":"1","mta_tax":"0.5","tip_amount":"1","tolls_amount":"0","improvement_surcharge":"0.3","total_amount":"11.8","congestion_surcharge":"","tripId":"8b2d6c1a-cf19-4bb2-97fc-f3e7089f4d5d"},{"VendorID":"2","tpep_pickup_datetime":"2023-05-05 19:58:00","tpep_dropoff_datetime":"2023-06-05 20:04:54","passenger_count":"1","trip_distance":"1.30","RatecodeID":"1","store_and_fwd_flag":"N","PULocationID":"90","DOLocationID":"100","payment_type":"1","fare_amount":"6.5","extra":"1","mta_tax":"0.5","tip_amount":"1.66","tolls_amount":"0","improvement_surcharge":"0.3","total_amount":"9.96","congestion_surcharge":"","tripId":"a83c54fd-06fc-4530-b94b-4bf3d1c38e81"},{"VendorID":"2","tpep_pickup_datetime":"2023-06-07 18:57:34","tpep_dropoff_datetime":"2023-07-07 19:33:19","passenger_count":"1","trip_distance":"8.42","RatecodeID":"1","store_and_fwd_flag":"N","PULocationID":"68","DOLocationID":"223","payment_type":"1","fare_amount":"30","extra":"1","mta_tax":"0.5","tip_amount":"6.36","tolls_amount":"0","improvement_surcharge":"0.3","total_amount":"38.16","congestion_surcharge":"","tripId":"c42ef9bf-787e-4d50-b0f2-5d422676dfff"},{"VendorID":"1","tpep_pickup_datetime":"2023-03-28 19:31:58","tpep_dropoff_datetime":"2023-11-07 19:36:27","passenger_count":"1","trip_distance":".70","RatecodeID":"1","store_and_fwd_flag":"N","PULocationID":"179","DOLocationID":"179","payment_type":"2","fare_amount":"5","extra":"1","mta_tax":"0.5","tip_amount":"0","tolls_amount":"0","improvement_surcharge":"0.3","total_amount":"6.8","congestion_surcharge":"","tripId":"98e3af16-1e19-4564-a34b-6bd31cc9a471"},{"VendorID":"2","tpep_pickup_datetime":"2023-12-22 19:10:56","tpep_dropoff_datetime":"2023-10-29 19:14:07","passenger_count":"3","trip_distance":".55","RatecodeID":"1","store_and_fwd_flag":"N","PULocationID":"238","DOLocationID":"239","payment_type":"1","fare_amount":"4.5","extra":"1","mta_tax":"0.5","tip_amount":"1","tolls_amount":"0","improvement_surcharge":"0.3","total_amount":"7.3","congestion_surcharge":"","tripId":"b1b706ca-566d-495e-9f55-e77107779b87"},{"VendorID":"2","tpep_pickup_datetime":"2023-02-19 19:27:06","tpep_dropoff_datetime":"2023-04-08 19:29:07","passenger_count":"3","trip_distance":".45","RatecodeID":"1","store_and_fwd_flag":"N","PULocationID":"163","DOLocationID":"230","payment_type":"2","fare_amount":"3.5","extra":"1","mta_tax":"0.5","tip_amount":"0","tolls_amount":"0","improvement_surcharge":"0.3","total_amount":"5.3","congestion_surcharge":"","tripId":"e74e1968-5da4-467b-b911-ce84916a5ec4"},{"VendorID":"2","tpep_pickup_datetime":"2023-03-07 19:42:40","tpep_dropoff_datetime":"2023-04-27 19:53:07","passenger_count":"4","trip_distance":"1.63","RatecodeID":"1","store_and_fwd_flag":"N","PULocationID":"234","DOLocationID":"161","payment_type":"2","fare_amount":"8.5","extra":"1","mta_tax":"0.5","tip_amount":"0","tolls_amount":"0","improvement_surcharge":"0.3","total_amount":"10.3","congestion_surcharge":"","tripId":"c147358e-3a57-4c45-8af9-2c408f32ef9d"},{"VendorID":"2","tpep_pickup_datetime":"2023-01-24 19:52:39","tpep_dropoff_datetime":"2023-01-21 20:13:53","passenger_count":"1","trip_distance":"9.54","RatecodeID":"1","store_and_fwd_flag":"N","PULocationID":"138","DOLocationID":"234","payment_type":"1","fare_amount":"28.5","extra":"1","mta_tax":"0.5","tip_amount":"9.02","tolls_amount":"5.76","improvement_surcharge":"0.3","total_amount":"45.08","congestion_surcharge":"","tripId":"ed1f5226-b843-4719-a6ad-6d9b24842dd7"},{"VendorID":"1","tpep_pickup_datetime":"2023-12-30 19:08:58","tpep_dropoff_datetime":"2023-08-24 19:10:22","passenger_count":"1","trip_distance":".20","RatecodeID":"1","store_and_fwd_flag":"N","PULocationID":"236","DOLocationID":"263","payment_type":"2","fare_amount":"3","extra":"1","mta_tax":"0.5","tip_amount":"0","tolls_amount":"0","improvement_surcharge":"0.3","total_amount":"4.8","congestion_surcharge":"","tripId":"8a80c940-61ea-4f13-a7fc-530673982488"},{"VendorID":"1","tpep_pickup_datetime":"2023-03-17 19:20:46","tpep_dropoff_datetime":"2023-07-22 19:27:06","passenger_count":"1","trip_distance":"1.30","RatecodeID":"1","store_and_fwd_flag":"N","PULocationID":"236","DOLocationID":"151","payment_type":"1","fare_amount":"7","extra":"1","mta_tax":"0.5","tip_amount":"1.32","tolls_amount":"0","improvement_surcharge":"0.3","total_amount":"10.12","congestion_surcharge":"","tripId":"08df0868-d1f8-4617-97d8-467f5405792c"},{"VendorID":"1","tpep_pickup_datetime":"2023-10-02 19:43:15","tpep_dropoff_datetime":"2023-10-24 19:59:31","passenger_count":"1","trip_distance":"3.20","RatecodeID":"1","store_and_fwd_flag":"N","PULocationID":"142","DOLocationID":"90","payment_type":"1","fare_amount":"13","extra":"1","mta_tax":"0.5","tip_amount":"2.96","tolls_amount":"0","improvement_surcharge":"0.3","total_amount":"17.76","congestion_surcharge":"","tripId":"999938ab-251d-4434-988b-4caea4f81b11"},{"VendorID":"2","tpep_pickup_datetime":"2023-07-04 19:36:12","tpep_dropoff_datetime":"2023-05-04 19:46:40","passenger_count":"1","trip_distance":"2.12","RatecodeID":"1","store_and_fwd_flag":"N","PULocationID":"163","DOLocationID":"238","payment_type":"2","fare_amount":"9.5","extra":"1","mta_tax":"0.5","tip_amount":"0","tolls_amount":"0","improvement_surcharge":"0.3","total_amount":"11.3","congestion_surcharge":"","tripId":"e5a3d383-3d20-45d7-acaa-40e590cd64d2"},{"VendorID":"2","tpep_pickup_datetime":"2023-09-27 19:48:33","tpep_dropoff_datetime":"2023-02-09 19:58:56","passenger_count":"1","trip_distance":"5.20","RatecodeID":"1","store_and_fwd_flag":"N","PULocationID":"238","DOLocationID":"243","payment_type":"2","fare_amount":"16","extra":"1","mta_tax":"0.5","tip_amount":"0","tolls_amount":"0","improvement_surcharge":"0.3","total_amount":"17.8","congestion_surcharge":"","tripId":"b6cd6b25-e7f7-4c8d-b255-c6b301ce3665"},{"VendorID":"2","tpep_pickup_datetime":"2023-03-20 19:32:59","tpep_dropoff_datetime":"2023-11-03 19:36:54","passenger_count":"1","trip_distance":".85","RatecodeID":"1","store_and_fwd_flag":"N","PULocationID":"186","DOLocationID":"68","payment_type":"2","fare_amount":"5","extra":"1","mta_tax":"0.5","tip_amount":"0","tolls_amount":"0","improvement_surcharge":"0.3","total_amount":"6.8","congestion_surcharge":"","tripId":"aa6e095a-0149-4310-8e77-a0fd9aa1d2b5"},{"VendorID":"2","tpep_pickup_datetime":"2023-01-22 19:45:00","tpep_dropoff_datetime":"2023-09-18 19:59:53","passenger_count":"1","trip_distance":"3.46","RatecodeID":"1","store_and_fwd_flag":"N","PULocationID":"186","DOLocationID":"262","payment_type":"1","fare_amount":"13","extra":"1","mta_tax":"0.5","tip_amount":"2.96","tolls_amount":"0","improvement_surcharge":"0.3","total_amount":"17.76","congestion_surcharge":"","tripId":"f1772a4b-de40-4a2d-8c9c-c9c5781f34aa"},{"VendorID":"2","tpep_pickup_datetime":"2023-03-05 19:31:33","tpep_dropoff_datetime":"2023-12-25 19:40:56","passenger_count":"3","trip_distance":"1.57","RatecodeID":"1","store_and_fwd_flag":"N","PULocationID":"41","DOLocationID":"166","payment_type":"1","fare_amount":"8.5","extra":"1","mta_tax":"0.5","tip_amount":"3.09","tolls_amount":"0","improvement_surcharge":"0.3","total_amount":"13.39","congestion_surcharge":"","tripId":"23214c12-d5ba-495c-b3d4-bdd07e699104"},{"VendorID":"2","tpep_pickup_datetime":"2024-01-14 19:48:11","tpep_dropoff_datetime":"2023-06-17 20:00:05","passenger_count":"3","trip_distance":"2.56","RatecodeID":"1","store_and_fwd_flag":"N","PULocationID":"166","DOLocationID":"159","payment_type":"2","fare_amount":"11","extra":"1","mta_tax":"0.5","tip_amount":"0","tolls_amount":"0","improvement_surcharge":"0.3","total_amount":"12.8","congestion_surcharge":"","tripId":"8dae06d6-8bfd-4f05-a833-12873f327dd3"},{"VendorID":"2","tpep_pickup_datetime":"2023-07-09 19:13:01","tpep_dropoff_datetime":"2023-05-08 19:23:55","passenger_count":"1","trip_distance":"2.06","RatecodeID":"1","store_and_fwd_flag":"N","PULocationID":"231","DOLocationID":"107","payment_type":"1","fare_amount":"9.5","extra":"1","mta_tax":"0.5","tip_amount":"2.26","tolls_amount":"0","improvement_surcharge":"0.3","total_amount":"13.56","congestion_surcharge":"","tripId":"36fcd2ee-4d39-4dd9-aa40-716a84c70581"},{"VendorID":"2","tpep_pickup_datetime":"2023-03-23 19:25:18","tpep_dropoff_datetime":"2023-11-23 19:39:08","passenger_count":"1","trip_distance":"3.22","RatecodeID":"1","store_and_fwd_flag":"N","PULocationID":"164","DOLocationID":"140","payment_type":"1","fare_amount":"12.5","extra":"1","mta_tax":"0.5","tip_amount":"2.86","tolls_amount":"0","improvement_surcharge":"0.3","total_amount":"17.16","congestion_surcharge":"","tripId":"6eb4dc47-eecb-435c-a83a-96f665291fd9"},{"VendorID":"2","tpep_pickup_datetime":"2023-12-20 19:47:19","tpep_dropoff_datetime":"2023-03-02 20:02:25","passenger_count":"1","trip_distance":"2.83","RatecodeID":"1","store_and_fwd_flag":"N","PULocationID":"140","DOLocationID":"48","payment_type":"1","fare_amount":"12.5","extra":"1","mta_tax":"0.5","tip_amount":"2","tolls_amount":"0","improvement_surcharge":"0.3","total_amount":"16.3","congestion_surcharge":"","tripId":"1998cef9-bd6d-4b45-98f2-17ff161d8452"},{"VendorID":"2","tpep_pickup_datetime":"2023-02-25 19:23:42","tpep_dropoff_datetime":"2023-12-30 19:28:25","passenger_count":"1","trip_distance":"1.27","RatecodeID":"1","store_and_fwd_flag":"N","PULocationID":"237","DOLocationID":"237","payment_type":"2","fare_amount":"6","extra":"1","mta_tax":"0.5","tip_amount":"0","tolls_amount":"0","improvement_surcharge":"0.3","total_amount":"7.8","congestion_surcharge":"","tripId":"3a0633f1-1cdc-4442-833d-7b1c1335d9cd"},{"VendorID":"2","tpep_pickup_datetime":"2023-09-25 19:30:23","tpep_dropoff_datetime":"2023-11-18 19:37:12","passenger_count":"2","trip_distance":"1.74","RatecodeID":"1","store_and_fwd_flag":"N","PULocationID":"237","DOLocationID":"74","payment_type":"1","fare_amount":"7.5","extra":"1","mta_tax":"0.5","tip_amount":"1.86","tolls_amount":"0","improvement_surcharge":"0.3","total_amount":"11.16","congestion_surcharge":"","tripId":"8f0be8f9-a0a5-41a9-8da4-dc633ddf562d"},{"VendorID":"2","tpep_pickup_datetime":"2023-11-14 19:49:48","tpep_dropoff_datetime":"2023-01-18 20:00:11","passenger_count":"4","trip_distance":"2.28","RatecodeID":"1","store_and_fwd_flag":"N","PULocationID":"236","DOLocationID":"239","payment_type":"2","fare_amount":"10","extra":"1","mta_tax":"0.5","tip_amount":"0","tolls_amount":"0","improvement_surcharge":"0.3","total_amount":"11.8","congestion_surcharge":"","tripId":"85be85b1-e7f1-4f91-8567-7c00cf853646"},{"VendorID":"1","tpep_pickup_datetime":"2023-07-18 19:26:28","tpep_dropoff_datetime":"2023-05-10 19:40:27","passenger_count":"1","trip_distance":"2.10","RatecodeID":"1","store_and_fwd_flag":"N","PULocationID":"144","DOLocationID":"186","payment_type":"1","fare_amount":"11","extra":"1","mta_tax":"0.5","tip_amount":"3.2","tolls_amount":"0","improvement_surcharge":"0.3","total_amount":"16","congestion_surcharge":"","tripId":"9b867bac-837a-4257-9f25-5dc44e09057f"},{"VendorID":"1","tpep_pickup_datetime":"2023-08-09 19:45:00","tpep_dropoff_datetime":"2023-05-30 19:47:43","passenger_count":"1","trip_distance":".50","RatecodeID":"1","store_and_fwd_flag":"N","PULocationID":"90","DOLocationID":"234","payment_type":"1","fare_amount":"4","extra":"1","mta_tax":"0.5","tip_amount":"1.15","tolls_amount":"0","improvement_surcharge":"0.3","total_amount":"6.95","congestion_surcharge":"","tripId":"63dde5a9-81b5-4d59-baf4-155eae88b61f"},{"VendorID":"1","tpep_pickup_datetime":"2023-09-28 19:48:48","tpep_dropoff_datetime":"2024-01-05 19:56:49","passenger_count":"1","trip_distance":"1.20","RatecodeID":"1","store_and_fwd_flag":"N","PULocationID":"234","DOLocationID":"170","payment_type":"2","fare_amount":"7.5","extra":"1","mta_tax":"0.5","tip_amount":"0","tolls_amount":"0","improvement_surcharge":"0.3","total_amount":"9.3","congestion_surcharge":"","tripId":"5840bdd8-31ec-470f-aed8-f9daff3409a9"},{"VendorID":"1","tpep_pickup_datetime":"2023-02-20 19:59:53","tpep_dropoff_datetime":"2024-01-19 20:11:38","passenger_count":"0","trip_distance":"5.50","RatecodeID":"1","store_and_fwd_flag":"N","PULocationID":"170","DOLocationID":"33","payment_type":"2","fare_amount":"17","extra":"0.5","mta_tax":"0.5","tip_amount":"0","tolls_amount":"0","improvement_surcharge":"0.3","total_amount":"18.3","congestion_surcharge":"","tripId":"89d49926-4576-4c44-8763-b30dfa87a421"},{"VendorID":"1","tpep_pickup_datetime":"2023-10-18 19:01:39","tpep_dropoff_datetime":"2023-07-04 19:14:13","passenger_count":"1","trip_distance":"1.40","RatecodeID":"1","store_and_fwd_flag":"N","PULocationID":"164","DOLocationID":"48","payment_type":"2","fare_amount":"9.5","extra":"1","mta_tax":"0.5","tip_amount":"0","tolls_amount":"0","improvement_surcharge":"0.3","total_amount":"11.3","congestion_surcharge":"","tripId":"41f447b4-24c7-4085-9ad4-d425ce5aa0f5"},{"VendorID":"2","tpep_pickup_datetime":"2024-01-10 19:15:49","tpep_dropoff_datetime":"2023-02-11 19:28:27","passenger_count":"1","trip_distance":"1.85","RatecodeID":"1","store_and_fwd_flag":"N","PULocationID":"143","DOLocationID":"151","payment_type":"1","fare_amount":"10.5","extra":"1","mta_tax":"0.5","tip_amount":"2.46","tolls_amount":"0","improvement_surcharge":"0.3","total_amount":"14.76","congestion_surcharge":"","tripId":"795a167a-996d-4071-926f-2b0e4c743a74"},{"VendorID":"2","tpep_pickup_datetime":"2023-08-08 19:41:11","tpep_dropoff_datetime":"2023-10-15 19:45:57","passenger_count":"1","trip_distance":".71","RatecodeID":"1","store_and_fwd_flag":"N","PULocationID":"239","DOLocationID":"143","payment_type":"2","fare_amount":"5.5","extra":"1","mta_tax":"0.5","tip_amount":"0","tolls_amount":"0","improvement_surcharge":"0.3","total_amount":"7.3","congestion_surcharge":"","tripId":"d6c28f58-bfb7-42d9-bd50-6a08fe2ea671"},{"VendorID":"1","tpep_pickup_datetime":"2023-01-10 19:51:58","tpep_dropoff_datetime":"2023-07-28 20:06:52","passenger_count":"1","trip_distance":"3.00","RatecodeID":"1","store_and_fwd_flag":"N","PULocationID":"107","DOLocationID":"232","payment_type":"1","fare_amount":"13.5","extra":"0.5","mta_tax":"0.5","tip_amount":"2.95","tolls_amount":"0","improvement_surcharge":"0.3","total_amount":"17.75","congestion_surcharge":"","tripId":"c9cc4e21-a10d-41c6-829b-48e8d0b37808"},{"VendorID":"1","tpep_pickup_datetime":"2023-09-24 19:07:51","tpep_dropoff_datetime":"2023-07-26 19:22:45","passenger_count":"1","trip_distance":"2.00","RatecodeID":"1","store_and_fwd_flag":"N","PULocationID":"237","DOLocationID":"107","payment_type":"1","fare_amount":"11","extra":"1","mta_tax":"0.5","tip_amount":"2","tolls_amount":"0","improvement_surcharge":"0.3","total_amount":"14.8","congestion_surcharge":"","tripId":"081a5482-49eb-4d9d-98f7-99d4b6cd93cd"},{"VendorID":"1","tpep_pickup_datetime":"2023-07-01 19:43:11","tpep_dropoff_datetime":"2024-01-31 19:48:38","passenger_count":"1","trip_distance":".80","RatecodeID":"1","store_and_fwd_flag":"N","PULocationID":"48","DOLocationID":"246","payment_type":"1","fare_amount":"5.5","extra":"1","mta_tax":"0.5","tip_amount":"1.45","tolls_amount":"0","improvement_surcharge":"0.3","total_amount":"8.75","congestion_surcharge":"","tripId":"5890f372-9a68-41f8-b8e4-1fea39440d48"},{"VendorID":"2","tpep_pickup_datetime":"2023-10-29 19:13:52","tpep_dropoff_datetime":"2023-07-26 19:17:58","passenger_count":"1","trip_distance":".98","RatecodeID":"1","store_and_fwd_flag":"N","PULocationID":"141","DOLocationID":"263","payment_type":"2","fare_amount":"5","extra":"1","mta_tax":"0.5","tip_amount":"0","tolls_amount":"0","improvement_surcharge":"0.3","total_amount":"6.8","congestion_surcharge":"","tripId":"ab65d197-e1b1-4d59-8ff7-2bf9ef7b7100"},{"VendorID":"2","tpep_pickup_datetime":"2023-04-27 19:33:45","tpep_dropoff_datetime":"2023-04-09 19:36:18","passenger_count":"1","trip_distance":".55","RatecodeID":"1","store_and_fwd_flag":"N","PULocationID":"140","DOLocationID":"262","payment_type":"1","fare_amount":"4","extra":"1","mta_tax":"0.5","tip_amount":"1.16","tolls_amount":"0","improvement_surcharge":"0.3","total_amount":"6.96","congestion_surcharge":"","tripId":"5fcc49fc-6695-4f5c-884c-5020ccbf32b6"},{"VendorID":"1","tpep_pickup_datetime":"2023-10-31 19:14:44","tpep_dropoff_datetime":"2023-11-14 19:35:05","passenger_count":"2","trip_distance":"4.30","RatecodeID":"1","store_and_fwd_flag":"N","PULocationID":"161","DOLocationID":"41","payment_type":"2","fare_amount":"16.5","extra":"1","mta_tax":"0.5","tip_amount":"0","tolls_amount":"0","improvement_surcharge":"0.3","total_amount":"18.3","congestion_surcharge":"","tripId":"acc67679-c739-4e4c-9e70-1361dda9493a"},{"VendorID":"1","tpep_pickup_datetime":"2023-06-29 19:54:08","tpep_dropoff_datetime":"2023-03-15 20:01:36","passenger_count":"1","trip_distance":"1.40","RatecodeID":"1","store_and_fwd_flag":"N","PULocationID":"163","DOLocationID":"141","payment_type":"1","fare_amount":"7.5","extra":"1","mta_tax":"0.5","tip_amount":"2.3","tolls_amount":"0","improvement_surcharge":"0.3","total_amount":"11.6","congestion_surcharge":"","tripId":"faa65ddc-f8be-46b3-b31e-99ed0bb2fa8e"},{"VendorID":"1","tpep_pickup_datetime":"2023-09-09 19:16:52","tpep_dropoff_datetime":"2023-04-24 19:36:05","passenger_count":"2","trip_distance":"2.70","RatecodeID":"1","store_and_fwd_flag":"N","PULocationID":"161","DOLocationID":"4","payment_type":"1","fare_amount":"14","extra":"1","mta_tax":"0.5","tip_amount":"3.15","tolls_amount":"0","improvement_surcharge":"0.3","total_amount":"18.95","congestion_surcharge":"","tripId":"a00db5a4-247d-40e2-b1b8-0c07fe25dd6b"},{"VendorID":"1","tpep_pickup_datetime":"2023-11-16 19:52:17","tpep_dropoff_datetime":"2023-06-06 20:14:58","passenger_count":"1","trip_distance":"4.20","RatecodeID":"1","store_and_fwd_flag":"N","PULocationID":"107","DOLocationID":"25","payment_type":"1","fare_amount":"18.5","extra":"1","mta_tax":"0.5","tip_amount":"4.05","tolls_amount":"0","improvement_surcharge":"0.3","total_amount":"24.35","congestion_surcharge":"","tripId":"7a0acebe-9416-41d5-90fb-cf06f08e67c6"},{"VendorID":"2","tpep_pickup_datetime":"2024-01-05 19:30:20","tpep_dropoff_datetime":"2023-04-21 19:34:52","passenger_count":"3","trip_distance":".84","RatecodeID":"1","store_and_fwd_flag":"N","PULocationID":"137","DOLocationID":"107","payment_type":"1","fare_amount":"5","extra":"1","mta_tax":"0.5","tip_amount":"1","tolls_amount":"0","improvement_surcharge":"0.3","total_amount":"7.8","congestion_surcharge":"","tripId":"e0cd52b4-9ff4-49eb-8906-d0e528f81b57"},{"VendorID":"2","tpep_pickup_datetime":"2024-01-02 19:44:44","tpep_dropoff_datetime":"2023-06-22 19:50:38","passenger_count":"3","trip_distance":"1.27","RatecodeID":"1","store_and_fwd_flag":"N","PULocationID":"137","DOLocationID":"79","payment_type":"1","fare_amount":"6.5","extra":"1","mta_tax":"0.5","tip_amount":"1.66","tolls_amount":"0","improvement_surcharge":"0.3","total_amount":"9.96","congestion_surcharge":"","tripId":"e5896e32-eaac-45d8-8d3b-66c3ef2f474d"},{"VendorID":"2","tpep_pickup_datetime":"2023-03-12 19:54:35","tpep_dropoff_datetime":"2023-09-15 19:58:41","passenger_count":"3","trip_distance":".76","RatecodeID":"1","store_and_fwd_flag":"N","PULocationID":"79","DOLocationID":"4","payment_type":"1","fare_amount":"5","extra":"1","mta_tax":"0.5","tip_amount":"0.01","tolls_amount":"0","improvement_surcharge":"0.3","total_amount":"6.81","congestion_surcharge":"","tripId":"4fcd14cb-0674-4c1d-b714-5149081fd81e"},{"VendorID":"2","tpep_pickup_datetime":"2023-03-13 19:14:33","tpep_dropoff_datetime":"2023-03-01 19:22:46","passenger_count":"1","trip_distance":"1.60","RatecodeID":"1","store_and_fwd_flag":"N","PULocationID":"237","DOLocationID":"239","payment_type":"1","fare_amount":"8","extra":"1","mta_tax":"0.5","tip_amount":"2.94","tolls_amount":"0","improvement_surcharge":"0.3","total_amount":"12.74","congestion_surcharge":"","tripId":"3d1dc375-3412-4dea-9934-9340587c428c"},{"VendorID":"2","tpep_pickup_datetime":"2023-03-20 19:30:16","tpep_dropoff_datetime":"2023-10-27 19:36:11","passenger_count":"1","trip_distance":"1.22","RatecodeID":"1","store_and_fwd_flag":"N","PULocationID":"237","DOLocationID":"236","payment_type":"1","fare_amount":"6","extra":"1","mta_tax":"0.5","tip_amount":"1.56","tolls_amount":"0","improvement_surcharge":"0.3","total_amount":"9.36","congestion_surcharge":"","tripId":"cf1083d9-da71-4623-a933-9972e594d8f9"},{"VendorID":"2","tpep_pickup_datetime":"2023-08-13 19:40:41","tpep_dropoff_datetime":"2023-06-09 19:44:48","passenger_count":"1","trip_distance":".52","RatecodeID":"1","store_and_fwd_flag":"N","PULocationID":"263","DOLocationID":"262","payment_type":"1","fare_amount":"4.5","extra":"1","mta_tax":"0.5","tip_amount":"1.26","tolls_amount":"0","improvement_surcharge":"0.3","total_amount":"7.56","congestion_surcharge":"","tripId":"ac7b50d9-94f4-483f-8568-d978ad879220"},{"VendorID":"2","tpep_pickup_datetime":"2023-05-29 19:12:52","tpep_dropoff_datetime":"2023-02-12 19:17:24","passenger_count":"1","trip_distance":".59","RatecodeID":"1","store_and_fwd_flag":"N","PULocationID":"263","DOLocationID":"262","payment_type":"1","fare_amount":"5","extra":"1","mta_tax":"0.5","tip_amount":"1.36","tolls_amount":"0","improvement_surcharge":"0.3","total_amount":"8.16","congestion_surcharge":"","tripId":"2a9cf7b4-37c4-4ee2-abfa-565b48726195"},{"VendorID":"2","tpep_pickup_datetime":"2023-02-19 19:26:01","tpep_dropoff_datetime":"2023-09-29 19:39:41","passenger_count":"1","trip_distance":"2.37","RatecodeID":"1","store_and_fwd_flag":"N","PULocationID":"236","DOLocationID":"170","payment_type":"1","fare_amount":"11","extra":"1","mta_tax":"0.5","tip_amount":"2.56","tolls_amount":"0","improvement_surcharge":"0.3","total_amount":"15.36","congestion_surcharge":"","tripId":"d0ce132c-94f5-478d-8671-181c3d7fd8bd"},{"VendorID":"2","tpep_pickup_datetime":"2023-07-25 19:42:42","tpep_dropoff_datetime":"2023-01-05 19:55:28","passenger_count":"1","trip_distance":"1.98","RatecodeID":"1","store_and_fwd_flag":"N","PULocationID":"233","DOLocationID":"142","payment_type":"1","fare_amount":"10","extra":"1","mta_tax":"0.5","tip_amount":"1.77","tolls_amount":"0","improvement_surcharge":"0.3","total_amount":"13.57","congestion_surcharge":"","tripId":"840a36d1-09af-48cb-b145-83a7b781d7fe"},{"VendorID":"1","tpep_pickup_datetime":"2023-12-17 19:21:33","tpep_dropoff_datetime":"2023-07-22 19:24:33","passenger_count":"1","trip_distance":".30","RatecodeID":"1","store_and_fwd_flag":"N","PULocationID":"239","DOLocationID":"239","payment_type":"2","fare_amount":"4","extra":"1","mta_tax":"0.5","tip_amount":"0","tolls_amount":"0","improvement_surcharge":"0.3","total_amount":"5.8","congestion_surcharge":"","tripId":"a09fc8d7-95d8-4bef-b006-fd156110a67a"},{"VendorID":"1","tpep_pickup_datetime":"2023-05-04 19:27:29","tpep_dropoff_datetime":"2023-08-27 19:36:07","passenger_count":"2","trip_distance":"1.60","RatecodeID":"1","store_and_fwd_flag":"N","PULocationID":"239","DOLocationID":"24","payment_type":"1","fare_amount":"8.5","extra":"1","mta_tax":"0.5","tip_amount":"2.55","tolls_amount":"0","improvement_surcharge":"0.3","total_amount":"12.85","congestion_surcharge":"","tripId":"c03ac78e-3879-4a65-bd02-623564a3408a"},{"VendorID":"1","tpep_pickup_datetime":"2023-06-02 19:46:43","tpep_dropoff_datetime":"2023-11-24 19:58:15","passenger_count":"1","trip_distance":"1.80","RatecodeID":"1","store_and_fwd_flag":"N","PULocationID":"238","DOLocationID":"263","payment_type":"1","fare_amount":"10","extra":"1","mta_tax":"0.5","tip_amount":"2.35","tolls_amount":"0","improvement_surcharge":"0.3","total_amount":"14.15","congestion_surcharge":"","tripId":"a480a297-6a68-4d2b-9701-06631db6fd01"},{"VendorID":"1","tpep_pickup_datetime":"2023-01-23 19:10:57","tpep_dropoff_datetime":"2024-01-01 19:32:28","passenger_count":"1","trip_distance":"9.60","RatecodeID":"1","store_and_fwd_flag":"N","PULocationID":"138","DOLocationID":"107","payment_type":"1","fare_amount":"28.5","extra":"1","mta_tax":"0.5","tip_amount":"9","tolls_amount":"5.76","improvement_surcharge":"0.3","total_amount":"45.06","congestion_surcharge":"","tripId":"7b3b600c-45d4-4dc9-bf09-332f2ab2b60f"},{"VendorID":"1","tpep_pickup_datetime":"2024-01-03 19:41:24","tpep_dropoff_datetime":"2023-06-05 19:46:37","passenger_count":"1","trip_distance":"1.00","RatecodeID":"1","store_and_fwd_flag":"N","PULocationID":"114","DOLocationID":"125","payment_type":"1","fare_amount":"5.5","extra":"1","mta_tax":"0.5","tip_amount":"1.45","tolls_amount":"0","improvement_surcharge":"0.3","total_amount":"8.75","congestion_surcharge":"","tripId":"c8761136-ba10-4d4a-b95c-edea5bbd6f63"},{"VendorID":"2","tpep_pickup_datetime":"2023-12-22 19:43:51","tpep_dropoff_datetime":"2023-12-29 19:51:54","passenger_count":"6","trip_distance":"1.02","RatecodeID":"1","store_and_fwd_flag":"N","PULocationID":"100","DOLocationID":"163","payment_type":"2","fare_amount":"7","extra":"1","mta_tax":"0.5","tip_amount":"0","tolls_amount":"0","improvement_surcharge":"0.3","total_amount":"8.8","congestion_surcharge":"","tripId":"8c2d045d-8ef1-471a-82b8-aa59d3176f18"},{"VendorID":"2","tpep_pickup_datetime":"2023-07-01 19:53:03","tpep_dropoff_datetime":"2023-06-13 19:55:16","passenger_count":"6","trip_distance":".52","RatecodeID":"1","store_and_fwd_flag":"N","PULocationID":"48","DOLocationID":"50","payment_type":"2","fare_amount":"4","extra":"1","mta_tax":"0.5","tip_amount":"0","tolls_amount":"0","improvement_surcharge":"0.3","total_amount":"5.8","congestion_surcharge":"","tripId":"63687990-ff99-4546-ab84-9e604d25f6cb"},{"VendorID":"2","tpep_pickup_datetime":"2023-07-24 18:57:17","tpep_dropoff_datetime":"2023-12-14 19:01:08","passenger_count":"1","trip_distance":".54","RatecodeID":"1","store_and_fwd_flag":"N","PULocationID":"237","DOLocationID":"141","payment_type":"2","fare_amount":"4.5","extra":"1","mta_tax":"0.5","tip_amount":"0","tolls_amount":"0","improvement_surcharge":"0.3","total_amount":"6.3","congestion_surcharge":"","tripId":"623ce668-0874-43ce-b066-5a512993e040"},{"VendorID":"2","tpep_pickup_datetime":"2023-09-14 19:34:59","tpep_dropoff_datetime":"2023-06-01 19:43:18","passenger_count":"2","trip_distance":"1.34","RatecodeID":"1","store_and_fwd_flag":"N","PULocationID":"237","DOLocationID":"263","payment_type":"1","fare_amount":"7.5","extra":"1","mta_tax":"0.5","tip_amount":"1.86","tolls_amount":"0","improvement_surcharge":"0.3","total_amount":"11.16","congestion_surcharge":"","tripId":"01cc1a83-dbb5-4967-aa62-445790a52c52"},{"VendorID":"2","tpep_pickup_datetime":"2023-02-08 19:53:32","tpep_dropoff_datetime":"2023-01-17 19:58:42","passenger_count":"1","trip_distance":".77","RatecodeID":"1","store_and_fwd_flag":"N","PULocationID":"236","DOLocationID":"262","payment_type":"1","fare_amount":"5.5","extra":"1","mta_tax":"0.5","tip_amount":"1","tolls_amount":"0","improvement_surcharge":"0.3","total_amount":"8.3","congestion_surcharge":"","tripId":"2ff4fd58-6109-41fd-b9bf-65063743fa6d"},{"VendorID":"2","tpep_pickup_datetime":"2023-11-10 19:23:43","tpep_dropoff_datetime":"2023-03-19 19:28:22","passenger_count":"2","trip_distance":".71","RatecodeID":"1","store_and_fwd_flag":"N","PULocationID":"107","DOLocationID":"107","payment_type":"1","fare_amount":"5","extra":"1","mta_tax":"0.5","tip_amount":"1.36","tolls_amount":"0","improvement_surcharge":"0.3","total_amount":"8.16","congestion_surcharge":"","tripId":"e33218be-8da1-4347-bb25-66056eb02ed8"},{"VendorID":"2","tpep_pickup_datetime":"2023-12-30 19:42:46","tpep_dropoff_datetime":"2023-02-07 19:55:49","passenger_count":"4","trip_distance":"1.76","RatecodeID":"1","store_and_fwd_flag":"N","PULocationID":"164","DOLocationID":"237","payment_type":"1","fare_amount":"10","extra":"1","mta_tax":"0.5","tip_amount":"0","tolls_amount":"0","improvement_surcharge":"0.3","total_amount":"11.8","congestion_surcharge":"","tripId":"6bc250cd-b5fc-4c14-9cbd-17933fb855b1"},{"VendorID":"2","tpep_pickup_datetime":"2023-06-20 19:31:59","tpep_dropoff_datetime":"2023-06-13 20:04:24","passenger_count":"2","trip_distance":"16.78","RatecodeID":"2","store_and_fwd_flag":"N","PULocationID":"132","DOLocationID":"186","payment_type":"2","fare_amount":"52","extra":"4.5","mta_tax":"0.5","tip_amount":"0","tolls_amount":"5.76","improvement_surcharge":"0.3","total_amount":"63.06","congestion_surcharge":"","tripId":"3a05f29e-c73a-4a3b-8bec-575dd3b3c99a"},{"VendorID":"1","tpep_pickup_datetime":"2023-07-21 19:24:55","tpep_dropoff_datetime":"2023-09-19 19:31:30","passenger_count":"1","trip_distance":"1.00","RatecodeID":"1","store_and_fwd_flag":"N","PULocationID":"186","DOLocationID":"249","payment_type":"1","fare_amount":"6","extra":"1","mta_tax":"0.5","tip_amount":"1.55","tolls_amount":"0","improvement_surcharge":"0.3","total_amount":"9.35","congestion_surcharge":"","tripId":"309d160c-b7e8-4735-8a44-29c423462600"},{"VendorID":"1","tpep_pickup_datetime":"2023-12-03 19:44:04","tpep_dropoff_datetime":"2023-01-21 19:53:55","passenger_count":"1","trip_distance":"1.80","RatecodeID":"1","store_and_fwd_flag":"Y","PULocationID":"144","DOLocationID":"137","payment_type":"2","fare_amount":"8.5","extra":"1","mta_tax":"0.5","tip_amount":"0","tolls_amount":"0","improvement_surcharge":"0.3","total_amount":"10.3","congestion_surcharge":"","tripId":"a78f856e-e9d6-4b21-8aa2-0e579329315a"},{"VendorID":"1","tpep_pickup_datetime":"2023-05-15 19:09:58","tpep_dropoff_datetime":"2023-12-16 19:22:57","passenger_count":"1","trip_distance":"5.00","RatecodeID":"1","store_and_fwd_flag":"N","PULocationID":"13","DOLocationID":"257","payment_type":"1","fare_amount":"16","extra":"1","mta_tax":"0.5","tip_amount":"3.55","tolls_amount":"0","improvement_surcharge":"0.3","total_amount":"21.35","congestion_surcharge":"","tripId":"b29884c5-bd9f-48d9-a674-fe6b39225a65"},{"VendorID":"1","tpep_pickup_datetime":"2023-05-19 19:51:34","tpep_dropoff_datetime":"2023-01-13 20:06:59","passenger_count":"1","trip_distance":"4.10","RatecodeID":"1","store_and_fwd_flag":"Y","PULocationID":"13","DOLocationID":"48","payment_type":"1","fare_amount":"15","extra":"1","mta_tax":"0.5","tip_amount":"3.35","tolls_amount":"0","improvement_surcharge":"0.3","total_amount":"20.15","congestion_surcharge":"","tripId":"3aa91a7c-f6e3-4477-89b0-520ccfa86e7a"},{"VendorID":"2","tpep_pickup_datetime":"2023-09-17 19:23:50","tpep_dropoff_datetime":"2023-05-19 19:39:32","passenger_count":"1","trip_distance":"2.44","RatecodeID":"1","store_and_fwd_flag":"N","PULocationID":"211","DOLocationID":"161","payment_type":"1","fare_amount":"11.5","extra":"1","mta_tax":"0.5","tip_amount":"2","tolls_amount":"0","improvement_surcharge":"0.3","total_amount":"15.3","congestion_surcharge":"","tripId":"b00e8b80-6904-47d0-ba86-82f07c10ac38"},{"VendorID":"2","tpep_pickup_datetime":"2023-07-09 19:39:53","tpep_dropoff_datetime":"2023-11-10 19:57:37","passenger_count":"1","trip_distance":"3.14","RatecodeID":"1","store_and_fwd_flag":"N","PULocationID":"161","DOLocationID":"144","payment_type":"2","fare_amount":"13.5","extra":"1","mta_tax":"0.5","tip_amount":"0","tolls_amount":"0","improvement_surcharge":"0.3","total_amount":"15.3","congestion_surcharge":"","tripId":"5015006e-03f9-4bf5-82d4-86927dd77d59"},{"VendorID":"1","tpep_pickup_datetime":"2023-06-30 19:17:00","tpep_dropoff_datetime":"2023-08-20 19:26:47","passenger_count":"1","trip_distance":"1.70","RatecodeID":"1","store_and_fwd_flag":"N","PULocationID":"237","DOLocationID":"236","payment_type":"1","fare_amount":"9","extra":"1","mta_tax":"0.5","tip_amount":"1.62","tolls_amount":"0","improvement_surcharge":"0.3","total_amount":"12.42","congestion_surcharge":"","tripId":"07902096-f8b5-4879-847a-2dedfe407fac"},{"VendorID":"1","tpep_pickup_datetime":"2023-06-18 19:40:20","tpep_dropoff_datetime":"2023-11-19 19:44:22","passenger_count":"1","trip_distance":".60","RatecodeID":"1","store_and_fwd_flag":"N","PULocationID":"162","DOLocationID":"162","payment_type":"1","fare_amount":"4.5","extra":"1","mta_tax":"0.5","tip_amount":"1.26","tolls_amount":"0","improvement_surcharge":"0.3","total_amount":"7.56","congestion_surcharge":"","tripId":"29cba8a8-503d-4905-9ee7-d7f069f9f839"},{"VendorID":"2","tpep_pickup_datetime":"2023-01-26 19:05:32","tpep_dropoff_datetime":"2023-01-15 19:14:39","passenger_count":"2","trip_distance":".81","RatecodeID":"1","store_and_fwd_flag":"N","PULocationID":"164","DOLocationID":"161","payment_type":"2","fare_amount":"7.5","extra":"1","mta_tax":"0.5","tip_amount":"0","tolls_amount":"0","improvement_surcharge":"0.3","total_amount":"9.3","congestion_surcharge":"","tripId":"83fd133c-f5d0-40b0-ad19-e4ec4e541a3f"},{"VendorID":"2","tpep_pickup_datetime":"2023-04-16 19:18:20","tpep_dropoff_datetime":"2024-01-04 19:23:42","passenger_count":"1","trip_distance":".60","RatecodeID":"1","store_and_fwd_flag":"N","PULocationID":"163","DOLocationID":"229","payment_type":"1","fare_amount":"5","extra":"1","mta_tax":"0.5","tip_amount":"1","tolls_amount":"0","improvement_surcharge":"0.3","total_amount":"7.8","congestion_surcharge":"","tripId":"98221c96-775d-4628-86cc-ac516f930c53"},{"VendorID":"2","tpep_pickup_datetime":"2024-02-03 19:51:43","tpep_dropoff_datetime":"2023-10-14 20:04:22","passenger_count":"2","trip_distance":"2.27","RatecodeID":"1","store_and_fwd_flag":"N","PULocationID":"229","DOLocationID":"143","payment_type":"1","fare_amount":"11","extra":"1","mta_tax":"0.5","tip_amount":"1.2","tolls_amount":"0","improvement_surcharge":"0.3","total_amount":"14","congestion_surcharge":"","tripId":"02a74fe0-d75f-49ce-8009-799dfba76810"},{"VendorID":"2","tpep_pickup_datetime":"2023-04-23 18:58:42","tpep_dropoff_datetime":"2023-07-15 19:07:08","passenger_count":"2","trip_distance":"1.60","RatecodeID":"1","store_and_fwd_flag":"N","PULocationID":"234","DOLocationID":"162","payment_type":"1","fare_amount":"7.5","extra":"1","mta_tax":"0.5","tip_amount":"1.4","tolls_amount":"0","improvement_surcharge":"0.3","total_amount":"10.7","congestion_surcharge":"","tripId":"b57a4536-004e-4eb8-a24e-74f7cefdd031"},{"VendorID":"2","tpep_pickup_datetime":"2024-01-01 19:09:14","tpep_dropoff_datetime":"2023-11-17 19:28:52","passenger_count":"2","trip_distance":"3.36","RatecodeID":"1","store_and_fwd_flag":"N","PULocationID":"229","DOLocationID":"114","payment_type":"1","fare_amount":"15","extra":"1","mta_tax":"0.5","tip_amount":"3.36","tolls_amount":"0","improvement_surcharge":"0.3","total_amount":"20.16","congestion_surcharge":"","tripId":"132f0bec-188c-456b-b374-49e86ef55420"},{"VendorID":"1","tpep_pickup_datetime":"2023-12-10 19:18:12","tpep_dropoff_datetime":"2023-12-19 19:30:34","passenger_count":"1","trip_distance":"3.60","RatecodeID":"1","store_and_fwd_flag":"N","PULocationID":"211","DOLocationID":"50","payment_type":"1","fare_amount":"13","extra":"1","mta_tax":"0.5","tip_amount":"2.95","tolls_amount":"0","improvement_surcharge":"0.3","total_amount":"17.75","congestion_surcharge":"","tripId":"dd2a78cf-4420-4cb5-be8d-8475cfa81b30"},{"VendorID":"1","tpep_pickup_datetime":"2023-03-05 19:39:46","tpep_dropoff_datetime":"2023-04-24 19:57:29","passenger_count":"1","trip_distance":"3.20","RatecodeID":"1","store_and_fwd_flag":"N","PULocationID":"230","DOLocationID":"231","payment_type":"1","fare_amount":"13.5","extra":"1","mta_tax":"0.5","tip_amount":"1.7","tolls_amount":"0","improvement_surcharge":"0.3","total_amount":"17","congestion_surcharge":"","tripId":"5dac02bd-65c1-4ffb-afa8-73ed00fd8301"},{"VendorID":"1","tpep_pickup_datetime":"2023-07-18 19:10:28","tpep_dropoff_datetime":"2023-04-12 19:25:19","passenger_count":"1","trip_distance":"2.10","RatecodeID":"1","store_and_fwd_flag":"N","PULocationID":"186","DOLocationID":"79","payment_type":"1","fare_amount":"11","extra":"1","mta_tax":"0.5","tip_amount":"2.55","tolls_amount":"0","improvement_surcharge":"0.3","total_amount":"15.35","congestion_surcharge":"","tripId":"29788401-bbf8-48a7-8a79-f23f5aa21fa0"},{"VendorID":"1","tpep_pickup_datetime":"2023-09-21 19:26:40","tpep_dropoff_datetime":"2023-10-10 19:53:05","passenger_count":"1","trip_distance":"7.00","RatecodeID":"1","store_and_fwd_flag":"N","PULocationID":"79","DOLocationID":"41","payment_type":"1","fare_amount":"23","extra":"1","mta_tax":"0.5","tip_amount":"5","tolls_amount":"0","improvement_surcharge":"0.3","total_amount":"29.8","congestion_surcharge":"","tripId":"1573ac95-b421-4b2d-98f7-68403966c63e"},{"VendorID":"2","tpep_pickup_datetime":"2023-12-12 19:07:08","tpep_dropoff_datetime":"2023-08-04 19:37:48","passenger_count":"2","trip_distance":"15.97","RatecodeID":"1","store_and_fwd_flag":"N","PULocationID":"132","DOLocationID":"15","payment_type":"2","fare_amount":"45","extra":"1","mta_tax":"0.5","tip_amount":"0","tolls_amount":"0","improvement_surcharge":"0.3","total_amount":"46.8","congestion_surcharge":"","tripId":"db345669-cfa0-40b9-b9a5-2ae4070358b8"},{"VendorID":"1","tpep_pickup_datetime":"2023-08-31 19:03:55","tpep_dropoff_datetime":"2023-07-23 19:18:34","passenger_count":"2","trip_distance":"2.90","RatecodeID":"1","store_and_fwd_flag":"N","PULocationID":"209","DOLocationID":"25","payment_type":"1","fare_amount":"11.5","extra":"1","mta_tax":"0.5","tip_amount":"3.3","tolls_amount":"0","improvement_surcharge":"0.3","total_amount":"16.6","congestion_surcharge":"","tripId":"fc233cf4-4993-4264-83d0-62d73e4b5336"},{"VendorID":"1","tpep_pickup_datetime":"2023-06-23 19:00:28","tpep_dropoff_datetime":"2023-12-22 19:24:52","passenger_count":"1","trip_distance":"3.50","RatecodeID":"1","store_and_fwd_flag":"N","PULocationID":"264","DOLocationID":"264","payment_type":"1","fare_amount":"17.5","extra":"1","mta_tax":"0.5","tip_amount":"3.85","tolls_amount":"0","improvement_surcharge":"0.3","total_amount":"23.15","congestion_surcharge":"","tripId":"c25b0163-e98a-4beb-9eaf-28979d5c499b"},{"VendorID":"1","tpep_pickup_datetime":"2023-04-30 19:32:06","tpep_dropoff_datetime":"2023-03-24 20:03:35","passenger_count":"1","trip_distance":"3.90","RatecodeID":"1","store_and_fwd_flag":"N","PULocationID":"264","DOLocationID":"264","payment_type":"1","fare_amount":"20.5","extra":"1","mta_tax":"0.5","tip_amount":"4.45","tolls_amount":"0","improvement_surcharge":"0.3","total_amount":"26.75","congestion_surcharge":"","tripId":"7f5abc0a-b6d0-4e21-8778-61bba245da9b"},{"VendorID":"2","tpep_pickup_datetime":"2023-05-28 19:06:24","tpep_dropoff_datetime":"2023-04-06 19:10:50","passenger_count":"1","trip_distance":".78","RatecodeID":"1","store_and_fwd_flag":"N","PULocationID":"229","DOLocationID":"233","payment_type":"1","fare_amount":"5","extra":"1","mta_tax":"0.5","tip_amount":"1.4","tolls_amount":"0","improvement_surcharge":"0.3","total_amount":"8.2","congestion_surcharge":"","tripId":"2880a8c6-6882-4547-8cd5-1656d769dd9a"},{"VendorID":"2","tpep_pickup_datetime":"2023-09-13 19:13:31","tpep_dropoff_datetime":"2024-02-04 19:24:18","passenger_count":"1","trip_distance":"1.20","RatecodeID":"1","store_and_fwd_flag":"N","PULocationID":"162","DOLocationID":"48","payment_type":"1","fare_amount":"8.5","extra":"1","mta_tax":"0.5","tip_amount":"2.06","tolls_amount":"0","improvement_surcharge":"0.3","total_amount":"12.36","congestion_surcharge":"","tripId":"56ac57e6-6bf2-40d3-b308-b568efc5822d"},{"VendorID":"2","tpep_pickup_datetime":"2024-02-05 19:45:09","tpep_dropoff_datetime":"2023-02-26 20:02:19","passenger_count":"1","trip_distance":"4.20","RatecodeID":"1","store_and_fwd_flag":"N","PULocationID":"13","DOLocationID":"48","payment_type":"2","fare_amount":"16","extra":"1","mta_tax":"0.5","tip_amount":"0","tolls_amount":"0","improvement_surcharge":"0.3","total_amount":"17.8","congestion_surcharge":"","tripId":"a6a14753-7a27-4f04-adc7-b8b20de502fa"},{"VendorID":"2","tpep_pickup_datetime":"2023-04-17 19:05:56","tpep_dropoff_datetime":"2023-06-27 19:12:26","passenger_count":"1","trip_distance":"3.38","RatecodeID":"1","store_and_fwd_flag":"N","PULocationID":"138","DOLocationID":"260","payment_type":"2","fare_amount":"11","extra":"1","mta_tax":"0.5","tip_amount":"0","tolls_amount":"0","improvement_surcharge":"0.3","total_amount":"12.8","congestion_surcharge":"","tripId":"e0ab92da-de5c-40bb-a11b-fad184f4291f"},{"VendorID":"2","tpep_pickup_datetime":"2023-07-30 19:42:09","tpep_dropoff_datetime":"2023-03-08 19:42:12","passenger_count":"0","trip_distance":".00","RatecodeID":"5","store_and_fwd_flag":"N","PULocationID":"163","DOLocationID":"163","payment_type":"1","fare_amount":"45","extra":"0","mta_tax":"0","tip_amount":"11.32","tolls_amount":"0","improvement_surcharge":"0.3","total_amount":"56.62","congestion_surcharge":"","tripId":"ecacf45c-e8aa-443f-8640-e76717c7776b"},{"VendorID":"2","tpep_pickup_datetime":"2023-02-06 19:49:03","tpep_dropoff_datetime":"2023-04-23 19:59:05","passenger_count":"1","trip_distance":"1.30","RatecodeID":"1","store_and_fwd_flag":"N","PULocationID":"230","DOLocationID":"164","payment_type":"1","fare_amount":"8","extra":"1","mta_tax":"0.5","tip_amount":"1.96","tolls_amount":"0","improvement_surcharge":"0.3","total_amount":"11.76","congestion_surcharge":"","tripId":"0338e45d-4bf9-4198-bb93-7c1c1fca70ad"},{"VendorID":"2","tpep_pickup_datetime":"2023-02-03 19:27:18","tpep_dropoff_datetime":"2023-09-24 19:53:34","passenger_count":"1","trip_distance":"9.56","RatecodeID":"1","store_and_fwd_flag":"N","PULocationID":"138","DOLocationID":"10","payment_type":"1","fare_amount":"27.5","extra":"1","mta_tax":"0.5","tip_amount":"7.32","tolls_amount":"0","improvement_surcharge":"0.3","total_amount":"36.62","congestion_surcharge":"","tripId":"4cf523e4-effe-4c6f-82ae-fe731f032a2d"},{"VendorID":"2","tpep_pickup_datetime":"2023-12-04 19:02:17","tpep_dropoff_datetime":"2023-10-03 19:13:54","passenger_count":"1","trip_distance":"2.65","RatecodeID":"1","store_and_fwd_flag":"N","PULocationID":"74","DOLocationID":"237","payment_type":"2","fare_amount":"10.5","extra":"1","mta_tax":"0.5","tip_amount":"0","tolls_amount":"0","improvement_surcharge":"0.3","total_amount":"12.3","congestion_surcharge":"","tripId":"e27f66e9-53c8-47b7-959a-8daa1e7488be"},{"VendorID":"2","tpep_pickup_datetime":"2023-04-20 19:16:43","tpep_dropoff_datetime":"2023-07-23 19:35:52","passenger_count":"1","trip_distance":"3.16","RatecodeID":"1","store_and_fwd_flag":"N","PULocationID":"237","DOLocationID":"90","payment_type":"1","fare_amount":"14.5","extra":"1","mta_tax":"0.5","tip_amount":"3.26","tolls_amount":"0","improvement_surcharge":"0.3","total_amount":"19.56","congestion_surcharge":"","tripId":"38cb6960-dd3f-43a6-8d00-9ba638cc666a"},{"VendorID":"2","tpep_pickup_datetime":"2023-03-03 19:17:40","tpep_dropoff_datetime":"2023-10-11 19:22:58","passenger_count":"1","trip_distance":"1.17","RatecodeID":"1","store_and_fwd_flag":"N","PULocationID":"264","DOLocationID":"264","payment_type":"1","fare_amount":"6","extra":"1","mta_tax":"0.5","tip_amount":"1.56","tolls_amount":"0","improvement_surcharge":"0.3","total_amount":"9.36","congestion_surcharge":"","tripId":"a46d66d0-ba42-431b-9fa2-30a38a19c478"},{"VendorID":"2","tpep_pickup_datetime":"2023-08-29 19:34:09","tpep_dropoff_datetime":"2023-09-04 19:49:56","passenger_count":"1","trip_distance":"2.97","RatecodeID":"1","store_and_fwd_flag":"N","PULocationID":"264","DOLocationID":"264","payment_type":"2","fare_amount":"13.5","extra":"1","mta_tax":"0.5","tip_amount":"0","tolls_amount":"0","improvement_surcharge":"0.3","total_amount":"15.3","congestion_surcharge":"","tripId":"e0e55b19-2988-486d-b21e-dddc3be93fd5"},{"VendorID":"2","tpep_pickup_datetime":"2023-08-02 19:59:34","tpep_dropoff_datetime":"2023-03-27 20:13:20","passenger_count":"1","trip_distance":"2.87","RatecodeID":"1","store_and_fwd_flag":"N","PULocationID":"264","DOLocationID":"264","payment_type":"1","fare_amount":"11.5","extra":"1","mta_tax":"0.5","tip_amount":"3.99","tolls_amount":"0","improvement_surcharge":"0.3","total_amount":"17.29","congestion_surcharge":"","tripId":"e5dbb3cf-98f8-4dfc-9ffc-e4a77dd1811b"},{"VendorID":"2","tpep_pickup_datetime":"2023-12-27 19:03:21","tpep_dropoff_datetime":"2023-07-03 19:13:32","passenger_count":"1","trip_distance":"1.35","RatecodeID":"1","store_and_fwd_flag":"N","PULocationID":"230","DOLocationID":"142","payment_type":"2","fare_amount":"8.5","extra":"1","mta_tax":"0.5","tip_amount":"0","tolls_amount":"0","improvement_surcharge":"0.3","total_amount":"10.3","congestion_surcharge":"","tripId":"5a49c6df-b208-4efd-8661-d64edb6841b4"},{"VendorID":"2","tpep_pickup_datetime":"2023-11-30 19:28:02","tpep_dropoff_datetime":"2023-02-18 19:30:30","passenger_count":"1","trip_distance":".49","RatecodeID":"1","store_and_fwd_flag":"N","PULocationID":"90","DOLocationID":"234","payment_type":"1","fare_amount":"4","extra":"1","mta_tax":"0.5","tip_amount":"1.16","tolls_amount":"0","improvement_surcharge":"0.3","total_amount":"6.96","congestion_surcharge":"","tripId":"fac56543-47ba-4d27-87ec-7f7f9ba543ca"},{"VendorID":"2","tpep_pickup_datetime":"2023-05-10 19:35:16","tpep_dropoff_datetime":"2023-03-26 19:45:27","passenger_count":"1","trip_distance":"1.53","RatecodeID":"1","store_and_fwd_flag":"N","PULocationID":"234","DOLocationID":"137","payment_type":"1","fare_amount":"8.5","extra":"1","mta_tax":"0.5","tip_amount":"1","tolls_amount":"0","improvement_surcharge":"0.3","total_amount":"11.3","congestion_surcharge":"","tripId":"6f9ba8b7-ae7f-4749-a3e9-4be2743f5821"},{"VendorID":"2","tpep_pickup_datetime":"2023-10-09 19:50:40","tpep_dropoff_datetime":"2023-01-07 19:54:31","passenger_count":"1","trip_distance":".71","RatecodeID":"1","store_and_fwd_flag":"N","PULocationID":"137","DOLocationID":"107","payment_type":"1","fare_amount":"5","extra":"1","mta_tax":"0.5","tip_amount":"1.36","tolls_amount":"0","improvement_surcharge":"0.3","total_amount":"8.16","congestion_surcharge":"","tripId":"6b187d38-1d7d-4970-b0aa-2ee074da03f9"},{"VendorID":"2","tpep_pickup_datetime":"2024-01-05 19:18:03","tpep_dropoff_datetime":"2023-12-13 19:31:42","passenger_count":"1","trip_distance":"2.16","RatecodeID":"1","store_and_fwd_flag":"N","PULocationID":"230","DOLocationID":"143","payment_type":"1","fare_amount":"10.5","extra":"1","mta_tax":"0.5","tip_amount":"2.46","tolls_amount":"0","improvement_surcharge":"0.3","total_amount":"14.76","congestion_surcharge":"","tripId":"96081dd7-d4ca-4012-b234-55b4fc7414ab"},{"VendorID":"2","tpep_pickup_datetime":"2023-04-23 19:38:06","tpep_dropoff_datetime":"2023-04-12 19:50:27","passenger_count":"1","trip_distance":"1.10","RatecodeID":"1","store_and_fwd_flag":"N","PULocationID":"43","DOLocationID":"230","payment_type":"2","fare_amount":"9","extra":"1","mta_tax":"0.5","tip_amount":"0","tolls_amount":"0","improvement_surcharge":"0.3","total_amount":"10.8","congestion_surcharge":"","tripId":"e2b02faf-9501-43c6-baa5-04ba24851a52"},{"VendorID":"2","tpep_pickup_datetime":"2023-06-02 19:03:03","tpep_dropoff_datetime":"2023-03-29 19:07:14","passenger_count":"1","trip_distance":".56","RatecodeID":"1","store_and_fwd_flag":"N","PULocationID":"100","DOLocationID":"164","payment_type":"1","fare_amount":"4.5","extra":"1","mta_tax":"0.5","tip_amount":"0.7","tolls_amount":"0","improvement_surcharge":"0.3","total_amount":"7","congestion_surcharge":"","tripId":"2a14c94c-26bb-4cb9-a421-dc8fed4696e9"},{"VendorID":"2","tpep_pickup_datetime":"2023-12-03 19:18:48","tpep_dropoff_datetime":"2024-02-03 19:43:26","passenger_count":"1","trip_distance":"11.64","RatecodeID":"1","store_and_fwd_flag":"N","PULocationID":"234","DOLocationID":"228","payment_type":"1","fare_amount":"34","extra":"1","mta_tax":"0.5","tip_amount":"10.39","tolls_amount":"5.76","improvement_surcharge":"0.3","total_amount":"51.95","congestion_surcharge":"","tripId":"dddf4882-a34c-4948-aeb1-0e1a0fcfde33"},{"VendorID":"2","tpep_pickup_datetime":"2023-09-07 19:18:38","tpep_dropoff_datetime":"2023-09-26 19:44:04","passenger_count":"2","trip_distance":"16.18","RatecodeID":"1","store_and_fwd_flag":"N","PULocationID":"132","DOLocationID":"255","payment_type":"2","fare_amount":"43.5","extra":"1","mta_tax":"0.5","tip_amount":"0","tolls_amount":"0","improvement_surcharge":"0.3","total_amount":"45.3","congestion_surcharge":"","tripId":"3bcc4552-c23d-45c4-aa5a-fc50c047518f"},{"VendorID":"2","tpep_pickup_datetime":"2023-06-08 19:19:30","tpep_dropoff_datetime":"2023-07-22 19:31:22","passenger_count":"1","trip_distance":"1.32","RatecodeID":"1","store_and_fwd_flag":"N","PULocationID":"163","DOLocationID":"141","payment_type":"1","fare_amount":"9","extra":"1","mta_tax":"0.5","tip_amount":"2.7","tolls_amount":"0","improvement_surcharge":"0.3","total_amount":"13.5","congestion_surcharge":"","tripId":"a2bb0def-1d62-4ecc-94f5-6d1c1ce955d7"},{"VendorID":"2","tpep_pickup_datetime":"2023-10-13 19:53:41","tpep_dropoff_datetime":"2023-03-26 20:03:51","passenger_count":"1","trip_distance":"2.13","RatecodeID":"1","store_and_fwd_flag":"N","PULocationID":"233","DOLocationID":"148","payment_type":"1","fare_amount":"9.5","extra":"1","mta_tax":"0.5","tip_amount":"1","tolls_amount":"0","improvement_surcharge":"0.3","total_amount":"12.3","congestion_surcharge":"","tripId":"a97330af-fb8a-4e2a-a129-b08417ccfa7d"},{"VendorID":"2","tpep_pickup_datetime":"2023-01-16 19:30:16","tpep_dropoff_datetime":"2023-11-27 19:42:39","passenger_count":"2","trip_distance":"2.28","RatecodeID":"1","store_and_fwd_flag":"N","PULocationID":"161","DOLocationID":"75","payment_type":"1","fare_amount":"10","extra":"1","mta_tax":"0.5","tip_amount":"2.36","tolls_amount":"0","improvement_surcharge":"0.3","total_amount":"14.16","congestion_surcharge":"","tripId":"8ddaf9b1-fe5f-4d32-89fb-04fd3094ffc0"},{"VendorID":"2","tpep_pickup_datetime":"2023-02-15 19:50:22","tpep_dropoff_datetime":"2024-01-13 19:55:31","passenger_count":"2","trip_distance":"1.20","RatecodeID":"1","store_and_fwd_flag":"N","PULocationID":"237","DOLocationID":"263","payment_type":"2","fare_amount":"6","extra":"1","mta_tax":"0.5","tip_amount":"0","tolls_amount":"0","improvement_surcharge":"0.3","total_amount":"7.8","congestion_surcharge":"","tripId":"baa37424-952c-46a8-bda9-b3ede937939a"},{"VendorID":"1","tpep_pickup_datetime":"2023-08-12 19:40:41","tpep_dropoff_datetime":"2024-01-19 20:01:40","passenger_count":"4","trip_distance":"9.10","RatecodeID":"1","store_and_fwd_flag":"N","PULocationID":"138","DOLocationID":"90","payment_type":"1","fare_amount":"28","extra":"1","mta_tax":"0.5","tip_amount":"8.85","tolls_amount":"5.76","improvement_surcharge":"0.3","total_amount":"44.41","congestion_surcharge":"","tripId":"3034616a-59f1-4096-a096-91a12e01d286"},{"VendorID":"1","tpep_pickup_datetime":"2023-05-25 19:07:21","tpep_dropoff_datetime":"2023-06-30 19:16:39","passenger_count":"1","trip_distance":".70","RatecodeID":"1","store_and_fwd_flag":"N","PULocationID":"161","DOLocationID":"100","payment_type":"1","fare_amount":"7","extra":"1","mta_tax":"0.5","tip_amount":"1.75","tolls_amount":"0","improvement_surcharge":"0.3","total_amount":"10.55","congestion_surcharge":"","tripId":"d648c8ed-8ebd-4d12-a4b5-072c661bb4cd"},{"VendorID":"1","tpep_pickup_datetime":"2023-09-29 19:23:13","tpep_dropoff_datetime":"2023-05-19 19:32:39","passenger_count":"1","trip_distance":"1.40","RatecodeID":"1","store_and_fwd_flag":"N","PULocationID":"100","DOLocationID":"162","payment_type":"2","fare_amount":"8","extra":"1","mta_tax":"0.5","tip_amount":"0","tolls_amount":"0","improvement_surcharge":"0.3","total_amount":"9.8","congestion_surcharge":"","tripId":"ff4c43ab-9fe2-4c7a-9d0f-30db1c4e8777"},{"VendorID":"2","tpep_pickup_datetime":"2023-09-22 19:26:08","tpep_dropoff_datetime":"2023-05-08 19:32:00","passenger_count":"1","trip_distance":"1.25","RatecodeID":"1","store_and_fwd_flag":"N","PULocationID":"230","DOLocationID":"43","payment_type":"1","fare_amount":"6","extra":"1","mta_tax":"0.5","tip_amount":"0.5","tolls_amount":"0","improvement_surcharge":"0.3","total_amount":"8.3","congestion_surcharge":"","tripId":"690ee6c2-4c65-4418-8e70-ca94381c9800"},{"VendorID":"2","tpep_pickup_datetime":"2023-11-10 19:53:34","tpep_dropoff_datetime":"2023-10-28 20:05:48","passenger_count":"1","trip_distance":".81","RatecodeID":"1","store_and_fwd_flag":"N","PULocationID":"161","DOLocationID":"230","payment_type":"1","fare_amount":"8.5","extra":"1","mta_tax":"0.5","tip_amount":"2.06","tolls_amount":"0","improvement_surcharge":"0.3","total_amount":"12.36","congestion_surcharge":"","tripId":"fb0efc4f-5d39-418e-ba8c-07dff148aa78"},{"VendorID":"1","tpep_pickup_datetime":"2023-08-08 19:12:57","tpep_dropoff_datetime":"2023-03-29 19:40:12","passenger_count":"1","trip_distance":"3.10","RatecodeID":"1","store_and_fwd_flag":"N","PULocationID":"263","DOLocationID":"100","payment_type":"1","fare_amount":"18","extra":"1","mta_tax":"0.5","tip_amount":"3.95","tolls_amount":"0","improvement_surcharge":"0.3","total_amount":"23.75","congestion_surcharge":"","tripId":"f724585e-36c1-4eec-a628-66728de8f3cb"},{"VendorID":"2","tpep_pickup_datetime":"2023-04-09 19:22:32","tpep_dropoff_datetime":"2023-12-09 19:28:22","passenger_count":"1","trip_distance":".77","RatecodeID":"1","store_and_fwd_flag":"N","PULocationID":"164","DOLocationID":"186","payment_type":"2","fare_amount":"5.5","extra":"1","mta_tax":"0.5","tip_amount":"0","tolls_amount":"0","improvement_surcharge":"0.3","total_amount":"7.3","congestion_surcharge":"","tripId":"ae1a6ffe-9cf8-4958-a164-789d3db6dbbf"},{"VendorID":"2","tpep_pickup_datetime":"2023-05-30 19:40:50","tpep_dropoff_datetime":"2023-07-21 19:54:26","passenger_count":"1","trip_distance":"1.62","RatecodeID":"1","store_and_fwd_flag":"N","PULocationID":"164","DOLocationID":"161","payment_type":"1","fare_amount":"10","extra":"1","mta_tax":"0.5","tip_amount":"5","tolls_amount":"0","improvement_surcharge":"0.3","total_amount":"16.8","congestion_surcharge":"","tripId":"695d2d19-1cde-4982-972f-4887ddcecd20"},{"VendorID":"2","tpep_pickup_datetime":"2023-09-03 20:00:30","tpep_dropoff_datetime":"2023-02-04 20:07:13","passenger_count":"1","trip_distance":".94","RatecodeID":"1","store_and_fwd_flag":"N","PULocationID":"162","DOLocationID":"233","payment_type":"1","fare_amount":"6","extra":"1","mta_tax":"0.5","tip_amount":"1","tolls_amount":"0","improvement_surcharge":"0.3","total_amount":"8.8","congestion_surcharge":"","tripId":"53dbe74d-162a-4265-ae0d-81bc86492cd3"},{"VendorID":"2","tpep_pickup_datetime":"2023-06-01 19:20:29","tpep_dropoff_datetime":"2023-07-08 19:29:06","passenger_count":"1","trip_distance":"1.74","RatecodeID":"1","store_and_fwd_flag":"N","PULocationID":"226","DOLocationID":"7","payment_type":"2","fare_amount":"8","extra":"1","mta_tax":"0.5","tip_amount":"0","tolls_amount":"0","improvement_surcharge":"0.3","total_amount":"9.8","congestion_surcharge":"","tripId":"1aaa4c16-6eca-411e-af9c-20a8bf97d3b1"},{"VendorID":"2","tpep_pickup_datetime":"2023-03-27 19:07:56","tpep_dropoff_datetime":"2023-10-23 19:18:18","passenger_count":"1","trip_distance":"1.57","RatecodeID":"1","store_and_fwd_flag":"N","PULocationID":"186","DOLocationID":"163","payment_type":"1","fare_amount":"8.5","extra":"1","mta_tax":"0.5","tip_amount":"2.58","tolls_amount":"0","improvement_surcharge":"0.3","total_amount":"12.88","congestion_surcharge":"","tripId":"c9a614e3-1cce-41b9-938e-177daf2a881f"},{"VendorID":"2","tpep_pickup_datetime":"2023-06-12 19:19:34","tpep_dropoff_datetime":"2023-04-06 19:27:55","passenger_count":"1","trip_distance":"1.01","RatecodeID":"1","store_and_fwd_flag":"N","PULocationID":"163","DOLocationID":"141","payment_type":"1","fare_amount":"7","extra":"1","mta_tax":"0.5","tip_amount":"2.2","tolls_amount":"0","improvement_surcharge":"0.3","total_amount":"11","congestion_surcharge":"","tripId":"847764c1-2f0f-40ef-9944-273e047aaf53"},{"VendorID":"1","tpep_pickup_datetime":"2023-07-10 19:01:16","tpep_dropoff_datetime":"2023-08-14 19:05:10","passenger_count":"1","trip_distance":".70","RatecodeID":"1","store_and_fwd_flag":"N","PULocationID":"90","DOLocationID":"137","payment_type":"2","fare_amount":"4.5","extra":"1","mta_tax":"0.5","tip_amount":"0","tolls_amount":"0","improvement_surcharge":"0.3","total_amount":"6.3","congestion_surcharge":"","tripId":"c134cc63-0f3b-4444-9b28-8aebc627c647"},{"VendorID":"1","tpep_pickup_datetime":"2023-04-19 19:04:30","tpep_dropoff_datetime":"2023-05-12 19:07:33","passenger_count":"1","trip_distance":".40","RatecodeID":"1","store_and_fwd_flag":"N","PULocationID":"262","DOLocationID":"263","payment_type":"1","fare_amount":"4","extra":"1","mta_tax":"0.5","tip_amount":"1","tolls_amount":"0","improvement_surcharge":"0.3","total_amount":"6.8","congestion_surcharge":"","tripId":"942db769-7ff3-4930-901b-6dd39090c607"}]