[{"VendorID":"2","tpep_pickup_datetime":"2023-12-02 11:12:38","tpep_dropoff_datetime":"2023-10-11 11:18:56","passenger_count":"1","trip_distance":".96","RatecodeID":"1","store_and_fwd_flag":"N","PULocationID":"151","DOLocationID":"239","payment_type":"1","fare_amount":"6","extra":"0","mta_tax":"0.5","tip_amount":"1.5","tolls_amount":"0","improvement_surcharge":"0.3","total_amount":"8.3","congestion_surcharge":""},{"VendorID":"2","tpep_pickup_datetime":"2023-09-01 11:36:34","tpep_dropoff_datetime":"2023-08-31 11:47:52","passenger_count":"1","trip_distance":".98","RatecodeID":"1","store_and_fwd_flag":"N","PULocationID":"143","DOLocationID":"163","payment_type":"1","fare_amount":"8.5","extra":"0","mta_tax":"0.5","tip_amount":"1","tolls_amount":"0","improvement_surcharge":"0.3","total_amount":"10.3","congestion_surcharge":""},{"VendorID":"2","tpep_pickup_datetime":"2023-12-20 11:56:00","tpep_dropoff_datetime":"2023-02-17 12:11:05","passenger_count":"1","trip_distance":"1.45","RatecodeID":"1","store_and_fwd_flag":"N","PULocationID":"161","DOLocationID":"170","payment_type":"1","fare_amount":"10.5","extra":"0","mta_tax":"0.5","tip_amount":"1.5","tolls_amount":"0","improvement_surcharge":"0.3","total_amount":"12.8","congestion_surcharge":""},{"VendorID":"2","tpep_pickup_datetime":"2023-12-02 11:29:52","tpep_dropoff_datetime":"2023-10-26 11:37:52","passenger_count":"1","trip_distance":"1.42","RatecodeID":"1","store_and_fwd_flag":"N","PULocationID":"236","DOLocationID":"239","payment_type":"2","fare_amount":"7.5","extra":"0","mta_tax":"0.5","tip_amount":"0","tolls_amount":"0","improvement_surcharge":"0.3","total_amount":"8.3","congestion_surcharge":""},{"VendorID":"2","tpep_pickup_datetime":"2023-03-17 11:50:43","tpep_dropoff_datetime":"2023-09-30 12:01:06","passenger_count":"1","trip_distance":"1.47","RatecodeID":"1","store_and_fwd_flag":"N","PULocationID":"239","DOLocationID":"230","payment_type":"2","fare_amount":"8.5","extra":"0","mta_tax":"0.5","tip_amount":"0","tolls_amount":"0","improvement_surcharge":"0.3","total_amount":"9.3","congestion_surcharge":""},{"VendorID":"2","tpep_pickup_datetime":"2023-03-25 11:52:33","tpep_dropoff_datetime":"2023-07-26 12:34:32","passenger_count":"1","trip_distance":"12.26","RatecodeID":"1","store_and_fwd_flag":"N","PULocationID":"132","DOLocationID":"49","payment_type":"1","fare_amount":"40","extra":"0","mta_tax":"0.5","tip_amount":"7.5","tolls_amount":"0","improvement_surcharge":"0.3","total_amount":"48.3","congestion_surcharge":""},{"VendorID":"1","tpep_pickup_datetime":"2023-08-30 11:11:08","tpep_dropoff_datetime":"2023-10-09 11:19:31","passenger_count":"1","trip_distance":"1.30","RatecodeID":"1","store_and_fwd_flag":"N","PULocationID":"161","DOLocationID":"234","payment_type":"1","fare_amount":"7.5","extra":"0","mta_tax":"0.5","tip_amount":"1.66","tolls_amount":"0","improvement_surcharge":"0.3","total_amount":"9.96","congestion_surcharge":""},{"VendorID":"1","tpep_pickup_datetime":"2023-07-24 11:23:23","tpep_dropoff_datetime":"2023-06-10 11:30:37","passenger_count":"1","trip_distance":".80","RatecodeID":"1","store_and_fwd_flag":"N","PULocationID":"186","DOLocationID":"230","payment_type":"1","fare_amount":"6.5","extra":"0","mta_tax":"0.5","tip_amount":"1.45","tolls_amount":"0","improvement_surcharge":"0.3","total_amount":"8.75","congestion_surcharge":""},{"VendorID":"1","tpep_pickup_datetime":"2023-08-24 11:32:15","tpep_dropoff_datetime":"2023-10-16 11:49:18","passenger_count":"1","trip_distance":"1.90","RatecodeID":"1","store_and_fwd_flag":"N","PULocationID":"161","DOLocationID":"237","payment_type":"1","fare_amount":"12.5","extra":"0","mta_tax":"0.5","tip_amount":"2.65","tolls_amount":"0","improvement_surcharge":"0.3","total_amount":"15.95","congestion_surcharge":""},{"VendorID":"1","tpep_pickup_datetime":"2023-09-16 11:54:32","tpep_dropoff_datetime":"2023-01-10 12:00:00","passenger_count":"1","trip_distance":"1.10","RatecodeID":"1","store_and_fwd_flag":"N","PULocationID":"237","DOLocationID":"142","payment_type":"1","fare_amount":"6","extra":"0","mta_tax":"0.5","tip_amount":"1.35","tolls_amount":"0","improvement_surcharge":"0.3","total_amount":"8.15","congestion_surcharge":""},{"VendorID":"2","tpep_pickup_datetime":"2023-04-21 11:47:47","tpep_dropoff_datetime":"2023-10-20 11:54:03","passenger_count":"5","trip_distance":"1.55","RatecodeID":"1","store_and_fwd_flag":"N","PULocationID":"140","DOLocationID":"263","payment_type":"1","fare_amount":"6.5","extra":"0","mta_tax":"0.5","tip_amount":"1.82","tolls_amount":"0","improvement_surcharge":"0.3","total_amount":"9.12","congestion_surcharge":""},{"VendorID":"2","tpep_pickup_datetime":"2023-02-13 11:45:51","tpep_dropoff_datetime":"2023-02-23 11:54:43","passenger_count":"2","trip_distance":".81","RatecodeID":"1","store_and_fwd_flag":"N","PULocationID":"237","DOLocationID":"161","payment_type":"2","fare_amount":"7","extra":"0","mta_tax":"0.5","tip_amount":"0","tolls_amount":"0","improvement_surcharge":"0.3","total_amount":"7.8","congestion_surcharge":""},{"VendorID":"2","tpep_pickup_datetime":"2023-12-14 11:02:53","tpep_dropoff_datetime":"2023-02-28 11:07:06","passenger_count":"5","trip_distance":".65","RatecodeID":"1","store_and_fwd_flag":"N","PULocationID":"263","DOLocationID":"262","payment_type":"2","fare_amount":"4.5","extra":"0","mta_tax":"0.5","tip_amount":"0","tolls_amount":"0","improvement_surcharge":"0.3","total_amount":"5.3","congestion_surcharge":""},{"VendorID":"2","tpep_pickup_datetime":"2023-03-04 11:50:58","tpep_dropoff_datetime":"2023-09-12 12:08:29","passenger_count":"5","trip_distance":"2.24","RatecodeID":"1","store_and_fwd_flag":"N","PULocationID":"142","DOLocationID":"236","payment_type":"1","fare_amount":"12.5","extra":"0","mta_tax":"0.5","tip_amount":"1.5","tolls_amount":"0","improvement_surcharge":"0.3","total_amount":"14.8","congestion_surcharge":""},{"VendorID":"1","tpep_pickup_datetime":"2023-03-12 11:00:41","tpep_dropoff_datetime":"2023-09-13 11:17:26","passenger_count":"1","trip_distance":"2.70","RatecodeID":"1","store_and_fwd_flag":"N","PULocationID":"140","DOLocationID":"170","payment_type":"1","fare_amount":"14","extra":"0","mta_tax":"0.5","tip_amount":"1.5","tolls_amount":"0","improvement_surcharge":"0.3","total_amount":"16.3","congestion_surcharge":""},{"VendorID":"1","tpep_pickup_datetime":"2023-01-09 11:26:26","tpep_dropoff_datetime":"2023-03-09 11:34:25","passenger_count":"1","trip_distance":"1.00","RatecodeID":"1","store_and_fwd_flag":"N","PULocationID":"164","DOLocationID":"230","payment_type":"1","fare_amount":"7","extra":"0","mta_tax":"0.5","tip_amount":"2","tolls_amount":"0","improvement_surcharge":"0.3","total_amount":"9.8","congestion_surcharge":""},{"VendorID":"1","tpep_pickup_datetime":"2023-11-08 11:42:19","tpep_dropoff_datetime":"2023-11-05 11:57:39","passenger_count":"1","trip_distance":"1.70","RatecodeID":"1","store_and_fwd_flag":"N","PULocationID":"163","DOLocationID":"107","payment_type":"1","fare_amount":"11","extra":"0","mta_tax":"0.5","tip_amount":"3.5","tolls_amount":"0","improvement_surcharge":"0.3","total_amount":"15.3","congestion_surcharge":""},{"VendorID":"1","tpep_pickup_datetime":"2023-09-07 11:48:22","tpep_dropoff_datetime":"2023-02-16 11:51:40","passenger_count":"1","trip_distance":".30","RatecodeID":"1","store_and_fwd_flag":"N","PULocationID":"236","DOLocationID":"236","payment_type":"2","fare_amount":"4","extra":"0","mta_tax":"0.5","tip_amount":"0","tolls_amount":"0","improvement_surcharge":"0.3","total_amount":"4.8","congestion_surcharge":""},{"VendorID":"2","tpep_pickup_datetime":"2023-12-25 11:40:01","tpep_dropoff_datetime":"2023-05-21 11:48:08","passenger_count":"1","trip_distance":"2.31","RatecodeID":"1","store_and_fwd_flag":"N","PULocationID":"65","DOLocationID":"66","payment_type":"1","fare_amount":"9.5","extra":"0","mta_tax":"0.5","tip_amount":"2.06","tolls_amount":"0","improvement_surcharge":"0.3","total_amount":"12.36","congestion_surcharge":""},{"VendorID":"2","tpep_pickup_datetime":"2023-01-17 11:55:31","tpep_dropoff_datetime":"2023-08-16 12:04:44","passenger_count":"6","trip_distance":".93","RatecodeID":"1","store_and_fwd_flag":"N","PULocationID":"68","DOLocationID":"100","payment_type":"2","fare_amount":"7.5","extra":"0","mta_tax":"0.5","tip_amount":"0","tolls_amount":"0","improvement_surcharge":"0.3","total_amount":"8.3","congestion_surcharge":""},{"VendorID":"2","tpep_pickup_datetime":"2023-04-12 11:10:24","tpep_dropoff_datetime":"2023-07-03 11:19:34","passenger_count":"2","trip_distance":"1.28","RatecodeID":"1","store_and_fwd_flag":"N","PULocationID":"263","DOLocationID":"141","payment_type":"2","fare_amount":"7.5","extra":"0","mta_tax":"0.5","tip_amount":"0","tolls_amount":"0","improvement_surcharge":"0.3","total_amount":"8.3","congestion_surcharge":""},{"VendorID":"2","tpep_pickup_datetime":"2023-04-09 11:54:48","tpep_dropoff_datetime":"2023-09-26 12:19:33","passenger_count":"1","trip_distance":"3.18","RatecodeID":"1","store_and_fwd_flag":"N","PULocationID":"262","DOLocationID":"170","payment_type":"1","fare_amount":"17","extra":"0","mta_tax":"0.5","tip_amount":"5.34","tolls_amount":"0","improvement_surcharge":"0.3","total_amount":"23.14","congestion_surcharge":""},{"VendorID":"2","tpep_pickup_datetime":"2023-07-09 10:59:55","tpep_dropoff_datetime":"2023-04-20 11:01:50","passenger_count":"1","trip_distance":".35","RatecodeID":"1","store_and_fwd_flag":"N","PULocationID":"234","DOLocationID":"234","payment_type":"1","fare_amount":"3.5","extra":"0","mta_tax":"0.5","tip_amount":"0","tolls_amount":"0","improvement_surcharge":"0.3","total_amount":"4.3","congestion_surcharge":""},{"VendorID":"2","tpep_pickup_datetime":"2023-09-07 11:03:58","tpep_dropoff_datetime":"2023-08-07 11:15:32","passenger_count":"1","trip_distance":"1.18","RatecodeID":"1","store_and_fwd_flag":"N","PULocationID":"234","DOLocationID":"144","payment_type":"1","fare_amount":"8.5","extra":"0","mta_tax":"0.5","tip_amount":"2.79","tolls_amount":"0","improvement_surcharge":"0.3","total_amount":"12.09","congestion_surcharge":""},{"VendorID":"2","tpep_pickup_datetime":"2023-02-08 11:27:46","tpep_dropoff_datetime":"2023-07-19 11:43:47","passenger_count":"1","trip_distance":"1.78","RatecodeID":"1","store_and_fwd_flag":"N","PULocationID":"234","DOLocationID":"161","payment_type":"2","fare_amount":"11","extra":"0","mta_tax":"0.5","tip_amount":"0","tolls_amount":"0","improvement_surcharge":"0.3","total_amount":"11.8","congestion_surcharge":""},{"VendorID":"2","tpep_pickup_datetime":"2023-02-24 11:45:17","tpep_dropoff_datetime":"2023-08-04 11:52:07","passenger_count":"1","trip_distance":".76","RatecodeID":"1","store_and_fwd_flag":"N","PULocationID":"161","DOLocationID":"170","payment_type":"2","fare_amount":"6","extra":"0","mta_tax":"0.5","tip_amount":"0","tolls_amount":"0","improvement_surcharge":"0.3","total_amount":"6.8","congestion_surcharge":""},{"VendorID":"2","tpep_pickup_datetime":"2023-04-10 11:55:15","tpep_dropoff_datetime":"2023-05-20 12:04:04","passenger_count":"1","trip_distance":".92","RatecodeID":"1","store_and_fwd_flag":"N","PULocationID":"170","DOLocationID":"137","payment_type":"2","fare_amount":"7","extra":"0","mta_tax":"0.5","tip_amount":"0","tolls_amount":"0","improvement_surcharge":"0.3","total_amount":"7.8","congestion_surcharge":""},{"VendorID":"1","tpep_pickup_datetime":"2023-12-25 11:11:51","tpep_dropoff_datetime":"2023-12-28 11:15:25","passenger_count":"1","trip_distance":".20","RatecodeID":"1","store_and_fwd_flag":"N","PULocationID":"141","DOLocationID":"141","payment_type":"2","fare_amount":"4","extra":"0","mta_tax":"0.5","tip_amount":"0","tolls_amount":"0","improvement_surcharge":"0.3","total_amount":"4.8","congestion_surcharge":""},{"VendorID":"1","tpep_pickup_datetime":"2023-08-07 11:19:06","tpep_dropoff_datetime":"2023-01-23 11:33:21","passenger_count":"1","trip_distance":"1.60","RatecodeID":"1","store_and_fwd_flag":"N","PULocationID":"140","DOLocationID":"142","payment_type":"1","fare_amount":"10.5","extra":"0","mta_tax":"0.5","tip_amount":"2.25","tolls_amount":"0","improvement_surcharge":"0.3","total_amount":"13.55","congestion_surcharge":""},{"VendorID":"1","tpep_pickup_datetime":"2023-08-25 11:43:52","tpep_dropoff_datetime":"2023-10-20 11:58:38","passenger_count":"1","trip_distance":"1.20","RatecodeID":"1","store_and_fwd_flag":"N","PULocationID":"141","DOLocationID":"161","payment_type":"1","fare_amount":"10.5","extra":"0","mta_tax":"0.5","tip_amount":"1.7","tolls_amount":"0","improvement_surcharge":"0.3","total_amount":"13","congestion_surcharge":""},{"VendorID":"2","tpep_pickup_datetime":"2023-03-09 11:28:22","tpep_dropoff_datetime":"2023-06-22 12:00:19","passenger_count":"1","trip_distance":"12.82","RatecodeID":"1","store_and_fwd_flag":"N","PULocationID":"138","DOLocationID":"61","payment_type":"1","fare_amount":"38","extra":"0","mta_tax":"0.5","tip_amount":"7.76","tolls_amount":"0","improvement_surcharge":"0.3","total_amount":"46.56","congestion_surcharge":""},{"VendorID":"2","tpep_pickup_datetime":"2024-01-09 11:19:27","tpep_dropoff_datetime":"2023-06-08 11:22:14","passenger_count":"1","trip_distance":".36","RatecodeID":"1","store_and_fwd_flag":"N","PULocationID":"141","DOLocationID":"236","payment_type":"2","fare_amount":"4","extra":"0","mta_tax":"0.5","tip_amount":"0","tolls_amount":"0","improvement_surcharge":"0.3","total_amount":"4.8","congestion_surcharge":""},{"VendorID":"2","tpep_pickup_datetime":"2024-01-24 11:46:03","tpep_dropoff_datetime":"2024-01-31 11:51:46","passenger_count":"1","trip_distance":".92","RatecodeID":"1","store_and_fwd_flag":"N","PULocationID":"140","DOLocationID":"237","payment_type":"1","fare_amount":"6","extra":"0","mta_tax":"0.5","tip_amount":"1.36","tolls_amount":"0","improvement_surcharge":"0.3","total_amount":"8.16","congestion_surcharge":""},{"VendorID":"2","tpep_pickup_datetime":"2023-01-09 11:12:41","tpep_dropoff_datetime":"2023-08-03 11:26:23","passenger_count":"1","trip_distance":"2.40","RatecodeID":"1","store_and_fwd_flag":"N","PULocationID":"114","DOLocationID":"170","payment_type":"1","fare_amount":"11.5","extra":"0","mta_tax":"0.5","tip_amount":"2.5","tolls_amount":"0","improvement_surcharge":"0.3","total_amount":"14.8","congestion_surcharge":""},{"VendorID":"1","tpep_pickup_datetime":"2023-01-26 11:16:19","tpep_dropoff_datetime":"2023-05-12 11:26:10","passenger_count":"3","trip_distance":"2.00","RatecodeID":"1","store_and_fwd_flag":"N","PULocationID":"239","DOLocationID":"24","payment_type":"2","fare_amount":"9.5","extra":"0","mta_tax":"0.5","tip_amount":"0","tolls_amount":"0","improvement_surcharge":"0.3","total_amount":"10.3","congestion_surcharge":""},{"VendorID":"1","tpep_pickup_datetime":"2023-07-20 11:32:37","tpep_dropoff_datetime":"2023-03-16 11:37:59","passenger_count":"1","trip_distance":".80","RatecodeID":"1","store_and_fwd_flag":"N","PULocationID":"238","DOLocationID":"239","payment_type":"1","fare_amount":"5.5","extra":"0","mta_tax":"0.5","tip_amount":"1.55","tolls_amount":"0","improvement_surcharge":"0.3","total_amount":"7.85","congestion_surcharge":""},{"VendorID":"1","tpep_pickup_datetime":"2023-09-07 11:43:31","tpep_dropoff_datetime":"2023-08-28 11:49:09","passenger_count":"2","trip_distance":".80","RatecodeID":"1","store_and_fwd_flag":"N","PULocationID":"143","DOLocationID":"239","payment_type":"1","fare_amount":"5.5","extra":"0","mta_tax":"0.5","tip_amount":"1.25","tolls_amount":"0","improvement_surcharge":"0.3","total_amount":"7.55","congestion_surcharge":""},{"VendorID":"1","tpep_pickup_datetime":"2023-09-21 11:57:36","tpep_dropoff_datetime":"2023-12-29 12:04:46","passenger_count":"1","trip_distance":"1.30","RatecodeID":"1","store_and_fwd_flag":"N","PULocationID":"238","DOLocationID":"236","payment_type":"1","fare_amount":"7","extra":"0","mta_tax":"0.5","tip_amount":"1.17","tolls_amount":"0","improvement_surcharge":"0.3","total_amount":"8.97","congestion_surcharge":""},{"VendorID":"2","tpep_pickup_datetime":"2023-07-31 11:22:04","tpep_dropoff_datetime":"2023-12-10 11:26:05","passenger_count":"5","trip_distance":".65","RatecodeID":"1","store_and_fwd_flag":"N","PULocationID":"237","DOLocationID":"236","payment_type":"1","fare_amount":"5","extra":"0","mta_tax":"0.5","tip_amount":"1.16","tolls_amount":"0","improvement_surcharge":"0.3","total_amount":"6.96","congestion_surcharge":""},{"VendorID":"2","tpep_pickup_datetime":"2023-09-22 11:50:21","tpep_dropoff_datetime":"2023-07-16 11:57:24","passenger_count":"4","trip_distance":"1.64","RatecodeID":"1","store_and_fwd_flag":"N","PULocationID":"262","DOLocationID":"239","payment_type":"1","fare_amount":"7.5","extra":"0","mta_tax":"0.5","tip_amount":"1.66","tolls_amount":"0","improvement_surcharge":"0.3","total_amount":"9.96","congestion_surcharge":""},{"VendorID":"1","tpep_pickup_datetime":"2023-01-23 11:22:07","tpep_dropoff_datetime":"2023-01-20 11:38:28","passenger_count":"1","trip_distance":"1.10","RatecodeID":"1","store_and_fwd_flag":"N","PULocationID":"186","DOLocationID":"137","payment_type":"1","fare_amount":"11","extra":"0","mta_tax":"0.5","tip_amount":"2","tolls_amount":"0","improvement_surcharge":"0.3","total_amount":"13.8","congestion_surcharge":""},{"VendorID":"1","tpep_pickup_datetime":"2024-01-31 11:53:45","tpep_dropoff_datetime":"2023-03-02 12:17:19","passenger_count":"1","trip_distance":"6.90","RatecodeID":"1","store_and_fwd_flag":"N","PULocationID":"233","DOLocationID":"33","payment_type":"1","fare_amount":"24","extra":"0","mta_tax":"0.5","tip_amount":"4.95","tolls_amount":"0","improvement_surcharge":"0.3","total_amount":"29.75","congestion_surcharge":""},{"VendorID":"2","tpep_pickup_datetime":"2023-11-02 11:01:13","tpep_dropoff_datetime":"2023-04-07 11:08:50","passenger_count":"2","trip_distance":"1.46","RatecodeID":"1","store_and_fwd_flag":"N","PULocationID":"79","DOLocationID":"79","payment_type":"2","fare_amount":"6.5","extra":"0","mta_tax":"0.5","tip_amount":"0","tolls_amount":"0","improvement_surcharge":"0.3","total_amount":"7.3","congestion_surcharge":""},{"VendorID":"2","tpep_pickup_datetime":"2023-01-24 11:16:34","tpep_dropoff_datetime":"2023-09-20 11:33:31","passenger_count":"2","trip_distance":"4.90","RatecodeID":"1","store_and_fwd_flag":"N","PULocationID":"107","DOLocationID":"261","payment_type":"1","fare_amount":"18","extra":"0","mta_tax":"0.5","tip_amount":"3.2","tolls_amount":"0","improvement_surcharge":"0.3","total_amount":"22","congestion_surcharge":""},{"VendorID":"2","tpep_pickup_datetime":"2023-11-20 11:48:23","tpep_dropoff_datetime":"2023-10-06 11:53:59","passenger_count":"2","trip_distance":".61","RatecodeID":"1","store_and_fwd_flag":"N","PULocationID":"234","DOLocationID":"107","payment_type":"2","fare_amount":"5.5","extra":"0","mta_tax":"0.5","tip_amount":"0","tolls_amount":"0","improvement_surcharge":"0.3","total_amount":"6.3","congestion_surcharge":""},{"VendorID":"1","tpep_pickup_datetime":"2023-09-11 11:19:20","tpep_dropoff_datetime":"2023-10-11 11:22:14","passenger_count":"1","trip_distance":".60","RatecodeID":"1","store_and_fwd_flag":"N","PULocationID":"41","DOLocationID":"41","payment_type":"1","fare_amount":"4.5","extra":"0","mta_tax":"0.5","tip_amount":"1","tolls_amount":"0","improvement_surcharge":"0.3","total_amount":"6.3","congestion_surcharge":""},{"VendorID":"1","tpep_pickup_datetime":"2023-09-03 11:49:42","tpep_dropoff_datetime":"2023-05-16 11:55:58","passenger_count":"1","trip_distance":"1.00","RatecodeID":"1","store_and_fwd_flag":"N","PULocationID":"43","DOLocationID":"166","payment_type":"1","fare_amount":"6","extra":"0","mta_tax":"0.5","tip_amount":"1.35","tolls_amount":"0","improvement_surcharge":"0.3","total_amount":"8.15","congestion_surcharge":""},{"VendorID":"1","tpep_pickup_datetime":"2023-09-03 11:08:29","tpep_dropoff_datetime":"2023-07-03 11:30:41","passenger_count":"3","trip_distance":"5.20","RatecodeID":"1","store_and_fwd_flag":"N","PULocationID":"186","DOLocationID":"87","payment_type":"1","fare_amount":"20","extra":"0","mta_tax":"0.5","tip_amount":"1.04","tolls_amount":"0","improvement_surcharge":"0.3","total_amount":"21.84","congestion_surcharge":""},{"VendorID":"1","tpep_pickup_datetime":"2023-12-11 11:37:09","tpep_dropoff_datetime":"2023-08-26 11:47:48","passenger_count":"1","trip_distance":".70","RatecodeID":"1","store_and_fwd_flag":"N","PULocationID":"100","DOLocationID":"164","payment_type":"2","fare_amount":"8","extra":"0","mta_tax":"0.5","tip_amount":"0","tolls_amount":"0","improvement_surcharge":"0.3","total_amount":"8.8","congestion_surcharge":""},{"VendorID":"1","tpep_pickup_datetime":"2023-03-20 11:55:49","tpep_dropoff_datetime":"2023-02-28 12:02:55","passenger_count":"1","trip_distance":".80","RatecodeID":"1","store_and_fwd_flag":"N","PULocationID":"164","DOLocationID":"161","payment_type":"1","fare_amount":"6.5","extra":"0","mta_tax":"0.5","tip_amount":"2.19","tolls_amount":"0","improvement_surcharge":"0.3","total_amount":"9.49","congestion_surcharge":""},{"VendorID":"2","tpep_pickup_datetime":"2023-02-04 11:45:02","tpep_dropoff_datetime":"2023-04-09 12:12:42","passenger_count":"1","trip_distance":"17.66","RatecodeID":"1","store_and_fwd_flag":"N","PULocationID":"230","DOLocationID":"138","payment_type":"2","fare_amount":"48","extra":"0","mta_tax":"0.5","tip_amount":"0","tolls_amount":"5.76","improvement_surcharge":"0.3","total_amount":"54.56","congestion_surcharge":""},{"VendorID":"1","tpep_pickup_datetime":"2023-10-28 11:05:49","tpep_dropoff_datetime":"2023-11-20 11:31:22","passenger_count":"1","trip_distance":"3.00","RatecodeID":"1","store_and_fwd_flag":"N","PULocationID":"142","DOLocationID":"113","payment_type":"2","fare_amount":"17","extra":"0","mta_tax":"0.5","tip_amount":"0","tolls_amount":"0","improvement_surcharge":"0.3","total_amount":"17.8","congestion_surcharge":""},{"VendorID":"1","tpep_pickup_datetime":"2023-11-06 11:43:03","tpep_dropoff_datetime":"2023-07-09 11:49:28","passenger_count":"1","trip_distance":".70","RatecodeID":"1","store_and_fwd_flag":"N","PULocationID":"164","DOLocationID":"164","payment_type":"2","fare_amount":"5.5","extra":"0","mta_tax":"0.5","tip_amount":"0","tolls_amount":"0","improvement_surcharge":"0.3","total_amount":"6.3","congestion_surcharge":""},{"VendorID":"2","tpep_pickup_datetime":"2024-01-09 11:21:43","tpep_dropoff_datetime":"2023-06-04 12:04:29","passenger_count":"6","trip_distance":"13.60","RatecodeID":"1","store_and_fwd_flag":"N","PULocationID":"26","DOLocationID":"163","payment_type":"1","fare_amount":"44","extra":"0","mta_tax":"0.5","tip_amount":"0","tolls_amount":"5.76","improvement_surcharge":"0.3","total_amount":"50.56","congestion_surcharge":""},{"VendorID":"2","tpep_pickup_datetime":"2024-02-01 11:06:12","tpep_dropoff_datetime":"2023-09-05 11:45:37","passenger_count":"1","trip_distance":"7.32","RatecodeID":"1","store_and_fwd_flag":"N","PULocationID":"48","DOLocationID":"125","payment_type":"2","fare_amount":"30","extra":"0","mta_tax":"0.5","tip_amount":"0","tolls_amount":"0","improvement_surcharge":"0.3","total_amount":"30.8","congestion_surcharge":""},{"VendorID":"1","tpep_pickup_datetime":"2023-07-23 11:03:22","tpep_dropoff_datetime":"2023-01-16 11:10:53","passenger_count":"0","trip_distance":".80","RatecodeID":"1","store_and_fwd_flag":"N","PULocationID":"100","DOLocationID":"170","payment_type":"1","fare_amount":"6.5","extra":"0","mta_tax":"0.5","tip_amount":"1.8","tolls_amount":"0","improvement_surcharge":"0.3","total_amount":"9.1","congestion_surcharge":""},{"VendorID":"1","tpep_pickup_datetime":"2023-02-17 11:17:28","tpep_dropoff_datetime":"2023-06-09 11:23:58","passenger_count":"0","trip_distance":".30","RatecodeID":"1","store_and_fwd_flag":"N","PULocationID":"137","DOLocationID":"164","payment_type":"2","fare_amount":"5.5","extra":"0","mta_tax":"0.5","tip_amount":"0","tolls_amount":"0","improvement_surcharge":"0.3","total_amount":"6.3","congestion_surcharge":""},{"VendorID":"1","tpep_pickup_datetime":"2023-11-11 11:38:38","tpep_dropoff_datetime":"2023-09-24 12:08:05","passenger_count":"0","trip_distance":"3.80","RatecodeID":"1","store_and_fwd_flag":"N","PULocationID":"164","DOLocationID":"238","payment_type":"2","fare_amount":"19.5","extra":"0","mta_tax":"0.5","tip_amount":"0","tolls_amount":"0","improvement_surcharge":"0.3","total_amount":"20.3","congestion_surcharge":""},{"VendorID":"2","tpep_pickup_datetime":"2023-12-13 10:58:01","tpep_dropoff_datetime":"2023-08-21 11:04:30","passenger_count":"1","trip_distance":".80","RatecodeID":"1","store_and_fwd_flag":"N","PULocationID":"170","DOLocationID":"48","payment_type":"2","fare_amount":"6","extra":"0","mta_tax":"0.5","tip_amount":"0","tolls_amount":"0","improvement_surcharge":"0.3","total_amount":"6.8","congestion_surcharge":""},{"VendorID":"2","tpep_pickup_datetime":"2023-04-16 11:27:19","tpep_dropoff_datetime":"2024-02-04 11:40:21","passenger_count":"1","trip_distance":"1.11","RatecodeID":"1","store_and_fwd_flag":"N","PULocationID":"161","DOLocationID":"164","payment_type":"1","fare_amount":"9.5","extra":"0","mta_tax":"0.5","tip_amount":"2.06","tolls_amount":"0","improvement_surcharge":"0.3","total_amount":"12.36","congestion_surcharge":""},{"VendorID":"2","tpep_pickup_datetime":"2023-09-02 11:42:01","tpep_dropoff_datetime":"2023-02-02 11:47:21","passenger_count":"1","trip_distance":"1.07","RatecodeID":"1","store_and_fwd_flag":"N","PULocationID":"164","DOLocationID":"162","payment_type":"1","fare_amount":"5.5","extra":"0","mta_tax":"0.5","tip_amount":"1.26","tolls_amount":"0","improvement_surcharge":"0.3","total_amount":"7.56","congestion_surcharge":""},{"VendorID":"1","tpep_pickup_datetime":"2023-12-07 11:59:10","tpep_dropoff_datetime":"2023-07-05 12:05:34","passenger_count":"1","trip_distance":".90","RatecodeID":"1","store_and_fwd_flag":"N","PULocationID":"114","DOLocationID":"113","payment_type":"2","fare_amount":"6","extra":"0","mta_tax":"0.5","tip_amount":"0","tolls_amount":"0","improvement_surcharge":"0.3","total_amount":"6.8","congestion_surcharge":""},{"VendorID":"2","tpep_pickup_datetime":"2024-01-10 11:05:45","tpep_dropoff_datetime":"2023-01-06 11:13:48","passenger_count":"1","trip_distance":"1.10","RatecodeID":"1","store_and_fwd_flag":"N","PULocationID":"163","DOLocationID":"237","payment_type":"1","fare_amount":"7","extra":"0","mta_tax":"0.5","tip_amount":"2.34","tolls_amount":"0","improvement_surcharge":"0.3","total_amount":"10.14","congestion_surcharge":""},{"VendorID":"2","tpep_pickup_datetime":"2023-12-13 11:14:57","tpep_dropoff_datetime":"2023-12-03 11:17:33","passenger_count":"1","trip_distance":".61","RatecodeID":"1","store_and_fwd_flag":"N","PULocationID":"141","DOLocationID":"237","payment_type":"1","fare_amount":"4","extra":"0","mta_tax":"0.5","tip_amount":"0.86","tolls_amount":"0","improvement_surcharge":"0.3","total_amount":"5.66","congestion_surcharge":""},{"VendorID":"2","tpep_pickup_datetime":"2023-09-01 11:27:52","tpep_dropoff_datetime":"2023-08-16 11:36:21","passenger_count":"1","trip_distance":"1.24","RatecodeID":"1","store_and_fwd_flag":"N","PULocationID":"233","DOLocationID":"107","payment_type":"1","fare_amount":"7.5","extra":"0","mta_tax":"0.5","tip_amount":"1.66","tolls_amount":"0","improvement_surcharge":"0.3","total_amount":"9.96","congestion_surcharge":""},{"VendorID":"2","tpep_pickup_datetime":"2023-03-02 11:46:52","tpep_dropoff_datetime":"2023-01-15 11:49:03","passenger_count":"1","trip_distance":".49","RatecodeID":"1","store_and_fwd_flag":"N","PULocationID":"4","DOLocationID":"79","payment_type":"1","fare_amount":"4","extra":"0","mta_tax":"0.5","tip_amount":"0.96","tolls_amount":"0","improvement_surcharge":"0.3","total_amount":"5.76","congestion_surcharge":""},{"VendorID":"1","tpep_pickup_datetime":"2024-01-10 11:54:46","tpep_dropoff_datetime":"2023-12-30 12:08:50","passenger_count":"3","trip_distance":"1.80","RatecodeID":"1","store_and_fwd_flag":"N","PULocationID":"239","DOLocationID":"141","payment_type":"1","fare_amount":"10.5","extra":"0","mta_tax":"0.5","tip_amount":"3.35","tolls_amount":"0","improvement_surcharge":"0.3","total_amount":"14.65","congestion_surcharge":""},{"VendorID":"1","tpep_pickup_datetime":"2023-08-11 11:28:02","tpep_dropoff_datetime":"2023-07-06 11:33:48","passenger_count":"1","trip_distance":"1.00","RatecodeID":"1","store_and_fwd_flag":"N","PULocationID":"249","DOLocationID":"68","payment_type":"2","fare_amount":"6","extra":"0","mta_tax":"0.5","tip_amount":"0","tolls_amount":"0","improvement_surcharge":"0.3","total_amount":"6.8","congestion_surcharge":""},{"VendorID":"2","tpep_pickup_datetime":"2023-12-06 11:11:28","tpep_dropoff_datetime":"2023-10-24 11:39:40","passenger_count":"2","trip_distance":"3.96","RatecodeID":"1","store_and_fwd_flag":"N","PULocationID":"237","DOLocationID":"144","payment_type":"2","fare_amount":"19.5","extra":"0","mta_tax":"0.5","tip_amount":"0","tolls_amount":"0","improvement_surcharge":"0.3","total_amount":"20.3","congestion_surcharge":""},{"VendorID":"2","tpep_pickup_datetime":"2023-08-13 11:17:45","tpep_dropoff_datetime":"2023-12-01 11:27:46","passenger_count":"2","trip_distance":"1.45","RatecodeID":"1","store_and_fwd_flag":"N","PULocationID":"100","DOLocationID":"234","payment_type":"1","fare_amount":"8","extra":"0","mta_tax":"0.5","tip_amount":"1.76","tolls_amount":"0","improvement_surcharge":"0.3","total_amount":"10.56","congestion_surcharge":""},{"VendorID":"2","tpep_pickup_datetime":"2023-06-18 11:34:25","tpep_dropoff_datetime":"2023-06-12 11:38:35","passenger_count":"2","trip_distance":".60","RatecodeID":"1","store_and_fwd_flag":"N","PULocationID":"90","DOLocationID":"90","payment_type":"1","fare_amount":"4.5","extra":"0","mta_tax":"0.5","tip_amount":"1.06","tolls_amount":"0","improvement_surcharge":"0.3","total_amount":"6.36","congestion_surcharge":""},{"VendorID":"2","tpep_pickup_datetime":"2023-12-05 11:43:53","tpep_dropoff_datetime":"2023-01-13 12:03:31","passenger_count":"2","trip_distance":"2.63","RatecodeID":"1","store_and_fwd_flag":"N","PULocationID":"68","DOLocationID":"125","payment_type":"2","fare_amount":"14","extra":"0","mta_tax":"0.5","tip_amount":"0","tolls_amount":"0","improvement_surcharge":"0.3","total_amount":"14.8","congestion_surcharge":""},{"VendorID":"1","tpep_pickup_datetime":"2023-10-16 11:02:36","tpep_dropoff_datetime":"2023-08-21 11:15:14","passenger_count":"1","trip_distance":"1.30","RatecodeID":"1","store_and_fwd_flag":"N","PULocationID":"161","DOLocationID":"229","payment_type":"1","fare_amount":"9.5","extra":"0","mta_tax":"0.5","tip_amount":"2.05","tolls_amount":"0","improvement_surcharge":"0.3","total_amount":"12.35","congestion_surcharge":""},{"VendorID":"1","tpep_pickup_datetime":"2023-10-27 11:39:11","tpep_dropoff_datetime":"2023-08-10 11:41:02","passenger_count":"1","trip_distance":".50","RatecodeID":"1","store_and_fwd_flag":"N","PULocationID":"263","DOLocationID":"236","payment_type":"1","fare_amount":"4","extra":"0","mta_tax":"0.5","tip_amount":"1.15","tolls_amount":"0","improvement_surcharge":"0.3","total_amount":"5.95","congestion_surcharge":""},{"VendorID":"2","tpep_pickup_datetime":"2023-11-21 11:27:13","tpep_dropoff_datetime":"2023-05-24 11:41:53","passenger_count":"3","trip_distance":"2.42","RatecodeID":"1","store_and_fwd_flag":"N","PULocationID":"158","DOLocationID":"231","payment_type":"2","fare_amount":"12","extra":"0","mta_tax":"0.5","tip_amount":"0","tolls_amount":"0","improvement_surcharge":"0.3","total_amount":"12.8","congestion_surcharge":""},{"VendorID":"2","tpep_pickup_datetime":"2023-04-29 11:53:59","tpep_dropoff_datetime":"2023-05-15 12:03:42","passenger_count":"4","trip_distance":"1.58","RatecodeID":"1","store_and_fwd_flag":"N","PULocationID":"211","DOLocationID":"13","payment_type":"2","fare_amount":"8.5","extra":"0","mta_tax":"0.5","tip_amount":"0","tolls_amount":"0","improvement_surcharge":"0.3","total_amount":"9.3","congestion_surcharge":""},{"VendorID":"2","tpep_pickup_datetime":"2023-12-28 11:24:12","tpep_dropoff_datetime":"2023-01-26 11:43:47","passenger_count":"1","trip_distance":"11.10","RatecodeID":"1","store_and_fwd_flag":"N","PULocationID":"132","DOLocationID":"82","payment_type":"1","fare_amount":"31.5","extra":"0","mta_tax":"0.5","tip_amount":"0.08","tolls_amount":"0","improvement_surcharge":"0.3","total_amount":"32.38","congestion_surcharge":""},{"VendorID":"2","tpep_pickup_datetime":"2023-08-30 11:13:44","tpep_dropoff_datetime":"2023-01-11 11:28:43","passenger_count":"1","trip_distance":"2.49","RatecodeID":"1","store_and_fwd_flag":"N","PULocationID":"24","DOLocationID":"43","payment_type":"2","fare_amount":"12.5","extra":"0","mta_tax":"0.5","tip_amount":"0","tolls_amount":"0","improvement_surcharge":"0.3","total_amount":"13.3","congestion_surcharge":""},{"VendorID":"1","tpep_pickup_datetime":"2024-01-18 11:19:56","tpep_dropoff_datetime":"2023-04-11 11:30:52","passenger_count":"1","trip_distance":"1.60","RatecodeID":"1","store_and_fwd_flag":"N","PULocationID":"90","DOLocationID":"170","payment_type":"1","fare_amount":"9","extra":"0","mta_tax":"0.5","tip_amount":"1.95","tolls_amount":"0","improvement_surcharge":"0.3","total_amount":"11.75","congestion_surcharge":""},{"VendorID":"2","tpep_pickup_datetime":"2023-05-02 11:00:58","tpep_dropoff_datetime":"2023-05-25 11:22:47","passenger_count":"2","trip_distance":"2.14","RatecodeID":"1","store_and_fwd_flag":"N","PULocationID":"186","DOLocationID":"237","payment_type":"2","fare_amount":"14.5","extra":"0","mta_tax":"0.5","tip_amount":"0","tolls_amount":"0","improvement_surcharge":"0.3","total_amount":"15.3","congestion_surcharge":""},{"VendorID":"2","tpep_pickup_datetime":"2023-06-25 11:37:17","tpep_dropoff_datetime":"2023-01-26 11:53:03","passenger_count":"1","trip_distance":"1.14","RatecodeID":"1","store_and_fwd_flag":"N","PULocationID":"170","DOLocationID":"186","payment_type":"1","fare_amount":"10","extra":"0","mta_tax":"0.5","tip_amount":"0.08","tolls_amount":"0","improvement_surcharge":"0.3","total_amount":"10.88","congestion_surcharge":""},{"VendorID":"2","tpep_pickup_datetime":"2024-01-06 11:03:00","tpep_dropoff_datetime":"2023-06-05 11:15:37","passenger_count":"1","trip_distance":"1.27","RatecodeID":"1","store_and_fwd_flag":"N","PULocationID":"236","DOLocationID":"75","payment_type":"1","fare_amount":"9","extra":"0","mta_tax":"0.5","tip_amount":"2.45","tolls_amount":"0","improvement_surcharge":"0.3","total_amount":"12.25","congestion_surcharge":""},{"VendorID":"2","tpep_pickup_datetime":"2023-05-22 11:16:33","tpep_dropoff_datetime":"2023-07-19 11:30:23","passenger_count":"1","trip_distance":"2.26","RatecodeID":"1","store_and_fwd_flag":"N","PULocationID":"75","DOLocationID":"140","payment_type":"1","fare_amount":"11","extra":"0","mta_tax":"0.5","tip_amount":"2.36","tolls_amount":"0","improvement_surcharge":"0.3","total_amount":"14.16","congestion_surcharge":""},{"VendorID":"2","tpep_pickup_datetime":"2023-02-18 11:33:50","tpep_dropoff_datetime":"2023-02-12 11:37:44","passenger_count":"1","trip_distance":"1.26","RatecodeID":"1","store_and_fwd_flag":"N","PULocationID":"140","DOLocationID":"233","payment_type":"1","fare_amount":"6","extra":"0","mta_tax":"0.5","tip_amount":"1.36","tolls_amount":"0","improvement_surcharge":"0.3","total_amount":"8.16","congestion_surcharge":""},{"VendorID":"2","tpep_pickup_datetime":"2023-04-22 11:31:55","tpep_dropoff_datetime":"2023-04-26 11:41:19","passenger_count":"2","trip_distance":"1.95","RatecodeID":"1","store_and_fwd_flag":"N","PULocationID":"233","DOLocationID":"79","payment_type":"1","fare_amount":"9","extra":"0","mta_tax":"0.5","tip_amount":"1.96","tolls_amount":"0","improvement_surcharge":"0.3","total_amount":"11.76","congestion_surcharge":""},{"VendorID":"2","tpep_pickup_datetime":"2023-07-10 11:46:43","tpep_dropoff_datetime":"2023-06-05 12:16:13","passenger_count":"1","trip_distance":"7.36","RatecodeID":"1","store_and_fwd_flag":"N","PULocationID":"138","DOLocationID":"140","payment_type":"1","fare_amount":"26","extra":"0","mta_tax":"0.5","tip_amount":"5","tolls_amount":"0","improvement_surcharge":"0.3","total_amount":"31.8","congestion_surcharge":""},{"VendorID":"2","tpep_pickup_datetime":"2023-11-30 11:39:24","tpep_dropoff_datetime":"2023-06-21 11:53:11","passenger_count":"5","trip_distance":"3.85","RatecodeID":"1","store_and_fwd_flag":"N","PULocationID":"79","DOLocationID":"88","payment_type":"1","fare_amount":"14.5","extra":"0","mta_tax":"0.5","tip_amount":"3.06","tolls_amount":"0","improvement_surcharge":"0.3","total_amount":"18.36","congestion_surcharge":""},{"VendorID":"2","tpep_pickup_datetime":"2023-01-07 11:54:55","tpep_dropoff_datetime":"2023-08-06 12:20:50","passenger_count":"5","trip_distance":"6.36","RatecodeID":"1","store_and_fwd_flag":"N","PULocationID":"12","DOLocationID":"164","payment_type":"1","fare_amount":"24.5","extra":"0","mta_tax":"0.5","tip_amount":"5.06","tolls_amount":"0","improvement_surcharge":"0.3","total_amount":"30.36","congestion_surcharge":""},{"VendorID":"1","tpep_pickup_datetime":"2024-01-28 11:54:33","tpep_dropoff_datetime":"2023-05-14 12:38:18","passenger_count":"1","trip_distance":"17.00","RatecodeID":"2","store_and_fwd_flag":"N","PULocationID":"48","DOLocationID":"132","payment_type":"2","fare_amount":"52","extra":"0","mta_tax":"0.5","tip_amount":"0","tolls_amount":"0","improvement_surcharge":"0.3","total_amount":"52.8","congestion_surcharge":""},{"VendorID":"1","tpep_pickup_datetime":"2023-06-18 11:55:56","tpep_dropoff_datetime":"2023-10-31 12:02:31","passenger_count":"1","trip_distance":"1.20","RatecodeID":"1","store_and_fwd_flag":"N","PULocationID":"141","DOLocationID":"263","payment_type":"1","fare_amount":"6.5","extra":"0","mta_tax":"0.5","tip_amount":"1","tolls_amount":"0","improvement_surcharge":"0.3","total_amount":"8.3","congestion_surcharge":""},{"VendorID":"2","tpep_pickup_datetime":"2023-01-02 11:15:29","tpep_dropoff_datetime":"2023-07-15 11:23:23","passenger_count":"4","trip_distance":"1.12","RatecodeID":"1","store_and_fwd_flag":"N","PULocationID":"239","DOLocationID":"238","payment_type":"1","fare_amount":"7","extra":"0","mta_tax":"0.5","tip_amount":"1.17","tolls_amount":"0","improvement_surcharge":"0.3","total_amount":"8.97","congestion_surcharge":""},{"VendorID":"2","tpep_pickup_datetime":"2023-07-12 11:36:37","tpep_dropoff_datetime":"2023-12-23 12:00:14","passenger_count":"4","trip_distance":"9.45","RatecodeID":"1","store_and_fwd_flag":"N","PULocationID":"237","DOLocationID":"138","payment_type":"1","fare_amount":"29","extra":"0","mta_tax":"0.5","tip_amount":"0","tolls_amount":"5.76","improvement_surcharge":"0.3","total_amount":"35.56","congestion_surcharge":""},{"VendorID":"2","tpep_pickup_datetime":"2023-05-15 11:25:13","tpep_dropoff_datetime":"2023-03-19 11:35:15","passenger_count":"1","trip_distance":"1.36","RatecodeID":"1","store_and_fwd_flag":"N","PULocationID":"236","DOLocationID":"161","payment_type":"2","fare_amount":"8.5","extra":"0","mta_tax":"0.5","tip_amount":"0","tolls_amount":"0","improvement_surcharge":"0.3","total_amount":"9.3","congestion_surcharge":""},{"VendorID":"2","tpep_pickup_datetime":"2023-10-17 10:56:34","tpep_dropoff_datetime":"2023-05-19 11:07:59","passenger_count":"1","trip_distance":"2.43","RatecodeID":"1","store_and_fwd_flag":"N","PULocationID":"146","DOLocationID":"179","payment_type":"1","fare_amount":"10.5","extra":"0","mta_tax":"0.5","tip_amount":"2.26","tolls_amount":"0","improvement_surcharge":"0.3","total_amount":"13.56","congestion_surcharge":""},{"VendorID":"2","tpep_pickup_datetime":"2023-01-05 11:31:16","tpep_dropoff_datetime":"2023-11-02 11:37:51","passenger_count":"1","trip_distance":".45","RatecodeID":"1","store_and_fwd_flag":"N","PULocationID":"142","DOLocationID":"142","payment_type":"2","fare_amount":"6","extra":"0","mta_tax":"0.5","tip_amount":"0","tolls_amount":"0","improvement_surcharge":"0.3","total_amount":"6.8","congestion_surcharge":""},{"VendorID":"2","tpep_pickup_datetime":"2023-01-05 11:39:32","tpep_dropoff_datetime":"2023-01-16 11:51:23","passenger_count":"1","trip_distance":"1.57","RatecodeID":"1","store_and_fwd_flag":"N","PULocationID":"142","DOLocationID":"238","payment_type":"1","fare_amount":"9.5","extra":"0","mta_tax":"0.5","tip_amount":"2.06","tolls_amount":"0","improvement_surcharge":"0.3","total_amount":"12.36","congestion_surcharge":""},{"VendorID":"2","tpep_pickup_datetime":"2024-01-23 11:55:15","tpep_dropoff_datetime":"2023-03-15 12:01:02","passenger_count":"1","trip_distance":"1.00","RatecodeID":"1","store_and_fwd_flag":"N","PULocationID":"151","DOLocationID":"166","payment_type":"2","fare_amount":"6.5","extra":"0","mta_tax":"0.5","tip_amount":"0","tolls_amount":"0","improvement_surcharge":"0.3","total_amount":"7.3","congestion_surcharge":""},{"VendorID":"1","tpep_pickup_datetime":"2023-05-26 11:10:11","tpep_dropoff_datetime":"2023-09-03 11:24:53","passenger_count":"1","trip_distance":"1.80","RatecodeID":"1","store_and_fwd_flag":"N","PULocationID":"163","DOLocationID":"263","payment_type":"2","fare_amount":"11","extra":"0","mta_tax":"0.5","tip_amount":"0","tolls_amount":"0","improvement_surcharge":"0.3","total_amount":"11.8","congestion_surcharge":""},{"VendorID":"2","tpep_pickup_datetime":"2023-02-05 11:21:56","tpep_dropoff_datetime":"2024-01-22 11:27:02","passenger_count":"2","trip_distance":".88","RatecodeID":"1","store_and_fwd_flag":"N","PULocationID":"162","DOLocationID":"233","payment_type":"1","fare_amount":"5.5","extra":"0","mta_tax":"0.5","tip_amount":"1.26","tolls_amount":"0","improvement_surcharge":"0.3","total_amount":"7.56","congestion_surcharge":""},{"VendorID":"2","tpep_pickup_datetime":"2024-02-05 11:04:49","tpep_dropoff_datetime":"2023-01-22 11:12:25","passenger_count":"1","trip_distance":"1.06","RatecodeID":"1","store_and_fwd_flag":"N","PULocationID":"142","DOLocationID":"239","payment_type":"1","fare_amount":"7","extra":"0","mta_tax":"0.5","tip_amount":"2.34","tolls_amount":"0","improvement_surcharge":"0.3","total_amount":"10.14","congestion_surcharge":""},{"VendorID":"2","tpep_pickup_datetime":"2023-06-17 11:18:14","tpep_dropoff_datetime":"2023-04-19 11:22:06","passenger_count":"1","trip_distance":".35","RatecodeID":"1","store_and_fwd_flag":"N","PULocationID":"239","DOLocationID":"142","payment_type":"2","fare_amount":"4.5","extra":"0","mta_tax":"0.5","tip_amount":"0","tolls_amount":"0","improvement_surcharge":"0.3","total_amount":"5.3","congestion_surcharge":""},{"VendorID":"2","tpep_pickup_datetime":"2023-09-27 11:40:12","tpep_dropoff_datetime":"2024-01-21 12:11:40","passenger_count":"1","trip_distance":"4.01","RatecodeID":"1","store_and_fwd_flag":"N","PULocationID":"163","DOLocationID":"144","payment_type":"2","fare_amount":"20","extra":"0","mta_tax":"0.5","tip_amount":"0","tolls_amount":"0","improvement_surcharge":"0.3","total_amount":"20.8","congestion_surcharge":""},{"VendorID":"1","tpep_pickup_datetime":"2023-01-01 11:10:09","tpep_dropoff_datetime":"2023-09-08 11:22:06","passenger_count":"1","trip_distance":"1.20","RatecodeID":"1","store_and_fwd_flag":"N","PULocationID":"137","DOLocationID":"162","payment_type":"2","fare_amount":"9","extra":"0","mta_tax":"0.5","tip_amount":"0","tolls_amount":"0","improvement_surcharge":"0.3","total_amount":"9.8","congestion_surcharge":""},{"VendorID":"1","tpep_pickup_datetime":"2023-04-16 11:22:56","tpep_dropoff_datetime":"2024-01-16 11:26:21","passenger_count":"1","trip_distance":".50","RatecodeID":"1","store_and_fwd_flag":"N","PULocationID":"229","DOLocationID":"141","payment_type":"2","fare_amount":"4.5","extra":"0","mta_tax":"0.5","tip_amount":"0","tolls_amount":"0","improvement_surcharge":"0.3","total_amount":"5.3","congestion_surcharge":""},{"VendorID":"1","tpep_pickup_datetime":"2023-11-21 11:46:31","tpep_dropoff_datetime":"2023-03-19 12:01:50","passenger_count":"1","trip_distance":"5.50","RatecodeID":"1","store_and_fwd_flag":"N","PULocationID":"140","DOLocationID":"209","payment_type":"1","fare_amount":"19","extra":"0","mta_tax":"0.5","tip_amount":"5.9","tolls_amount":"0","improvement_surcharge":"0.3","total_amount":"25.7","congestion_surcharge":""},{"VendorID":"2","tpep_pickup_datetime":"2023-06-07 11:15:16","tpep_dropoff_datetime":"2023-08-15 11:32:48","passenger_count":"6","trip_distance":"3.18","RatecodeID":"1","store_and_fwd_flag":"N","PULocationID":"140","DOLocationID":"170","payment_type":"1","fare_amount":"14.5","extra":"0","mta_tax":"0.5","tip_amount":"3.06","tolls_amount":"0","improvement_surcharge":"0.3","total_amount":"18.36","congestion_surcharge":""},{"VendorID":"2","tpep_pickup_datetime":"2023-08-29 11:45:27","tpep_dropoff_datetime":"2023-05-23 12:00:48","passenger_count":"6","trip_distance":"1.24","RatecodeID":"1","store_and_fwd_flag":"N","PULocationID":"162","DOLocationID":"161","payment_type":"1","fare_amount":"10.5","extra":"0","mta_tax":"0.5","tip_amount":"2","tolls_amount":"0","improvement_surcharge":"0.3","total_amount":"13.3","congestion_surcharge":""},{"VendorID":"1","tpep_pickup_datetime":"2023-10-28 11:05:49","tpep_dropoff_datetime":"2023-06-14 11:19:47","passenger_count":"1","trip_distance":"3.50","RatecodeID":"1","store_and_fwd_flag":"N","PULocationID":"138","DOLocationID":"129","payment_type":"1","fare_amount":"14","extra":"0","mta_tax":"0.5","tip_amount":"2.5","tolls_amount":"0","improvement_surcharge":"0.3","total_amount":"17.3","congestion_surcharge":""},{"VendorID":"1","tpep_pickup_datetime":"2023-01-15 11:29:26","tpep_dropoff_datetime":"2023-02-03 11:33:08","passenger_count":"2","trip_distance":".30","RatecodeID":"1","store_and_fwd_flag":"N","PULocationID":"129","DOLocationID":"129","payment_type":"3","fare_amount":"4.5","extra":"0","mta_tax":"0.5","tip_amount":"0","tolls_amount":"0","improvement_surcharge":"0.3","total_amount":"5.3","congestion_surcharge":""},{"VendorID":"2","tpep_pickup_datetime":"2023-09-07 10:30:46","tpep_dropoff_datetime":"2023-03-01 10:38:16","passenger_count":"1","trip_distance":"1.10","RatecodeID":"1","store_and_fwd_flag":"N","PULocationID":"232","DOLocationID":"148","payment_type":"1","fare_amount":"7","extra":"0","mta_tax":"0.5","tip_amount":"1.56","tolls_amount":"0","improvement_surcharge":"0.3","total_amount":"9.36","congestion_surcharge":""},{"VendorID":"2","tpep_pickup_datetime":"2023-08-20 10:46:11","tpep_dropoff_datetime":"2023-03-27 10:53:55","passenger_count":"1","trip_distance":"1.69","RatecodeID":"1","store_and_fwd_flag":"N","PULocationID":"232","DOLocationID":"88","payment_type":"2","fare_amount":"8","extra":"0","mta_tax":"0.5","tip_amount":"0","tolls_amount":"0","improvement_surcharge":"0.3","total_amount":"8.8","congestion_surcharge":""},{"VendorID":"2","tpep_pickup_datetime":"2023-03-11 11:51:40","tpep_dropoff_datetime":"2023-01-23 11:59:35","passenger_count":"1","trip_distance":"1.03","RatecodeID":"1","store_and_fwd_flag":"N","PULocationID":"233","DOLocationID":"164","payment_type":"1","fare_amount":"6.5","extra":"0","mta_tax":"0.5","tip_amount":"1.46","tolls_amount":"0","improvement_surcharge":"0.3","total_amount":"8.76","congestion_surcharge":""},{"VendorID":"1","tpep_pickup_datetime":"2024-01-01 11:36:15","tpep_dropoff_datetime":"2023-11-16 12:12:40","passenger_count":"2","trip_distance":"3.80","RatecodeID":"1","store_and_fwd_flag":"N","PULocationID":"264","DOLocationID":"264","payment_type":"1","fare_amount":"23.5","extra":"0","mta_tax":"0.5","tip_amount":"4.85","tolls_amount":"0","improvement_surcharge":"0.3","total_amount":"29.15","congestion_surcharge":""},{"VendorID":"2","tpep_pickup_datetime":"2023-07-23 08:07:59","tpep_dropoff_datetime":"2023-12-06 07:53:00","passenger_count":"1","trip_distance":"1.13","RatecodeID":"1","store_and_fwd_flag":"N","PULocationID":"107","DOLocationID":"170","payment_type":"1","fare_amount":"7.5","extra":"0","mta_tax":"0.5","tip_amount":"1.66","tolls_amount":"0","improvement_surcharge":"0.3","total_amount":"9.96","congestion_surcharge":""},{"VendorID":"2","tpep_pickup_datetime":"2023-03-02 11:12:17","tpep_dropoff_datetime":"2023-08-09 11:20:22","passenger_count":"1","trip_distance":".85","RatecodeID":"1","store_and_fwd_flag":"N","PULocationID":"13","DOLocationID":"88","payment_type":"2","fare_amount":"7","extra":"0","mta_tax":"0.5","tip_amount":"0","tolls_amount":"0","improvement_surcharge":"0.3","total_amount":"7.8","congestion_surcharge":""},{"VendorID":"2","tpep_pickup_datetime":"2023-04-30 11:44:25","tpep_dropoff_datetime":"2024-01-31 12:10:51","passenger_count":"1","trip_distance":"11.82","RatecodeID":"1","store_and_fwd_flag":"N","PULocationID":"209","DOLocationID":"69","payment_type":"1","fare_amount":"34.5","extra":"0","mta_tax":"0.5","tip_amount":"0","tolls_amount":"0","improvement_surcharge":"0.3","total_amount":"35.3","congestion_surcharge":""},{"VendorID":"2","tpep_pickup_datetime":"2023-12-02 11:22:45","tpep_dropoff_datetime":"2024-01-20 11:55:19","passenger_count":"1","trip_distance":"10.07","RatecodeID":"1","store_and_fwd_flag":"N","PULocationID":"226","DOLocationID":"127","payment_type":"1","fare_amount":"34","extra":"0","mta_tax":"0.5","tip_amount":"0","tolls_amount":"5.76","improvement_surcharge":"0.3","total_amount":"40.56","congestion_surcharge":""},{"VendorID":"1","tpep_pickup_datetime":"2023-11-16 11:26:06","tpep_dropoff_datetime":"2023-12-30 11:40:02","passenger_count":"2","trip_distance":"1.30","RatecodeID":"1","store_and_fwd_flag":"N","PULocationID":"68","DOLocationID":"48","payment_type":"1","fare_amount":"10","extra":"0","mta_tax":"0.5","tip_amount":"2.15","tolls_amount":"0","improvement_surcharge":"0.3","total_amount":"12.95","congestion_surcharge":""},{"VendorID":"1","tpep_pickup_datetime":"2023-10-29 11:46:30","tpep_dropoff_datetime":"2023-07-11 11:53:24","passenger_count":"1","trip_distance":".70","RatecodeID":"1","store_and_fwd_flag":"N","PULocationID":"48","DOLocationID":"100","payment_type":"1","fare_amount":"6","extra":"0","mta_tax":"0.5","tip_amount":"2","tolls_amount":"0","improvement_surcharge":"0.3","total_amount":"8.8","congestion_surcharge":""},{"VendorID":"1","tpep_pickup_datetime":"2023-01-29 11:55:45","tpep_dropoff_datetime":"2024-01-26 12:17:38","passenger_count":"4","trip_distance":"2.80","RatecodeID":"1","store_and_fwd_flag":"N","PULocationID":"164","DOLocationID":"211","payment_type":"2","fare_amount":"14.5","extra":"0","mta_tax":"0.5","tip_amount":"0","tolls_amount":"0","improvement_surcharge":"0.3","total_amount":"15.3","congestion_surcharge":""},{"VendorID":"1","tpep_pickup_datetime":"2023-05-10 11:03:28","tpep_dropoff_datetime":"2023-02-21 11:32:49","passenger_count":"1","trip_distance":"14.00","RatecodeID":"1","store_and_fwd_flag":"N","PULocationID":"164","DOLocationID":"265","payment_type":"2","fare_amount":"40.5","extra":"0","mta_tax":"0.5","tip_amount":"0","tolls_amount":"10.5","improvement_surcharge":"0.3","total_amount":"51.8","congestion_surcharge":""},{"VendorID":"2","tpep_pickup_datetime":"2023-08-14 11:04:24","tpep_dropoff_datetime":"2023-12-31 11:10:18","passenger_count":"2","trip_distance":".75","RatecodeID":"1","store_and_fwd_flag":"N","PULocationID":"100","DOLocationID":"230","payment_type":"1","fare_amount":"5.5","extra":"0","mta_tax":"0.5","tip_amount":"1.58","tolls_amount":"0","improvement_surcharge":"0.3","total_amount":"7.88","congestion_surcharge":""},{"VendorID":"2","tpep_pickup_datetime":"2023-05-15 11:38:17","tpep_dropoff_datetime":"2023-10-25 12:02:34","passenger_count":"5","trip_distance":"5.02","RatecodeID":"1","store_and_fwd_flag":"N","PULocationID":"100","DOLocationID":"13","payment_type":"2","fare_amount":"20.5","extra":"0","mta_tax":"0.5","tip_amount":"0","tolls_amount":"0","improvement_surcharge":"0.3","total_amount":"21.3","congestion_surcharge":""},{"VendorID":"2","tpep_pickup_datetime":"2023-09-16 11:35:42","tpep_dropoff_datetime":"2023-11-08 11:39:13","passenger_count":"1","trip_distance":".66","RatecodeID":"1","store_and_fwd_flag":"N","PULocationID":"90","DOLocationID":"68","payment_type":"2","fare_amount":"4.5","extra":"0","mta_tax":"0.5","tip_amount":"0","tolls_amount":"0","improvement_surcharge":"0.3","total_amount":"5.3","congestion_surcharge":""},{"VendorID":"2","tpep_pickup_datetime":"2023-05-13 11:50:47","tpep_dropoff_datetime":"2023-09-19 11:57:35","passenger_count":"1","trip_distance":".52","RatecodeID":"1","store_and_fwd_flag":"N","PULocationID":"234","DOLocationID":"186","payment_type":"1","fare_amount":"6","extra":"0","mta_tax":"0.5","tip_amount":"1","tolls_amount":"0","improvement_surcharge":"0.3","total_amount":"7.8","congestion_surcharge":""},{"VendorID":"2","tpep_pickup_datetime":"2023-05-21 10:59:25","tpep_dropoff_datetime":"2023-07-13 11:18:05","passenger_count":"1","trip_distance":"1.93","RatecodeID":"1","store_and_fwd_flag":"N","PULocationID":"246","DOLocationID":"137","payment_type":"1","fare_amount":"12.5","extra":"0","mta_tax":"0.5","tip_amount":"2.5","tolls_amount":"0","improvement_surcharge":"0.3","total_amount":"15.8","congestion_surcharge":""},{"VendorID":"2","tpep_pickup_datetime":"2023-12-25 11:30:11","tpep_dropoff_datetime":"2023-04-09 11:34:58","passenger_count":"1","trip_distance":".57","RatecodeID":"1","store_and_fwd_flag":"N","PULocationID":"141","DOLocationID":"141","payment_type":"2","fare_amount":"5","extra":"0","mta_tax":"0.5","tip_amount":"0","tolls_amount":"0","improvement_surcharge":"0.3","total_amount":"5.8","congestion_surcharge":""},{"VendorID":"2","tpep_pickup_datetime":"2023-09-19 11:42:49","tpep_dropoff_datetime":"2023-07-12 11:50:49","passenger_count":"1","trip_distance":".85","RatecodeID":"1","store_and_fwd_flag":"N","PULocationID":"236","DOLocationID":"236","payment_type":"1","fare_amount":"6.5","extra":"0","mta_tax":"0.5","tip_amount":"1.46","tolls_amount":"0","improvement_surcharge":"0.3","total_amount":"8.76","congestion_surcharge":""},{"VendorID":"2","tpep_pickup_datetime":"2023-05-08 11:10:47","tpep_dropoff_datetime":"2023-06-27 11:33:38","passenger_count":"1","trip_distance":"3.47","RatecodeID":"1","store_and_fwd_flag":"N","PULocationID":"233","DOLocationID":"43","payment_type":"1","fare_amount":"16.5","extra":"0","mta_tax":"0.5","tip_amount":"3.46","tolls_amount":"0","improvement_surcharge":"0.3","total_amount":"20.76","congestion_surcharge":""},{"VendorID":"2","tpep_pickup_datetime":"2024-01-23 11:36:55","tpep_dropoff_datetime":"2023-06-03 11:49:10","passenger_count":"1","trip_distance":"2.05","RatecodeID":"1","store_and_fwd_flag":"N","PULocationID":"236","DOLocationID":"142","payment_type":"2","fare_amount":"10.5","extra":"0","mta_tax":"0.5","tip_amount":"0","tolls_amount":"0","improvement_surcharge":"0.3","total_amount":"11.3","congestion_surcharge":""},{"VendorID":"2","tpep_pickup_datetime":"2023-04-10 11:22:48","tpep_dropoff_datetime":"2023-08-05 11:24:12","passenger_count":"1","trip_distance":".29","RatecodeID":"1","store_and_fwd_flag":"N","PULocationID":"263","DOLocationID":"263","payment_type":"1","fare_amount":"3","extra":"0","mta_tax":"0.5","tip_amount":"0.7","tolls_amount":"0","improvement_surcharge":"0.3","total_amount":"4.5","congestion_surcharge":""},{"VendorID":"2","tpep_pickup_datetime":"2023-12-18 11:28:42","tpep_dropoff_datetime":"2023-03-13 11:36:13","passenger_count":"1","trip_distance":"2.05","RatecodeID":"1","store_and_fwd_flag":"N","PULocationID":"140","DOLocationID":"229","payment_type":"1","fare_amount":"8.5","extra":"0","mta_tax":"0.5","tip_amount":"1.86","tolls_amount":"0","improvement_surcharge":"0.3","total_amount":"11.16","congestion_surcharge":""},{"VendorID":"2","tpep_pickup_datetime":"2023-05-31 11:39:28","tpep_dropoff_datetime":"2024-02-04 11:47:03","passenger_count":"1","trip_distance":"1.38","RatecodeID":"1","store_and_fwd_flag":"N","PULocationID":"237","DOLocationID":"236","payment_type":"1","fare_amount":"7","extra":"0","mta_tax":"0.5","tip_amount":"1.56","tolls_amount":"0","improvement_surcharge":"0.3","total_amount":"9.36","congestion_surcharge":""},{"VendorID":"2","tpep_pickup_datetime":"2023-03-14 11:52:26","tpep_dropoff_datetime":"2023-10-28 12:01:35","passenger_count":"1","trip_distance":"1.05","RatecodeID":"1","store_and_fwd_flag":"N","PULocationID":"236","DOLocationID":"238","payment_type":"1","fare_amount":"7.5","extra":"0","mta_tax":"0.5","tip_amount":"1.66","tolls_amount":"0","improvement_surcharge":"0.3","total_amount":"9.96","congestion_surcharge":""},{"VendorID":"2","tpep_pickup_datetime":"2023-08-25 11:56:42","tpep_dropoff_datetime":"2023-04-03 12:09:51","passenger_count":"1","trip_distance":"2.58","RatecodeID":"1","store_and_fwd_flag":"N","PULocationID":"242","DOLocationID":"60","payment_type":"1","fare_amount":"11.5","extra":"0","mta_tax":"0.5","tip_amount":"0","tolls_amount":"0","improvement_surcharge":"0.3","total_amount":"12.3","congestion_surcharge":""},{"VendorID":"2","tpep_pickup_datetime":"2023-03-04 11:15:34","tpep_dropoff_datetime":"2023-11-14 11:32:19","passenger_count":"1","trip_distance":"2.58","RatecodeID":"1","store_and_fwd_flag":"N","PULocationID":"162","DOLocationID":"68","payment_type":"1","fare_amount":"12.5","extra":"0","mta_tax":"0.5","tip_amount":"2.66","tolls_amount":"0","improvement_surcharge":"0.3","total_amount":"15.96","congestion_surcharge":""},{"VendorID":"2","tpep_pickup_datetime":"2023-03-04 11:38:53","tpep_dropoff_datetime":"2024-01-27 11:45:03","passenger_count":"6","trip_distance":".90","RatecodeID":"1","store_and_fwd_flag":"N","PULocationID":"158","DOLocationID":"113","payment_type":"1","fare_amount":"6","extra":"0","mta_tax":"0.5","tip_amount":"1.36","tolls_amount":"0","improvement_surcharge":"0.3","total_amount":"8.16","congestion_surcharge":""},{"VendorID":"2","tpep_pickup_datetime":"2023-03-10 11:58:13","tpep_dropoff_datetime":"2023-07-07 12:21:01","passenger_count":"2","trip_distance":"4.09","RatecodeID":"1","store_and_fwd_flag":"N","PULocationID":"107","DOLocationID":"43","payment_type":"1","fare_amount":"18.5","extra":"0","mta_tax":"0.5","tip_amount":"3.86","tolls_amount":"0","improvement_surcharge":"0.3","total_amount":"23.16","congestion_surcharge":""},{"VendorID":"2","tpep_pickup_datetime":"2023-12-27 11:02:27","tpep_dropoff_datetime":"2023-06-08 11:28:53","passenger_count":"1","trip_distance":"10.31","RatecodeID":"1","store_and_fwd_flag":"N","PULocationID":"170","DOLocationID":"181","payment_type":"1","fare_amount":"31","extra":"0","mta_tax":"0.5","tip_amount":"9.39","tolls_amount":"5.76","improvement_surcharge":"0.3","total_amount":"46.95","congestion_surcharge":""},{"VendorID":"1","tpep_pickup_datetime":"2023-06-03 11:12:33","tpep_dropoff_datetime":"2023-11-11 11:44:48","passenger_count":"1","trip_distance":"4.00","RatecodeID":"1","store_and_fwd_flag":"N","PULocationID":"264","DOLocationID":"237","payment_type":"1","fare_amount":"21","extra":"0","mta_tax":"0.5","tip_amount":"4.36","tolls_amount":"0","improvement_surcharge":"0.3","total_amount":"26.16","congestion_surcharge":""},{"VendorID":"2","tpep_pickup_datetime":"2023-01-24 11:35:44","tpep_dropoff_datetime":"2023-06-11 11:44:59","passenger_count":"3","trip_distance":"1.81","RatecodeID":"1","store_and_fwd_flag":"N","PULocationID":"41","DOLocationID":"238","payment_type":"1","fare_amount":"8.5","extra":"0","mta_tax":"0.5","tip_amount":"1","tolls_amount":"0","improvement_surcharge":"0.3","total_amount":"10.3","congestion_surcharge":""},{"VendorID":"2","tpep_pickup_datetime":"2023-02-15 11:46:40","tpep_dropoff_datetime":"2023-01-01 12:00:00","passenger_count":"2","trip_distance":"2.42","RatecodeID":"1","store_and_fwd_flag":"N","PULocationID":"238","DOLocationID":"141","payment_type":"1","fare_amount":"11","extra":"0","mta_tax":"0.5","tip_amount":"2.36","tolls_amount":"0","improvement_surcharge":"0.3","total_amount":"14.16","congestion_surcharge":""},{"VendorID":"1","tpep_pickup_datetime":"2023-09-26 11:06:32","tpep_dropoff_datetime":"2023-12-08 11:20:52","passenger_count":"1","trip_distance":"2.20","RatecodeID":"1","store_and_fwd_flag":"N","PULocationID":"161","DOLocationID":"239","payment_type":"2","fare_amount":"11.5","extra":"0","mta_tax":"0.5","tip_amount":"0","tolls_amount":"0","improvement_surcharge":"0.3","total_amount":"12.3","congestion_surcharge":""},{"VendorID":"1","tpep_pickup_datetime":"2023-05-31 11:25:08","tpep_dropoff_datetime":"2023-11-20 11:34:58","passenger_count":"1","trip_distance":"1.40","RatecodeID":"1","store_and_fwd_flag":"N","PULocationID":"43","DOLocationID":"237","payment_type":"1","fare_amount":"8.5","extra":"0","mta_tax":"0.5","tip_amount":"2.3","tolls_amount":"0","improvement_surcharge":"0.3","total_amount":"11.6","congestion_surcharge":""},{"VendorID":"1","tpep_pickup_datetime":"2023-10-01 11:53:59","tpep_dropoff_datetime":"2023-09-16 12:00:11","passenger_count":"1","trip_distance":".90","RatecodeID":"1","store_and_fwd_flag":"N","PULocationID":"236","DOLocationID":"141","payment_type":"1","fare_amount":"6","extra":"0","mta_tax":"0.5","tip_amount":"1.35","tolls_amount":"0","improvement_surcharge":"0.3","total_amount":"8.15","congestion_surcharge":""},{"VendorID":"1","tpep_pickup_datetime":"2023-04-14 11:51:02","tpep_dropoff_datetime":"2023-01-08 11:56:14","passenger_count":"1","trip_distance":"1.00","RatecodeID":"1","store_and_fwd_flag":"N","PULocationID":"142","DOLocationID":"48","payment_type":"1","fare_amount":"5.5","extra":"0","mta_tax":"0.5","tip_amount":"1.55","tolls_amount":"0","improvement_surcharge":"0.3","total_amount":"7.85","congestion_surcharge":""},{"VendorID":"1","tpep_pickup_datetime":"2023-03-08 11:39:25","tpep_dropoff_datetime":"2023-01-15 11:47:24","passenger_count":"1","trip_distance":".90","RatecodeID":"1","store_and_fwd_flag":"N","PULocationID":"230","DOLocationID":"164","payment_type":"1","fare_amount":"6.5","extra":"0","mta_tax":"0.5","tip_amount":"1","tolls_amount":"0","improvement_surcharge":"0.3","total_amount":"8.3","congestion_surcharge":""},{"VendorID":"1","tpep_pickup_datetime":"2023-10-06 11:57:50","tpep_dropoff_datetime":"2023-11-18 12:06:02","passenger_count":"1","trip_distance":"1.20","RatecodeID":"1","store_and_fwd_flag":"N","PULocationID":"107","DOLocationID":"170","payment_type":"1","fare_amount":"7","extra":"0","mta_tax":"0.5","tip_amount":"1.55","tolls_amount":"0","improvement_surcharge":"0.3","total_amount":"9.35","congestion_surcharge":""},{"VendorID":"2","tpep_pickup_datetime":"2023-05-26 11:01:17","tpep_dropoff_datetime":"2023-05-18 11:15:31","passenger_count":"1","trip_distance":"1.65","RatecodeID":"1","store_and_fwd_flag":"N","PULocationID":"234","DOLocationID":"48","payment_type":"1","fare_amount":"10.5","extra":"0","mta_tax":"0.5","tip_amount":"2","tolls_amount":"0","improvement_surcharge":"0.3","total_amount":"13.3","congestion_surcharge":""},{"VendorID":"2","tpep_pickup_datetime":"2023-02-02 11:47:05","tpep_dropoff_datetime":"2023-03-25 12:06:42","passenger_count":"1","trip_distance":"1.75","RatecodeID":"1","store_and_fwd_flag":"N","PULocationID":"163","DOLocationID":"164","payment_type":"1","fare_amount":"13","extra":"0","mta_tax":"0.5","tip_amount":"1.5","tolls_amount":"0","improvement_surcharge":"0.3","total_amount":"15.3","congestion_surcharge":""},{"VendorID":"2","tpep_pickup_datetime":"2024-01-05 11:19:05","tpep_dropoff_datetime":"2023-02-05 11:33:52","passenger_count":"1","trip_distance":"2.47","RatecodeID":"1","store_and_fwd_flag":"N","PULocationID":"140","DOLocationID":"161","payment_type":"1","fare_amount":"12","extra":"0","mta_tax":"0.5","tip_amount":"2.56","tolls_amount":"0","improvement_surcharge":"0.3","total_amount":"15.36","congestion_surcharge":""},{"VendorID":"1","tpep_pickup_datetime":"2023-08-13 11:09:47","tpep_dropoff_datetime":"2023-12-19 11:18:40","passenger_count":"1","trip_distance":"1.80","RatecodeID":"1","store_and_fwd_flag":"N","PULocationID":"211","DOLocationID":"13","payment_type":"1","fare_amount":"8.5","extra":"0","mta_tax":"0.5","tip_amount":"1.85","tolls_amount":"0","improvement_surcharge":"0.3","total_amount":"11.15","congestion_surcharge":""},{"VendorID":"1","tpep_pickup_datetime":"2023-03-16 11:46:01","tpep_dropoff_datetime":"2024-01-22 12:17:29","passenger_count":"1","trip_distance":"10.30","RatecodeID":"1","store_and_fwd_flag":"N","PULocationID":"232","DOLocationID":"22","payment_type":"1","fare_amount":"33","extra":"0","mta_tax":"0.5","tip_amount":"0","tolls_amount":"0","improvement_surcharge":"0.3","total_amount":"33.8","congestion_surcharge":""},{"VendorID":"2","tpep_pickup_datetime":"2023-11-12 11:36:52","tpep_dropoff_datetime":"2023-01-18 11:44:50","passenger_count":"1","trip_distance":"1.23","RatecodeID":"1","store_and_fwd_flag":"N","PULocationID":"41","DOLocationID":"75","payment_type":"2","fare_amount":"7","extra":"0","mta_tax":"0.5","tip_amount":"0","tolls_amount":"0","improvement_surcharge":"0.3","total_amount":"7.8","congestion_surcharge":""},{"VendorID":"2","tpep_pickup_datetime":"2023-08-07 11:29:05","tpep_dropoff_datetime":"2023-03-04 12:18:32","passenger_count":"1","trip_distance":"13.29","RatecodeID":"1","store_and_fwd_flag":"N","PULocationID":"246","DOLocationID":"180","payment_type":"1","fare_amount":"45","extra":"0","mta_tax":"0.5","tip_amount":"0","tolls_amount":"5.76","improvement_surcharge":"0.3","total_amount":"51.56","congestion_surcharge":""},{"VendorID":"2","tpep_pickup_datetime":"2023-03-25 11:02:11","tpep_dropoff_datetime":"2023-08-14 11:06:40","passenger_count":"1","trip_distance":".69","RatecodeID":"1","store_and_fwd_flag":"N","PULocationID":"261","DOLocationID":"261","payment_type":"1","fare_amount":"5","extra":"0","mta_tax":"0.5","tip_amount":"1.16","tolls_amount":"0","improvement_surcharge":"0.3","total_amount":"6.96","congestion_surcharge":""},{"VendorID":"2","tpep_pickup_datetime":"2023-06-15 11:34:37","tpep_dropoff_datetime":"2023-07-03 11:46:32","passenger_count":"1","trip_distance":".84","RatecodeID":"1","store_and_fwd_flag":"N","PULocationID":"186","DOLocationID":"48","payment_type":"2","fare_amount":"8.5","extra":"0","mta_tax":"0.5","tip_amount":"0","tolls_amount":"0","improvement_surcharge":"0.3","total_amount":"9.3","congestion_surcharge":""},{"VendorID":"2","tpep_pickup_datetime":"2023-08-19 11:07:09","tpep_dropoff_datetime":"2023-09-14 11:27:18","passenger_count":"2","trip_distance":"10.51","RatecodeID":"1","store_and_fwd_flag":"N","PULocationID":"138","DOLocationID":"229","payment_type":"1","fare_amount":"30.5","extra":"0","mta_tax":"0.5","tip_amount":"7.41","tolls_amount":"5.76","improvement_surcharge":"0.3","total_amount":"44.47","congestion_surcharge":""},{"VendorID":"1","tpep_pickup_datetime":"2023-10-11 11:28:32","tpep_dropoff_datetime":"2024-01-15 11:40:28","passenger_count":"1","trip_distance":"1.90","RatecodeID":"1","store_and_fwd_flag":"N","PULocationID":"68","DOLocationID":"79","payment_type":"2","fare_amount":"9.5","extra":"0","mta_tax":"0.5","tip_amount":"0","tolls_amount":"0","improvement_surcharge":"0.3","total_amount":"10.3","congestion_surcharge":""},{"VendorID":"1","tpep_pickup_datetime":"2023-10-07 11:53:14","tpep_dropoff_datetime":"2023-02-14 12:09:20","passenger_count":"1","trip_distance":"2.00","RatecodeID":"1","store_and_fwd_flag":"N","PULocationID":"79","DOLocationID":"158","payment_type":"1","fare_amount":"11","extra":"0","mta_tax":"0.5","tip_amount":"2.35","tolls_amount":"0","improvement_surcharge":"0.3","total_amount":"14.15","congestion_surcharge":""},{"VendorID":"2","tpep_pickup_datetime":"2023-10-31 11:19:08","tpep_dropoff_datetime":"2023-03-10 11:28:36","passenger_count":"1","trip_distance":".91","RatecodeID":"1","store_and_fwd_flag":"N","PULocationID":"234","DOLocationID":"107","payment_type":"1","fare_amount":"7.5","extra":"0","mta_tax":"0.5","tip_amount":"2.08","tolls_amount":"0","improvement_surcharge":"0.3","total_amount":"10.38","congestion_surcharge":""},{"VendorID":"2","tpep_pickup_datetime":"2023-12-11 11:33:45","tpep_dropoff_datetime":"2023-07-14 11:45:43","passenger_count":"1","trip_distance":"1.52","RatecodeID":"1","store_and_fwd_flag":"N","PULocationID":"79","DOLocationID":"90","payment_type":"2","fare_amount":"9.5","extra":"0","mta_tax":"0.5","tip_amount":"0","tolls_amount":"0","improvement_surcharge":"0.3","total_amount":"10.3","congestion_surcharge":""},{"VendorID":"2","tpep_pickup_datetime":"2023-03-26 11:55:00","tpep_dropoff_datetime":"2023-11-03 12:10:31","passenger_count":"1","trip_distance":"1.92","RatecodeID":"1","store_and_fwd_flag":"N","PULocationID":"90","DOLocationID":"224","payment_type":"1","fare_amount":"11","extra":"0","mta_tax":"0.5","tip_amount":"2.36","tolls_amount":"0","improvement_surcharge":"0.3","total_amount":"14.16","congestion_surcharge":""},{"VendorID":"2","tpep_pickup_datetime":"2023-11-02 11:07:18","tpep_dropoff_datetime":"2023-01-29 11:10:57","passenger_count":"1","trip_distance":".72","RatecodeID":"1","store_and_fwd_flag":"N","PULocationID":"68","DOLocationID":"249","payment_type":"1","fare_amount":"4.5","extra":"0","mta_tax":"0.5","tip_amount":"1.06","tolls_amount":"0","improvement_surcharge":"0.3","total_amount":"6.36","congestion_surcharge":""},{"VendorID":"2","tpep_pickup_datetime":"2023-01-26 11:16:38","tpep_dropoff_datetime":"2024-01-07 11:31:34","passenger_count":"1","trip_distance":"1.49","RatecodeID":"1","store_and_fwd_flag":"N","PULocationID":"90","DOLocationID":"164","payment_type":"2","fare_amount":"10.5","extra":"0","mta_tax":"0.5","tip_amount":"0","tolls_amount":"0","improvement_surcharge":"0.3","total_amount":"11.3","congestion_surcharge":""},{"VendorID":"2","tpep_pickup_datetime":"2023-01-11 11:34:00","tpep_dropoff_datetime":"2023-08-14 11:41:35","passenger_count":"1","trip_distance":".74","RatecodeID":"1","store_and_fwd_flag":"N","PULocationID":"230","DOLocationID":"163","payment_type":"2","fare_amount":"6.5","extra":"0","mta_tax":"0.5","tip_amount":"0","tolls_amount":"0","improvement_surcharge":"0.3","total_amount":"7.3","congestion_surcharge":""},{"VendorID":"2","tpep_pickup_datetime":"2023-12-25 11:36:08","tpep_dropoff_datetime":"2023-02-16 11:44:55","passenger_count":"1","trip_distance":"1.15","RatecodeID":"1","store_and_fwd_flag":"N","PULocationID":"170","DOLocationID":"161","payment_type":"1","fare_amount":"7","extra":"0","mta_tax":"0.5","tip_amount":"1.95","tolls_amount":"0","improvement_surcharge":"0.3","total_amount":"9.75","congestion_surcharge":""},{"VendorID":"2","tpep_pickup_datetime":"2023-02-16 11:51:22","tpep_dropoff_datetime":"2023-05-27 12:01:47","passenger_count":"1","trip_distance":"1.24","RatecodeID":"1","store_and_fwd_flag":"N","PULocationID":"237","DOLocationID":"164","payment_type":"1","fare_amount":"8","extra":"0","mta_tax":"0.5","tip_amount":"0.88","tolls_amount":"0","improvement_surcharge":"0.3","total_amount":"9.68","congestion_surcharge":""},{"VendorID":"1","tpep_pickup_datetime":"2023-07-24 11:09:13","tpep_dropoff_datetime":"2023-08-05 11:17:14","passenger_count":"1","trip_distance":"1.00","RatecodeID":"1","store_and_fwd_flag":"N","PULocationID":"68","DOLocationID":"246","payment_type":"1","fare_amount":"7","extra":"0","mta_tax":"0.5","tip_amount":"1.55","tolls_amount":"0","improvement_surcharge":"0.3","total_amount":"9.35","congestion_surcharge":""},{"VendorID":"1","tpep_pickup_datetime":"2023-05-26 11:22:19","tpep_dropoff_datetime":"2023-07-15 11:31:24","passenger_count":"1","trip_distance":"1.00","RatecodeID":"1","store_and_fwd_flag":"N","PULocationID":"90","DOLocationID":"107","payment_type":"2","fare_amount":"7.5","extra":"0","mta_tax":"0.5","tip_amount":"0","tolls_amount":"0","improvement_surcharge":"0.3","total_amount":"8.3","congestion_surcharge":""},{"VendorID":"1","tpep_pickup_datetime":"2023-10-27 11:39:46","tpep_dropoff_datetime":"2023-09-04 11:44:40","passenger_count":"1","trip_distance":".70","RatecodeID":"1","store_and_fwd_flag":"N","PULocationID":"164","DOLocationID":"161","payment_type":"2","fare_amount":"5","extra":"0","mta_tax":"0.5","tip_amount":"0","tolls_amount":"0","improvement_surcharge":"0.3","total_amount":"5.8","congestion_surcharge":""},{"VendorID":"1","tpep_pickup_datetime":"2023-11-12 11:49:32","tpep_dropoff_datetime":"2023-03-01 12:09:59","passenger_count":"1","trip_distance":"8.30","RatecodeID":"1","store_and_fwd_flag":"N","PULocationID":"264","DOLocationID":"264","payment_type":"1","fare_amount":"25","extra":"0","mta_tax":"0.5","tip_amount":"2","tolls_amount":"5.76","improvement_surcharge":"0.3","total_amount":"33.56","congestion_surcharge":""},{"VendorID":"1","tpep_pickup_datetime":"2024-02-02 11:00:16","tpep_dropoff_datetime":"2023-07-23 11:17:24","passenger_count":"1","trip_distance":"5.10","RatecodeID":"1","store_and_fwd_flag":"N","PULocationID":"162","DOLocationID":"87","payment_type":"1","fare_amount":"18","extra":"0","mta_tax":"0.5","tip_amount":"3.75","tolls_amount":"0","improvement_surcharge":"0.3","total_amount":"22.55","congestion_surcharge":""},{"VendorID":"1","tpep_pickup_datetime":"2023-07-14 11:33:33","tpep_dropoff_datetime":"2023-01-30 11:49:19","passenger_count":"1","trip_distance":"3.70","RatecodeID":"1","store_and_fwd_flag":"N","PULocationID":"87","DOLocationID":"79","payment_type":"1","fare_amount":"15","extra":"0","mta_tax":"0.5","tip_amount":"1.5","tolls_amount":"0","improvement_surcharge":"0.3","total_amount":"17.3","congestion_surcharge":""},{"VendorID":"1","tpep_pickup_datetime":"2023-05-30 11:50:52","tpep_dropoff_datetime":"2023-12-06 11:55:26","passenger_count":"1","trip_distance":".50","RatecodeID":"1","store_and_fwd_flag":"N","PULocationID":"113","DOLocationID":"107","payment_type":"1","fare_amount":"4.5","extra":"0","mta_tax":"0.5","tip_amount":"0.5","tolls_amount":"0","improvement_surcharge":"0.3","total_amount":"5.8","congestion_surcharge":""},{"VendorID":"2","tpep_pickup_datetime":"2023-07-07 11:29:43","tpep_dropoff_datetime":"2023-03-23 11:52:18","passenger_count":"6","trip_distance":"8.78","RatecodeID":"1","store_and_fwd_flag":"N","PULocationID":"138","DOLocationID":"161","payment_type":"1","fare_amount":"27","extra":"0","mta_tax":"0.5","tip_amount":"6.71","tolls_amount":"5.76","improvement_surcharge":"0.3","total_amount":"40.27","congestion_surcharge":""},{"VendorID":"2","tpep_pickup_datetime":"2023-03-08 11:53:49","tpep_dropoff_datetime":"2023-08-27 12:11:06","passenger_count":"6","trip_distance":"2.31","RatecodeID":"1","store_and_fwd_flag":"N","PULocationID":"161","DOLocationID":"236","payment_type":"1","fare_amount":"12.5","extra":"0","mta_tax":"0.5","tip_amount":"2.66","tolls_amount":"0","improvement_surcharge":"0.3","total_amount":"15.96","congestion_surcharge":""},{"VendorID":"2","tpep_pickup_datetime":"2023-09-20 11:24:25","tpep_dropoff_datetime":"2024-01-09 11:37:23","passenger_count":"2","trip_distance":"1.53","RatecodeID":"1","store_and_fwd_flag":"N","PULocationID":"142","DOLocationID":"141","payment_type":"2","fare_amount":"9.5","extra":"0","mta_tax":"0.5","tip_amount":"0","tolls_amount":"0","improvement_surcharge":"0.3","total_amount":"10.3","congestion_surcharge":""},{"VendorID":"2","tpep_pickup_datetime":"2023-08-12 10:47:17","tpep_dropoff_datetime":"2023-11-22 10:52:36","passenger_count":"5","trip_distance":"1.10","RatecodeID":"1","store_and_fwd_flag":"N","PULocationID":"114","DOLocationID":"114","payment_type":"2","fare_amount":"6","extra":"0","mta_tax":"0.5","tip_amount":"0","tolls_amount":"0","improvement_surcharge":"0.3","total_amount":"6.8","congestion_surcharge":""},{"VendorID":"2","tpep_pickup_datetime":"2023-11-19 10:54:29","tpep_dropoff_datetime":"2024-01-14 11:01:08","passenger_count":"5","trip_distance":".93","RatecodeID":"1","store_and_fwd_flag":"N","PULocationID":"114","DOLocationID":"249","payment_type":"2","fare_amount":"6","extra":"0","mta_tax":"0.5","tip_amount":"0","tolls_amount":"0","improvement_surcharge":"0.3","total_amount":"6.8","congestion_surcharge":""},{"VendorID":"2","tpep_pickup_datetime":"2023-07-17 11:17:11","tpep_dropoff_datetime":"2023-10-19 11:33:54","passenger_count":"5","trip_distance":"4.17","RatecodeID":"1","store_and_fwd_flag":"N","PULocationID":"107","DOLocationID":"87","payment_type":"1","fare_amount":"16.5","extra":"0","mta_tax":"0.5","tip_amount":"1","tolls_amount":"0","improvement_surcharge":"0.3","total_amount":"18.3","congestion_surcharge":""},{"VendorID":"2","tpep_pickup_datetime":"2023-09-29 11:46:08","tpep_dropoff_datetime":"2023-12-27 12:12:43","passenger_count":"5","trip_distance":"4.67","RatecodeID":"1","store_and_fwd_flag":"N","PULocationID":"261","DOLocationID":"195","payment_type":"2","fare_amount":"20.5","extra":"0","mta_tax":"0.5","tip_amount":"0","tolls_amount":"0","improvement_surcharge":"0.3","total_amount":"21.3","congestion_surcharge":""},{"VendorID":"2","tpep_pickup_datetime":"2023-09-03 11:31:00","tpep_dropoff_datetime":"2023-01-30 12:02:51","passenger_count":"2","trip_distance":"10.62","RatecodeID":"1","store_and_fwd_flag":"N","PULocationID":"138","DOLocationID":"142","payment_type":"1","fare_amount":"33","extra":"0","mta_tax":"0.5","tip_amount":"4","tolls_amount":"5.76","improvement_surcharge":"0.3","total_amount":"43.56","congestion_surcharge":""},{"VendorID":"4","tpep_pickup_datetime":"2023-08-24 11:41:01","tpep_dropoff_datetime":"2023-01-12 11:53:17","passenger_count":"1","trip_distance":"1.48","RatecodeID":"1","store_and_fwd_flag":"N","PULocationID":"262","DOLocationID":"75","payment_type":"1","fare_amount":"9.5","extra":"0","mta_tax":"0.5","tip_amount":"2.06","tolls_amount":"0","improvement_surcharge":"0.3","total_amount":"12.36","congestion_surcharge":""},{"VendorID":"1","tpep_pickup_datetime":"2023-07-06 11:08:18","tpep_dropoff_datetime":"2024-01-02 11:20:58","passenger_count":"1","trip_distance":"1.90","RatecodeID":"1","store_and_fwd_flag":"N","PULocationID":"144","DOLocationID":"164","payment_type":"1","fare_amount":"10","extra":"0","mta_tax":"0.5","tip_amount":"2.15","tolls_amount":"0","improvement_surcharge":"0.3","total_amount":"12.95","congestion_surcharge":""},{"VendorID":"1","tpep_pickup_datetime":"2023-12-25 11:34:10","tpep_dropoff_datetime":"2023-11-10 11:41:50","passenger_count":"1","trip_distance":"1.60","RatecodeID":"1","store_and_fwd_flag":"N","PULocationID":"264","DOLocationID":"263","payment_type":"1","fare_amount":"7.5","extra":"0","mta_tax":"0.5","tip_amount":"1.65","tolls_amount":"0","improvement_surcharge":"0.3","total_amount":"9.95","congestion_surcharge":""},{"VendorID":"1","tpep_pickup_datetime":"2023-09-18 11:56:39","tpep_dropoff_datetime":"2023-05-13 12:16:23","passenger_count":"2","trip_distance":"3.20","RatecodeID":"1","store_and_fwd_flag":"N","PULocationID":"140","DOLocationID":"238","payment_type":"1","fare_amount":"15","extra":"0","mta_tax":"0.5","tip_amount":"2.5","tolls_amount":"0","improvement_surcharge":"0.3","total_amount":"18.3","congestion_surcharge":""},{"VendorID":"2","tpep_pickup_datetime":"2023-12-07 11:37:50","tpep_dropoff_datetime":"2023-03-20 11:40:53","passenger_count":"1","trip_distance":"1.10","RatecodeID":"1","store_and_fwd_flag":"N","PULocationID":"164","DOLocationID":"113","payment_type":"1","fare_amount":"5","extra":"0","mta_tax":"0.5","tip_amount":"1.16","tolls_amount":"0","improvement_surcharge":"0.3","total_amount":"6.96","congestion_surcharge":""},{"VendorID":"2","tpep_pickup_datetime":"2023-01-22 11:42:32","tpep_dropoff_datetime":"2023-05-18 11:59:15","passenger_count":"1","trip_distance":"3.37","RatecodeID":"1","store_and_fwd_flag":"N","PULocationID":"113","DOLocationID":"141","payment_type":"2","fare_amount":"13.5","extra":"0","mta_tax":"0.5","tip_amount":"0","tolls_amount":"0","improvement_surcharge":"0.3","total_amount":"14.3","congestion_surcharge":""},{"VendorID":"2","tpep_pickup_datetime":"2023-10-12 11:03:17","tpep_dropoff_datetime":"2023-08-09 11:22:37","passenger_count":"2","trip_distance":"1.28","RatecodeID":"1","store_and_fwd_flag":"N","PULocationID":"161","DOLocationID":"233","payment_type":"1","fare_amount":"12.5","extra":"0","mta_tax":"0.5","tip_amount":"2.66","tolls_amount":"0","improvement_surcharge":"0.3","total_amount":"15.96","congestion_surcharge":""},{"VendorID":"2","tpep_pickup_datetime":"2023-05-17 11:02:40","tpep_dropoff_datetime":"2023-12-07 11:17:57","passenger_count":"2","trip_distance":"2.38","RatecodeID":"1","store_and_fwd_flag":"N","PULocationID":"107","DOLocationID":"161","payment_type":"1","fare_amount":"12","extra":"0","mta_tax":"0.5","tip_amount":"2.56","tolls_amount":"0","improvement_surcharge":"0.3","total_amount":"15.36","congestion_surcharge":""},{"VendorID":"2","tpep_pickup_datetime":"2023-05-24 11:39:43","tpep_dropoff_datetime":"2024-01-11 11:49:34","passenger_count":"2","trip_distance":"1.45","RatecodeID":"1","store_and_fwd_flag":"N","PULocationID":"263","DOLocationID":"239","payment_type":"1","fare_amount":"8.5","extra":"0","mta_tax":"0.5","tip_amount":"2","tolls_amount":"0","improvement_surcharge":"0.3","total_amount":"11.3","congestion_surcharge":""},{"VendorID":"2","tpep_pickup_datetime":"2023-12-09 11:13:09","tpep_dropoff_datetime":"2023-11-13 11:20:32","passenger_count":"4","trip_distance":"1.31","RatecodeID":"1","store_and_fwd_flag":"N","PULocationID":"239","DOLocationID":"237","payment_type":"1","fare_amount":"7.5","extra":"0","mta_tax":"0.5","tip_amount":"2.49","tolls_amount":"0","improvement_surcharge":"0.3","total_amount":"10.79","congestion_surcharge":""},{"VendorID":"2","tpep_pickup_datetime":"2023-11-22 11:30:38","tpep_dropoff_datetime":"2023-07-28 11:53:22","passenger_count":"6","trip_distance":"7.11","RatecodeID":"1","store_and_fwd_flag":"N","PULocationID":"141","DOLocationID":"138","payment_type":"1","fare_amount":"23.5","extra":"0","mta_tax":"0.5","tip_amount":"6.08","tolls_amount":"0","improvement_surcharge":"0.3","total_amount":"30.38","congestion_surcharge":""},{"VendorID":"2","tpep_pickup_datetime":"2023-08-05 11:09:31","tpep_dropoff_datetime":"2023-01-09 11:15:10","passenger_count":"6","trip_distance":"1.04","RatecodeID":"1","store_and_fwd_flag":"N","PULocationID":"142","DOLocationID":"48","payment_type":"2","fare_amount":"6","extra":"0","mta_tax":"0.5","tip_amount":"0","tolls_amount":"0","improvement_surcharge":"0.3","total_amount":"6.8","congestion_surcharge":""},{"VendorID":"2","tpep_pickup_datetime":"2023-02-17 11:34:38","tpep_dropoff_datetime":"2023-07-17 11:42:31","passenger_count":"6","trip_distance":"1.19","RatecodeID":"1","store_and_fwd_flag":"N","PULocationID":"239","DOLocationID":"142","payment_type":"2","fare_amount":"7","extra":"0","mta_tax":"0.5","tip_amount":"0","tolls_amount":"0","improvement_surcharge":"0.3","total_amount":"7.8","congestion_surcharge":""},{"VendorID":"2","tpep_pickup_datetime":"2023-03-28 11:44:54","tpep_dropoff_datetime":"2023-06-10 11:50:35","passenger_count":"6","trip_distance":".60","RatecodeID":"1","store_and_fwd_flag":"N","PULocationID":"142","DOLocationID":"43","payment_type":"1","fare_amount":"5.5","extra":"0","mta_tax":"0.5","tip_amount":"1.26","tolls_amount":"0","improvement_surcharge":"0.3","total_amount":"7.56","congestion_surcharge":""},{"VendorID":"2","tpep_pickup_datetime":"2023-09-10 11:05:52","tpep_dropoff_datetime":"2023-11-28 11:32:06","passenger_count":"1","trip_distance":"5.58","RatecodeID":"1","store_and_fwd_flag":"N","PULocationID":"170","DOLocationID":"12","payment_type":"2","fare_amount":"23","extra":"0","mta_tax":"0.5","tip_amount":"0","tolls_amount":"0","improvement_surcharge":"0.3","total_amount":"23.8","congestion_surcharge":""},{"VendorID":"2","tpep_pickup_datetime":"2023-10-19 11:42:17","tpep_dropoff_datetime":"2023-02-10 12:00:01","passenger_count":"1","trip_distance":"2.73","RatecodeID":"1","store_and_fwd_flag":"N","PULocationID":"231","DOLocationID":"170","payment_type":"1","fare_amount":"13.5","extra":"0","mta_tax":"0.5","tip_amount":"2.86","tolls_amount":"0","improvement_surcharge":"0.3","total_amount":"17.16","congestion_surcharge":""},{"VendorID":"1","tpep_pickup_datetime":"2023-07-04 11:26:39","tpep_dropoff_datetime":"2023-08-30 11:33:41","passenger_count":"2","trip_distance":".70","RatecodeID":"1","store_and_fwd_flag":"N","PULocationID":"249","DOLocationID":"90","payment_type":"2","fare_amount":"6","extra":"0","mta_tax":"0.5","tip_amount":"0","tolls_amount":"0","improvement_surcharge":"0.3","total_amount":"6.8","congestion_surcharge":""}]