[{"VendorID":"2","tpep_pickup_datetime":"2023-09-30 21:48:25","tpep_dropoff_datetime":"2023-06-12 21:54:06","passenger_count":"1","trip_distance":".77","RatecodeID":"1","store_and_fwd_flag":"N","PULocationID":"186","DOLocationID":"246","payment_type":"1","fare_amount":"5.5","extra":"0.5","mta_tax":"0.5","tip_amount":"1.22","tolls_amount":"0","improvement_surcharge":"0.3","total_amount":"8.02","congestion_surcharge":""},{"VendorID":"2","tpep_pickup_datetime":"2023-10-04 21:11:54","tpep_dropoff_datetime":"2023-09-10 21:25:30","passenger_count":"6","trip_distance":"3.12","RatecodeID":"1","store_and_fwd_flag":"N","PULocationID":"164","DOLocationID":"43","payment_type":"1","fare_amount":"12.5","extra":"0.5","mta_tax":"0.5","tip_amount":"3","tolls_amount":"0","improvement_surcharge":"0.3","total_amount":"16.8","congestion_surcharge":""},{"VendorID":"2","tpep_pickup_datetime":"2023-02-14 21:47:17","tpep_dropoff_datetime":"2023-10-06 22:03:27","passenger_count":"6","trip_distance":"2.41","RatecodeID":"1","store_and_fwd_flag":"N","PULocationID":"230","DOLocationID":"238","payment_type":"1","fare_amount":"13","extra":"0.5","mta_tax":"0.5","tip_amount":"2.86","tolls_amount":"0","improvement_surcharge":"0.3","total_amount":"17.16","congestion_surcharge":""},{"VendorID":"2","tpep_pickup_datetime":"2023-09-09 21:02:36","tpep_dropoff_datetime":"2023-03-29 21:15:25","passenger_count":"1","trip_distance":"2.26","RatecodeID":"1","store_and_fwd_flag":"N","PULocationID":"166","DOLocationID":"42","payment_type":"2","fare_amount":"11","extra":"0.5","mta_tax":"0.5","tip_amount":"0","tolls_amount":"0","improvement_surcharge":"0.3","total_amount":"12.3","congestion_surcharge":""},{"VendorID":"2","tpep_pickup_datetime":"2023-04-15 21:47:57","tpep_dropoff_datetime":"2023-07-29 22:29:09","passenger_count":"1","trip_distance":"18.19","RatecodeID":"2","store_and_fwd_flag":"N","PULocationID":"132","DOLocationID":"48","payment_type":"1","fare_amount":"52","extra":"0","mta_tax":"0.5","tip_amount":"5.86","tolls_amount":"5.76","improvement_surcharge":"0.3","total_amount":"64.42","congestion_surcharge":""},{"VendorID":"2","tpep_pickup_datetime":"2023-01-09 21:14:06","tpep_dropoff_datetime":"2023-01-29 21:22:32","passenger_count":"1","trip_distance":"3.51","RatecodeID":"1","store_and_fwd_flag":"N","PULocationID":"238","DOLocationID":"50","payment_type":"1","fare_amount":"12","extra":"0.5","mta_tax":"0.5","tip_amount":"2.66","tolls_amount":"0","improvement_surcharge":"0.3","total_amount":"15.96","congestion_surcharge":""},{"VendorID":"2","tpep_pickup_datetime":"2024-01-28 21:35:08","tpep_dropoff_datetime":"2024-01-13 21:42:34","passenger_count":"5","trip_distance":"1.23","RatecodeID":"1","store_and_fwd_flag":"N","PULocationID":"7","DOLocationID":"179","payment_type":"2","fare_amount":"6.5","extra":"0.5","mta_tax":"0.5","tip_amount":"0","tolls_amount":"0","improvement_surcharge":"0.3","total_amount":"7.8","congestion_surcharge":""},{"VendorID":"2","tpep_pickup_datetime":"2023-12-04 21:43:15","tpep_dropoff_datetime":"2023-06-02 21:59:50","passenger_count":"3","trip_distance":"7.82","RatecodeID":"1","store_and_fwd_flag":"N","PULocationID":"230","DOLocationID":"244","payment_type":"1","fare_amount":"24","extra":"0.5","mta_tax":"0.5","tip_amount":"5.06","tolls_amount":"0","improvement_surcharge":"0.3","total_amount":"30.36","congestion_surcharge":""},{"VendorID":"2","tpep_pickup_datetime":"2023-08-13 21:22:07","tpep_dropoff_datetime":"2024-01-25 21:22:16","passenger_count":"1","trip_distance":".00","RatecodeID":"1","store_and_fwd_flag":"N","PULocationID":"132","DOLocationID":"132","payment_type":"2","fare_amount":"2.5","extra":"0.5","mta_tax":"0.5","tip_amount":"0","tolls_amount":"0","improvement_surcharge":"0.3","total_amount":"3.8","congestion_surcharge":""},{"VendorID":"2","tpep_pickup_datetime":"2023-08-04 21:22:35","tpep_dropoff_datetime":"2023-11-27 21:57:38","passenger_count":"1","trip_distance":"17.99","RatecodeID":"2","store_and_fwd_flag":"N","PULocationID":"132","DOLocationID":"141","payment_type":"1","fare_amount":"52","extra":"0","mta_tax":"0.5","tip_amount":"7","tolls_amount":"5.76","improvement_surcharge":"0.3","total_amount":"65.56","congestion_surcharge":""},{"VendorID":"2","tpep_pickup_datetime":"2023-09-25 21:33:20","tpep_dropoff_datetime":"2023-12-08 21:37:36","passenger_count":"1","trip_distance":".98","RatecodeID":"1","store_and_fwd_flag":"N","PULocationID":"263","DOLocationID":"262","payment_type":"1","fare_amount":"5.5","extra":"0.5","mta_tax":"0.5","tip_amount":"1.36","tolls_amount":"0","improvement_surcharge":"0.3","total_amount":"8.16","congestion_surcharge":""},{"VendorID":"2","tpep_pickup_datetime":"2023-07-10 21:09:37","tpep_dropoff_datetime":"2023-12-18 21:23:53","passenger_count":"1","trip_distance":"3.24","RatecodeID":"1","store_and_fwd_flag":"N","PULocationID":"142","DOLocationID":"249","payment_type":"1","fare_amount":"12.5","extra":"0.5","mta_tax":"0.5","tip_amount":"2.76","tolls_amount":"0","improvement_surcharge":"0.3","total_amount":"16.56","congestion_surcharge":""},{"VendorID":"2","tpep_pickup_datetime":"2023-03-23 21:44:36","tpep_dropoff_datetime":"2023-01-12 21:46:52","passenger_count":"1","trip_distance":".82","RatecodeID":"1","store_and_fwd_flag":"N","PULocationID":"137","DOLocationID":"229","payment_type":"2","fare_amount":"4.5","extra":"0.5","mta_tax":"0.5","tip_amount":"0","tolls_amount":"0","improvement_surcharge":"0.3","total_amount":"5.8","congestion_surcharge":""},{"VendorID":"2","tpep_pickup_datetime":"2023-09-20 21:48:22","tpep_dropoff_datetime":"2023-10-27 21:53:19","passenger_count":"1","trip_distance":"2.08","RatecodeID":"1","store_and_fwd_flag":"N","PULocationID":"229","DOLocationID":"262","payment_type":"1","fare_amount":"7.5","extra":"0.5","mta_tax":"0.5","tip_amount":"2.64","tolls_amount":"0","improvement_surcharge":"0.3","total_amount":"11.44","congestion_surcharge":""},{"VendorID":"2","tpep_pickup_datetime":"2023-09-12 21:36:09","tpep_dropoff_datetime":"2023-12-06 21:46:16","passenger_count":"6","trip_distance":"1.55","RatecodeID":"1","store_and_fwd_flag":"N","PULocationID":"186","DOLocationID":"234","payment_type":"1","fare_amount":"8.5","extra":"0.5","mta_tax":"0.5","tip_amount":"2.45","tolls_amount":"0","improvement_surcharge":"0.3","total_amount":"12.25","congestion_surcharge":""},{"VendorID":"2","tpep_pickup_datetime":"2023-01-06 21:29:05","tpep_dropoff_datetime":"2023-10-14 21:42:20","passenger_count":"1","trip_distance":"7.81","RatecodeID":"1","store_and_fwd_flag":"N","PULocationID":"138","DOLocationID":"262","payment_type":"2","fare_amount":"22.5","extra":"0.5","mta_tax":"0.5","tip_amount":"0","tolls_amount":"5.76","improvement_surcharge":"0.3","total_amount":"29.56","congestion_surcharge":""},{"VendorID":"1","tpep_pickup_datetime":"2023-06-23 21:16:00","tpep_dropoff_datetime":"2023-05-15 21:27:53","passenger_count":"1","trip_distance":"1.90","RatecodeID":"1","store_and_fwd_flag":"N","PULocationID":"161","DOLocationID":"140","payment_type":"1","fare_amount":"10","extra":"0.5","mta_tax":"0.5","tip_amount":"2.8","tolls_amount":"0","improvement_surcharge":"0.3","total_amount":"14.1","congestion_surcharge":""},{"VendorID":"1","tpep_pickup_datetime":"2023-06-18 21:54:32","tpep_dropoff_datetime":"2023-09-25 22:06:11","passenger_count":"1","trip_distance":"1.70","RatecodeID":"1","store_and_fwd_flag":"N","PULocationID":"48","DOLocationID":"237","payment_type":"1","fare_amount":"9","extra":"0.5","mta_tax":"0.5","tip_amount":"2.05","tolls_amount":"0","improvement_surcharge":"0.3","total_amount":"12.35","congestion_surcharge":""},{"VendorID":"1","tpep_pickup_datetime":"2023-08-05 21:07:42","tpep_dropoff_datetime":"2023-09-05 21:29:17","passenger_count":"1","trip_distance":"2.90","RatecodeID":"1","store_and_fwd_flag":"N","PULocationID":"163","DOLocationID":"113","payment_type":"1","fare_amount":"15","extra":"0.5","mta_tax":"0.5","tip_amount":"3.25","tolls_amount":"0","improvement_surcharge":"0.3","total_amount":"19.55","congestion_surcharge":""},{"VendorID":"1","tpep_pickup_datetime":"2023-05-18 21:45:42","tpep_dropoff_datetime":"2023-01-19 21:51:36","passenger_count":"1","trip_distance":".80","RatecodeID":"1","store_and_fwd_flag":"N","PULocationID":"90","DOLocationID":"164","payment_type":"1","fare_amount":"6","extra":"0.5","mta_tax":"0.5","tip_amount":"1","tolls_amount":"0","improvement_surcharge":"0.3","total_amount":"8.3","congestion_surcharge":""},{"VendorID":"2","tpep_pickup_datetime":"2023-06-14 20:59:40","tpep_dropoff_datetime":"2023-03-07 21:04:50","passenger_count":"5","trip_distance":".82","RatecodeID":"1","store_and_fwd_flag":"N","PULocationID":"249","DOLocationID":"68","payment_type":"1","fare_amount":"5.5","extra":"0.5","mta_tax":"0.5","tip_amount":"1.02","tolls_amount":"0","improvement_surcharge":"0.3","total_amount":"7.82","congestion_surcharge":""},{"VendorID":"2","tpep_pickup_datetime":"2023-04-17 21:13:01","tpep_dropoff_datetime":"2023-01-08 21:21:04","passenger_count":"5","trip_distance":"2.66","RatecodeID":"1","store_and_fwd_flag":"N","PULocationID":"158","DOLocationID":"50","payment_type":"2","fare_amount":"10","extra":"0.5","mta_tax":"0.5","tip_amount":"0","tolls_amount":"0","improvement_surcharge":"0.3","total_amount":"11.3","congestion_surcharge":""},{"VendorID":"2","tpep_pickup_datetime":"2023-06-12 21:31:26","tpep_dropoff_datetime":"2023-05-22 21:52:47","passenger_count":"4","trip_distance":"5.73","RatecodeID":"1","store_and_fwd_flag":"N","PULocationID":"186","DOLocationID":"52","payment_type":"1","fare_amount":"20","extra":"0.5","mta_tax":"0.5","tip_amount":"3.2","tolls_amount":"0","improvement_surcharge":"0.3","total_amount":"24.5","congestion_surcharge":""},{"VendorID":"2","tpep_pickup_datetime":"2023-12-24 21:03:41","tpep_dropoff_datetime":"2023-05-24 21:08:25","passenger_count":"1","trip_distance":".99","RatecodeID":"1","store_and_fwd_flag":"N","PULocationID":"162","DOLocationID":"137","payment_type":"1","fare_amount":"5.5","extra":"0.5","mta_tax":"0.5","tip_amount":"1.7","tolls_amount":"0","improvement_surcharge":"0.3","total_amount":"8.5","congestion_surcharge":""},{"VendorID":"2","tpep_pickup_datetime":"2023-09-18 21:13:19","tpep_dropoff_datetime":"2023-09-02 21:31:01","passenger_count":"1","trip_distance":"3.25","RatecodeID":"1","store_and_fwd_flag":"N","PULocationID":"170","DOLocationID":"262","payment_type":"1","fare_amount":"14.5","extra":"0.5","mta_tax":"0.5","tip_amount":"3.16","tolls_amount":"0","improvement_surcharge":"0.3","total_amount":"18.96","congestion_surcharge":""},{"VendorID":"2","tpep_pickup_datetime":"2023-04-17 21:51:55","tpep_dropoff_datetime":"2023-06-07 22:11:27","passenger_count":"1","trip_distance":"5.23","RatecodeID":"1","store_and_fwd_flag":"N","PULocationID":"236","DOLocationID":"158","payment_type":"1","fare_amount":"19","extra":"0.5","mta_tax":"0.5","tip_amount":"4.06","tolls_amount":"0","improvement_surcharge":"0.3","total_amount":"24.36","congestion_surcharge":""},{"VendorID":"2","tpep_pickup_datetime":"2024-01-05 21:17:35","tpep_dropoff_datetime":"2023-10-14 21:26:11","passenger_count":"1","trip_distance":"1.04","RatecodeID":"1","store_and_fwd_flag":"N","PULocationID":"163","DOLocationID":"162","payment_type":"1","fare_amount":"7.5","extra":"0.5","mta_tax":"0.5","tip_amount":"1.76","tolls_amount":"0","improvement_surcharge":"0.3","total_amount":"10.56","congestion_surcharge":""},{"VendorID":"2","tpep_pickup_datetime":"2024-02-02 21:27:00","tpep_dropoff_datetime":"2023-10-11 21:36:03","passenger_count":"1","trip_distance":"1.10","RatecodeID":"1","store_and_fwd_flag":"N","PULocationID":"162","DOLocationID":"230","payment_type":"2","fare_amount":"7.5","extra":"0.5","mta_tax":"0.5","tip_amount":"0","tolls_amount":"0","improvement_surcharge":"0.3","total_amount":"8.8","congestion_surcharge":""},{"VendorID":"2","tpep_pickup_datetime":"2023-12-02 21:53:48","tpep_dropoff_datetime":"2023-05-13 22:03:12","passenger_count":"1","trip_distance":"2.37","RatecodeID":"1","store_and_fwd_flag":"N","PULocationID":"186","DOLocationID":"144","payment_type":"2","fare_amount":"9","extra":"0.5","mta_tax":"0.5","tip_amount":"0","tolls_amount":"0","improvement_surcharge":"0.3","total_amount":"10.3","congestion_surcharge":""},{"VendorID":"2","tpep_pickup_datetime":"2023-07-28 21:13:35","tpep_dropoff_datetime":"2023-02-10 21:14:32","passenger_count":"1","trip_distance":".00","RatecodeID":"1","store_and_fwd_flag":"N","PULocationID":"264","DOLocationID":"193","payment_type":"1","fare_amount":"2.5","extra":"0.5","mta_tax":"0.5","tip_amount":"1.14","tolls_amount":"0","improvement_surcharge":"0.3","total_amount":"4.94","congestion_surcharge":""},{"VendorID":"2","tpep_pickup_datetime":"2023-12-15 21:18:43","tpep_dropoff_datetime":"2023-07-27 21:23:25","passenger_count":"1","trip_distance":".99","RatecodeID":"1","store_and_fwd_flag":"N","PULocationID":"193","DOLocationID":"7","payment_type":"2","fare_amount":"5.5","extra":"0.5","mta_tax":"0.5","tip_amount":"0","tolls_amount":"0","improvement_surcharge":"0.3","total_amount":"6.8","congestion_surcharge":""},{"VendorID":"2","tpep_pickup_datetime":"2023-02-12 21:50:16","tpep_dropoff_datetime":"2023-03-19 21:53:50","passenger_count":"1","trip_distance":".70","RatecodeID":"1","store_and_fwd_flag":"N","PULocationID":"170","DOLocationID":"170","payment_type":"2","fare_amount":"4.5","extra":"0.5","mta_tax":"0.5","tip_amount":"0","tolls_amount":"0","improvement_surcharge":"0.3","total_amount":"5.8","congestion_surcharge":""},{"VendorID":"2","tpep_pickup_datetime":"2023-12-10 21:55:47","tpep_dropoff_datetime":"2023-12-16 22:13:38","passenger_count":"1","trip_distance":"3.22","RatecodeID":"1","store_and_fwd_flag":"N","PULocationID":"170","DOLocationID":"4","payment_type":"1","fare_amount":"14.5","extra":"0.5","mta_tax":"0.5","tip_amount":"3.16","tolls_amount":"0","improvement_surcharge":"0.3","total_amount":"18.96","congestion_surcharge":""},{"VendorID":"2","tpep_pickup_datetime":"2023-01-17 21:14:18","tpep_dropoff_datetime":"2023-07-07 21:34:53","passenger_count":"1","trip_distance":"11.68","RatecodeID":"1","store_and_fwd_flag":"N","PULocationID":"138","DOLocationID":"37","payment_type":"1","fare_amount":"33","extra":"0.5","mta_tax":"0.5","tip_amount":"6.86","tolls_amount":"0","improvement_surcharge":"0.3","total_amount":"41.16","congestion_surcharge":""},{"VendorID":"1","tpep_pickup_datetime":"2023-02-04 21:02:05","tpep_dropoff_datetime":"2023-12-16 21:06:17","passenger_count":"1","trip_distance":".90","RatecodeID":"1","store_and_fwd_flag":"N","PULocationID":"263","DOLocationID":"75","payment_type":"2","fare_amount":"5","extra":"0.5","mta_tax":"0.5","tip_amount":"0","tolls_amount":"0","improvement_surcharge":"0.3","total_amount":"6.3","congestion_surcharge":""},{"VendorID":"1","tpep_pickup_datetime":"2023-03-15 21:13:44","tpep_dropoff_datetime":"2023-11-29 21:16:18","passenger_count":"1","trip_distance":".40","RatecodeID":"1","store_and_fwd_flag":"N","PULocationID":"236","DOLocationID":"236","payment_type":"2","fare_amount":"4","extra":"0.5","mta_tax":"0.5","tip_amount":"0","tolls_amount":"0","improvement_surcharge":"0.3","total_amount":"5.3","congestion_surcharge":""},{"VendorID":"1","tpep_pickup_datetime":"2023-05-29 21:22:17","tpep_dropoff_datetime":"2023-11-07 21:28:17","passenger_count":"1","trip_distance":"1.10","RatecodeID":"1","store_and_fwd_flag":"N","PULocationID":"262","DOLocationID":"236","payment_type":"1","fare_amount":"6","extra":"0.5","mta_tax":"0.5","tip_amount":"1.26","tolls_amount":"0","improvement_surcharge":"0.3","total_amount":"8.56","congestion_surcharge":""},{"VendorID":"1","tpep_pickup_datetime":"2024-01-19 21:49:00","tpep_dropoff_datetime":"2023-07-05 22:05:52","passenger_count":"1","trip_distance":"7.80","RatecodeID":"1","store_and_fwd_flag":"N","PULocationID":"162","DOLocationID":"158","payment_type":"1","fare_amount":"24","extra":"0.5","mta_tax":"0.5","tip_amount":"1","tolls_amount":"0","improvement_surcharge":"0.3","total_amount":"26.3","congestion_surcharge":""},{"VendorID":"2","tpep_pickup_datetime":"2023-07-29 21:25:53","tpep_dropoff_datetime":"2023-07-26 21:33:36","passenger_count":"5","trip_distance":"1.49","RatecodeID":"1","store_and_fwd_flag":"N","PULocationID":"164","DOLocationID":"107","payment_type":"1","fare_amount":"7.5","extra":"0.5","mta_tax":"0.5","tip_amount":"1.76","tolls_amount":"0","improvement_surcharge":"0.3","total_amount":"10.56","congestion_surcharge":""},{"VendorID":"2","tpep_pickup_datetime":"2023-10-07 21:38:32","tpep_dropoff_datetime":"2023-12-19 21:42:19","passenger_count":"5","trip_distance":"1.08","RatecodeID":"1","store_and_fwd_flag":"N","PULocationID":"137","DOLocationID":"229","payment_type":"1","fare_amount":"5.5","extra":"0.5","mta_tax":"0.5","tip_amount":"1.36","tolls_amount":"0","improvement_surcharge":"0.3","total_amount":"8.16","congestion_surcharge":""},{"VendorID":"2","tpep_pickup_datetime":"2023-11-03 21:52:56","tpep_dropoff_datetime":"2023-08-24 22:13:30","passenger_count":"5","trip_distance":"3.35","RatecodeID":"1","store_and_fwd_flag":"N","PULocationID":"230","DOLocationID":"231","payment_type":"1","fare_amount":"15.5","extra":"0.5","mta_tax":"0.5","tip_amount":"2.52","tolls_amount":"0","improvement_surcharge":"0.3","total_amount":"19.32","congestion_surcharge":""},{"VendorID":"2","tpep_pickup_datetime":"2023-02-22 21:01:32","tpep_dropoff_datetime":"2023-11-07 21:09:06","passenger_count":"1","trip_distance":"2.85","RatecodeID":"1","store_and_fwd_flag":"N","PULocationID":"13","DOLocationID":"246","payment_type":"1","fare_amount":"10.5","extra":"0.5","mta_tax":"0.5","tip_amount":"2.95","tolls_amount":"0","improvement_surcharge":"0.3","total_amount":"14.75","congestion_surcharge":""},{"VendorID":"2","tpep_pickup_datetime":"2024-01-10 21:34:36","tpep_dropoff_datetime":"2023-07-09 21:44:06","passenger_count":"1","trip_distance":"1.82","RatecodeID":"1","store_and_fwd_flag":"N","PULocationID":"107","DOLocationID":"161","payment_type":"2","fare_amount":"9","extra":"0.5","mta_tax":"0.5","tip_amount":"0","tolls_amount":"0","improvement_surcharge":"0.3","total_amount":"10.3","congestion_surcharge":""},{"VendorID":"2","tpep_pickup_datetime":"2023-01-29 21:03:55","tpep_dropoff_datetime":"2023-04-30 21:19:45","passenger_count":"1","trip_distance":"2.34","RatecodeID":"1","store_and_fwd_flag":"N","PULocationID":"158","DOLocationID":"164","payment_type":"1","fare_amount":"12","extra":"0.5","mta_tax":"0.5","tip_amount":"2.66","tolls_amount":"0","improvement_surcharge":"0.3","total_amount":"15.96","congestion_surcharge":""},{"VendorID":"2","tpep_pickup_datetime":"2023-10-19 21:33:07","tpep_dropoff_datetime":"2023-06-13 21:50:16","passenger_count":"1","trip_distance":"3.75","RatecodeID":"1","store_and_fwd_flag":"N","PULocationID":"186","DOLocationID":"262","payment_type":"1","fare_amount":"15","extra":"0.5","mta_tax":"0.5","tip_amount":"2","tolls_amount":"0","improvement_surcharge":"0.3","total_amount":"18.3","congestion_surcharge":""},{"VendorID":"2","tpep_pickup_datetime":"2023-09-18 21:51:11","tpep_dropoff_datetime":"2023-08-27 21:55:47","passenger_count":"1","trip_distance":".71","RatecodeID":"1","store_and_fwd_flag":"N","PULocationID":"262","DOLocationID":"141","payment_type":"1","fare_amount":"5.5","extra":"0.5","mta_tax":"0.5","tip_amount":"2.04","tolls_amount":"0","improvement_surcharge":"0.3","total_amount":"8.84","congestion_surcharge":""},{"VendorID":"2","tpep_pickup_datetime":"2023-05-20 21:40:38","tpep_dropoff_datetime":"2023-06-20 22:11:29","passenger_count":"6","trip_distance":"20.10","RatecodeID":"2","store_and_fwd_flag":"N","PULocationID":"132","DOLocationID":"209","payment_type":"1","fare_amount":"52","extra":"0","mta_tax":"0.5","tip_amount":"10.56","tolls_amount":"0","improvement_surcharge":"0.3","total_amount":"63.36","congestion_surcharge":""},{"VendorID":"2","tpep_pickup_datetime":"2023-03-15 21:49:51","tpep_dropoff_datetime":"2023-02-19 22:16:28","passenger_count":"5","trip_distance":"15.31","RatecodeID":"1","store_and_fwd_flag":"N","PULocationID":"132","DOLocationID":"145","payment_type":"1","fare_amount":"42","extra":"0.5","mta_tax":"0.5","tip_amount":"8.66","tolls_amount":"0","improvement_surcharge":"0.3","total_amount":"51.96","congestion_surcharge":""},{"VendorID":"1","tpep_pickup_datetime":"2023-04-20 21:08:30","tpep_dropoff_datetime":"2023-09-13 21:21:55","passenger_count":"1","trip_distance":"3.70","RatecodeID":"1","store_and_fwd_flag":"N","PULocationID":"237","DOLocationID":"7","payment_type":"2","fare_amount":"13.5","extra":"0.5","mta_tax":"0.5","tip_amount":"0","tolls_amount":"0","improvement_surcharge":"0.3","total_amount":"14.8","congestion_surcharge":""},{"VendorID":"2","tpep_pickup_datetime":"2023-11-13 21:20:11","tpep_dropoff_datetime":"2023-10-28 21:38:20","passenger_count":"1","trip_distance":"2.02","RatecodeID":"1","store_and_fwd_flag":"N","PULocationID":"48","DOLocationID":"249","payment_type":"2","fare_amount":"12.5","extra":"0.5","mta_tax":"0.5","tip_amount":"0","tolls_amount":"0","improvement_surcharge":"0.3","total_amount":"13.8","congestion_surcharge":""},{"VendorID":"2","tpep_pickup_datetime":"2023-03-15 21:49:31","tpep_dropoff_datetime":"2023-12-07 22:12:39","passenger_count":"1","trip_distance":"4.44","RatecodeID":"1","store_and_fwd_flag":"N","PULocationID":"148","DOLocationID":"37","payment_type":"1","fare_amount":"18","extra":"0.5","mta_tax":"0.5","tip_amount":"3.86","tolls_amount":"0","improvement_surcharge":"0.3","total_amount":"23.16","congestion_surcharge":""},{"VendorID":"1","tpep_pickup_datetime":"2023-08-07 21:04:21","tpep_dropoff_datetime":"2023-10-10 21:12:51","passenger_count":"1","trip_distance":"1.50","RatecodeID":"1","store_and_fwd_flag":"N","PULocationID":"236","DOLocationID":"163","payment_type":"1","fare_amount":"8","extra":"0.5","mta_tax":"0.5","tip_amount":"1.85","tolls_amount":"0","improvement_surcharge":"0.3","total_amount":"11.15","congestion_surcharge":""},{"VendorID":"1","tpep_pickup_datetime":"2023-10-25 21:16:51","tpep_dropoff_datetime":"2023-01-06 21:25:55","passenger_count":"1","trip_distance":"1.50","RatecodeID":"1","store_and_fwd_flag":"N","PULocationID":"161","DOLocationID":"143","payment_type":"1","fare_amount":"8","extra":"0.5","mta_tax":"0.5","tip_amount":"1.86","tolls_amount":"0","improvement_surcharge":"0.3","total_amount":"11.16","congestion_surcharge":""},{"VendorID":"1","tpep_pickup_datetime":"2023-05-02 21:47:23","tpep_dropoff_datetime":"2023-03-22 22:23:50","passenger_count":"1","trip_distance":"7.60","RatecodeID":"1","store_and_fwd_flag":"N","PULocationID":"163","DOLocationID":"225","payment_type":"1","fare_amount":"29","extra":"0.5","mta_tax":"0.5","tip_amount":"6.05","tolls_amount":"0","improvement_surcharge":"0.3","total_amount":"36.35","congestion_surcharge":""},{"VendorID":"2","tpep_pickup_datetime":"2023-04-03 20:58:34","tpep_dropoff_datetime":"2023-04-01 21:13:38","passenger_count":"1","trip_distance":"4.39","RatecodeID":"1","store_and_fwd_flag":"N","PULocationID":"186","DOLocationID":"261","payment_type":"1","fare_amount":"15.5","extra":"0.5","mta_tax":"0.5","tip_amount":"2","tolls_amount":"0","improvement_surcharge":"0.3","total_amount":"18.8","congestion_surcharge":""},{"VendorID":"2","tpep_pickup_datetime":"2023-12-05 21:32:17","tpep_dropoff_datetime":"2023-08-05 21:58:00","passenger_count":"1","trip_distance":"3.33","RatecodeID":"1","store_and_fwd_flag":"N","PULocationID":"186","DOLocationID":"151","payment_type":"1","fare_amount":"19","extra":"0.5","mta_tax":"0.5","tip_amount":"4.06","tolls_amount":"0","improvement_surcharge":"0.3","total_amount":"24.36","congestion_surcharge":""},{"VendorID":"2","tpep_pickup_datetime":"2023-08-06 21:41:42","tpep_dropoff_datetime":"2023-07-08 21:53:12","passenger_count":"5","trip_distance":"2.39","RatecodeID":"1","store_and_fwd_flag":"N","PULocationID":"262","DOLocationID":"142","payment_type":"2","fare_amount":"10.5","extra":"0.5","mta_tax":"0.5","tip_amount":"0","tolls_amount":"0","improvement_surcharge":"0.3","total_amount":"11.8","congestion_surcharge":""},{"VendorID":"1","tpep_pickup_datetime":"2023-10-22 21:45:35","tpep_dropoff_datetime":"2023-09-24 21:45:43","passenger_count":"0","trip_distance":".00","RatecodeID":"1","store_and_fwd_flag":"N","PULocationID":"265","DOLocationID":"265","payment_type":"3","fare_amount":"2.5","extra":"0.5","mta_tax":"0.5","tip_amount":"0","tolls_amount":"0","improvement_surcharge":"0.3","total_amount":"3.8","congestion_surcharge":""},{"VendorID":"1","tpep_pickup_datetime":"2023-01-29 21:46:17","tpep_dropoff_datetime":"2023-07-02 21:47:08","passenger_count":"4","trip_distance":".00","RatecodeID":"5","store_and_fwd_flag":"N","PULocationID":"265","DOLocationID":"265","payment_type":"1","fare_amount":"50","extra":"0","mta_tax":"0","tip_amount":"20","tolls_amount":"0","improvement_surcharge":"0.3","total_amount":"70.3","congestion_surcharge":""},{"VendorID":"2","tpep_pickup_datetime":"2023-09-19 21:13:36","tpep_dropoff_datetime":"2023-08-31 21:20:21","passenger_count":"4","trip_distance":"1.07","RatecodeID":"1","store_and_fwd_flag":"N","PULocationID":"100","DOLocationID":"163","payment_type":"2","fare_amount":"6.5","extra":"0.5","mta_tax":"0.5","tip_amount":"0","tolls_amount":"0","improvement_surcharge":"0.3","total_amount":"7.8","congestion_surcharge":""},{"VendorID":"2","tpep_pickup_datetime":"2023-06-20 21:56:26","tpep_dropoff_datetime":"2024-01-09 22:03:43","passenger_count":"4","trip_distance":"1.85","RatecodeID":"1","store_and_fwd_flag":"N","PULocationID":"230","DOLocationID":"239","payment_type":"1","fare_amount":"8","extra":"0.5","mta_tax":"0.5","tip_amount":"2.32","tolls_amount":"0","improvement_surcharge":"0.3","total_amount":"11.62","congestion_surcharge":""},{"VendorID":"1","tpep_pickup_datetime":"2023-07-12 21:20:32","tpep_dropoff_datetime":"2023-06-23 21:29:00","passenger_count":"2","trip_distance":"1.90","RatecodeID":"1","store_and_fwd_flag":"N","PULocationID":"72","DOLocationID":"35","payment_type":"1","fare_amount":"8.5","extra":"0.5","mta_tax":"0.5","tip_amount":"0","tolls_amount":"0","improvement_surcharge":"0.3","total_amount":"9.8","congestion_surcharge":""},{"VendorID":"2","tpep_pickup_datetime":"2023-08-03 21:07:42","tpep_dropoff_datetime":"2023-06-20 21:31:48","passenger_count":"1","trip_distance":"9.19","RatecodeID":"1","store_and_fwd_flag":"N","PULocationID":"138","DOLocationID":"186","payment_type":"2","fare_amount":"29","extra":"0.5","mta_tax":"0.5","tip_amount":"0","tolls_amount":"5.76","improvement_surcharge":"0.3","total_amount":"36.06","congestion_surcharge":""},{"VendorID":"2","tpep_pickup_datetime":"2023-07-22 21:34:15","tpep_dropoff_datetime":"2023-03-03 21:40:17","passenger_count":"1","trip_distance":"1.03","RatecodeID":"1","store_and_fwd_flag":"N","PULocationID":"186","DOLocationID":"162","payment_type":"1","fare_amount":"6","extra":"0.5","mta_tax":"0.5","tip_amount":"1.46","tolls_amount":"0","improvement_surcharge":"0.3","total_amount":"8.76","congestion_surcharge":""},{"VendorID":"2","tpep_pickup_datetime":"2023-06-16 21:51:41","tpep_dropoff_datetime":"2024-01-20 22:08:32","passenger_count":"1","trip_distance":"4.93","RatecodeID":"1","store_and_fwd_flag":"N","PULocationID":"186","DOLocationID":"166","payment_type":"1","fare_amount":"16.5","extra":"0.5","mta_tax":"0.5","tip_amount":"4.45","tolls_amount":"0","improvement_surcharge":"0.3","total_amount":"22.25","congestion_surcharge":""},{"VendorID":"2","tpep_pickup_datetime":"2023-09-20 21:10:05","tpep_dropoff_datetime":"2023-10-15 21:20:21","passenger_count":"3","trip_distance":"1.63","RatecodeID":"1","store_and_fwd_flag":"N","PULocationID":"263","DOLocationID":"237","payment_type":"1","fare_amount":"8.5","extra":"0.5","mta_tax":"0.5","tip_amount":"1.96","tolls_amount":"0","improvement_surcharge":"0.3","total_amount":"11.76","congestion_surcharge":""},{"VendorID":"2","tpep_pickup_datetime":"2023-05-15 21:51:06","tpep_dropoff_datetime":"2023-05-12 22:06:19","passenger_count":"1","trip_distance":"2.57","RatecodeID":"1","store_and_fwd_flag":"N","PULocationID":"186","DOLocationID":"141","payment_type":"2","fare_amount":"12","extra":"0.5","mta_tax":"0.5","tip_amount":"0","tolls_amount":"0","improvement_surcharge":"0.3","total_amount":"13.3","congestion_surcharge":""},{"VendorID":"2","tpep_pickup_datetime":"2023-12-04 21:09:40","tpep_dropoff_datetime":"2023-09-26 21:20:51","passenger_count":"1","trip_distance":"1.72","RatecodeID":"1","store_and_fwd_flag":"N","PULocationID":"151","DOLocationID":"143","payment_type":"2","fare_amount":"9.5","extra":"0.5","mta_tax":"0.5","tip_amount":"0","tolls_amount":"0","improvement_surcharge":"0.3","total_amount":"10.8","congestion_surcharge":""},{"VendorID":"2","tpep_pickup_datetime":"2023-08-26 21:30:50","tpep_dropoff_datetime":"2023-05-29 21:42:54","passenger_count":"1","trip_distance":"2.98","RatecodeID":"1","store_and_fwd_flag":"N","PULocationID":"230","DOLocationID":"236","payment_type":"1","fare_amount":"11.5","extra":"0.5","mta_tax":"0.5","tip_amount":"3.2","tolls_amount":"0","improvement_surcharge":"0.3","total_amount":"16","congestion_surcharge":""},{"VendorID":"1","tpep_pickup_datetime":"2023-08-02 21:02:37","tpep_dropoff_datetime":"2023-08-10 21:17:24","passenger_count":"3","trip_distance":"2.70","RatecodeID":"1","store_and_fwd_flag":"N","PULocationID":"144","DOLocationID":"162","payment_type":"2","fare_amount":"12","extra":"0.5","mta_tax":"0.5","tip_amount":"0","tolls_amount":"0","improvement_surcharge":"0.3","total_amount":"13.3","congestion_surcharge":""},{"VendorID":"1","tpep_pickup_datetime":"2023-07-12 21:22:01","tpep_dropoff_datetime":"2023-04-17 21:32:02","passenger_count":"1","trip_distance":"1.40","RatecodeID":"1","store_and_fwd_flag":"N","PULocationID":"162","DOLocationID":"68","payment_type":"2","fare_amount":"8.5","extra":"0.5","mta_tax":"0.5","tip_amount":"0","tolls_amount":"0","improvement_surcharge":"0.3","total_amount":"9.8","congestion_surcharge":""},{"VendorID":"2","tpep_pickup_datetime":"2023-10-26 15:12:41","tpep_dropoff_datetime":"2023-12-10 15:25:43","passenger_count":"6","trip_distance":"2.91","RatecodeID":"1","store_and_fwd_flag":"N","PULocationID":"229","DOLocationID":"238","payment_type":"1","fare_amount":"11.5","extra":"0.5","mta_tax":"0.5","tip_amount":"1.2","tolls_amount":"0","improvement_surcharge":"0.3","total_amount":"14","congestion_surcharge":""},{"VendorID":"2","tpep_pickup_datetime":"2023-04-05 15:40:06","tpep_dropoff_datetime":"2023-11-11 15:42:26","passenger_count":"6","trip_distance":".62","RatecodeID":"1","store_and_fwd_flag":"N","PULocationID":"239","DOLocationID":"151","payment_type":"2","fare_amount":"4","extra":"0.5","mta_tax":"0.5","tip_amount":"0","tolls_amount":"0","improvement_surcharge":"0.3","total_amount":"5.3","congestion_surcharge":""},{"VendorID":"2","tpep_pickup_datetime":"2023-06-17 21:01:24","tpep_dropoff_datetime":"2023-03-28 21:14:05","passenger_count":"2","trip_distance":"1.66","RatecodeID":"1","store_and_fwd_flag":"N","PULocationID":"161","DOLocationID":"48","payment_type":"1","fare_amount":"9.5","extra":"0.5","mta_tax":"0.5","tip_amount":"1.62","tolls_amount":"0","improvement_surcharge":"0.3","total_amount":"12.42","congestion_surcharge":""},{"VendorID":"2","tpep_pickup_datetime":"2023-09-23 21:35:16","tpep_dropoff_datetime":"2023-03-28 21:40:09","passenger_count":"2","trip_distance":".78","RatecodeID":"1","store_and_fwd_flag":"N","PULocationID":"100","DOLocationID":"161","payment_type":"1","fare_amount":"5","extra":"0.5","mta_tax":"0.5","tip_amount":"1.89","tolls_amount":"0","improvement_surcharge":"0.3","total_amount":"8.19","congestion_surcharge":""},{"VendorID":"2","tpep_pickup_datetime":"2024-01-26 21:50:11","tpep_dropoff_datetime":"2023-02-15 21:52:46","passenger_count":"2","trip_distance":".98","RatecodeID":"1","store_and_fwd_flag":"N","PULocationID":"229","DOLocationID":"141","payment_type":"1","fare_amount":"4.5","extra":"0.5","mta_tax":"0.5","tip_amount":"1.16","tolls_amount":"0","improvement_surcharge":"0.3","total_amount":"6.96","congestion_surcharge":""},{"VendorID":"2","tpep_pickup_datetime":"2023-01-09 20:51:09","tpep_dropoff_datetime":"2023-09-01 21:30:18","passenger_count":"1","trip_distance":"9.70","RatecodeID":"1","store_and_fwd_flag":"N","PULocationID":"138","DOLocationID":"135","payment_type":"1","fare_amount":"35.5","extra":"0.5","mta_tax":"0.5","tip_amount":"7.36","tolls_amount":"0","improvement_surcharge":"0.3","total_amount":"44.16","congestion_surcharge":""},{"VendorID":"2","tpep_pickup_datetime":"2023-07-25 21:19:28","tpep_dropoff_datetime":"2023-11-09 21:39:33","passenger_count":"2","trip_distance":"5.43","RatecodeID":"1","store_and_fwd_flag":"N","PULocationID":"100","DOLocationID":"87","payment_type":"1","fare_amount":"20","extra":"0.5","mta_tax":"0.5","tip_amount":"3","tolls_amount":"0","improvement_surcharge":"0.3","total_amount":"24.3","congestion_surcharge":""},{"VendorID":"2","tpep_pickup_datetime":"2023-12-04 21:15:16","tpep_dropoff_datetime":"2024-01-17 21:18:40","passenger_count":"1","trip_distance":".70","RatecodeID":"1","store_and_fwd_flag":"N","PULocationID":"142","DOLocationID":"163","payment_type":"1","fare_amount":"4.5","extra":"0.5","mta_tax":"0.5","tip_amount":"1.74","tolls_amount":"0","improvement_surcharge":"0.3","total_amount":"7.54","congestion_surcharge":""},{"VendorID":"2","tpep_pickup_datetime":"2023-07-02 21:32:20","tpep_dropoff_datetime":"2024-01-07 21:38:59","passenger_count":"1","trip_distance":".83","RatecodeID":"1","store_and_fwd_flag":"N","PULocationID":"142","DOLocationID":"239","payment_type":"2","fare_amount":"6.5","extra":"0.5","mta_tax":"0.5","tip_amount":"0","tolls_amount":"0","improvement_surcharge":"0.3","total_amount":"7.8","congestion_surcharge":""},{"VendorID":"2","tpep_pickup_datetime":"2023-11-18 21:02:14","tpep_dropoff_datetime":"2023-10-26 21:32:14","passenger_count":"1","trip_distance":"19.29","RatecodeID":"2","store_and_fwd_flag":"N","PULocationID":"132","DOLocationID":"263","payment_type":"1","fare_amount":"52","extra":"0","mta_tax":"0.5","tip_amount":"11.71","tolls_amount":"5.76","improvement_surcharge":"0.3","total_amount":"70.27","congestion_surcharge":""},{"VendorID":"2","tpep_pickup_datetime":"2023-09-05 21:42:14","tpep_dropoff_datetime":"2023-09-19 21:44:34","passenger_count":"1","trip_distance":".56","RatecodeID":"1","store_and_fwd_flag":"N","PULocationID":"237","DOLocationID":"141","payment_type":"1","fare_amount":"4","extra":"0.5","mta_tax":"0.5","tip_amount":"1.32","tolls_amount":"0","improvement_surcharge":"0.3","total_amount":"6.62","congestion_surcharge":""},{"VendorID":"1","tpep_pickup_datetime":"2023-03-09 21:15:30","tpep_dropoff_datetime":"2023-05-02 21:40:13","passenger_count":"1","trip_distance":"5.90","RatecodeID":"1","store_and_fwd_flag":"N","PULocationID":"231","DOLocationID":"36","payment_type":"2","fare_amount":"21","extra":"0.5","mta_tax":"0.5","tip_amount":"0","tolls_amount":"0","improvement_surcharge":"0.3","total_amount":"22.3","congestion_surcharge":""},{"VendorID":"2","tpep_pickup_datetime":"2023-07-19 21:13:32","tpep_dropoff_datetime":"2023-06-15 21:30:23","passenger_count":"1","trip_distance":"1.66","RatecodeID":"1","store_and_fwd_flag":"N","PULocationID":"264","DOLocationID":"264","payment_type":"1","fare_amount":"11.5","extra":"0.5","mta_tax":"0.5","tip_amount":"2","tolls_amount":"0","improvement_surcharge":"0.3","total_amount":"14.8","congestion_surcharge":""},{"VendorID":"2","tpep_pickup_datetime":"2023-08-05 21:51:43","tpep_dropoff_datetime":"2023-05-09 22:01:03","passenger_count":"1","trip_distance":"1.47","RatecodeID":"1","store_and_fwd_flag":"N","PULocationID":"264","DOLocationID":"264","payment_type":"2","fare_amount":"8.5","extra":"0.5","mta_tax":"0.5","tip_amount":"0","tolls_amount":"0","improvement_surcharge":"0.3","total_amount":"9.8","congestion_surcharge":""},{"VendorID":"2","tpep_pickup_datetime":"2023-12-29 21:44:47","tpep_dropoff_datetime":"2023-05-27 21:55:45","passenger_count":"1","trip_distance":"1.29","RatecodeID":"1","store_and_fwd_flag":"N","PULocationID":"186","DOLocationID":"158","payment_type":"2","fare_amount":"8.5","extra":"0.5","mta_tax":"0.5","tip_amount":"0","tolls_amount":"0","improvement_surcharge":"0.3","total_amount":"9.8","congestion_surcharge":""},{"VendorID":"2","tpep_pickup_datetime":"2023-12-12 21:12:01","tpep_dropoff_datetime":"2024-02-05 21:44:48","passenger_count":"2","trip_distance":"26.49","RatecodeID":"1","store_and_fwd_flag":"N","PULocationID":"132","DOLocationID":"257","payment_type":"1","fare_amount":"69.5","extra":"0.5","mta_tax":"0.5","tip_amount":"14.16","tolls_amount":"0","improvement_surcharge":"0.3","total_amount":"84.96","congestion_surcharge":""},{"VendorID":"2","tpep_pickup_datetime":"2024-02-02 21:53:32","tpep_dropoff_datetime":"2023-11-17 22:05:37","passenger_count":"2","trip_distance":"3.69","RatecodeID":"1","store_and_fwd_flag":"N","PULocationID":"181","DOLocationID":"231","payment_type":"2","fare_amount":"13.5","extra":"0.5","mta_tax":"0.5","tip_amount":"0","tolls_amount":"0","improvement_surcharge":"0.3","total_amount":"14.8","congestion_surcharge":""},{"VendorID":"1","tpep_pickup_datetime":"2023-05-01 21:11:32","tpep_dropoff_datetime":"2023-12-19 21:42:51","passenger_count":"1","trip_distance":"19.00","RatecodeID":"2","store_and_fwd_flag":"N","PULocationID":"132","DOLocationID":"75","payment_type":"2","fare_amount":"52","extra":"0","mta_tax":"0.5","tip_amount":"0","tolls_amount":"5.76","improvement_surcharge":"0.3","total_amount":"58.56","congestion_surcharge":""},{"VendorID":"2","tpep_pickup_datetime":"2023-04-04 22:00:03","tpep_dropoff_datetime":"2023-06-09 22:36:28","passenger_count":"1","trip_distance":"23.84","RatecodeID":"1","store_and_fwd_flag":"N","PULocationID":"132","DOLocationID":"227","payment_type":"1","fare_amount":"63.5","extra":"0.5","mta_tax":"0.5","tip_amount":"12.96","tolls_amount":"0","improvement_surcharge":"0.3","total_amount":"77.76","congestion_surcharge":""},{"VendorID":"1","tpep_pickup_datetime":"2023-05-24 21:39:53","tpep_dropoff_datetime":"2023-11-01 21:57:05","passenger_count":"1","trip_distance":"8.10","RatecodeID":"1","store_and_fwd_flag":"N","PULocationID":"230","DOLocationID":"244","payment_type":"1","fare_amount":"24.5","extra":"0.5","mta_tax":"0.5","tip_amount":"5.15","tolls_amount":"0","improvement_surcharge":"0.3","total_amount":"30.95","congestion_surcharge":""},{"VendorID":"2","tpep_pickup_datetime":"2023-03-26 21:05:57","tpep_dropoff_datetime":"2023-02-22 21:27:20","passenger_count":"1","trip_distance":"9.80","RatecodeID":"1","store_and_fwd_flag":"N","PULocationID":"138","DOLocationID":"234","payment_type":"1","fare_amount":"29","extra":"0.5","mta_tax":"0.5","tip_amount":"7.21","tolls_amount":"5.76","improvement_surcharge":"0.3","total_amount":"43.27","congestion_surcharge":""},{"VendorID":"2","tpep_pickup_datetime":"2023-10-12 21:46:53","tpep_dropoff_datetime":"2023-12-24 21:49:49","passenger_count":"1","trip_distance":".65","RatecodeID":"1","store_and_fwd_flag":"N","PULocationID":"249","DOLocationID":"90","payment_type":"1","fare_amount":"4.5","extra":"0.5","mta_tax":"0.5","tip_amount":"1.45","tolls_amount":"0","improvement_surcharge":"0.3","total_amount":"7.25","congestion_surcharge":""},{"VendorID":"2","tpep_pickup_datetime":"2023-08-10 21:51:12","tpep_dropoff_datetime":"2023-02-09 21:56:18","passenger_count":"1","trip_distance":".51","RatecodeID":"1","store_and_fwd_flag":"N","PULocationID":"90","DOLocationID":"186","payment_type":"1","fare_amount":"5.5","extra":"0.5","mta_tax":"0.5","tip_amount":"0","tolls_amount":"0","improvement_surcharge":"0.3","total_amount":"6.8","congestion_surcharge":""},{"VendorID":"2","tpep_pickup_datetime":"2023-06-17 21:58:46","tpep_dropoff_datetime":"2023-12-12 22:18:20","passenger_count":"1","trip_distance":"5.04","RatecodeID":"1","store_and_fwd_flag":"N","PULocationID":"186","DOLocationID":"151","payment_type":"1","fare_amount":"19","extra":"0.5","mta_tax":"0.5","tip_amount":"1.75","tolls_amount":"0","improvement_surcharge":"0.3","total_amount":"22.05","congestion_surcharge":""},{"VendorID":"1","tpep_pickup_datetime":"2023-12-25 21:36:11","tpep_dropoff_datetime":"2023-05-16 21:41:20","passenger_count":"2","trip_distance":".90","RatecodeID":"1","store_and_fwd_flag":"Y","PULocationID":"125","DOLocationID":"231","payment_type":"1","fare_amount":"5.5","extra":"0.5","mta_tax":"0.5","tip_amount":"0.68","tolls_amount":"0","improvement_surcharge":"0.3","total_amount":"7.48","congestion_surcharge":""},{"VendorID":"2","tpep_pickup_datetime":"2023-04-10 21:25:24","tpep_dropoff_datetime":"2023-04-16 22:00:41","passenger_count":"1","trip_distance":"19.95","RatecodeID":"2","store_and_fwd_flag":"N","PULocationID":"132","DOLocationID":"236","payment_type":"1","fare_amount":"52","extra":"0","mta_tax":"0.5","tip_amount":"7","tolls_amount":"5.76","improvement_surcharge":"0.3","total_amount":"65.56","congestion_surcharge":""},{"VendorID":"1","tpep_pickup_datetime":"2023-09-10 21:11:33","tpep_dropoff_datetime":"2023-06-27 21:30:42","passenger_count":"2","trip_distance":"4.70","RatecodeID":"1","store_and_fwd_flag":"N","PULocationID":"249","DOLocationID":"189","payment_type":"1","fare_amount":"17.5","extra":"0.5","mta_tax":"0.5","tip_amount":"2.2","tolls_amount":"0","improvement_surcharge":"0.3","total_amount":"21","congestion_surcharge":""},{"VendorID":"1","tpep_pickup_datetime":"2023-12-18 21:48:19","tpep_dropoff_datetime":"2023-08-26 21:51:39","passenger_count":"1","trip_distance":".40","RatecodeID":"1","store_and_fwd_flag":"N","PULocationID":"25","DOLocationID":"52","payment_type":"2","fare_amount":"4.5","extra":"0.5","mta_tax":"0.5","tip_amount":"0","tolls_amount":"0","improvement_surcharge":"0.3","total_amount":"5.8","congestion_surcharge":""},{"VendorID":"2","tpep_pickup_datetime":"2023-09-26 21:25:30","tpep_dropoff_datetime":"2023-05-06 21:31:46","passenger_count":"3","trip_distance":"1.16","RatecodeID":"1","store_and_fwd_flag":"N","PULocationID":"231","DOLocationID":"13","payment_type":"2","fare_amount":"7","extra":"0.5","mta_tax":"0.5","tip_amount":"0","tolls_amount":"0","improvement_surcharge":"0.3","total_amount":"8.3","congestion_surcharge":""},{"VendorID":"2","tpep_pickup_datetime":"2024-01-18 21:57:45","tpep_dropoff_datetime":"2023-11-03 21:59:50","passenger_count":"2","trip_distance":".57","RatecodeID":"1","store_and_fwd_flag":"N","PULocationID":"164","DOLocationID":"234","payment_type":"2","fare_amount":"4","extra":"0.5","mta_tax":"0.5","tip_amount":"0","tolls_amount":"0","improvement_surcharge":"0.3","total_amount":"5.3","congestion_surcharge":""},{"VendorID":"1","tpep_pickup_datetime":"2023-08-15 21:22:44","tpep_dropoff_datetime":"2023-12-20 21:41:27","passenger_count":"1","trip_distance":"9.60","RatecodeID":"1","store_and_fwd_flag":"N","PULocationID":"138","DOLocationID":"244","payment_type":"1","fare_amount":"28","extra":"0.5","mta_tax":"0.5","tip_amount":"7","tolls_amount":"5.76","improvement_surcharge":"0.3","total_amount":"42.06","congestion_surcharge":""},{"VendorID":"1","tpep_pickup_datetime":"2023-03-15 21:45:52","tpep_dropoff_datetime":"2023-11-29 21:53:08","passenger_count":"1","trip_distance":"1.60","RatecodeID":"1","store_and_fwd_flag":"N","PULocationID":"244","DOLocationID":"42","payment_type":"2","fare_amount":"7.5","extra":"0.5","mta_tax":"0.5","tip_amount":"0","tolls_amount":"0","improvement_surcharge":"0.3","total_amount":"8.8","congestion_surcharge":""},{"VendorID":"2","tpep_pickup_datetime":"2023-09-29 21:41:55","tpep_dropoff_datetime":"2023-06-14 21:58:37","passenger_count":"5","trip_distance":"9.46","RatecodeID":"1","store_and_fwd_flag":"N","PULocationID":"138","DOLocationID":"237","payment_type":"1","fare_amount":"27","extra":"0.5","mta_tax":"0.5","tip_amount":"5","tolls_amount":"5.76","improvement_surcharge":"0.3","total_amount":"39.06","congestion_surcharge":""},{"VendorID":"2","tpep_pickup_datetime":"2023-12-16 21:04:16","tpep_dropoff_datetime":"2023-07-12 21:07:49","passenger_count":"2","trip_distance":".90","RatecodeID":"1","store_and_fwd_flag":"N","PULocationID":"262","DOLocationID":"75","payment_type":"1","fare_amount":"5","extra":"0.5","mta_tax":"0.5","tip_amount":"1","tolls_amount":"0","improvement_surcharge":"0.3","total_amount":"7.3","congestion_surcharge":""},{"VendorID":"2","tpep_pickup_datetime":"2023-10-08 21:40:56","tpep_dropoff_datetime":"2023-08-12 22:19:45","passenger_count":"6","trip_distance":"22.53","RatecodeID":"2","store_and_fwd_flag":"N","PULocationID":"132","DOLocationID":"230","payment_type":"2","fare_amount":"52","extra":"0","mta_tax":"0.5","tip_amount":"0","tolls_amount":"5.76","improvement_surcharge":"0.3","total_amount":"58.56","congestion_surcharge":""},{"VendorID":"2","tpep_pickup_datetime":"2023-04-20 21:23:24","tpep_dropoff_datetime":"2023-01-17 21:31:12","passenger_count":"1","trip_distance":"1.03","RatecodeID":"1","store_and_fwd_flag":"N","PULocationID":"211","DOLocationID":"148","payment_type":"1","fare_amount":"7","extra":"0.5","mta_tax":"0.5","tip_amount":"1","tolls_amount":"0","improvement_surcharge":"0.3","total_amount":"9.3","congestion_surcharge":""},{"VendorID":"2","tpep_pickup_datetime":"2023-05-19 21:36:54","tpep_dropoff_datetime":"2023-10-28 21:53:58","passenger_count":"1","trip_distance":"7.94","RatecodeID":"1","store_and_fwd_flag":"N","PULocationID":"79","DOLocationID":"82","payment_type":"2","fare_amount":"23.5","extra":"0.5","mta_tax":"0.5","tip_amount":"0","tolls_amount":"5.76","improvement_surcharge":"0.3","total_amount":"30.56","congestion_surcharge":""},{"VendorID":"2","tpep_pickup_datetime":"2023-04-12 21:00:11","tpep_dropoff_datetime":"2023-07-13 21:17:52","passenger_count":"2","trip_distance":"3.86","RatecodeID":"1","store_and_fwd_flag":"N","PULocationID":"249","DOLocationID":"229","payment_type":"2","fare_amount":"14.5","extra":"0.5","mta_tax":"0.5","tip_amount":"0","tolls_amount":"0","improvement_surcharge":"0.3","total_amount":"15.8","congestion_surcharge":""},{"VendorID":"2","tpep_pickup_datetime":"2023-03-30 21:39:21","tpep_dropoff_datetime":"2023-10-07 21:50:29","passenger_count":"1","trip_distance":"2.47","RatecodeID":"1","store_and_fwd_flag":"N","PULocationID":"230","DOLocationID":"236","payment_type":"2","fare_amount":"10.5","extra":"0.5","mta_tax":"0.5","tip_amount":"0","tolls_amount":"0","improvement_surcharge":"0.3","total_amount":"11.8","congestion_surcharge":""},{"VendorID":"2","tpep_pickup_datetime":"2023-11-12 21:11:31","tpep_dropoff_datetime":"2023-03-12 21:43:27","passenger_count":"1","trip_distance":"5.88","RatecodeID":"1","store_and_fwd_flag":"N","PULocationID":"116","DOLocationID":"244","payment_type":"2","fare_amount":"23","extra":"0.5","mta_tax":"0.5","tip_amount":"0","tolls_amount":"0","improvement_surcharge":"0.3","total_amount":"24.3","congestion_surcharge":""},{"VendorID":"2","tpep_pickup_datetime":"2023-03-12 21:06:19","tpep_dropoff_datetime":"2024-02-04 21:19:29","passenger_count":"2","trip_distance":"3.34","RatecodeID":"1","store_and_fwd_flag":"N","PULocationID":"238","DOLocationID":"186","payment_type":"2","fare_amount":"12.5","extra":"0.5","mta_tax":"0.5","tip_amount":"0","tolls_amount":"0","improvement_surcharge":"0.3","total_amount":"13.8","congestion_surcharge":""},{"VendorID":"2","tpep_pickup_datetime":"2023-03-30 21:45:11","tpep_dropoff_datetime":"2023-07-06 21:53:47","passenger_count":"2","trip_distance":"1.23","RatecodeID":"1","store_and_fwd_flag":"N","PULocationID":"164","DOLocationID":"162","payment_type":"1","fare_amount":"7.5","extra":"0.5","mta_tax":"0.5","tip_amount":"1.76","tolls_amount":"0","improvement_surcharge":"0.3","total_amount":"10.56","congestion_surcharge":""},{"VendorID":"2","tpep_pickup_datetime":"2023-07-27 21:08:01","tpep_dropoff_datetime":"2024-01-29 21:19:43","passenger_count":"6","trip_distance":"2.43","RatecodeID":"1","store_and_fwd_flag":"N","PULocationID":"142","DOLocationID":"140","payment_type":"2","fare_amount":"10.5","extra":"0.5","mta_tax":"0.5","tip_amount":"0","tolls_amount":"0","improvement_surcharge":"0.3","total_amount":"11.8","congestion_surcharge":""},{"VendorID":"2","tpep_pickup_datetime":"2023-04-16 21:22:00","tpep_dropoff_datetime":"2023-11-20 21:32:55","passenger_count":"6","trip_distance":"6.14","RatecodeID":"1","store_and_fwd_flag":"N","PULocationID":"140","DOLocationID":"87","payment_type":"2","fare_amount":"18","extra":"0.5","mta_tax":"0.5","tip_amount":"0","tolls_amount":"0","improvement_surcharge":"0.3","total_amount":"19.3","congestion_surcharge":""},{"VendorID":"2","tpep_pickup_datetime":"2023-07-12 21:42:12","tpep_dropoff_datetime":"2023-07-15 21:48:51","passenger_count":"6","trip_distance":"1.37","RatecodeID":"1","store_and_fwd_flag":"N","PULocationID":"211","DOLocationID":"113","payment_type":"2","fare_amount":"7","extra":"0.5","mta_tax":"0.5","tip_amount":"0","tolls_amount":"0","improvement_surcharge":"0.3","total_amount":"8.3","congestion_surcharge":""},{"VendorID":"2","tpep_pickup_datetime":"2023-02-09 21:16:41","tpep_dropoff_datetime":"2023-10-31 21:22:01","passenger_count":"3","trip_distance":"1.08","RatecodeID":"1","store_and_fwd_flag":"N","PULocationID":"142","DOLocationID":"237","payment_type":"1","fare_amount":"6","extra":"0.5","mta_tax":"0.5","tip_amount":"0","tolls_amount":"0","improvement_surcharge":"0.3","total_amount":"7.3","congestion_surcharge":""},{"VendorID":"2","tpep_pickup_datetime":"2023-08-23 21:39:38","tpep_dropoff_datetime":"2023-08-28 21:48:29","passenger_count":"3","trip_distance":"1.38","RatecodeID":"1","store_and_fwd_flag":"N","PULocationID":"230","DOLocationID":"48","payment_type":"2","fare_amount":"7.5","extra":"0.5","mta_tax":"0.5","tip_amount":"0","tolls_amount":"0","improvement_surcharge":"0.3","total_amount":"8.8","congestion_surcharge":""},{"VendorID":"2","tpep_pickup_datetime":"2023-02-03 21:49:34","tpep_dropoff_datetime":"2023-06-01 22:09:57","passenger_count":"3","trip_distance":"3.30","RatecodeID":"1","store_and_fwd_flag":"N","PULocationID":"48","DOLocationID":"144","payment_type":"1","fare_amount":"15","extra":"0.5","mta_tax":"0.5","tip_amount":"3.26","tolls_amount":"0","improvement_surcharge":"0.3","total_amount":"19.56","congestion_surcharge":""},{"VendorID":"2","tpep_pickup_datetime":"2023-12-26 21:08:15","tpep_dropoff_datetime":"2023-06-14 21:13:24","passenger_count":"2","trip_distance":".97","RatecodeID":"1","store_and_fwd_flag":"N","PULocationID":"170","DOLocationID":"161","payment_type":"2","fare_amount":"5.5","extra":"0.5","mta_tax":"0.5","tip_amount":"0","tolls_amount":"0","improvement_surcharge":"0.3","total_amount":"6.8","congestion_surcharge":""},{"VendorID":"2","tpep_pickup_datetime":"2023-12-26 21:39:50","tpep_dropoff_datetime":"2024-01-11 21:45:38","passenger_count":"2","trip_distance":"1.15","RatecodeID":"1","store_and_fwd_flag":"N","PULocationID":"234","DOLocationID":"170","payment_type":"1","fare_amount":"6","extra":"0.5","mta_tax":"0.5","tip_amount":"1.46","tolls_amount":"0","improvement_surcharge":"0.3","total_amount":"8.76","congestion_surcharge":""},{"VendorID":"2","tpep_pickup_datetime":"2023-05-27 21:52:20","tpep_dropoff_datetime":"2023-02-20 22:06:14","passenger_count":"2","trip_distance":"3.64","RatecodeID":"1","store_and_fwd_flag":"N","PULocationID":"162","DOLocationID":"112","payment_type":"1","fare_amount":"14","extra":"0.5","mta_tax":"0.5","tip_amount":"3.06","tolls_amount":"0","improvement_surcharge":"0.3","total_amount":"18.36","congestion_surcharge":""},{"VendorID":"1","tpep_pickup_datetime":"2023-09-29 21:29:51","tpep_dropoff_datetime":"2023-11-10 21:48:31","passenger_count":"1","trip_distance":"3.80","RatecodeID":"1","store_and_fwd_flag":"N","PULocationID":"249","DOLocationID":"237","payment_type":"1","fare_amount":"14.5","extra":"0.5","mta_tax":"0.5","tip_amount":"3.15","tolls_amount":"0","improvement_surcharge":"0.3","total_amount":"18.95","congestion_surcharge":""},{"VendorID":"2","tpep_pickup_datetime":"2023-03-21 21:02:38","tpep_dropoff_datetime":"2023-09-19 21:05:35","passenger_count":"5","trip_distance":".36","RatecodeID":"1","store_and_fwd_flag":"N","PULocationID":"209","DOLocationID":"87","payment_type":"1","fare_amount":"4","extra":"0.5","mta_tax":"0.5","tip_amount":"1.06","tolls_amount":"0","improvement_surcharge":"0.3","total_amount":"6.36","congestion_surcharge":""},{"VendorID":"2","tpep_pickup_datetime":"2023-07-14 21:38:35","tpep_dropoff_datetime":"2023-08-16 21:45:14","passenger_count":"5","trip_distance":"1.29","RatecodeID":"1","store_and_fwd_flag":"N","PULocationID":"234","DOLocationID":"224","payment_type":"1","fare_amount":"6.5","extra":"0.5","mta_tax":"0.5","tip_amount":"1.95","tolls_amount":"0","improvement_surcharge":"0.3","total_amount":"9.75","congestion_surcharge":""},{"VendorID":"2","tpep_pickup_datetime":"2023-09-06 21:31:58","tpep_dropoff_datetime":"2023-01-31 21:59:36","passenger_count":"1","trip_distance":"9.87","RatecodeID":"1","store_and_fwd_flag":"N","PULocationID":"138","DOLocationID":"143","payment_type":"1","fare_amount":"30.5","extra":"0.5","mta_tax":"0.5","tip_amount":"7.51","tolls_amount":"5.76","improvement_surcharge":"0.3","total_amount":"45.07","congestion_surcharge":""},{"VendorID":"2","tpep_pickup_datetime":"2023-03-15 21:09:02","tpep_dropoff_datetime":"2023-01-10 21:19:56","passenger_count":"2","trip_distance":".99","RatecodeID":"1","store_and_fwd_flag":"N","PULocationID":"170","DOLocationID":"161","payment_type":"1","fare_amount":"8","extra":"0.5","mta_tax":"0.5","tip_amount":"1","tolls_amount":"0","improvement_surcharge":"0.3","total_amount":"10.3","congestion_surcharge":""},{"VendorID":"2","tpep_pickup_datetime":"2023-11-18 21:24:00","tpep_dropoff_datetime":"2023-04-25 21:32:19","passenger_count":"2","trip_distance":"1.79","RatecodeID":"1","store_and_fwd_flag":"N","PULocationID":"161","DOLocationID":"143","payment_type":"1","fare_amount":"8","extra":"0.5","mta_tax":"0.5","tip_amount":"1","tolls_amount":"0","improvement_surcharge":"0.3","total_amount":"10.3","congestion_surcharge":""},{"VendorID":"2","tpep_pickup_datetime":"2024-01-08 21:36:23","tpep_dropoff_datetime":"2023-02-23 21:42:30","passenger_count":"2","trip_distance":".89","RatecodeID":"1","store_and_fwd_flag":"N","PULocationID":"143","DOLocationID":"50","payment_type":"1","fare_amount":"6","extra":"0.5","mta_tax":"0.5","tip_amount":"1.82","tolls_amount":"0","improvement_surcharge":"0.3","total_amount":"9.12","congestion_surcharge":""},{"VendorID":"2","tpep_pickup_datetime":"2023-10-29 21:50:42","tpep_dropoff_datetime":"2023-05-04 22:05:52","passenger_count":"1","trip_distance":"2.32","RatecodeID":"1","store_and_fwd_flag":"N","PULocationID":"48","DOLocationID":"229","payment_type":"1","fare_amount":"11.5","extra":"0.5","mta_tax":"0.5","tip_amount":"3.84","tolls_amount":"0","improvement_surcharge":"0.3","total_amount":"16.64","congestion_surcharge":""},{"VendorID":"2","tpep_pickup_datetime":"2023-10-09 21:06:07","tpep_dropoff_datetime":"2023-06-02 21:09:57","passenger_count":"1","trip_distance":".54","RatecodeID":"1","store_and_fwd_flag":"N","PULocationID":"107","DOLocationID":"107","payment_type":"1","fare_amount":"4.5","extra":"0.5","mta_tax":"0.5","tip_amount":"1.45","tolls_amount":"0","improvement_surcharge":"0.3","total_amount":"7.25","congestion_surcharge":""},{"VendorID":"2","tpep_pickup_datetime":"2023-12-23 21:32:07","tpep_dropoff_datetime":"2023-02-13 21:40:06","passenger_count":"1","trip_distance":"1.20","RatecodeID":"1","store_and_fwd_flag":"N","PULocationID":"107","DOLocationID":"186","payment_type":"2","fare_amount":"7","extra":"0.5","mta_tax":"0.5","tip_amount":"0","tolls_amount":"0","improvement_surcharge":"0.3","total_amount":"8.3","congestion_surcharge":""},{"VendorID":"2","tpep_pickup_datetime":"2023-07-28 21:43:46","tpep_dropoff_datetime":"2023-03-18 21:59:13","passenger_count":"1","trip_distance":"1.87","RatecodeID":"1","store_and_fwd_flag":"N","PULocationID":"186","DOLocationID":"142","payment_type":"2","fare_amount":"11.5","extra":"0.5","mta_tax":"0.5","tip_amount":"0","tolls_amount":"0","improvement_surcharge":"0.3","total_amount":"12.8","congestion_surcharge":""},{"VendorID":"2","tpep_pickup_datetime":"2023-02-12 21:15:21","tpep_dropoff_datetime":"2023-11-27 21:48:55","passenger_count":"2","trip_distance":"19.06","RatecodeID":"2","store_and_fwd_flag":"N","PULocationID":"132","DOLocationID":"41","payment_type":"1","fare_amount":"52","extra":"0","mta_tax":"0.5","tip_amount":"9","tolls_amount":"5.76","improvement_surcharge":"0.3","total_amount":"67.56","congestion_surcharge":""},{"VendorID":"1","tpep_pickup_datetime":"2023-08-03 21:02:58","tpep_dropoff_datetime":"2023-01-19 21:08:10","passenger_count":"1","trip_distance":".70","RatecodeID":"1","store_and_fwd_flag":"N","PULocationID":"236","DOLocationID":"238","payment_type":"1","fare_amount":"5.5","extra":"0.5","mta_tax":"0.5","tip_amount":"2","tolls_amount":"0","improvement_surcharge":"0.3","total_amount":"8.8","congestion_surcharge":""},{"VendorID":"1","tpep_pickup_datetime":"2023-11-10 21:02:46","tpep_dropoff_datetime":"2023-04-06 21:08:15","passenger_count":"1","trip_distance":"1.00","RatecodeID":"1","store_and_fwd_flag":"N","PULocationID":"161","DOLocationID":"164","payment_type":"1","fare_amount":"6","extra":"0.5","mta_tax":"0.5","tip_amount":"1.45","tolls_amount":"0","improvement_surcharge":"0.3","total_amount":"8.75","congestion_surcharge":""},{"VendorID":"1","tpep_pickup_datetime":"2024-01-20 21:21:35","tpep_dropoff_datetime":"2023-03-13 21:32:47","passenger_count":"1","trip_distance":"2.30","RatecodeID":"1","store_and_fwd_flag":"N","PULocationID":"162","DOLocationID":"236","payment_type":"1","fare_amount":"10.5","extra":"0.5","mta_tax":"0.5","tip_amount":"2.35","tolls_amount":"0","improvement_surcharge":"0.3","total_amount":"14.15","congestion_surcharge":""},{"VendorID":"2","tpep_pickup_datetime":"2023-09-26 21:18:45","tpep_dropoff_datetime":"2023-05-05 21:28:47","passenger_count":"1","trip_distance":"1.89","RatecodeID":"1","store_and_fwd_flag":"N","PULocationID":"113","DOLocationID":"113","payment_type":"2","fare_amount":"9","extra":"0.5","mta_tax":"0.5","tip_amount":"0","tolls_amount":"0","improvement_surcharge":"0.3","total_amount":"10.3","congestion_surcharge":""},{"VendorID":"1","tpep_pickup_datetime":"2023-03-22 21:04:28","tpep_dropoff_datetime":"2023-08-16 21:14:21","passenger_count":"1","trip_distance":"1.50","RatecodeID":"1","store_and_fwd_flag":"N","PULocationID":"163","DOLocationID":"230","payment_type":"2","fare_amount":"8","extra":"0.5","mta_tax":"0.5","tip_amount":"0","tolls_amount":"0","improvement_surcharge":"0.3","total_amount":"9.3","congestion_surcharge":""},{"VendorID":"1","tpep_pickup_datetime":"2023-04-13 21:16:03","tpep_dropoff_datetime":"2023-02-26 21:43:04","passenger_count":"1","trip_distance":"6.80","RatecodeID":"1","store_and_fwd_flag":"N","PULocationID":"230","DOLocationID":"256","payment_type":"1","fare_amount":"24.5","extra":"0.5","mta_tax":"0.5","tip_amount":"2","tolls_amount":"0","improvement_surcharge":"0.3","total_amount":"27.8","congestion_surcharge":""},{"VendorID":"1","tpep_pickup_datetime":"2023-09-12 21:53:03","tpep_dropoff_datetime":"2023-09-27 22:06:00","passenger_count":"1","trip_distance":"2.50","RatecodeID":"1","store_and_fwd_flag":"N","PULocationID":"232","DOLocationID":"90","payment_type":"1","fare_amount":"11","extra":"0.5","mta_tax":"0.5","tip_amount":"2.45","tolls_amount":"0","improvement_surcharge":"0.3","total_amount":"14.75","congestion_surcharge":""},{"VendorID":"1","tpep_pickup_datetime":"2023-07-18 21:00:45","tpep_dropoff_datetime":"2023-06-22 21:16:42","passenger_count":"1","trip_distance":"8.60","RatecodeID":"1","store_and_fwd_flag":"N","PULocationID":"151","DOLocationID":"248","payment_type":"1","fare_amount":"25.5","extra":"0.5","mta_tax":"0.5","tip_amount":"0","tolls_amount":"0","improvement_surcharge":"0.3","total_amount":"26.8","congestion_surcharge":""},{"VendorID":"1","tpep_pickup_datetime":"2023-08-20 21:35:43","tpep_dropoff_datetime":"2024-02-06 21:44:11","passenger_count":"2","trip_distance":"1.80","RatecodeID":"1","store_and_fwd_flag":"N","PULocationID":"151","DOLocationID":"142","payment_type":"1","fare_amount":"9","extra":"0.5","mta_tax":"0.5","tip_amount":"0","tolls_amount":"0","improvement_surcharge":"0.3","total_amount":"10.3","congestion_surcharge":""},{"VendorID":"1","tpep_pickup_datetime":"2023-07-09 21:54:33","tpep_dropoff_datetime":"2023-04-30 22:04:09","passenger_count":"1","trip_distance":"1.70","RatecodeID":"1","store_and_fwd_flag":"N","PULocationID":"48","DOLocationID":"143","payment_type":"1","fare_amount":"9","extra":"0.5","mta_tax":"0.5","tip_amount":"1.7","tolls_amount":"0","improvement_surcharge":"0.3","total_amount":"12","congestion_surcharge":""},{"VendorID":"2","tpep_pickup_datetime":"2023-06-15 21:26:14","tpep_dropoff_datetime":"2023-08-08 21:41:20","passenger_count":"1","trip_distance":"4.03","RatecodeID":"1","store_and_fwd_flag":"N","PULocationID":"114","DOLocationID":"263","payment_type":"1","fare_amount":"14","extra":"0.5","mta_tax":"0.5","tip_amount":"3.06","tolls_amount":"0","improvement_surcharge":"0.3","total_amount":"18.36","congestion_surcharge":""},{"VendorID":"1","tpep_pickup_datetime":"2023-10-24 21:51:26","tpep_dropoff_datetime":"2023-04-20 21:52:42","passenger_count":"1","trip_distance":".10","RatecodeID":"1","store_and_fwd_flag":"N","PULocationID":"163","DOLocationID":"163","payment_type":"2","fare_amount":"3","extra":"0.5","mta_tax":"0.5","tip_amount":"0","tolls_amount":"0","improvement_surcharge":"0.3","total_amount":"4.3","congestion_surcharge":""},{"VendorID":"1","tpep_pickup_datetime":"2023-10-12 21:53:02","tpep_dropoff_datetime":"2023-06-26 22:03:03","passenger_count":"1","trip_distance":"3.30","RatecodeID":"1","store_and_fwd_flag":"N","PULocationID":"162","DOLocationID":"7","payment_type":"1","fare_amount":"11.5","extra":"0.5","mta_tax":"0.5","tip_amount":"2.55","tolls_amount":"0","improvement_surcharge":"0.3","total_amount":"15.35","congestion_surcharge":""},{"VendorID":"2","tpep_pickup_datetime":"2024-01-06 21:02:26","tpep_dropoff_datetime":"2023-05-05 21:07:16","passenger_count":"2","trip_distance":".75","RatecodeID":"1","store_and_fwd_flag":"N","PULocationID":"162","DOLocationID":"229","payment_type":"1","fare_amount":"5","extra":"0.5","mta_tax":"0.5","tip_amount":"1.26","tolls_amount":"0","improvement_surcharge":"0.3","total_amount":"7.56","congestion_surcharge":""},{"VendorID":"2","tpep_pickup_datetime":"2023-11-07 21:09:05","tpep_dropoff_datetime":"2023-05-22 21:14:28","passenger_count":"1","trip_distance":"1.39","RatecodeID":"1","store_and_fwd_flag":"N","PULocationID":"229","DOLocationID":"140","payment_type":"2","fare_amount":"6.5","extra":"0.5","mta_tax":"0.5","tip_amount":"0","tolls_amount":"0","improvement_surcharge":"0.3","total_amount":"7.8","congestion_surcharge":""},{"VendorID":"2","tpep_pickup_datetime":"2023-03-26 21:19:50","tpep_dropoff_datetime":"2023-07-26 21:28:20","passenger_count":"1","trip_distance":"1.64","RatecodeID":"1","store_and_fwd_flag":"N","PULocationID":"75","DOLocationID":"238","payment_type":"1","fare_amount":"8.5","extra":"0.5","mta_tax":"0.5","tip_amount":"2","tolls_amount":"0","improvement_surcharge":"0.3","total_amount":"11.8","congestion_surcharge":""},{"VendorID":"1","tpep_pickup_datetime":"2023-10-18 21:06:05","tpep_dropoff_datetime":"2023-09-04 21:26:38","passenger_count":"1","trip_distance":"4.30","RatecodeID":"1","store_and_fwd_flag":"N","PULocationID":"113","DOLocationID":"143","payment_type":"1","fare_amount":"17.5","extra":"0.5","mta_tax":"0.5","tip_amount":"2","tolls_amount":"0","improvement_surcharge":"0.3","total_amount":"20.8","congestion_surcharge":""},{"VendorID":"1","tpep_pickup_datetime":"2023-02-08 21:36:38","tpep_dropoff_datetime":"2023-07-22 21:56:09","passenger_count":"1","trip_distance":"10.10","RatecodeID":"1","store_and_fwd_flag":"N","PULocationID":"100","DOLocationID":"127","payment_type":"1","fare_amount":"29","extra":"0.5","mta_tax":"0.5","tip_amount":"5","tolls_amount":"0","improvement_surcharge":"0.3","total_amount":"35.3","congestion_surcharge":""},{"VendorID":"2","tpep_pickup_datetime":"2023-08-11 21:28:00","tpep_dropoff_datetime":"2023-12-06 21:42:54","passenger_count":"6","trip_distance":"3.79","RatecodeID":"1","store_and_fwd_flag":"N","PULocationID":"151","DOLocationID":"161","payment_type":"2","fare_amount":"14.5","extra":"0.5","mta_tax":"0.5","tip_amount":"0","tolls_amount":"0","improvement_surcharge":"0.3","total_amount":"15.8","congestion_surcharge":""},{"VendorID":"2","tpep_pickup_datetime":"2023-07-25 21:52:56","tpep_dropoff_datetime":"2023-08-03 22:01:08","passenger_count":"1","trip_distance":".82","RatecodeID":"1","store_and_fwd_flag":"N","PULocationID":"186","DOLocationID":"230","payment_type":"2","fare_amount":"7","extra":"0.5","mta_tax":"0.5","tip_amount":"0","tolls_amount":"0","improvement_surcharge":"0.3","total_amount":"8.3","congestion_surcharge":""},{"VendorID":"2","tpep_pickup_datetime":"2023-01-27 20:58:54","tpep_dropoff_datetime":"2023-07-21 21:15:30","passenger_count":"2","trip_distance":"1.32","RatecodeID":"1","store_and_fwd_flag":"N","PULocationID":"230","DOLocationID":"162","payment_type":"2","fare_amount":"11","extra":"0.5","mta_tax":"0.5","tip_amount":"0","tolls_amount":"0","improvement_surcharge":"0.3","total_amount":"12.3","congestion_surcharge":""},{"VendorID":"2","tpep_pickup_datetime":"2023-06-08 21:32:25","tpep_dropoff_datetime":"2023-08-17 21:36:02","passenger_count":"2","trip_distance":".77","RatecodeID":"1","store_and_fwd_flag":"N","PULocationID":"68","DOLocationID":"68","payment_type":"1","fare_amount":"4.5","extra":"0.5","mta_tax":"0.5","tip_amount":"0.58","tolls_amount":"0","improvement_surcharge":"0.3","total_amount":"6.38","congestion_surcharge":""},{"VendorID":"2","tpep_pickup_datetime":"2023-06-30 21:37:30","tpep_dropoff_datetime":"2023-02-27 21:44:11","passenger_count":"2","trip_distance":"1.43","RatecodeID":"1","store_and_fwd_flag":"N","PULocationID":"68","DOLocationID":"68","payment_type":"1","fare_amount":"7","extra":"0.5","mta_tax":"0.5","tip_amount":"1.66","tolls_amount":"0","improvement_surcharge":"0.3","total_amount":"9.96","congestion_surcharge":""},{"VendorID":"2","tpep_pickup_datetime":"2023-12-08 21:54:14","tpep_dropoff_datetime":"2023-10-21 22:10:08","passenger_count":"2","trip_distance":"1.08","RatecodeID":"1","store_and_fwd_flag":"N","PULocationID":"186","DOLocationID":"170","payment_type":"2","fare_amount":"11","extra":"0.5","mta_tax":"0.5","tip_amount":"0","tolls_amount":"0","improvement_surcharge":"0.3","total_amount":"12.3","congestion_surcharge":""},{"VendorID":"1","tpep_pickup_datetime":"2023-01-26 21:01:00","tpep_dropoff_datetime":"2023-06-01 21:06:41","passenger_count":"1","trip_distance":"1.50","RatecodeID":"1","store_and_fwd_flag":"N","PULocationID":"264","DOLocationID":"264","payment_type":"1","fare_amount":"6.5","extra":"0.5","mta_tax":"0.5","tip_amount":"2.3","tolls_amount":"0","improvement_surcharge":"0.3","total_amount":"10.1","congestion_surcharge":""},{"VendorID":"2","tpep_pickup_datetime":"2023-11-20 21:04:07","tpep_dropoff_datetime":"2023-01-02 21:15:20","passenger_count":"1","trip_distance":"1.78","RatecodeID":"1","store_and_fwd_flag":"N","PULocationID":"48","DOLocationID":"234","payment_type":"2","fare_amount":"9.5","extra":"0.5","mta_tax":"0.5","tip_amount":"0","tolls_amount":"0","improvement_surcharge":"0.3","total_amount":"10.8","congestion_surcharge":""},{"VendorID":"2","tpep_pickup_datetime":"2023-03-26 21:38:57","tpep_dropoff_datetime":"2023-04-23 21:54:47","passenger_count":"1","trip_distance":"1.53","RatecodeID":"1","store_and_fwd_flag":"N","PULocationID":"90","DOLocationID":"48","payment_type":"1","fare_amount":"11.5","extra":"0.5","mta_tax":"0.5","tip_amount":"2.2","tolls_amount":"0","improvement_surcharge":"0.3","total_amount":"15","congestion_surcharge":""},{"VendorID":"1","tpep_pickup_datetime":"2023-05-11 21:16:50","tpep_dropoff_datetime":"2023-08-22 21:34:00","passenger_count":"1","trip_distance":"6.10","RatecodeID":"1","store_and_fwd_flag":"N","PULocationID":"125","DOLocationID":"238","payment_type":"1","fare_amount":"20","extra":"0.5","mta_tax":"0.5","tip_amount":"6.35","tolls_amount":"0","improvement_surcharge":"0.3","total_amount":"27.65","congestion_surcharge":""},{"VendorID":"1","tpep_pickup_datetime":"2023-06-13 21:38:58","tpep_dropoff_datetime":"2024-01-05 21:53:48","passenger_count":"2","trip_distance":"3.10","RatecodeID":"1","store_and_fwd_flag":"N","PULocationID":"238","DOLocationID":"237","payment_type":"1","fare_amount":"13","extra":"0.5","mta_tax":"0.5","tip_amount":"2","tolls_amount":"0","improvement_surcharge":"0.3","total_amount":"16.3","congestion_surcharge":""},{"VendorID":"1","tpep_pickup_datetime":"2023-09-17 21:43:08","tpep_dropoff_datetime":"2023-03-28 21:45:55","passenger_count":"1","trip_distance":".60","RatecodeID":"1","store_and_fwd_flag":"N","PULocationID":"229","DOLocationID":"141","payment_type":"1","fare_amount":"4.5","extra":"0.5","mta_tax":"0.5","tip_amount":"1.15","tolls_amount":"0","improvement_surcharge":"0.3","total_amount":"6.95","congestion_surcharge":""},{"VendorID":"1","tpep_pickup_datetime":"2023-12-17 21:56:46","tpep_dropoff_datetime":"2023-10-24 21:59:30","passenger_count":"1","trip_distance":".40","RatecodeID":"1","store_and_fwd_flag":"N","PULocationID":"164","DOLocationID":"162","payment_type":"1","fare_amount":"4","extra":"0.5","mta_tax":"0.5","tip_amount":"0.7","tolls_amount":"0","improvement_surcharge":"0.3","total_amount":"6","congestion_surcharge":""},{"VendorID":"1","tpep_pickup_datetime":"2024-01-17 21:08:54","tpep_dropoff_datetime":"2023-04-14 21:12:07","passenger_count":"1","trip_distance":".80","RatecodeID":"1","store_and_fwd_flag":"N","PULocationID":"229","DOLocationID":"162","payment_type":"1","fare_amount":"4.5","extra":"0.5","mta_tax":"0.5","tip_amount":"1","tolls_amount":"0","improvement_surcharge":"0.3","total_amount":"6.8","congestion_surcharge":""},{"VendorID":"1","tpep_pickup_datetime":"2024-01-15 21:32:35","tpep_dropoff_datetime":"2023-03-22 21:42:28","passenger_count":"2","trip_distance":"2.00","RatecodeID":"1","store_and_fwd_flag":"N","PULocationID":"230","DOLocationID":"237","payment_type":"1","fare_amount":"9.5","extra":"0.5","mta_tax":"0.5","tip_amount":"2.15","tolls_amount":"0","improvement_surcharge":"0.3","total_amount":"12.95","congestion_surcharge":""},{"VendorID":"2","tpep_pickup_datetime":"2024-01-29 21:24:56","tpep_dropoff_datetime":"2023-01-02 21:34:53","passenger_count":"2","trip_distance":"1.69","RatecodeID":"1","store_and_fwd_flag":"N","PULocationID":"161","DOLocationID":"234","payment_type":"1","fare_amount":"8.5","extra":"0.5","mta_tax":"0.5","tip_amount":"1.47","tolls_amount":"0","improvement_surcharge":"0.3","total_amount":"11.27","congestion_surcharge":""},{"VendorID":"2","tpep_pickup_datetime":"2023-12-04 21:37:11","tpep_dropoff_datetime":"2023-02-23 21:39:33","passenger_count":"2","trip_distance":".61","RatecodeID":"1","store_and_fwd_flag":"N","PULocationID":"90","DOLocationID":"68","payment_type":"1","fare_amount":"4","extra":"0.5","mta_tax":"0.5","tip_amount":"1.06","tolls_amount":"0","improvement_surcharge":"0.3","total_amount":"6.36","congestion_surcharge":""},{"VendorID":"2","tpep_pickup_datetime":"2023-05-06 21:50:35","tpep_dropoff_datetime":"2023-10-25 22:00:10","passenger_count":"2","trip_distance":"1.11","RatecodeID":"1","store_and_fwd_flag":"N","PULocationID":"249","DOLocationID":"79","payment_type":"2","fare_amount":"7.5","extra":"0.5","mta_tax":"0.5","tip_amount":"0","tolls_amount":"0","improvement_surcharge":"0.3","total_amount":"8.8","congestion_surcharge":""},{"VendorID":"2","tpep_pickup_datetime":"2023-12-24 20:58:34","tpep_dropoff_datetime":"2023-10-24 21:09:49","passenger_count":"1","trip_distance":"1.53","RatecodeID":"1","store_and_fwd_flag":"N","PULocationID":"125","DOLocationID":"45","payment_type":"1","fare_amount":"9","extra":"0.5","mta_tax":"0.5","tip_amount":"2.58","tolls_amount":"0","improvement_surcharge":"0.3","total_amount":"12.88","congestion_surcharge":""},{"VendorID":"1","tpep_pickup_datetime":"2023-07-05 21:13:16","tpep_dropoff_datetime":"2023-10-24 21:51:22","passenger_count":"1","trip_distance":"18.30","RatecodeID":"2","store_and_fwd_flag":"N","PULocationID":"132","DOLocationID":"142","payment_type":"1","fare_amount":"52","extra":"0","mta_tax":"0.5","tip_amount":"9","tolls_amount":"0","improvement_surcharge":"0.3","total_amount":"61.8","congestion_surcharge":""},{"VendorID":"2","tpep_pickup_datetime":"2023-03-07 21:56:39","tpep_dropoff_datetime":"2023-10-30 21:56:51","passenger_count":"1","trip_distance":".00","RatecodeID":"2","store_and_fwd_flag":"N","PULocationID":"143","DOLocationID":"143","payment_type":"1","fare_amount":"52","extra":"0","mta_tax":"0.5","tip_amount":"11.71","tolls_amount":"5.76","improvement_surcharge":"0.3","total_amount":"70.27","congestion_surcharge":""},{"VendorID":"1","tpep_pickup_datetime":"2023-03-20 21:35:31","tpep_dropoff_datetime":"2023-12-01 21:43:42","passenger_count":"1","trip_distance":"1.30","RatecodeID":"1","store_and_fwd_flag":"N","PULocationID":"113","DOLocationID":"170","payment_type":"1","fare_amount":"7.5","extra":"0.5","mta_tax":"0.5","tip_amount":"1.75","tolls_amount":"0","improvement_surcharge":"0.3","total_amount":"10.55","congestion_surcharge":""},{"VendorID":"2","tpep_pickup_datetime":"2023-07-29 21:06:53","tpep_dropoff_datetime":"2024-01-26 21:32:49","passenger_count":"1","trip_distance":"5.88","RatecodeID":"1","store_and_fwd_flag":"N","PULocationID":"164","DOLocationID":"7","payment_type":"1","fare_amount":"21.5","extra":"0.5","mta_tax":"0.5","tip_amount":"4.56","tolls_amount":"0","improvement_surcharge":"0.3","total_amount":"27.36","congestion_surcharge":""},{"VendorID":"2","tpep_pickup_datetime":"2023-12-07 21:02:53","tpep_dropoff_datetime":"2024-01-18 21:20:58","passenger_count":"1","trip_distance":"3.72","RatecodeID":"1","store_and_fwd_flag":"N","PULocationID":"234","DOLocationID":"236","payment_type":"1","fare_amount":"15","extra":"0.5","mta_tax":"0.5","tip_amount":"3.26","tolls_amount":"0","improvement_surcharge":"0.3","total_amount":"19.56","congestion_surcharge":""},{"VendorID":"2","tpep_pickup_datetime":"2023-11-18 21:34:30","tpep_dropoff_datetime":"2023-08-23 21:47:08","passenger_count":"1","trip_distance":"2.79","RatecodeID":"1","store_and_fwd_flag":"N","PULocationID":"75","DOLocationID":"229","payment_type":"1","fare_amount":"11.5","extra":"0.5","mta_tax":"0.5","tip_amount":"2.56","tolls_amount":"0","improvement_surcharge":"0.3","total_amount":"15.36","congestion_surcharge":""},{"VendorID":"2","tpep_pickup_datetime":"2023-07-11 21:50:44","tpep_dropoff_datetime":"2023-12-31 22:03:04","passenger_count":"1","trip_distance":"1.19","RatecodeID":"1","store_and_fwd_flag":"N","PULocationID":"161","DOLocationID":"186","payment_type":"1","fare_amount":"9","extra":"0.5","mta_tax":"0.5","tip_amount":"2.06","tolls_amount":"0","improvement_surcharge":"0.3","total_amount":"12.36","congestion_surcharge":""},{"VendorID":"1","tpep_pickup_datetime":"2023-09-15 21:43:59","tpep_dropoff_datetime":"2023-03-17 22:11:06","passenger_count":"1","trip_distance":"2.60","RatecodeID":"1","store_and_fwd_flag":"N","PULocationID":"144","DOLocationID":"144","payment_type":"2","fare_amount":"17.5","extra":"0.5","mta_tax":"0.5","tip_amount":"0","tolls_amount":"0","improvement_surcharge":"0.3","total_amount":"18.8","congestion_surcharge":""},{"VendorID":"2","tpep_pickup_datetime":"2023-09-11 21:14:05","tpep_dropoff_datetime":"2023-07-16 21:21:13","passenger_count":"1","trip_distance":"1.07","RatecodeID":"1","store_and_fwd_flag":"N","PULocationID":"114","DOLocationID":"249","payment_type":"1","fare_amount":"6.5","extra":"0.5","mta_tax":"0.5","tip_amount":"1.56","tolls_amount":"0","improvement_surcharge":"0.3","total_amount":"9.36","congestion_surcharge":""},{"VendorID":"2","tpep_pickup_datetime":"2023-11-17 21:35:26","tpep_dropoff_datetime":"2023-03-10 21:49:05","passenger_count":"1","trip_distance":"2.31","RatecodeID":"1","store_and_fwd_flag":"N","PULocationID":"234","DOLocationID":"48","payment_type":"1","fare_amount":"11","extra":"0.5","mta_tax":"0.5","tip_amount":"2.08","tolls_amount":"0","improvement_surcharge":"0.3","total_amount":"14.38","congestion_surcharge":""},{"VendorID":"2","tpep_pickup_datetime":"2023-11-09 21:05:36","tpep_dropoff_datetime":"2023-02-07 21:18:07","passenger_count":"1","trip_distance":"3.30","RatecodeID":"1","store_and_fwd_flag":"N","PULocationID":"162","DOLocationID":"146","payment_type":"1","fare_amount":"12.5","extra":"0.5","mta_tax":"0.5","tip_amount":"4.14","tolls_amount":"0","improvement_surcharge":"0.3","total_amount":"17.94","congestion_surcharge":""},{"VendorID":"2","tpep_pickup_datetime":"2023-11-22 21:45:37","tpep_dropoff_datetime":"2023-01-20 21:52:47","passenger_count":"1","trip_distance":"1.26","RatecodeID":"1","store_and_fwd_flag":"N","PULocationID":"113","DOLocationID":"90","payment_type":"1","fare_amount":"6.5","extra":"0.5","mta_tax":"0.5","tip_amount":"1.56","tolls_amount":"0","improvement_surcharge":"0.3","total_amount":"9.36","congestion_surcharge":""},{"VendorID":"2","tpep_pickup_datetime":"2023-05-12 21:58:23","tpep_dropoff_datetime":"2023-07-13 22:11:26","passenger_count":"1","trip_distance":"2.55","RatecodeID":"1","store_and_fwd_flag":"N","PULocationID":"186","DOLocationID":"229","payment_type":"1","fare_amount":"11","extra":"0.5","mta_tax":"0.5","tip_amount":"2.46","tolls_amount":"0","improvement_surcharge":"0.3","total_amount":"14.76","congestion_surcharge":""},{"VendorID":"1","tpep_pickup_datetime":"2023-02-11 21:12:57","tpep_dropoff_datetime":"2023-01-05 21:21:02","passenger_count":"1","trip_distance":"1.30","RatecodeID":"1","store_and_fwd_flag":"N","PULocationID":"236","DOLocationID":"74","payment_type":"1","fare_amount":"8","extra":"0.5","mta_tax":"0.5","tip_amount":"1.85","tolls_amount":"0","improvement_surcharge":"0.3","total_amount":"11.15","congestion_surcharge":""},{"VendorID":"1","tpep_pickup_datetime":"2024-01-16 21:57:50","tpep_dropoff_datetime":"2024-01-13 22:08:46","passenger_count":"1","trip_distance":"3.30","RatecodeID":"1","store_and_fwd_flag":"N","PULocationID":"161","DOLocationID":"238","payment_type":"2","fare_amount":"12","extra":"0.5","mta_tax":"0.5","tip_amount":"0","tolls_amount":"0","improvement_surcharge":"0.3","total_amount":"13.3","congestion_surcharge":""},{"VendorID":"1","tpep_pickup_datetime":"2023-06-22 21:26:16","tpep_dropoff_datetime":"2023-01-07 21:30:27","passenger_count":"1","trip_distance":".80","RatecodeID":"1","store_and_fwd_flag":"N","PULocationID":"90","DOLocationID":"246","payment_type":"1","fare_amount":"5","extra":"0.5","mta_tax":"0.5","tip_amount":"1.55","tolls_amount":"0","improvement_surcharge":"0.3","total_amount":"7.85","congestion_surcharge":""},{"VendorID":"1","tpep_pickup_datetime":"2023-04-22 21:36:19","tpep_dropoff_datetime":"2023-06-01 21:40:47","passenger_count":"1","trip_distance":".70","RatecodeID":"1","store_and_fwd_flag":"N","PULocationID":"246","DOLocationID":"48","payment_type":"2","fare_amount":"5","extra":"0.5","mta_tax":"0.5","tip_amount":"0","tolls_amount":"0","improvement_surcharge":"0.3","total_amount":"6.3","congestion_surcharge":""},{"VendorID":"1","tpep_pickup_datetime":"2023-10-06 21:50:18","tpep_dropoff_datetime":"2023-07-12 22:09:15","passenger_count":"2","trip_distance":"3.30","RatecodeID":"1","store_and_fwd_flag":"N","PULocationID":"186","DOLocationID":"236","payment_type":"1","fare_amount":"14.5","extra":"0.5","mta_tax":"0.5","tip_amount":"3.15","tolls_amount":"0","improvement_surcharge":"0.3","total_amount":"18.95","congestion_surcharge":""},{"VendorID":"1","tpep_pickup_datetime":"2023-06-24 21:22:32","tpep_dropoff_datetime":"2023-03-26 22:02:23","passenger_count":"1","trip_distance":"19.40","RatecodeID":"1","store_and_fwd_flag":"N","PULocationID":"132","DOLocationID":"181","payment_type":"2","fare_amount":"54","extra":"0.5","mta_tax":"0.5","tip_amount":"0","tolls_amount":"0","improvement_surcharge":"0.3","total_amount":"55.3","congestion_surcharge":""},{"VendorID":"1","tpep_pickup_datetime":"2023-03-07 21:28:10","tpep_dropoff_datetime":"2024-01-23 21:43:50","passenger_count":"2","trip_distance":"3.50","RatecodeID":"1","store_and_fwd_flag":"N","PULocationID":"186","DOLocationID":"236","payment_type":"2","fare_amount":"13.5","extra":"0.5","mta_tax":"0.5","tip_amount":"0","tolls_amount":"0","improvement_surcharge":"0.3","total_amount":"14.8","congestion_surcharge":""},{"VendorID":"1","tpep_pickup_datetime":"2023-12-05 21:50:38","tpep_dropoff_datetime":"2023-05-07 22:09:31","passenger_count":"3","trip_distance":"1.80","RatecodeID":"1","store_and_fwd_flag":"N","PULocationID":"100","DOLocationID":"162","payment_type":"2","fare_amount":"13","extra":"0.5","mta_tax":"0.5","tip_amount":"0","tolls_amount":"0","improvement_surcharge":"0.3","total_amount":"14.3","congestion_surcharge":""},{"VendorID":"2","tpep_pickup_datetime":"2023-08-22 21:14:29","tpep_dropoff_datetime":"2023-11-30 21:35:22","passenger_count":"1","trip_distance":"6.77","RatecodeID":"5","store_and_fwd_flag":"N","PULocationID":"152","DOLocationID":"241","payment_type":"1","fare_amount":"28.26","extra":"0","mta_tax":"0.5","tip_amount":"0","tolls_amount":"0","improvement_surcharge":"0.3","total_amount":"29.06","congestion_surcharge":""},{"VendorID":"2","tpep_pickup_datetime":"2023-10-06 21:57:15","tpep_dropoff_datetime":"2023-03-19 22:05:27","passenger_count":"2","trip_distance":"2.91","RatecodeID":"1","store_and_fwd_flag":"N","PULocationID":"244","DOLocationID":"74","payment_type":"1","fare_amount":"10.5","extra":"0.5","mta_tax":"0.5","tip_amount":"0","tolls_amount":"0","improvement_surcharge":"0.3","total_amount":"11.8","congestion_surcharge":""},{"VendorID":"2","tpep_pickup_datetime":"2023-07-22 21:51:08","tpep_dropoff_datetime":"2024-01-12 22:00:45","passenger_count":"1","trip_distance":"1.55","RatecodeID":"1","store_and_fwd_flag":"N","PULocationID":"230","DOLocationID":"68","payment_type":"1","fare_amount":"8.5","extra":"0.5","mta_tax":"0.5","tip_amount":"1.96","tolls_amount":"0","improvement_surcharge":"0.3","total_amount":"11.76","congestion_surcharge":""},{"VendorID":"2","tpep_pickup_datetime":"2023-11-18 21:26:19","tpep_dropoff_datetime":"2023-09-15 21:48:47","passenger_count":"2","trip_distance":"6.37","RatecodeID":"1","store_and_fwd_flag":"N","PULocationID":"230","DOLocationID":"157","payment_type":"2","fare_amount":"22.5","extra":"0.5","mta_tax":"0.5","tip_amount":"0","tolls_amount":"5.76","improvement_surcharge":"0.3","total_amount":"29.56","congestion_surcharge":""},{"VendorID":"2","tpep_pickup_datetime":"2023-04-21 21:21:35","tpep_dropoff_datetime":"2023-01-29 21:26:27","passenger_count":"2","trip_distance":"1.37","RatecodeID":"1","store_and_fwd_flag":"N","PULocationID":"229","DOLocationID":"170","payment_type":"1","fare_amount":"6","extra":"0.5","mta_tax":"0.5","tip_amount":"1","tolls_amount":"0","improvement_surcharge":"0.3","total_amount":"8.3","congestion_surcharge":""},{"VendorID":"2","tpep_pickup_datetime":"2023-05-05 21:30:05","tpep_dropoff_datetime":"2023-12-19 21:44:38","passenger_count":"1","trip_distance":"3.91","RatecodeID":"1","store_and_fwd_flag":"N","PULocationID":"234","DOLocationID":"239","payment_type":"1","fare_amount":"14","extra":"0.5","mta_tax":"0.5","tip_amount":"3.06","tolls_amount":"0","improvement_surcharge":"0.3","total_amount":"18.36","congestion_surcharge":""},{"VendorID":"2","tpep_pickup_datetime":"2024-01-17 21:48:57","tpep_dropoff_datetime":"2023-04-20 21:49:58","passenger_count":"2","trip_distance":".17","RatecodeID":"2","store_and_fwd_flag":"N","PULocationID":"239","DOLocationID":"238","payment_type":"2","fare_amount":"52","extra":"0","mta_tax":"0.5","tip_amount":"0","tolls_amount":"0","improvement_surcharge":"0.3","total_amount":"52.8","congestion_surcharge":""},{"VendorID":"2","tpep_pickup_datetime":"2023-01-11 21:50:20","tpep_dropoff_datetime":"2023-01-01 22:00:30","passenger_count":"2","trip_distance":"2.32","RatecodeID":"1","store_and_fwd_flag":"N","PULocationID":"238","DOLocationID":"140","payment_type":"2","fare_amount":"10","extra":"0.5","mta_tax":"0.5","tip_amount":"0","tolls_amount":"0","improvement_surcharge":"0.3","total_amount":"11.3","congestion_surcharge":""}]