[{"VendorID":"1","tpep_pickup_datetime":"2023-10-25 06:57:48","tpep_dropoff_datetime":"2023-05-04 07:03:24","passenger_count":"1","trip_distance":"1.00","RatecodeID":"1","store_and_fwd_flag":"N","PULocationID":"100","DOLocationID":"230","payment_type":"2","fare_amount":"6","extra":"0","mta_tax":"0.5","tip_amount":"0","tolls_amount":"0","improvement_surcharge":"0.3","total_amount":"6.8","congestion_surcharge":"","tripId":"0b5e4ccd-f4b3-4c9e-bf80-a135be00d1c8"},{"VendorID":"2","tpep_pickup_datetime":"2023-08-31 06:46:47","tpep_dropoff_datetime":"2023-04-16 06:53:43","passenger_count":"4","trip_distance":"2.13","RatecodeID":"1","store_and_fwd_flag":"N","PULocationID":"263","DOLocationID":"163","payment_type":"1","fare_amount":"8.5","extra":"0","mta_tax":"0.5","tip_amount":"1","tolls_amount":"0","improvement_surcharge":"0.3","total_amount":"10.3","congestion_surcharge":"","tripId":"5323ebaa-c31c-4f2f-86cd-3e1448ca53e9"},{"VendorID":"2","tpep_pickup_datetime":"2023-06-09 06:14:09","tpep_dropoff_datetime":"2023-02-23 06:14:16","passenger_count":"2","trip_distance":".04","RatecodeID":"5","store_and_fwd_flag":"N","PULocationID":"138","DOLocationID":"138","payment_type":"1","fare_amount":"38.5","extra":"0","mta_tax":"0","tip_amount":"7.76","tolls_amount":"0","improvement_surcharge":"0.3","total_amount":"46.56","congestion_surcharge":"","tripId":"62f7e2d2-65e5-4d5c-a5da-e55c38df3048"},{"VendorID":"2","tpep_pickup_datetime":"2023-12-16 06:53:33","tpep_dropoff_datetime":"2023-04-29 06:58:04","passenger_count":"1","trip_distance":".68","RatecodeID":"1","store_and_fwd_flag":"N","PULocationID":"48","DOLocationID":"43","payment_type":"2","fare_amount":"5","extra":"0","mta_tax":"0.5","tip_amount":"0","tolls_amount":"0","improvement_surcharge":"0.3","total_amount":"5.8","congestion_surcharge":"","tripId":"c684bf84-625a-4870-80f5-3990eeafec5b"},{"VendorID":"2","tpep_pickup_datetime":"2023-12-16 07:00:15","tpep_dropoff_datetime":"2023-06-04 07:34:01","passenger_count":"1","trip_distance":"11.44","RatecodeID":"1","store_and_fwd_flag":"N","PULocationID":"142","DOLocationID":"138","payment_type":"2","fare_amount":"36.5","extra":"0","mta_tax":"0.5","tip_amount":"0","tolls_amount":"5.76","improvement_surcharge":"0.3","total_amount":"43.06","congestion_surcharge":"","tripId":"0c13653c-d59c-4713-9993-869570e877b4"},{"VendorID":"2","tpep_pickup_datetime":"2023-07-11 06:16:07","tpep_dropoff_datetime":"2023-01-30 06:34:45","passenger_count":"1","trip_distance":"10.43","RatecodeID":"1","store_and_fwd_flag":"N","PULocationID":"74","DOLocationID":"54","payment_type":"2","fare_amount":"29.5","extra":"0","mta_tax":"0.5","tip_amount":"0","tolls_amount":"0","improvement_surcharge":"0.3","total_amount":"30.3","congestion_surcharge":"","tripId":"ff562155-7505-4017-9f5b-05947c114fb1"},{"VendorID":"2","tpep_pickup_datetime":"2023-10-18 06:56:26","tpep_dropoff_datetime":"2023-11-17 06:58:29","passenger_count":"1","trip_distance":".48","RatecodeID":"1","store_and_fwd_flag":"N","PULocationID":"186","DOLocationID":"100","payment_type":"1","fare_amount":"3.5","extra":"0","mta_tax":"0.5","tip_amount":"1.29","tolls_amount":"0","improvement_surcharge":"0.3","total_amount":"5.59","congestion_surcharge":"","tripId":"321556ff-ed9a-4b0d-8081-a13dd6a35f34"},{"VendorID":"1","tpep_pickup_datetime":"2023-08-30 06:40:34","tpep_dropoff_datetime":"2023-12-18 06:48:59","passenger_count":"1","trip_distance":"2.20","RatecodeID":"1","store_and_fwd_flag":"N","PULocationID":"231","DOLocationID":"234","payment_type":"2","fare_amount":"9","extra":"0","mta_tax":"0.5","tip_amount":"0","tolls_amount":"0","improvement_surcharge":"0.3","total_amount":"9.8","congestion_surcharge":"","tripId":"5dabae3c-bb2f-4e54-bb85-3f153cb35095"},{"VendorID":"1","tpep_pickup_datetime":"2023-10-05 06:55:12","tpep_dropoff_datetime":"2023-11-27 07:03:28","passenger_count":"1","trip_distance":"1.70","RatecodeID":"1","store_and_fwd_flag":"N","PULocationID":"170","DOLocationID":"230","payment_type":"1","fare_amount":"8","extra":"0","mta_tax":"0.5","tip_amount":"1.75","tolls_amount":"0","improvement_surcharge":"0.3","total_amount":"10.55","congestion_surcharge":"","tripId":"599f07d8-8852-4c30-aba4-254746652076"},{"VendorID":"2","tpep_pickup_datetime":"2023-08-04 06:45:16","tpep_dropoff_datetime":"2023-08-18 06:52:18","passenger_count":"1","trip_distance":"1.28","RatecodeID":"1","store_and_fwd_flag":"N","PULocationID":"100","DOLocationID":"162","payment_type":"2","fare_amount":"6.5","extra":"0","mta_tax":"0.5","tip_amount":"0","tolls_amount":"0","improvement_surcharge":"0.3","total_amount":"7.3","congestion_surcharge":"","tripId":"8f9af30a-d7df-4d4a-946a-cd4263610640"},{"VendorID":"2","tpep_pickup_datetime":"2023-07-09 06:00:26","tpep_dropoff_datetime":"2023-08-26 06:02:35","passenger_count":"3","trip_distance":".46","RatecodeID":"1","store_and_fwd_flag":"N","PULocationID":"161","DOLocationID":"230","payment_type":"1","fare_amount":"4","extra":"0","mta_tax":"0.5","tip_amount":"0.96","tolls_amount":"0","improvement_surcharge":"0.3","total_amount":"5.76","congestion_surcharge":"","tripId":"694434ac-2a66-4960-ac0c-3f00f649b83a"},{"VendorID":"2","tpep_pickup_datetime":"2023-07-30 06:07:57","tpep_dropoff_datetime":"2023-09-09 06:14:34","passenger_count":"1","trip_distance":"1.13","RatecodeID":"1","store_and_fwd_flag":"N","PULocationID":"48","DOLocationID":"162","payment_type":"2","fare_amount":"6.5","extra":"0","mta_tax":"0.5","tip_amount":"0","tolls_amount":"0","improvement_surcharge":"0.3","total_amount":"7.3","congestion_surcharge":"","tripId":"58bf5c51-42b3-4269-8099-b948194c7cea"},{"VendorID":"2","tpep_pickup_datetime":"2024-01-18 06:22:04","tpep_dropoff_datetime":"2023-10-01 06:26:34","passenger_count":"1","trip_distance":"1.50","RatecodeID":"1","store_and_fwd_flag":"N","PULocationID":"233","DOLocationID":"79","payment_type":"1","fare_amount":"6.5","extra":"0","mta_tax":"0.5","tip_amount":"0","tolls_amount":"0","improvement_surcharge":"0.3","total_amount":"7.3","congestion_surcharge":"","tripId":"878a775d-d8f8-47c5-b6af-4a4f96f0c5a8"},{"VendorID":"2","tpep_pickup_datetime":"2023-04-18 06:31:00","tpep_dropoff_datetime":"2023-07-08 06:37:26","passenger_count":"2","trip_distance":"1.74","RatecodeID":"1","store_and_fwd_flag":"N","PULocationID":"4","DOLocationID":"211","payment_type":"1","fare_amount":"7.5","extra":"0","mta_tax":"0.5","tip_amount":"1.24","tolls_amount":"0","improvement_surcharge":"0.3","total_amount":"11.49","congestion_surcharge":"","tripId":"d7a8356e-01fb-4c7a-b39a-12e6355c6a65"},{"VendorID":"2","tpep_pickup_datetime":"2023-08-18 06:57:11","tpep_dropoff_datetime":"2024-01-16 07:05:31","passenger_count":"4","trip_distance":"1.37","RatecodeID":"1","store_and_fwd_flag":"N","PULocationID":"186","DOLocationID":"163","payment_type":"1","fare_amount":"7.5","extra":"0","mta_tax":"0.5","tip_amount":"1.66","tolls_amount":"0","improvement_surcharge":"0.3","total_amount":"9.96","congestion_surcharge":"","tripId":"e002ca29-5b5b-49b4-ada0-2468399fab5e"},{"VendorID":"2","tpep_pickup_datetime":"2023-12-06 06:17:52","tpep_dropoff_datetime":"2023-06-17 06:35:40","passenger_count":"4","trip_distance":"7.42","RatecodeID":"1","store_and_fwd_flag":"N","PULocationID":"216","DOLocationID":"138","payment_type":"1","fare_amount":"22","extra":"0","mta_tax":"0.5","tip_amount":"0","tolls_amount":"0","improvement_surcharge":"0.3","total_amount":"22.8","congestion_surcharge":"","tripId":"7e96c05c-bff1-4d9f-8c3a-bbfe39d1673c"},{"VendorID":"2","tpep_pickup_datetime":"2023-09-25 06:55:36","tpep_dropoff_datetime":"2023-04-02 07:00:43","passenger_count":"1","trip_distance":"1.48","RatecodeID":"1","store_and_fwd_flag":"N","PULocationID":"79","DOLocationID":"137","payment_type":"1","fare_amount":"6.5","extra":"0","mta_tax":"0.5","tip_amount":"1.1","tolls_amount":"0","improvement_surcharge":"0.3","total_amount":"8.4","congestion_surcharge":"","tripId":"9858b7ae-e62a-4971-af4b-e7cd025246f4"},{"VendorID":"2","tpep_pickup_datetime":"2023-09-14 06:43:14","tpep_dropoff_datetime":"2023-12-29 07:18:59","passenger_count":"1","trip_distance":"14.50","RatecodeID":"1","store_and_fwd_flag":"N","PULocationID":"132","DOLocationID":"223","payment_type":"1","fare_amount":"41","extra":"0","mta_tax":"0.5","tip_amount":"10.45","tolls_amount":"0","improvement_surcharge":"0.3","total_amount":"52.25","congestion_surcharge":"","tripId":"de760d18-0ba1-4e25-9070-6d632435eacc"},{"VendorID":"2","tpep_pickup_datetime":"2023-08-27 06:20:22","tpep_dropoff_datetime":"2023-07-11 06:26:42","passenger_count":"1","trip_distance":"1.34","RatecodeID":"1","store_and_fwd_flag":"N","PULocationID":"68","DOLocationID":"164","payment_type":"1","fare_amount":"7","extra":"0","mta_tax":"0.5","tip_amount":"1.2","tolls_amount":"0","improvement_surcharge":"0.3","total_amount":"9","congestion_surcharge":"","tripId":"ae1b889a-e1c4-4fc8-995c-3c567b09e7fe"},{"VendorID":"2","tpep_pickup_datetime":"2023-11-13 06:32:03","tpep_dropoff_datetime":"2023-09-09 06:35:29","passenger_count":"1","trip_distance":"1.26","RatecodeID":"1","store_and_fwd_flag":"N","PULocationID":"234","DOLocationID":"230","payment_type":"1","fare_amount":"5.5","extra":"0","mta_tax":"0.5","tip_amount":"1.26","tolls_amount":"0","improvement_surcharge":"0.3","total_amount":"7.56","congestion_surcharge":"","tripId":"f234dc4c-73e1-44e2-bafe-b0da68287548"},{"VendorID":"2","tpep_pickup_datetime":"2023-10-04 06:48:41","tpep_dropoff_datetime":"2023-06-20 06:53:59","passenger_count":"1","trip_distance":"1.54","RatecodeID":"1","store_and_fwd_flag":"N","PULocationID":"48","DOLocationID":"143","payment_type":"1","fare_amount":"7","extra":"0","mta_tax":"0.5","tip_amount":"1.56","tolls_amount":"0","improvement_surcharge":"0.3","total_amount":"9.36","congestion_surcharge":"","tripId":"cfc29be2-dc07-4301-8bda-a7d1aaf7fd24"},{"VendorID":"2","tpep_pickup_datetime":"2023-03-18 06:55:23","tpep_dropoff_datetime":"2023-02-01 06:59:09","passenger_count":"1","trip_distance":".94","RatecodeID":"1","store_and_fwd_flag":"N","PULocationID":"143","DOLocationID":"163","payment_type":"1","fare_amount":"5","extra":"0","mta_tax":"0.5","tip_amount":"1.16","tolls_amount":"0","improvement_surcharge":"0.3","total_amount":"6.96","congestion_surcharge":"","tripId":"0914e6b4-d96b-4438-a6d2-d518fbae76c8"},{"VendorID":"2","tpep_pickup_datetime":"2023-10-15 06:26:51","tpep_dropoff_datetime":"2023-11-28 06:43:02","passenger_count":"1","trip_distance":"4.07","RatecodeID":"1","store_and_fwd_flag":"N","PULocationID":"41","DOLocationID":"162","payment_type":"1","fare_amount":"15.5","extra":"0","mta_tax":"0.5","tip_amount":"4.89","tolls_amount":"0","improvement_surcharge":"0.3","total_amount":"21.19","congestion_surcharge":"","tripId":"68194c73-cf61-448b-ad11-ce9725f684dc"},{"VendorID":"2","tpep_pickup_datetime":"2023-01-20 06:20:42","tpep_dropoff_datetime":"2023-04-27 06:48:09","passenger_count":"1","trip_distance":"10.63","RatecodeID":"1","store_and_fwd_flag":"N","PULocationID":"95","DOLocationID":"48","payment_type":"1","fare_amount":"32.5","extra":"0","mta_tax":"0.5","tip_amount":"7.81","tolls_amount":"5.76","improvement_surcharge":"0.3","total_amount":"46.87","congestion_surcharge":"","tripId":"ac26a601-bf5e-47bf-bc6a-8065b6480366"},{"VendorID":"2","tpep_pickup_datetime":"2023-11-10 06:51:12","tpep_dropoff_datetime":"2023-02-28 06:52:37","passenger_count":"1","trip_distance":".58","RatecodeID":"1","store_and_fwd_flag":"N","PULocationID":"48","DOLocationID":"246","payment_type":"1","fare_amount":"3.5","extra":"0","mta_tax":"0.5","tip_amount":"1.29","tolls_amount":"0","improvement_surcharge":"0.3","total_amount":"5.59","congestion_surcharge":"","tripId":"59731d0c-1b2d-4246-87e7-f2bf18ab69b7"},{"VendorID":"2","tpep_pickup_datetime":"2023-04-16 06:04:58","tpep_dropoff_datetime":"2023-02-25 06:11:57","passenger_count":"1","trip_distance":"2.31","RatecodeID":"1","store_and_fwd_flag":"N","PULocationID":"263","DOLocationID":"161","payment_type":"1","fare_amount":"8.5","extra":"0","mta_tax":"0.5","tip_amount":"1","tolls_amount":"0","improvement_surcharge":"0.3","total_amount":"10.3","congestion_surcharge":"","tripId":"cbb76382-d808-424b-94f3-e37d1402f19e"},{"VendorID":"2","tpep_pickup_datetime":"2023-11-15 06:24:03","tpep_dropoff_datetime":"2023-04-13 06:32:30","passenger_count":"1","trip_distance":"2.18","RatecodeID":"1","store_and_fwd_flag":"N","PULocationID":"143","DOLocationID":"161","payment_type":"1","fare_amount":"9","extra":"0","mta_tax":"0.5","tip_amount":"1.96","tolls_amount":"0","improvement_surcharge":"0.3","total_amount":"13.71","congestion_surcharge":"","tripId":"fc6a2251-40b1-45a3-be7b-4ec1d43e46e5"},{"VendorID":"2","tpep_pickup_datetime":"2023-02-01 06:41:30","tpep_dropoff_datetime":"2023-02-25 06:45:24","passenger_count":"2","trip_distance":"1.11","RatecodeID":"1","store_and_fwd_flag":"N","PULocationID":"162","DOLocationID":"140","payment_type":"2","fare_amount":"5.5","extra":"0","mta_tax":"0.5","tip_amount":"0","tolls_amount":"0","improvement_surcharge":"0.3","total_amount":"6.3","congestion_surcharge":"","tripId":"c2030e80-8bc0-4029-b204-7ffd5a26b967"},{"VendorID":"2","tpep_pickup_datetime":"2023-05-22 06:49:33","tpep_dropoff_datetime":"2023-09-15 06:54:30","passenger_count":"1","trip_distance":".89","RatecodeID":"1","store_and_fwd_flag":"N","PULocationID":"140","DOLocationID":"141","payment_type":"1","fare_amount":"5.5","extra":"0","mta_tax":"0.5","tip_amount":"1.26","tolls_amount":"0","improvement_surcharge":"0.3","total_amount":"7.56","congestion_surcharge":"","tripId":"b03f9a17-ac00-4369-bdb5-b7915765a561"},{"VendorID":"4","tpep_pickup_datetime":"2023-08-18 06:36:02","tpep_dropoff_datetime":"2023-08-14 06:40:06","passenger_count":"1","trip_distance":".84","RatecodeID":"1","store_and_fwd_flag":"N","PULocationID":"186","DOLocationID":"230","payment_type":"1","fare_amount":"5","extra":"0","mta_tax":"0.5","tip_amount":"1.16","tolls_amount":"0","improvement_surcharge":"0.3","total_amount":"6.96","congestion_surcharge":"","tripId":"e214d1af-ea10-4cd9-b228-3857fa607fa6"},{"VendorID":"4","tpep_pickup_datetime":"2023-11-08 06:52:16","tpep_dropoff_datetime":"2023-06-02 07:00:18","passenger_count":"1","trip_distance":"1.63","RatecodeID":"1","store_and_fwd_flag":"N","PULocationID":"186","DOLocationID":"162","payment_type":"1","fare_amount":"8","extra":"0","mta_tax":"0.5","tip_amount":"1.76","tolls_amount":"0","improvement_surcharge":"0.3","total_amount":"10.56","congestion_surcharge":"","tripId":"1a8aa6a5-b1ec-4fd8-bee1-307de7b3304d"},{"VendorID":"1","tpep_pickup_datetime":"2023-09-17 06:02:42","tpep_dropoff_datetime":"2023-10-28 06:09:01","passenger_count":"1","trip_distance":"1.20","RatecodeID":"1","store_and_fwd_flag":"N","PULocationID":"140","DOLocationID":"236","payment_type":"1","fare_amount":"6.5","extra":"0","mta_tax":"0.5","tip_amount":"1.45","tolls_amount":"0","improvement_surcharge":"0.3","total_amount":"8.75","congestion_surcharge":"","tripId":"17e58a7e-80cd-438e-8cec-8d3a87db7536"},{"VendorID":"1","tpep_pickup_datetime":"2023-04-24 06:38:29","tpep_dropoff_datetime":"2023-09-19 06:46:58","passenger_count":"1","trip_distance":"2.30","RatecodeID":"1","store_and_fwd_flag":"N","PULocationID":"107","DOLocationID":"231","payment_type":"2","fare_amount":"9","extra":"0","mta_tax":"0.5","tip_amount":"0","tolls_amount":"0","improvement_surcharge":"0.3","total_amount":"9.8","congestion_surcharge":"","tripId":"4a48c4d9-e45b-417c-9e18-21b46fbc90a5"},{"VendorID":"2","tpep_pickup_datetime":"2023-03-30 06:26:12","tpep_dropoff_datetime":"2023-05-25 07:13:15","passenger_count":"1","trip_distance":"17.70","RatecodeID":"2","store_and_fwd_flag":"N","PULocationID":"132","DOLocationID":"162","payment_type":"1","fare_amount":"52","extra":"0","mta_tax":"0.5","tip_amount":"11.71","tolls_amount":"5.76","improvement_surcharge":"0.3","total_amount":"70.27","congestion_surcharge":"","tripId":"bf26a17a-503d-48a0-85a6-baa591c333e5"},{"VendorID":"2","tpep_pickup_datetime":"2023-05-11 06:29:13","tpep_dropoff_datetime":"2023-12-04 06:36:32","passenger_count":"2","trip_distance":"1.00","RatecodeID":"1","store_and_fwd_flag":"N","PULocationID":"186","DOLocationID":"137","payment_type":"1","fare_amount":"6.5","extra":"0","mta_tax":"0.5","tip_amount":"1.46","tolls_amount":"0","improvement_surcharge":"0.3","total_amount":"8.76","congestion_surcharge":"","tripId":"10e61a96-0152-4317-b7aa-e933937c18af"},{"VendorID":"2","tpep_pickup_datetime":"2023-11-17 06:43:27","tpep_dropoff_datetime":"2023-04-27 06:54:53","passenger_count":"3","trip_distance":"1.74","RatecodeID":"1","store_and_fwd_flag":"N","PULocationID":"107","DOLocationID":"170","payment_type":"1","fare_amount":"9.5","extra":"0","mta_tax":"0.5","tip_amount":"1.5","tolls_amount":"0","improvement_surcharge":"0.3","total_amount":"11.8","congestion_surcharge":"","tripId":"4b4785bf-eb6c-4286-9c30-1676c0c2a41d"},{"VendorID":"2","tpep_pickup_datetime":"2023-02-20 03:54:34","tpep_dropoff_datetime":"2023-04-04 04:07:45","passenger_count":"5","trip_distance":"4.23","RatecodeID":"1","store_and_fwd_flag":"N","PULocationID":"41","DOLocationID":"161","payment_type":"1","fare_amount":"14","extra":"0","mta_tax":"0.5","tip_amount":"2","tolls_amount":"0","improvement_surcharge":"0.3","total_amount":"16.8","congestion_surcharge":"","tripId":"415aef9c-8cb2-4ec4-8548-9d125e9c24e6"},{"VendorID":"2","tpep_pickup_datetime":"2023-08-16 04:36:07","tpep_dropoff_datetime":"2023-07-10 04:42:47","passenger_count":"5","trip_distance":"1.39","RatecodeID":"1","store_and_fwd_flag":"N","PULocationID":"238","DOLocationID":"75","payment_type":"2","fare_amount":"7","extra":"0","mta_tax":"0.5","tip_amount":"0","tolls_amount":"0","improvement_surcharge":"0.3","total_amount":"7.8","congestion_surcharge":"","tripId":"b2955c6a-c814-4135-9fa6-65e35b204ba0"},{"VendorID":"2","tpep_pickup_datetime":"2023-06-05 06:32:07","tpep_dropoff_datetime":"2023-01-25 06:42:33","passenger_count":"1","trip_distance":"3.73","RatecodeID":"1","store_and_fwd_flag":"N","PULocationID":"236","DOLocationID":"137","payment_type":"1","fare_amount":"12.5","extra":"0","mta_tax":"0.5","tip_amount":"2","tolls_amount":"0","improvement_surcharge":"0.3","total_amount":"15.3","congestion_surcharge":"","tripId":"39845216-5b43-4fb1-8a99-5c0ff7dc30e4"},{"VendorID":"2","tpep_pickup_datetime":"2023-03-22 06:46:16","tpep_dropoff_datetime":"2023-06-10 06:51:46","passenger_count":"1","trip_distance":"1.11","RatecodeID":"1","store_and_fwd_flag":"N","PULocationID":"233","DOLocationID":"140","payment_type":"1","fare_amount":"6","extra":"0","mta_tax":"0.5","tip_amount":"2","tolls_amount":"0","improvement_surcharge":"0.3","total_amount":"8.8","congestion_surcharge":"","tripId":"00a51b26-787a-4f07-9020-b6e30f8b1acc"},{"VendorID":"2","tpep_pickup_datetime":"2023-11-02 06:52:43","tpep_dropoff_datetime":"2023-11-20 06:56:38","passenger_count":"1","trip_distance":".99","RatecodeID":"1","store_and_fwd_flag":"N","PULocationID":"141","DOLocationID":"263","payment_type":"2","fare_amount":"5","extra":"0","mta_tax":"0.5","tip_amount":"0","tolls_amount":"0","improvement_surcharge":"0.3","total_amount":"5.8","congestion_surcharge":"","tripId":"17c78ad2-0489-445e-b47e-2707b1dd3af2"},{"VendorID":"1","tpep_pickup_datetime":"2023-12-12 06:12:17","tpep_dropoff_datetime":"2023-03-22 06:21:40","passenger_count":"1","trip_distance":"1.70","RatecodeID":"1","store_and_fwd_flag":"N","PULocationID":"186","DOLocationID":"162","payment_type":"2","fare_amount":"8.5","extra":"0","mta_tax":"0.5","tip_amount":"0","tolls_amount":"0","improvement_surcharge":"0.3","total_amount":"9.3","congestion_surcharge":"","tripId":"545825f1-73c7-4c9a-b132-f8aba0ab237b"},{"VendorID":"1","tpep_pickup_datetime":"2023-02-07 06:27:32","tpep_dropoff_datetime":"2023-07-12 06:33:18","passenger_count":"1","trip_distance":"1.40","RatecodeID":"1","store_and_fwd_flag":"N","PULocationID":"236","DOLocationID":"162","payment_type":"1","fare_amount":"6.5","extra":"0","mta_tax":"0.5","tip_amount":"1.1","tolls_amount":"0","improvement_surcharge":"0.3","total_amount":"8.4","congestion_surcharge":"","tripId":"84b3abef-cd93-4a31-9817-14ae0f5e853a"},{"VendorID":"1","tpep_pickup_datetime":"2023-11-26 06:44:22","tpep_dropoff_datetime":"2023-08-02 06:54:55","passenger_count":"1","trip_distance":"1.40","RatecodeID":"1","store_and_fwd_flag":"N","PULocationID":"161","DOLocationID":"48","payment_type":"1","fare_amount":"8.5","extra":"0","mta_tax":"0.5","tip_amount":"2.3","tolls_amount":"0","improvement_surcharge":"0.3","total_amount":"11.6","congestion_surcharge":"","tripId":"791e0750-1cc0-4558-bc0c-5d30a5295f24"},{"VendorID":"1","tpep_pickup_datetime":"2023-05-27 06:17:29","tpep_dropoff_datetime":"2023-11-27 06:23:44","passenger_count":"1","trip_distance":"1.00","RatecodeID":"1","store_and_fwd_flag":"N","PULocationID":"100","DOLocationID":"161","payment_type":"2","fare_amount":"6","extra":"0","mta_tax":"0.5","tip_amount":"0","tolls_amount":"0","improvement_surcharge":"0.3","total_amount":"6.8","congestion_surcharge":"","tripId":"242b4cc1-3da1-4fc2-9fe2-bd7a9e1e6923"},{"VendorID":"1","tpep_pickup_datetime":"2023-02-20 06:35:42","tpep_dropoff_datetime":"2023-05-07 06:40:47","passenger_count":"1","trip_distance":".80","RatecodeID":"1","store_and_fwd_flag":"N","PULocationID":"230","DOLocationID":"162","payment_type":"2","fare_amount":"5","extra":"0","mta_tax":"0.5","tip_amount":"0","tolls_amount":"0","improvement_surcharge":"0.3","total_amount":"5.8","congestion_surcharge":"","tripId":"b3ab1257-c5b9-48d2-b74b-148aa68de0f6"},{"VendorID":"1","tpep_pickup_datetime":"2023-08-02 06:48:50","tpep_dropoff_datetime":"2023-04-11 06:53:32","passenger_count":"1","trip_distance":".90","RatecodeID":"1","store_and_fwd_flag":"N","PULocationID":"100","DOLocationID":"161","payment_type":"2","fare_amount":"5.5","extra":"0","mta_tax":"0.5","tip_amount":"0","tolls_amount":"0","improvement_surcharge":"0.3","total_amount":"6.3","congestion_surcharge":"","tripId":"0d18a056-3903-41bf-9f67-fa57a497a92f"},{"VendorID":"1","tpep_pickup_datetime":"2023-11-14 06:33:27","tpep_dropoff_datetime":"2024-01-20 07:03:01","passenger_count":"1","trip_distance":"12.60","RatecodeID":"1","store_and_fwd_flag":"N","PULocationID":"138","DOLocationID":"61","payment_type":"1","fare_amount":"37.5","extra":"0","mta_tax":"0.5","tip_amount":"6","tolls_amount":"0","improvement_surcharge":"0.3","total_amount":"44.3","congestion_surcharge":"","tripId":"59f1af91-49c8-4d14-838f-65029c3d44a6"},{"VendorID":"2","tpep_pickup_datetime":"2024-01-01 06:22:33","tpep_dropoff_datetime":"2023-06-04 06:34:01","passenger_count":"1","trip_distance":"3.13","RatecodeID":"1","store_and_fwd_flag":"N","PULocationID":"262","DOLocationID":"161","payment_type":"2","fare_amount":"11.5","extra":"0","mta_tax":"0.5","tip_amount":"0","tolls_amount":"0","improvement_surcharge":"0.3","total_amount":"12.3","congestion_surcharge":"","tripId":"dde082cc-9c80-48c9-8eb5-197a857c0d46"},{"VendorID":"2","tpep_pickup_datetime":"2023-10-29 06:44:53","tpep_dropoff_datetime":"2023-07-16 06:52:06","passenger_count":"1","trip_distance":"1.25","RatecodeID":"1","store_and_fwd_flag":"N","PULocationID":"100","DOLocationID":"161","payment_type":"1","fare_amount":"6.5","extra":"0","mta_tax":"0.5","tip_amount":"1.46","tolls_amount":"0","improvement_surcharge":"0.3","total_amount":"8.76","congestion_surcharge":"","tripId":"01f48a32-28ab-479a-97ba-d6ed7d74676c"},{"VendorID":"2","tpep_pickup_datetime":"2023-09-29 07:01:35","tpep_dropoff_datetime":"2023-02-28 07:07:21","passenger_count":"1","trip_distance":"1.16","RatecodeID":"1","store_and_fwd_flag":"N","PULocationID":"48","DOLocationID":"161","payment_type":"1","fare_amount":"6","extra":"0","mta_tax":"0.5","tip_amount":"1","tolls_amount":"0","improvement_surcharge":"0.3","total_amount":"7.8","congestion_surcharge":"","tripId":"0dbaefe9-c6cc-47e8-aa0b-784a0200dd5b"},{"VendorID":"1","tpep_pickup_datetime":"2023-06-09 06:00:18","tpep_dropoff_datetime":"2023-01-10 06:02:40","passenger_count":"1","trip_distance":".30","RatecodeID":"1","store_and_fwd_flag":"N","PULocationID":"113","DOLocationID":"113","payment_type":"1","fare_amount":"3.5","extra":"0","mta_tax":"0.5","tip_amount":"0.85","tolls_amount":"0","improvement_surcharge":"0.3","total_amount":"5.15","congestion_surcharge":"","tripId":"a6eac8ea-fc73-4851-a64f-62a7705dfe17"},{"VendorID":"1","tpep_pickup_datetime":"2023-07-27 06:29:00","tpep_dropoff_datetime":"2023-04-19 06:37:16","passenger_count":"1","trip_distance":"2.60","RatecodeID":"1","store_and_fwd_flag":"N","PULocationID":"231","DOLocationID":"186","payment_type":"1","fare_amount":"9.5","extra":"0","mta_tax":"0.5","tip_amount":"2.55","tolls_amount":"0","improvement_surcharge":"0.3","total_amount":"12.85","congestion_surcharge":"","tripId":"7bba64b5-c727-444a-9ed5-0c5df0c1b8b0"},{"VendorID":"1","tpep_pickup_datetime":"2023-05-25 06:38:55","tpep_dropoff_datetime":"2023-03-30 06:46:19","passenger_count":"1","trip_distance":"1.30","RatecodeID":"1","store_and_fwd_flag":"N","PULocationID":"186","DOLocationID":"48","payment_type":"2","fare_amount":"7","extra":"0","mta_tax":"0.5","tip_amount":"0","tolls_amount":"0","improvement_surcharge":"0.3","total_amount":"7.8","congestion_surcharge":"","tripId":"ef604a69-3d67-4dcc-8a7f-afd2cebac0f7"},{"VendorID":"1","tpep_pickup_datetime":"2023-06-21 06:48:00","tpep_dropoff_datetime":"2023-10-09 06:52:28","passenger_count":"1","trip_distance":".80","RatecodeID":"1","store_and_fwd_flag":"N","PULocationID":"50","DOLocationID":"230","payment_type":"1","fare_amount":"5","extra":"0","mta_tax":"0.5","tip_amount":"1","tolls_amount":"0","improvement_surcharge":"0.3","total_amount":"6.8","congestion_surcharge":"","tripId":"cee466bd-037a-4d3e-a546-d6baae6eb537"},{"VendorID":"1","tpep_pickup_datetime":"2023-10-26 06:52:46","tpep_dropoff_datetime":"2023-08-24 06:53:06","passenger_count":"0","trip_distance":".00","RatecodeID":"2","store_and_fwd_flag":"N","PULocationID":"238","DOLocationID":"238","payment_type":"1","fare_amount":"52","extra":"0","mta_tax":"0.5","tip_amount":"7","tolls_amount":"5.76","improvement_surcharge":"0.3","total_amount":"65.56","congestion_surcharge":"","tripId":"01f086e9-8e59-414c-a065-5128b4a968bf"},{"VendorID":"1","tpep_pickup_datetime":"2023-08-22 06:55:48","tpep_dropoff_datetime":"2023-08-07 06:56:54","passenger_count":"0","trip_distance":".40","RatecodeID":"1","store_and_fwd_flag":"N","PULocationID":"238","DOLocationID":"238","payment_type":"1","fare_amount":"3.5","extra":"0","mta_tax":"0.5","tip_amount":"0.85","tolls_amount":"0","improvement_surcharge":"0.3","total_amount":"5.15","congestion_surcharge":"","tripId":"84334dab-d384-4326-9d54-0539a04925a9"},{"VendorID":"2","tpep_pickup_datetime":"2023-01-15 06:55:08","tpep_dropoff_datetime":"2023-03-04 07:06:32","passenger_count":"1","trip_distance":"3.00","RatecodeID":"1","store_and_fwd_flag":"N","PULocationID":"151","DOLocationID":"230","payment_type":"1","fare_amount":"11.5","extra":"0","mta_tax":"0.5","tip_amount":"1.23","tolls_amount":"0","improvement_surcharge":"0.3","total_amount":"13.53","congestion_surcharge":"","tripId":"f5dcd60d-12f3-4c70-bbf3-4df296b5c9fd"},{"VendorID":"2","tpep_pickup_datetime":"2023-10-20 06:18:06","tpep_dropoff_datetime":"2023-08-21 06:21:19","passenger_count":"1","trip_distance":".80","RatecodeID":"1","store_and_fwd_flag":"N","PULocationID":"260","DOLocationID":"83","payment_type":"2","fare_amount":"5","extra":"0","mta_tax":"0.5","tip_amount":"0","tolls_amount":"0","improvement_surcharge":"0.3","total_amount":"5.8","congestion_surcharge":"","tripId":"227951fb-274c-40f7-abf5-3f796d21aa9b"},{"VendorID":"1","tpep_pickup_datetime":"2023-12-03 06:04:39","tpep_dropoff_datetime":"2023-12-26 06:09:46","passenger_count":"1","trip_distance":"1.70","RatecodeID":"1","store_and_fwd_flag":"N","PULocationID":"142","DOLocationID":"68","payment_type":"3","fare_amount":"7","extra":"0","mta_tax":"0.5","tip_amount":"0","tolls_amount":"0","improvement_surcharge":"0.3","total_amount":"7.8","congestion_surcharge":"","tripId":"fe5f7c4d-936b-4ef5-9b52-a56765dcef2d"},{"VendorID":"1","tpep_pickup_datetime":"2023-03-02 06:13:41","tpep_dropoff_datetime":"2023-03-31 06:18:58","passenger_count":"1","trip_distance":".80","RatecodeID":"1","store_and_fwd_flag":"N","PULocationID":"186","DOLocationID":"164","payment_type":"1","fare_amount":"5.5","extra":"0","mta_tax":"0.5","tip_amount":"1.26","tolls_amount":"0","improvement_surcharge":"0.3","total_amount":"7.56","congestion_surcharge":"","tripId":"7de1ab3e-920a-42c4-a77e-17f23a042400"},{"VendorID":"1","tpep_pickup_datetime":"2023-04-30 06:37:13","tpep_dropoff_datetime":"2023-07-05 06:40:18","passenger_count":"1","trip_distance":".80","RatecodeID":"1","store_and_fwd_flag":"N","PULocationID":"4","DOLocationID":"114","payment_type":"1","fare_amount":"5","extra":"0","mta_tax":"0.5","tip_amount":"1.2","tolls_amount":"0","improvement_surcharge":"0.3","total_amount":"7","congestion_surcharge":"","tripId":"a6f73ffb-25b8-4f82-9680-3dfe56bb401a"},{"VendorID":"1","tpep_pickup_datetime":"2023-03-20 06:38:17","tpep_dropoff_datetime":"2023-01-24 06:48:07","passenger_count":"1","trip_distance":"2.50","RatecodeID":"1","store_and_fwd_flag":"N","PULocationID":"262","DOLocationID":"161","payment_type":"1","fare_amount":"10.5","extra":"0","mta_tax":"0.5","tip_amount":"1","tolls_amount":"0","improvement_surcharge":"0.3","total_amount":"12.3","congestion_surcharge":"","tripId":"7fd962f6-56f4-4719-adec-c001ca1173a1"},{"VendorID":"2","tpep_pickup_datetime":"2023-08-11 06:17:35","tpep_dropoff_datetime":"2023-10-30 06:37:21","passenger_count":"1","trip_distance":"7.95","RatecodeID":"1","store_and_fwd_flag":"N","PULocationID":"166","DOLocationID":"138","payment_type":"1","fare_amount":"25","extra":"0","mta_tax":"0.5","tip_amount":"7.89","tolls_amount":"5.76","improvement_surcharge":"0.3","total_amount":"39.45","congestion_surcharge":"","tripId":"f089284d-f92d-4008-ad36-1b879b152677"},{"VendorID":"1","tpep_pickup_datetime":"2023-06-23 06:51:22","tpep_dropoff_datetime":"2024-01-11 07:17:38","passenger_count":"1","trip_distance":"6.70","RatecodeID":"1","store_and_fwd_flag":"N","PULocationID":"141","DOLocationID":"234","payment_type":"1","fare_amount":"25","extra":"0","mta_tax":"0.5","tip_amount":"5.15","tolls_amount":"0","improvement_surcharge":"0.3","total_amount":"30.95","congestion_surcharge":"","tripId":"b52ba0b2-a744-47cc-9219-0abfdac35db3"},{"VendorID":"2","tpep_pickup_datetime":"2023-10-12 06:37:23","tpep_dropoff_datetime":"2023-02-04 06:48:52","passenger_count":"1","trip_distance":"2.09","RatecodeID":"1","store_and_fwd_flag":"N","PULocationID":"75","DOLocationID":"151","payment_type":"2","fare_amount":"10","extra":"0","mta_tax":"0.5","tip_amount":"0","tolls_amount":"0","improvement_surcharge":"0.3","total_amount":"10.8","congestion_surcharge":"","tripId":"0853f605-b955-46cf-8654-d99445ac14a7"},{"VendorID":"2","tpep_pickup_datetime":"2023-07-11 06:54:06","tpep_dropoff_datetime":"2023-09-14 07:02:01","passenger_count":"1","trip_distance":"2.41","RatecodeID":"1","store_and_fwd_flag":"N","PULocationID":"238","DOLocationID":"74","payment_type":"1","fare_amount":"9","extra":"0","mta_tax":"0.5","tip_amount":"2","tolls_amount":"0","improvement_surcharge":"0.3","total_amount":"11.8","congestion_surcharge":"","tripId":"1ebc7aa3-c1a9-4c99-bc3a-ef6097083b96"},{"VendorID":"1","tpep_pickup_datetime":"2023-03-14 06:00:58","tpep_dropoff_datetime":"2023-06-25 06:14:20","passenger_count":"1","trip_distance":"4.30","RatecodeID":"1","store_and_fwd_flag":"N","PULocationID":"263","DOLocationID":"113","payment_type":"1","fare_amount":"14.5","extra":"0.5","mta_tax":"0.5","tip_amount":"1","tolls_amount":"0","improvement_surcharge":"0.3","total_amount":"16.8","congestion_surcharge":"","tripId":"055e64b6-5ccf-42b8-85f0-54eff4f54c93"},{"VendorID":"1","tpep_pickup_datetime":"2023-04-13 06:22:48","tpep_dropoff_datetime":"2023-06-10 06:29:56","passenger_count":"1","trip_distance":"2.50","RatecodeID":"1","store_and_fwd_flag":"N","PULocationID":"234","DOLocationID":"162","payment_type":"1","fare_amount":"9","extra":"0","mta_tax":"0.5","tip_amount":"2.45","tolls_amount":"0","improvement_surcharge":"0.3","total_amount":"12.25","congestion_surcharge":"","tripId":"9e08eb63-ce4f-456b-81ef-053dd39ceebe"},{"VendorID":"1","tpep_pickup_datetime":"2023-02-17 06:45:42","tpep_dropoff_datetime":"2023-12-17 06:57:17","passenger_count":"1","trip_distance":"2.40","RatecodeID":"1","store_and_fwd_flag":"N","PULocationID":"239","DOLocationID":"140","payment_type":"1","fare_amount":"10.5","extra":"0","mta_tax":"0.5","tip_amount":"1","tolls_amount":"0","improvement_surcharge":"0.3","total_amount":"12.3","congestion_surcharge":"","tripId":"211e1aff-ffdb-44b1-8702-4ae6b7718fbb"},{"VendorID":"1","tpep_pickup_datetime":"2023-05-01 06:59:13","tpep_dropoff_datetime":"2023-12-24 07:06:37","passenger_count":"1","trip_distance":".90","RatecodeID":"1","store_and_fwd_flag":"N","PULocationID":"263","DOLocationID":"236","payment_type":"2","fare_amount":"6.5","extra":"0","mta_tax":"0.5","tip_amount":"0","tolls_amount":"0","improvement_surcharge":"0.3","total_amount":"7.3","congestion_surcharge":"","tripId":"c1b7d4e8-346e-4f3f-8480-cd03db149803"},{"VendorID":"1","tpep_pickup_datetime":"2023-07-15 06:11:14","tpep_dropoff_datetime":"2023-02-16 06:18:08","passenger_count":"1","trip_distance":"2.30","RatecodeID":"1","store_and_fwd_flag":"N","PULocationID":"90","DOLocationID":"163","payment_type":"1","fare_amount":"9","extra":"0","mta_tax":"0.5","tip_amount":"1.95","tolls_amount":"0","improvement_surcharge":"0.3","total_amount":"11.75","congestion_surcharge":"","tripId":"b08aeeb9-5cb3-4140-a7dd-bfbb6a18cb96"},{"VendorID":"1","tpep_pickup_datetime":"2023-04-28 06:20:49","tpep_dropoff_datetime":"2024-01-31 06:26:30","passenger_count":"2","trip_distance":".80","RatecodeID":"1","store_and_fwd_flag":"N","PULocationID":"237","DOLocationID":"140","payment_type":"2","fare_amount":"5.5","extra":"0","mta_tax":"0.5","tip_amount":"0","tolls_amount":"0","improvement_surcharge":"0.3","total_amount":"6.3","congestion_surcharge":"","tripId":"a167c56d-c7a9-4ed8-a63f-906f9631d707"},{"VendorID":"1","tpep_pickup_datetime":"2023-10-15 06:32:10","tpep_dropoff_datetime":"2023-05-23 06:42:13","passenger_count":"1","trip_distance":"2.90","RatecodeID":"1","store_and_fwd_flag":"N","PULocationID":"262","DOLocationID":"161","payment_type":"1","fare_amount":"11","extra":"0","mta_tax":"0.5","tip_amount":"2.35","tolls_amount":"0","improvement_surcharge":"0.3","total_amount":"14.15","congestion_surcharge":"","tripId":"2250c7d1-d7af-4278-b3d5-c33719b2ced3"},{"VendorID":"1","tpep_pickup_datetime":"2023-12-22 06:47:46","tpep_dropoff_datetime":"2023-01-26 06:50:57","passenger_count":"1","trip_distance":".50","RatecodeID":"1","store_and_fwd_flag":"N","PULocationID":"100","DOLocationID":"164","payment_type":"1","fare_amount":"4.5","extra":"0","mta_tax":"0.5","tip_amount":"1","tolls_amount":"0","improvement_surcharge":"0.3","total_amount":"6.3","congestion_surcharge":"","tripId":"11e11c20-3f30-4b19-acf8-7aaec12d4620"},{"VendorID":"1","tpep_pickup_datetime":"2023-06-10 06:58:46","tpep_dropoff_datetime":"2023-01-30 07:03:47","passenger_count":"1","trip_distance":"1.30","RatecodeID":"1","store_and_fwd_flag":"N","PULocationID":"137","DOLocationID":"186","payment_type":"1","fare_amount":"6","extra":"0","mta_tax":"0.5","tip_amount":"2","tolls_amount":"0","improvement_surcharge":"0.3","total_amount":"8.8","congestion_surcharge":"","tripId":"baf6119b-15fd-4c89-a90b-58f6c06ce052"},{"VendorID":"1","tpep_pickup_datetime":"2023-05-19 06:24:59","tpep_dropoff_datetime":"2024-01-31 06:28:05","passenger_count":"1","trip_distance":".60","RatecodeID":"1","store_and_fwd_flag":"N","PULocationID":"74","DOLocationID":"74","payment_type":"2","fare_amount":"4.5","extra":"0","mta_tax":"0.5","tip_amount":"0","tolls_amount":"0","improvement_surcharge":"0.3","total_amount":"5.3","congestion_surcharge":"","tripId":"78e7bad0-31f9-4b31-9567-fdc0e4566e5f"},{"VendorID":"1","tpep_pickup_datetime":"2023-04-21 06:42:48","tpep_dropoff_datetime":"2023-10-03 06:55:49","passenger_count":"1","trip_distance":"6.00","RatecodeID":"1","store_and_fwd_flag":"N","PULocationID":"162","DOLocationID":"87","payment_type":"2","fare_amount":"18.5","extra":"0","mta_tax":"0.5","tip_amount":"0","tolls_amount":"0","improvement_surcharge":"0.3","total_amount":"19.3","congestion_surcharge":"","tripId":"e72b8873-5e19-4cf4-bd36-0832e9898025"},{"VendorID":"2","tpep_pickup_datetime":"2023-11-15 06:02:08","tpep_dropoff_datetime":"2023-11-05 06:09:14","passenger_count":"1","trip_distance":"2.13","RatecodeID":"1","store_and_fwd_flag":"N","PULocationID":"249","DOLocationID":"230","payment_type":"1","fare_amount":"8.5","extra":"0","mta_tax":"0.5","tip_amount":"1","tolls_amount":"0","improvement_surcharge":"0.3","total_amount":"10.3","congestion_surcharge":"","tripId":"d4620908-4a89-4b98-8188-ba898156b630"},{"VendorID":"2","tpep_pickup_datetime":"2024-01-18 06:13:55","tpep_dropoff_datetime":"2023-11-11 06:23:42","passenger_count":"1","trip_distance":"3.39","RatecodeID":"1","store_and_fwd_flag":"N","PULocationID":"100","DOLocationID":"151","payment_type":"1","fare_amount":"11.5","extra":"0","mta_tax":"0.5","tip_amount":"2.46","tolls_amount":"0","improvement_surcharge":"0.3","total_amount":"14.76","congestion_surcharge":"","tripId":"3171ddb7-58f9-4e97-998b-da00e97b538f"},{"VendorID":"2","tpep_pickup_datetime":"2023-06-24 06:26:21","tpep_dropoff_datetime":"2023-10-20 06:35:13","passenger_count":"1","trip_distance":"2.95","RatecodeID":"1","store_and_fwd_flag":"N","PULocationID":"151","DOLocationID":"143","payment_type":"2","fare_amount":"10","extra":"0","mta_tax":"0.5","tip_amount":"0","tolls_amount":"0","improvement_surcharge":"0.3","total_amount":"10.8","congestion_surcharge":"","tripId":"bc5591e6-ce07-4e87-ad6f-d30399d1eba7"},{"VendorID":"2","tpep_pickup_datetime":"2023-07-22 06:38:30","tpep_dropoff_datetime":"2023-10-12 06:42:57","passenger_count":"1","trip_distance":".68","RatecodeID":"1","store_and_fwd_flag":"N","PULocationID":"143","DOLocationID":"143","payment_type":"1","fare_amount":"5","extra":"0","mta_tax":"0.5","tip_amount":"1","tolls_amount":"0","improvement_surcharge":"0.3","total_amount":"6.8","congestion_surcharge":"","tripId":"2de3f5c7-be98-4398-a0cb-ece7b0c10ef2"},{"VendorID":"2","tpep_pickup_datetime":"2023-08-18 06:48:30","tpep_dropoff_datetime":"2023-07-17 06:52:18","passenger_count":"1","trip_distance":"1.04","RatecodeID":"1","store_and_fwd_flag":"N","PULocationID":"142","DOLocationID":"230","payment_type":"1","fare_amount":"5.5","extra":"0","mta_tax":"0.5","tip_amount":"1.26","tolls_amount":"0","improvement_surcharge":"0.3","total_amount":"7.56","congestion_surcharge":"","tripId":"b326c2ec-5c34-4c06-bc93-046e7c6d30f1"},{"VendorID":"2","tpep_pickup_datetime":"2023-06-14 06:58:00","tpep_dropoff_datetime":"2023-04-09 07:05:18","passenger_count":"2","trip_distance":"1.80","RatecodeID":"1","store_and_fwd_flag":"N","PULocationID":"100","DOLocationID":"143","payment_type":"1","fare_amount":"8","extra":"0","mta_tax":"0.5","tip_amount":"2.2","tolls_amount":"0","improvement_surcharge":"0.3","total_amount":"11","congestion_surcharge":"","tripId":"b85590ab-485f-4345-937c-0801aed5bb69"},{"VendorID":"2","tpep_pickup_datetime":"2023-09-04 06:40:22","tpep_dropoff_datetime":"2024-01-29 06:48:19","passenger_count":"1","trip_distance":"1.41","RatecodeID":"1","store_and_fwd_flag":"N","PULocationID":"100","DOLocationID":"161","payment_type":"1","fare_amount":"7.5","extra":"0","mta_tax":"0.5","tip_amount":"1.66","tolls_amount":"0","improvement_surcharge":"0.3","total_amount":"9.96","congestion_surcharge":"","tripId":"8ae94170-e3b3-4654-a52b-94dfc21d811b"},{"VendorID":"2","tpep_pickup_datetime":"2023-09-03 06:25:21","tpep_dropoff_datetime":"2023-12-10 06:28:14","passenger_count":"1","trip_distance":".75","RatecodeID":"1","store_and_fwd_flag":"N","PULocationID":"141","DOLocationID":"140","payment_type":"2","fare_amount":"4.5","extra":"0","mta_tax":"0.5","tip_amount":"0","tolls_amount":"0","improvement_surcharge":"0.3","total_amount":"5.3","congestion_surcharge":"","tripId":"f3c68897-ee35-4c2a-b18a-6318f579fb62"},{"VendorID":"2","tpep_pickup_datetime":"2023-06-25 06:31:10","tpep_dropoff_datetime":"2023-05-29 06:35:03","passenger_count":"1","trip_distance":".63","RatecodeID":"1","store_and_fwd_flag":"N","PULocationID":"140","DOLocationID":"237","payment_type":"1","fare_amount":"4.5","extra":"0","mta_tax":"0.5","tip_amount":"1.06","tolls_amount":"0","improvement_surcharge":"0.3","total_amount":"6.36","congestion_surcharge":"","tripId":"90f95061-a528-419c-b09b-bd7b37d63a41"},{"VendorID":"2","tpep_pickup_datetime":"2023-10-18 06:40:10","tpep_dropoff_datetime":"2023-10-29 06:45:32","passenger_count":"1","trip_distance":"1.70","RatecodeID":"1","store_and_fwd_flag":"N","PULocationID":"236","DOLocationID":"161","payment_type":"1","fare_amount":"7","extra":"0","mta_tax":"0.5","tip_amount":"1.56","tolls_amount":"0","improvement_surcharge":"0.3","total_amount":"9.36","congestion_surcharge":"","tripId":"cecd2ece-3ec3-4e33-b45c-882cd2bef98c"},{"VendorID":"2","tpep_pickup_datetime":"2023-11-02 06:49:02","tpep_dropoff_datetime":"2023-01-04 06:54:36","passenger_count":"1","trip_distance":".86","RatecodeID":"1","store_and_fwd_flag":"N","PULocationID":"230","DOLocationID":"48","payment_type":"2","fare_amount":"5.5","extra":"0","mta_tax":"0.5","tip_amount":"0","tolls_amount":"0","improvement_surcharge":"0.3","total_amount":"6.3","congestion_surcharge":"","tripId":"316fe381-0ac0-4551-9b97-2bdcdac5186e"},{"VendorID":"2","tpep_pickup_datetime":"2023-12-20 06:55:21","tpep_dropoff_datetime":"2023-11-01 07:03:08","passenger_count":"1","trip_distance":"1.84","RatecodeID":"1","store_and_fwd_flag":"N","PULocationID":"48","DOLocationID":"90","payment_type":"1","fare_amount":"8","extra":"0","mta_tax":"0.5","tip_amount":"1.76","tolls_amount":"0","improvement_surcharge":"0.3","total_amount":"10.56","congestion_surcharge":"","tripId":"775e0685-f2a0-4492-8647-8655fc20c1f1"},{"VendorID":"2","tpep_pickup_datetime":"2023-12-09 06:03:22","tpep_dropoff_datetime":"2023-06-03 06:17:32","passenger_count":"2","trip_distance":"6.64","RatecodeID":"1","store_and_fwd_flag":"N","PULocationID":"76","DOLocationID":"132","payment_type":"1","fare_amount":"20.5","extra":"0","mta_tax":"0.5","tip_amount":"4.26","tolls_amount":"0","improvement_surcharge":"0.3","total_amount":"30.51","congestion_surcharge":"","tripId":"50f80ba9-709d-43e4-a916-ae87fa726127"},{"VendorID":"2","tpep_pickup_datetime":"2023-02-10 06:30:17","tpep_dropoff_datetime":"2023-01-01 07:15:22","passenger_count":"1","trip_distance":"11.50","RatecodeID":"1","store_and_fwd_flag":"N","PULocationID":"203","DOLocationID":"61","payment_type":"1","fare_amount":"38","extra":"0","mta_tax":"0.5","tip_amount":"0","tolls_amount":"0","improvement_surcharge":"0.3","total_amount":"38.8","congestion_surcharge":"","tripId":"5f35c90c-9922-4510-a9b2-2debcd43253b"},{"VendorID":"1","tpep_pickup_datetime":"2023-05-12 06:36:53","tpep_dropoff_datetime":"2023-05-13 06:44:51","passenger_count":"1","trip_distance":"2.10","RatecodeID":"1","store_and_fwd_flag":"N","PULocationID":"263","DOLocationID":"162","payment_type":"1","fare_amount":"8.5","extra":"0","mta_tax":"0.5","tip_amount":"1.86","tolls_amount":"0","improvement_surcharge":"0.3","total_amount":"11.16","congestion_surcharge":"","tripId":"0394812a-f946-4ee9-8bc3-5a3930920487"},{"VendorID":"1","tpep_pickup_datetime":"2023-02-14 06:46:17","tpep_dropoff_datetime":"2023-03-31 07:00:46","passenger_count":"1","trip_distance":"3.70","RatecodeID":"1","store_and_fwd_flag":"N","PULocationID":"162","DOLocationID":"13","payment_type":"1","fare_amount":"13.5","extra":"0","mta_tax":"0.5","tip_amount":"1.43","tolls_amount":"0","improvement_surcharge":"0.3","total_amount":"15.73","congestion_surcharge":"","tripId":"f1759354-b5af-467a-85de-0afd5991ea88"},{"VendorID":"2","tpep_pickup_datetime":"2024-01-02 06:37:18","tpep_dropoff_datetime":"2023-12-24 07:05:35","passenger_count":"1","trip_distance":"11.87","RatecodeID":"5","store_and_fwd_flag":"N","PULocationID":"168","DOLocationID":"33","payment_type":"1","fare_amount":"36.9","extra":"0","mta_tax":"0.5","tip_amount":"0","tolls_amount":"0","improvement_surcharge":"0.3","total_amount":"37.7","congestion_surcharge":"","tripId":"57f25736-bba9-4c96-bb20-20cf73ef30d0"},{"VendorID":"1","tpep_pickup_datetime":"2023-02-07 06:24:49","tpep_dropoff_datetime":"2023-10-03 06:42:16","passenger_count":"1","trip_distance":"4.90","RatecodeID":"1","store_and_fwd_flag":"N","PULocationID":"263","DOLocationID":"158","payment_type":"1","fare_amount":"16.5","extra":"0","mta_tax":"0.5","tip_amount":"3","tolls_amount":"0","improvement_surcharge":"0.3","total_amount":"20.3","congestion_surcharge":"","tripId":"ed6f4e00-ec44-4554-a260-7261b88ba615"},{"VendorID":"1","tpep_pickup_datetime":"2023-06-09 06:49:47","tpep_dropoff_datetime":"2024-01-24 06:57:57","passenger_count":"1","trip_distance":"1.80","RatecodeID":"1","store_and_fwd_flag":"N","PULocationID":"158","DOLocationID":"100","payment_type":"2","fare_amount":"8","extra":"0","mta_tax":"0.5","tip_amount":"0","tolls_amount":"0","improvement_surcharge":"0.3","total_amount":"8.8","congestion_surcharge":"","tripId":"8a50cac1-9c8f-46a1-b483-ba8d1eed4b97"},{"VendorID":"2","tpep_pickup_datetime":"2023-08-17 06:27:59","tpep_dropoff_datetime":"2023-06-25 06:35:24","passenger_count":"2","trip_distance":"1.95","RatecodeID":"1","store_and_fwd_flag":"N","PULocationID":"68","DOLocationID":"114","payment_type":"1","fare_amount":"8","extra":"0","mta_tax":"0.5","tip_amount":"2.2","tolls_amount":"0","improvement_surcharge":"0.3","total_amount":"11","congestion_surcharge":"","tripId":"9ed2a342-c4ff-46fa-b80a-5c8400b292a9"},{"VendorID":"2","tpep_pickup_datetime":"2023-10-10 06:45:04","tpep_dropoff_datetime":"2023-09-13 06:51:18","passenger_count":"2","trip_distance":"1.39","RatecodeID":"1","store_and_fwd_flag":"N","PULocationID":"90","DOLocationID":"230","payment_type":"1","fare_amount":"6.5","extra":"0","mta_tax":"0.5","tip_amount":"1.1","tolls_amount":"0","improvement_surcharge":"0.3","total_amount":"8.4","congestion_surcharge":"","tripId":"e68f73d8-2159-4790-96e8-eb527702e69c"},{"VendorID":"2","tpep_pickup_datetime":"2024-01-29 06:54:35","tpep_dropoff_datetime":"2023-04-28 06:58:18","passenger_count":"2","trip_distance":"1.12","RatecodeID":"1","store_and_fwd_flag":"N","PULocationID":"100","DOLocationID":"234","payment_type":"2","fare_amount":"5.5","extra":"0","mta_tax":"0.5","tip_amount":"0","tolls_amount":"0","improvement_surcharge":"0.3","total_amount":"6.3","congestion_surcharge":"","tripId":"8959855e-bd7e-45c3-b98a-afa95fc6ee87"},{"VendorID":"2","tpep_pickup_datetime":"2023-09-26 06:48:36","tpep_dropoff_datetime":"2023-06-23 06:54:38","passenger_count":"1","trip_distance":"2.20","RatecodeID":"1","store_and_fwd_flag":"N","PULocationID":"262","DOLocationID":"162","payment_type":"1","fare_amount":"8.5","extra":"0","mta_tax":"0.5","tip_amount":"1.67","tolls_amount":"0","improvement_surcharge":"0.3","total_amount":"10.97","congestion_surcharge":"","tripId":"5fa8c921-b15e-4110-b8b0-f93bfff7baa8"},{"VendorID":"1","tpep_pickup_datetime":"2023-07-21 06:20:51","tpep_dropoff_datetime":"2023-01-25 06:25:42","passenger_count":"1","trip_distance":"1.00","RatecodeID":"1","store_and_fwd_flag":"N","PULocationID":"100","DOLocationID":"163","payment_type":"1","fare_amount":"5.5","extra":"0","mta_tax":"0.5","tip_amount":"0","tolls_amount":"0","improvement_surcharge":"0.3","total_amount":"6.3","congestion_surcharge":"","tripId":"d31bcd03-6250-4fe3-8220-dcf1858b25df"},{"VendorID":"1","tpep_pickup_datetime":"2023-02-10 06:28:24","tpep_dropoff_datetime":"2023-07-04 06:32:48","passenger_count":"1","trip_distance":".60","RatecodeID":"1","store_and_fwd_flag":"N","PULocationID":"230","DOLocationID":"50","payment_type":"2","fare_amount":"5","extra":"0","mta_tax":"0.5","tip_amount":"0","tolls_amount":"0","improvement_surcharge":"0.3","total_amount":"5.8","congestion_surcharge":"","tripId":"307adf2b-349f-4b86-948b-216316995f44"},{"VendorID":"1","tpep_pickup_datetime":"2023-01-11 06:37:38","tpep_dropoff_datetime":"2023-03-20 06:45:21","passenger_count":"1","trip_distance":"1.90","RatecodeID":"1","store_and_fwd_flag":"N","PULocationID":"163","DOLocationID":"90","payment_type":"2","fare_amount":"8","extra":"0","mta_tax":"0.5","tip_amount":"0","tolls_amount":"0","improvement_surcharge":"0.3","total_amount":"8.8","congestion_surcharge":"","tripId":"bca51421-28b1-45ba-b517-f476f7994612"},{"VendorID":"1","tpep_pickup_datetime":"2024-01-06 06:57:33","tpep_dropoff_datetime":"2023-09-23 07:02:12","passenger_count":"1","trip_distance":".80","RatecodeID":"1","store_and_fwd_flag":"N","PULocationID":"68","DOLocationID":"246","payment_type":"1","fare_amount":"5","extra":"0","mta_tax":"0.5","tip_amount":"0.87","tolls_amount":"0","improvement_surcharge":"0.3","total_amount":"6.67","congestion_surcharge":"","tripId":"1a291123-365b-4ad3-9bbb-ed3f167db226"},{"VendorID":"2","tpep_pickup_datetime":"2023-02-16 06:49:43","tpep_dropoff_datetime":"2023-02-21 07:17:33","passenger_count":"5","trip_distance":"17.32","RatecodeID":"2","store_and_fwd_flag":"N","PULocationID":"90","DOLocationID":"132","payment_type":"2","fare_amount":"52","extra":"0","mta_tax":"0.5","tip_amount":"0","tolls_amount":"5.76","improvement_surcharge":"0.3","total_amount":"58.56","congestion_surcharge":"","tripId":"a095ad86-a1d8-48cc-8448-8ec045ae782f"},{"VendorID":"2","tpep_pickup_datetime":"2023-08-12 06:09:56","tpep_dropoff_datetime":"2023-11-05 06:10:02","passenger_count":"1","trip_distance":".00","RatecodeID":"1","store_and_fwd_flag":"N","PULocationID":"132","DOLocationID":"132","payment_type":"2","fare_amount":"2.5","extra":"0","mta_tax":"0.5","tip_amount":"0","tolls_amount":"0","improvement_surcharge":"0.3","total_amount":"3.3","congestion_surcharge":"","tripId":"2e7566b2-2557-4035-8887-afe9a0f85cfd"},{"VendorID":"2","tpep_pickup_datetime":"2023-01-26 06:10:22","tpep_dropoff_datetime":"2023-09-20 06:52:19","passenger_count":"1","trip_distance":"18.71","RatecodeID":"2","store_and_fwd_flag":"N","PULocationID":"132","DOLocationID":"90","payment_type":"1","fare_amount":"52","extra":"0","mta_tax":"0.5","tip_amount":"6","tolls_amount":"5.76","improvement_surcharge":"0.3","total_amount":"64.56","congestion_surcharge":"","tripId":"94394dad-894e-40ab-9d92-3027375d7887"},{"VendorID":"2","tpep_pickup_datetime":"2023-01-31 06:55:50","tpep_dropoff_datetime":"2023-08-09 07:19:03","passenger_count":"1","trip_distance":"4.34","RatecodeID":"1","store_and_fwd_flag":"N","PULocationID":"68","DOLocationID":"140","payment_type":"1","fare_amount":"18","extra":"0","mta_tax":"0.5","tip_amount":"2","tolls_amount":"0","improvement_surcharge":"0.3","total_amount":"20.8","congestion_surcharge":"","tripId":"644356aa-a863-4d36-9e72-134f6514e222"},{"VendorID":"2","tpep_pickup_datetime":"2024-01-19 05:56:34","tpep_dropoff_datetime":"2023-10-10 06:00:47","passenger_count":"1","trip_distance":"1.03","RatecodeID":"1","store_and_fwd_flag":"N","PULocationID":"186","DOLocationID":"107","payment_type":"2","fare_amount":"5.5","extra":"0","mta_tax":"0.5","tip_amount":"0","tolls_amount":"0","improvement_surcharge":"0.3","total_amount":"6.3","congestion_surcharge":"","tripId":"b697e4be-4803-4a2e-b9d3-cf791b1ae536"},{"VendorID":"2","tpep_pickup_datetime":"2023-04-11 06:03:29","tpep_dropoff_datetime":"2023-04-02 06:06:49","passenger_count":"1","trip_distance":"1.02","RatecodeID":"1","store_and_fwd_flag":"N","PULocationID":"107","DOLocationID":"162","payment_type":"1","fare_amount":"5","extra":"0","mta_tax":"0.5","tip_amount":"1.16","tolls_amount":"0","improvement_surcharge":"0.3","total_amount":"6.96","congestion_surcharge":"","tripId":"d53d368b-f530-48c4-b4ec-20bb642f47dc"},{"VendorID":"2","tpep_pickup_datetime":"2023-11-01 06:14:37","tpep_dropoff_datetime":"2023-12-09 06:19:43","passenger_count":"1","trip_distance":"1.01","RatecodeID":"1","store_and_fwd_flag":"N","PULocationID":"100","DOLocationID":"137","payment_type":"1","fare_amount":"6","extra":"0","mta_tax":"0.5","tip_amount":"1.36","tolls_amount":"0","improvement_surcharge":"0.3","total_amount":"8.16","congestion_surcharge":"","tripId":"5ff4438a-d799-4c81-a6bc-1f535a0146f2"},{"VendorID":"2","tpep_pickup_datetime":"2023-01-04 06:26:59","tpep_dropoff_datetime":"2023-09-22 06:29:25","passenger_count":"1","trip_distance":".67","RatecodeID":"1","store_and_fwd_flag":"N","PULocationID":"100","DOLocationID":"68","payment_type":"1","fare_amount":"4","extra":"0","mta_tax":"0.5","tip_amount":"0.96","tolls_amount":"0","improvement_surcharge":"0.3","total_amount":"5.76","congestion_surcharge":"","tripId":"d5664909-5162-4916-b3cc-77d802cafcfb"},{"VendorID":"2","tpep_pickup_datetime":"2023-06-10 06:37:12","tpep_dropoff_datetime":"2023-04-02 06:43:26","passenger_count":"1","trip_distance":"1.81","RatecodeID":"1","store_and_fwd_flag":"N","PULocationID":"186","DOLocationID":"113","payment_type":"1","fare_amount":"7.5","extra":"0","mta_tax":"0.5","tip_amount":"1.66","tolls_amount":"0","improvement_surcharge":"0.3","total_amount":"9.96","congestion_surcharge":"","tripId":"321a03a2-f94b-4517-a421-40ae0686bd16"},{"VendorID":"2","tpep_pickup_datetime":"2023-11-03 06:45:11","tpep_dropoff_datetime":"2023-04-19 07:02:09","passenger_count":"1","trip_distance":"4.42","RatecodeID":"1","store_and_fwd_flag":"N","PULocationID":"113","DOLocationID":"236","payment_type":"1","fare_amount":"15","extra":"0","mta_tax":"0.5","tip_amount":"6.2","tolls_amount":"0","improvement_surcharge":"0.3","total_amount":"22","congestion_surcharge":"","tripId":"c1cb6df9-a982-4b15-9385-9f55077b0d32"},{"VendorID":"2","tpep_pickup_datetime":"2023-12-12 06:40:25","tpep_dropoff_datetime":"2023-05-19 06:46:34","passenger_count":"1","trip_distance":"1.66","RatecodeID":"1","store_and_fwd_flag":"N","PULocationID":"162","DOLocationID":"234","payment_type":"2","fare_amount":"7.5","extra":"0","mta_tax":"0.5","tip_amount":"0","tolls_amount":"0","improvement_surcharge":"0.3","total_amount":"8.3","congestion_surcharge":"","tripId":"00825407-91a1-43a2-ad76-860e26552c67"},{"VendorID":"2","tpep_pickup_datetime":"2023-11-11 06:48:42","tpep_dropoff_datetime":"2023-07-08 06:57:13","passenger_count":"1","trip_distance":"2.32","RatecodeID":"1","store_and_fwd_flag":"N","PULocationID":"164","DOLocationID":"140","payment_type":"1","fare_amount":"9.5","extra":"0","mta_tax":"0.5","tip_amount":"2.06","tolls_amount":"0","improvement_surcharge":"0.3","total_amount":"12.36","congestion_surcharge":"","tripId":"65937b6d-6a84-44ce-910d-406590d14440"},{"VendorID":"2","tpep_pickup_datetime":"2023-08-30 05:56:17","tpep_dropoff_datetime":"2023-11-29 06:10:38","passenger_count":"2","trip_distance":"3.99","RatecodeID":"1","store_and_fwd_flag":"N","PULocationID":"48","DOLocationID":"41","payment_type":"1","fare_amount":"14.5","extra":"0","mta_tax":"0.5","tip_amount":"4.59","tolls_amount":"0","improvement_surcharge":"0.3","total_amount":"19.89","congestion_surcharge":"","tripId":"b8c87199-12c9-4fbc-834c-b1904a6de5d1"},{"VendorID":"2","tpep_pickup_datetime":"2023-05-11 06:46:20","tpep_dropoff_datetime":"2023-09-21 06:52:01","passenger_count":"1","trip_distance":"1.22","RatecodeID":"1","store_and_fwd_flag":"N","PULocationID":"142","DOLocationID":"238","payment_type":"1","fare_amount":"6.5","extra":"0","mta_tax":"0.5","tip_amount":"1.46","tolls_amount":"0","improvement_surcharge":"0.3","total_amount":"8.76","congestion_surcharge":"","tripId":"65849983-2873-46ea-95a0-aaad9e15287a"},{"VendorID":"2","tpep_pickup_datetime":"2023-08-18 06:45:13","tpep_dropoff_datetime":"2023-02-14 06:58:55","passenger_count":"1","trip_distance":"3.10","RatecodeID":"1","store_and_fwd_flag":"N","PULocationID":"179","DOLocationID":"226","payment_type":"2","fare_amount":"13","extra":"0","mta_tax":"0.5","tip_amount":"0","tolls_amount":"0","improvement_surcharge":"0.3","total_amount":"13.8","congestion_surcharge":"","tripId":"6c6af052-74ee-4298-b142-141fbc8190de"},{"VendorID":"2","tpep_pickup_datetime":"2023-11-06 06:10:00","tpep_dropoff_datetime":"2023-05-05 06:17:44","passenger_count":"1","trip_distance":"1.69","RatecodeID":"1","store_and_fwd_flag":"N","PULocationID":"137","DOLocationID":"230","payment_type":"1","fare_amount":"8","extra":"0","mta_tax":"0.5","tip_amount":"1.76","tolls_amount":"0","improvement_surcharge":"0.3","total_amount":"10.56","congestion_surcharge":"","tripId":"d70c3448-8996-43e4-905f-fa0cf618489d"},{"VendorID":"2","tpep_pickup_datetime":"2023-08-18 06:43:28","tpep_dropoff_datetime":"2023-10-26 06:50:08","passenger_count":"1","trip_distance":"1.30","RatecodeID":"1","store_and_fwd_flag":"N","PULocationID":"107","DOLocationID":"233","payment_type":"1","fare_amount":"7","extra":"0","mta_tax":"0.5","tip_amount":"1.56","tolls_amount":"0","improvement_surcharge":"0.3","total_amount":"9.36","congestion_surcharge":"","tripId":"6677d88e-eb32-4cc4-bcc0-4875008d1d31"},{"VendorID":"1","tpep_pickup_datetime":"2023-08-11 06:43:18","tpep_dropoff_datetime":"2023-02-03 06:52:07","passenger_count":"1","trip_distance":"2.00","RatecodeID":"1","store_and_fwd_flag":"Y","PULocationID":"113","DOLocationID":"230","payment_type":"1","fare_amount":"9","extra":"0","mta_tax":"0.5","tip_amount":"1","tolls_amount":"0","improvement_surcharge":"0.3","total_amount":"10.8","congestion_surcharge":"","tripId":"6b8d011d-cdef-4ecd-90c9-a6836a41a3ec"},{"VendorID":"1","tpep_pickup_datetime":"2023-08-14 06:57:00","tpep_dropoff_datetime":"2023-09-21 06:58:44","passenger_count":"1","trip_distance":".50","RatecodeID":"1","store_and_fwd_flag":"N","PULocationID":"48","DOLocationID":"230","payment_type":"2","fare_amount":"3.5","extra":"0","mta_tax":"0.5","tip_amount":"0","tolls_amount":"0","improvement_surcharge":"0.3","total_amount":"4.3","congestion_surcharge":"","tripId":"90bc60f9-dd52-4e3d-91fc-ae38d796b584"},{"VendorID":"2","tpep_pickup_datetime":"2024-01-09 06:41:19","tpep_dropoff_datetime":"2023-04-27 06:51:11","passenger_count":"3","trip_distance":"2.47","RatecodeID":"1","store_and_fwd_flag":"N","PULocationID":"107","DOLocationID":"230","payment_type":"2","fare_amount":"10","extra":"0","mta_tax":"0.5","tip_amount":"0","tolls_amount":"0","improvement_surcharge":"0.3","total_amount":"10.8","congestion_surcharge":"","tripId":"e6bcbab7-9a2e-4509-a2d6-3418cba475cd"},{"VendorID":"2","tpep_pickup_datetime":"2023-01-03 06:55:48","tpep_dropoff_datetime":"2023-07-09 06:59:13","passenger_count":"2","trip_distance":".70","RatecodeID":"1","store_and_fwd_flag":"N","PULocationID":"48","DOLocationID":"143","payment_type":"1","fare_amount":"4.5","extra":"0","mta_tax":"0.5","tip_amount":"0","tolls_amount":"0","improvement_surcharge":"0.3","total_amount":"5.3","congestion_surcharge":"","tripId":"452dffdd-7d1b-462a-b9dc-54d15f7816b5"},{"VendorID":"1","tpep_pickup_datetime":"2023-04-04 06:32:25","tpep_dropoff_datetime":"2023-02-04 06:39:30","passenger_count":"1","trip_distance":"2.30","RatecodeID":"1","store_and_fwd_flag":"N","PULocationID":"79","DOLocationID":"229","payment_type":"2","fare_amount":"8.5","extra":"0","mta_tax":"0.5","tip_amount":"0","tolls_amount":"0","improvement_surcharge":"0.3","total_amount":"9.3","congestion_surcharge":"","tripId":"6cb53641-226a-4b30-9385-be8938c7232e"},{"VendorID":"1","tpep_pickup_datetime":"2023-07-19 06:48:24","tpep_dropoff_datetime":"2023-03-09 06:53:04","passenger_count":"1","trip_distance":".70","RatecodeID":"1","store_and_fwd_flag":"N","PULocationID":"170","DOLocationID":"170","payment_type":"1","fare_amount":"5","extra":"0","mta_tax":"0.5","tip_amount":"1.15","tolls_amount":"0","improvement_surcharge":"0.3","total_amount":"6.95","congestion_surcharge":"","tripId":"1db1f687-f5fb-4f9d-a977-fbe17ba3bf7e"},{"VendorID":"2","tpep_pickup_datetime":"2023-04-20 06:48:08","tpep_dropoff_datetime":"2023-09-20 06:55:09","passenger_count":"1","trip_distance":"1.65","RatecodeID":"1","store_and_fwd_flag":"N","PULocationID":"237","DOLocationID":"161","payment_type":"2","fare_amount":"7.5","extra":"0","mta_tax":"0.5","tip_amount":"0","tolls_amount":"0","improvement_surcharge":"0.3","total_amount":"8.3","congestion_surcharge":"","tripId":"3537ae3c-c210-49df-800b-d96a46b5d0c0"},{"VendorID":"2","tpep_pickup_datetime":"2023-04-21 06:03:35","tpep_dropoff_datetime":"2023-08-20 06:10:32","passenger_count":"5","trip_distance":"2.14","RatecodeID":"1","store_and_fwd_flag":"N","PULocationID":"249","DOLocationID":"230","payment_type":"1","fare_amount":"8","extra":"0","mta_tax":"0.5","tip_amount":"2.2","tolls_amount":"0","improvement_surcharge":"0.3","total_amount":"11","congestion_surcharge":"","tripId":"ffbfddfd-a06e-4662-9c66-f8547fa890a6"},{"VendorID":"2","tpep_pickup_datetime":"2023-09-08 06:11:17","tpep_dropoff_datetime":"2023-01-10 06:21:25","passenger_count":"5","trip_distance":"1.77","RatecodeID":"1","store_and_fwd_flag":"N","PULocationID":"230","DOLocationID":"50","payment_type":"1","fare_amount":"8.5","extra":"0","mta_tax":"0.5","tip_amount":"2.32","tolls_amount":"0","improvement_surcharge":"0.3","total_amount":"11.62","congestion_surcharge":"","tripId":"109838eb-8410-4460-ae51-07430289ba02"},{"VendorID":"2","tpep_pickup_datetime":"2023-04-05 06:24:35","tpep_dropoff_datetime":"2023-05-13 06:26:10","passenger_count":"5","trip_distance":".62","RatecodeID":"1","store_and_fwd_flag":"N","PULocationID":"50","DOLocationID":"143","payment_type":"2","fare_amount":"4","extra":"0","mta_tax":"0.5","tip_amount":"0","tolls_amount":"0","improvement_surcharge":"0.3","total_amount":"4.8","congestion_surcharge":"","tripId":"8585c96b-f6cb-4449-9e31-2a109c4777a3"},{"VendorID":"2","tpep_pickup_datetime":"2023-12-09 06:41:07","tpep_dropoff_datetime":"2023-05-20 06:47:02","passenger_count":"5","trip_distance":"1.28","RatecodeID":"1","store_and_fwd_flag":"N","PULocationID":"239","DOLocationID":"230","payment_type":"1","fare_amount":"7","extra":"0","mta_tax":"0.5","tip_amount":"1.56","tolls_amount":"0","improvement_surcharge":"0.3","total_amount":"9.36","congestion_surcharge":"","tripId":"06c27767-3bb9-42f7-ad0b-071051224a4b"},{"VendorID":"2","tpep_pickup_datetime":"2023-07-26 06:05:34","tpep_dropoff_datetime":"2023-03-05 06:10:42","passenger_count":"1","trip_distance":"1.11","RatecodeID":"1","store_and_fwd_flag":"N","PULocationID":"48","DOLocationID":"161","payment_type":"1","fare_amount":"5.5","extra":"0","mta_tax":"0.5","tip_amount":"2","tolls_amount":"0","improvement_surcharge":"0.3","total_amount":"8.3","congestion_surcharge":"","tripId":"200b612c-1ae2-4e60-af58-0add667fbf4d"},{"VendorID":"2","tpep_pickup_datetime":"2023-01-18 06:28:53","tpep_dropoff_datetime":"2024-01-26 06:33:02","passenger_count":"1","trip_distance":".80","RatecodeID":"1","store_and_fwd_flag":"N","PULocationID":"162","DOLocationID":"233","payment_type":"1","fare_amount":"5","extra":"0","mta_tax":"0.5","tip_amount":"1.16","tolls_amount":"0","improvement_surcharge":"0.3","total_amount":"6.96","congestion_surcharge":"","tripId":"fca41ae6-159f-4d7e-b75e-1a7d9e511d7e"},{"VendorID":"2","tpep_pickup_datetime":"2023-10-28 06:44:56","tpep_dropoff_datetime":"2023-01-20 06:48:10","passenger_count":"1","trip_distance":".85","RatecodeID":"1","store_and_fwd_flag":"N","PULocationID":"162","DOLocationID":"137","payment_type":"1","fare_amount":"5","extra":"0","mta_tax":"0.5","tip_amount":"1.45","tolls_amount":"0","improvement_surcharge":"0.3","total_amount":"7.25","congestion_surcharge":"","tripId":"87d316e9-fafd-44c1-9206-413633c34bae"},{"VendorID":"2","tpep_pickup_datetime":"2023-10-10 06:50:36","tpep_dropoff_datetime":"2023-12-19 07:00:35","passenger_count":"1","trip_distance":"2.11","RatecodeID":"1","store_and_fwd_flag":"N","PULocationID":"233","DOLocationID":"140","payment_type":"1","fare_amount":"9","extra":"0","mta_tax":"0.5","tip_amount":"2","tolls_amount":"0","improvement_surcharge":"0.3","total_amount":"11.8","congestion_surcharge":"","tripId":"2bfe2468-9164-423e-86d5-d40e252ffad8"},{"VendorID":"2","tpep_pickup_datetime":"2023-10-03 06:43:27","tpep_dropoff_datetime":"2023-10-04 06:47:09","passenger_count":"1","trip_distance":"1.28","RatecodeID":"1","store_and_fwd_flag":"N","PULocationID":"162","DOLocationID":"234","payment_type":"2","fare_amount":"5.5","extra":"0","mta_tax":"0.5","tip_amount":"0","tolls_amount":"0","improvement_surcharge":"0.3","total_amount":"6.3","congestion_surcharge":"","tripId":"900fa6f0-9d31-4dd8-8787-09008b19feb6"},{"VendorID":"2","tpep_pickup_datetime":"2023-09-11 06:50:11","tpep_dropoff_datetime":"2023-09-07 06:55:40","passenger_count":"1","trip_distance":".88","RatecodeID":"1","store_and_fwd_flag":"N","PULocationID":"164","DOLocationID":"137","payment_type":"1","fare_amount":"6","extra":"0","mta_tax":"0.5","tip_amount":"1.36","tolls_amount":"0","improvement_surcharge":"0.3","total_amount":"8.16","congestion_surcharge":"","tripId":"ace558d4-25a6-491f-89b2-8bcdf327cb45"},{"VendorID":"2","tpep_pickup_datetime":"2023-05-11 06:28:09","tpep_dropoff_datetime":"2023-06-05 06:35:45","passenger_count":"1","trip_distance":"2.20","RatecodeID":"1","store_and_fwd_flag":"N","PULocationID":"263","DOLocationID":"162","payment_type":"1","fare_amount":"8.5","extra":"0","mta_tax":"0.5","tip_amount":"1.86","tolls_amount":"0","improvement_surcharge":"0.3","total_amount":"11.16","congestion_surcharge":"","tripId":"dac0d39b-7f4e-4982-a755-f6e0e8712eea"},{"VendorID":"2","tpep_pickup_datetime":"2023-03-20 06:44:38","tpep_dropoff_datetime":"2023-05-10 06:49:39","passenger_count":"1","trip_distance":"1.35","RatecodeID":"1","store_and_fwd_flag":"N","PULocationID":"229","DOLocationID":"263","payment_type":"2","fare_amount":"6","extra":"0","mta_tax":"0.5","tip_amount":"0","tolls_amount":"0","improvement_surcharge":"0.3","total_amount":"6.8","congestion_surcharge":"","tripId":"6d9afca6-89d3-4130-89de-5cb503287691"},{"VendorID":"2","tpep_pickup_datetime":"2023-06-05 06:52:04","tpep_dropoff_datetime":"2023-06-12 06:57:03","passenger_count":"1","trip_distance":".94","RatecodeID":"1","store_and_fwd_flag":"N","PULocationID":"263","DOLocationID":"75","payment_type":"1","fare_amount":"5.5","extra":"0","mta_tax":"0.5","tip_amount":"1","tolls_amount":"0","improvement_surcharge":"0.3","total_amount":"7.3","congestion_surcharge":"","tripId":"423d25ee-9051-4206-b14d-5bc99db813c6"},{"VendorID":"2","tpep_pickup_datetime":"2023-05-30 05:58:55","tpep_dropoff_datetime":"2023-05-19 06:04:55","passenger_count":"2","trip_distance":"1.81","RatecodeID":"1","store_and_fwd_flag":"N","PULocationID":"100","DOLocationID":"237","payment_type":"2","fare_amount":"7.5","extra":"0","mta_tax":"0.5","tip_amount":"0","tolls_amount":"0","improvement_surcharge":"0.3","total_amount":"8.3","congestion_surcharge":"","tripId":"ffa9f59d-b0f2-48db-83aa-10ff1bc9a2f1"},{"VendorID":"2","tpep_pickup_datetime":"2023-04-30 06:18:30","tpep_dropoff_datetime":"2023-06-01 06:22:23","passenger_count":"3","trip_distance":".66","RatecodeID":"1","store_and_fwd_flag":"N","PULocationID":"100","DOLocationID":"164","payment_type":"2","fare_amount":"5","extra":"0","mta_tax":"0.5","tip_amount":"0","tolls_amount":"0","improvement_surcharge":"0.3","total_amount":"5.8","congestion_surcharge":"","tripId":"aa53c261-cc43-4966-b1d6-0bfafffc72c9"},{"VendorID":"2","tpep_pickup_datetime":"2023-02-19 06:30:34","tpep_dropoff_datetime":"2023-12-16 06:41:08","passenger_count":"2","trip_distance":"3.05","RatecodeID":"1","store_and_fwd_flag":"N","PULocationID":"100","DOLocationID":"140","payment_type":"2","fare_amount":"11","extra":"0","mta_tax":"0.5","tip_amount":"0","tolls_amount":"0","improvement_surcharge":"0.3","total_amount":"11.8","congestion_surcharge":"","tripId":"e62a3c7e-941a-4a28-bb80-c9fe69fd4a86"},{"VendorID":"2","tpep_pickup_datetime":"2023-12-23 06:48:08","tpep_dropoff_datetime":"2023-08-23 07:17:25","passenger_count":"3","trip_distance":"19.44","RatecodeID":"2","store_and_fwd_flag":"N","PULocationID":"262","DOLocationID":"132","payment_type":"1","fare_amount":"52","extra":"0","mta_tax":"0.5","tip_amount":"11.71","tolls_amount":"5.76","improvement_surcharge":"0.3","total_amount":"70.27","congestion_surcharge":"","tripId":"375f7e28-26cc-47e6-bb18-55a5a98ac825"},{"VendorID":"1","tpep_pickup_datetime":"2023-04-15 06:14:45","tpep_dropoff_datetime":"2023-10-31 06:21:04","passenger_count":"1","trip_distance":"1.40","RatecodeID":"1","store_and_fwd_flag":"N","PULocationID":"186","DOLocationID":"230","payment_type":"2","fare_amount":"7","extra":"0","mta_tax":"0.5","tip_amount":"0","tolls_amount":"0","improvement_surcharge":"0.3","total_amount":"7.8","congestion_surcharge":"","tripId":"9f52ecf3-6bb8-45d0-9143-f196a5e0fd47"},{"VendorID":"1","tpep_pickup_datetime":"2023-07-09 06:29:52","tpep_dropoff_datetime":"2023-03-29 06:33:56","passenger_count":"1","trip_distance":"1.30","RatecodeID":"1","store_and_fwd_flag":"N","PULocationID":"186","DOLocationID":"107","payment_type":"1","fare_amount":"5.5","extra":"0","mta_tax":"0.5","tip_amount":"1.25","tolls_amount":"0","improvement_surcharge":"0.3","total_amount":"7.55","congestion_surcharge":"","tripId":"97f0f075-3262-4cb5-b344-5f83fe060d06"},{"VendorID":"1","tpep_pickup_datetime":"2023-12-30 06:40:25","tpep_dropoff_datetime":"2023-07-07 07:06:02","passenger_count":"1","trip_distance":"3.90","RatecodeID":"1","store_and_fwd_flag":"N","PULocationID":"113","DOLocationID":"140","payment_type":"2","fare_amount":"19","extra":"0","mta_tax":"0.5","tip_amount":"0","tolls_amount":"0","improvement_surcharge":"0.3","total_amount":"19.8","congestion_surcharge":"","tripId":"307229e1-ff7c-4ea0-8d99-8500c1e070b5"},{"VendorID":"2","tpep_pickup_datetime":"2024-02-04 06:39:42","tpep_dropoff_datetime":"2023-12-06 07:08:47","passenger_count":"1","trip_distance":"3.93","RatecodeID":"1","store_and_fwd_flag":"N","PULocationID":"157","DOLocationID":"7","payment_type":"1","fare_amount":"20.5","extra":"0","mta_tax":"0.5","tip_amount":"0","tolls_amount":"0","improvement_surcharge":"0.3","total_amount":"21.3","congestion_surcharge":"","tripId":"11c443da-d2da-4287-8cf6-86cecaf1f3dc"},{"VendorID":"2","tpep_pickup_datetime":"2023-12-15 06:41:04","tpep_dropoff_datetime":"2023-06-24 06:52:32","passenger_count":"1","trip_distance":"6.58","RatecodeID":"1","store_and_fwd_flag":"N","PULocationID":"262","DOLocationID":"87","payment_type":"1","fare_amount":"19.5","extra":"0","mta_tax":"0.5","tip_amount":"3","tolls_amount":"0","improvement_surcharge":"0.3","total_amount":"23.3","congestion_surcharge":"","tripId":"eff49d57-b5e9-46f6-9c8d-8e52a67f8dd8"},{"VendorID":"2","tpep_pickup_datetime":"2023-11-02 06:10:46","tpep_dropoff_datetime":"2023-12-25 06:23:12","passenger_count":"1","trip_distance":"3.60","RatecodeID":"1","store_and_fwd_flag":"N","PULocationID":"140","DOLocationID":"186","payment_type":"2","fare_amount":"13.5","extra":"0","mta_tax":"0.5","tip_amount":"0","tolls_amount":"0","improvement_surcharge":"0.3","total_amount":"14.3","congestion_surcharge":"","tripId":"08924fe0-b2bd-4dc1-91f0-54b25f1bf93a"},{"VendorID":"2","tpep_pickup_datetime":"2023-07-28 06:24:19","tpep_dropoff_datetime":"2023-07-25 06:28:19","passenger_count":"1","trip_distance":".76","RatecodeID":"1","store_and_fwd_flag":"N","PULocationID":"186","DOLocationID":"164","payment_type":"2","fare_amount":"5","extra":"0","mta_tax":"0.5","tip_amount":"0","tolls_amount":"0","improvement_surcharge":"0.3","total_amount":"5.8","congestion_surcharge":"","tripId":"98fea01e-5271-4cd4-9e4e-e0368f295b4f"},{"VendorID":"2","tpep_pickup_datetime":"2023-07-06 06:35:25","tpep_dropoff_datetime":"2023-12-13 06:43:40","passenger_count":"1","trip_distance":"1.74","RatecodeID":"1","store_and_fwd_flag":"N","PULocationID":"233","DOLocationID":"161","payment_type":"1","fare_amount":"8","extra":"0","mta_tax":"0.5","tip_amount":"1.76","tolls_amount":"0","improvement_surcharge":"0.3","total_amount":"10.56","congestion_surcharge":"","tripId":"1023358b-755a-4303-9dc8-6c887a739747"},{"VendorID":"2","tpep_pickup_datetime":"2023-03-28 06:48:41","tpep_dropoff_datetime":"2023-02-23 06:51:32","passenger_count":"1","trip_distance":".90","RatecodeID":"1","store_and_fwd_flag":"N","PULocationID":"163","DOLocationID":"161","payment_type":"1","fare_amount":"5","extra":"0","mta_tax":"0.5","tip_amount":"1.04","tolls_amount":"0","improvement_surcharge":"0.3","total_amount":"6.84","congestion_surcharge":"","tripId":"510d223f-a108-4616-ad5b-35fc0696dbd7"},{"VendorID":"2","tpep_pickup_datetime":"2023-06-02 06:03:47","tpep_dropoff_datetime":"2023-03-20 06:12:44","passenger_count":"5","trip_distance":"2.07","RatecodeID":"1","store_and_fwd_flag":"N","PULocationID":"162","DOLocationID":"142","payment_type":"2","fare_amount":"9","extra":"0","mta_tax":"0.5","tip_amount":"0","tolls_amount":"0","improvement_surcharge":"0.3","total_amount":"9.8","congestion_surcharge":"","tripId":"91e73a39-a9cc-4c01-8677-1c6417847819"},{"VendorID":"2","tpep_pickup_datetime":"2023-05-02 06:27:40","tpep_dropoff_datetime":"2023-11-11 06:32:10","passenger_count":"5","trip_distance":".97","RatecodeID":"1","store_and_fwd_flag":"N","PULocationID":"186","DOLocationID":"137","payment_type":"1","fare_amount":"5.5","extra":"0","mta_tax":"0.5","tip_amount":"0.94","tolls_amount":"0","improvement_surcharge":"0.3","total_amount":"7.24","congestion_surcharge":"","tripId":"7358087f-3e08-47ba-817f-02a14e54fbbc"},{"VendorID":"1","tpep_pickup_datetime":"2023-02-25 06:41:13","tpep_dropoff_datetime":"2023-02-09 06:47:06","passenger_count":"1","trip_distance":"1.60","RatecodeID":"1","store_and_fwd_flag":"N","PULocationID":"263","DOLocationID":"237","payment_type":"2","fare_amount":"7","extra":"0","mta_tax":"0.5","tip_amount":"0","tolls_amount":"0","improvement_surcharge":"0.3","total_amount":"7.8","congestion_surcharge":"","tripId":"94b1e3c9-0272-47f0-bb2e-e1ebd6508330"},{"VendorID":"2","tpep_pickup_datetime":"2023-12-22 06:12:11","tpep_dropoff_datetime":"2024-01-20 06:20:16","passenger_count":"5","trip_distance":"2.72","RatecodeID":"1","store_and_fwd_flag":"N","PULocationID":"186","DOLocationID":"13","payment_type":"1","fare_amount":"9.5","extra":"0","mta_tax":"0.5","tip_amount":"2.06","tolls_amount":"0","improvement_surcharge":"0.3","total_amount":"12.36","congestion_surcharge":"","tripId":"657903a6-3f53-4a56-8186-beaeb8d8038b"},{"VendorID":"2","tpep_pickup_datetime":"2023-01-20 06:21:45","tpep_dropoff_datetime":"2023-04-06 06:26:06","passenger_count":"6","trip_distance":".55","RatecodeID":"1","store_and_fwd_flag":"N","PULocationID":"13","DOLocationID":"231","payment_type":"1","fare_amount":"5","extra":"0","mta_tax":"0.5","tip_amount":"0.87","tolls_amount":"0","improvement_surcharge":"0.3","total_amount":"6.67","congestion_surcharge":"","tripId":"368a2558-0476-4f28-a639-f05099847dba"},{"VendorID":"2","tpep_pickup_datetime":"2023-02-27 06:34:04","tpep_dropoff_datetime":"2023-12-25 06:40:38","passenger_count":"5","trip_distance":"2.04","RatecodeID":"1","store_and_fwd_flag":"N","PULocationID":"249","DOLocationID":"230","payment_type":"1","fare_amount":"8","extra":"0","mta_tax":"0.5","tip_amount":"1.76","tolls_amount":"0","improvement_surcharge":"0.3","total_amount":"10.56","congestion_surcharge":"","tripId":"195247a1-ec13-46d0-9581-60f8a20e4248"},{"VendorID":"2","tpep_pickup_datetime":"2024-01-23 06:46:14","tpep_dropoff_datetime":"2023-02-15 06:51:07","passenger_count":"5","trip_distance":"1.23","RatecodeID":"1","store_and_fwd_flag":"N","PULocationID":"186","DOLocationID":"161","payment_type":"2","fare_amount":"6","extra":"0","mta_tax":"0.5","tip_amount":"0","tolls_amount":"0","improvement_surcharge":"0.3","total_amount":"6.8","congestion_surcharge":"","tripId":"9a7ce2c9-40c4-4c7e-a0d1-faff92832582"},{"VendorID":"1","tpep_pickup_datetime":"2023-08-23 06:00:19","tpep_dropoff_datetime":"2023-04-22 06:30:28","passenger_count":"1","trip_distance":"7.70","RatecodeID":"1","store_and_fwd_flag":"N","PULocationID":"142","DOLocationID":"49","payment_type":"1","fare_amount":"26.5","extra":"0.5","mta_tax":"0.5","tip_amount":"5.55","tolls_amount":"0","improvement_surcharge":"0.3","total_amount":"33.35","congestion_surcharge":"","tripId":"acfc35c0-3e10-4ffd-88ae-9800b20f9c35"},{"VendorID":"1","tpep_pickup_datetime":"2023-02-22 06:50:14","tpep_dropoff_datetime":"2023-04-05 06:58:13","passenger_count":"1","trip_distance":"2.40","RatecodeID":"1","store_and_fwd_flag":"N","PULocationID":"79","DOLocationID":"162","payment_type":"1","fare_amount":"9","extra":"0","mta_tax":"0.5","tip_amount":"1.47","tolls_amount":"0","improvement_surcharge":"0.3","total_amount":"11.27","congestion_surcharge":"","tripId":"e05a50f1-3cfa-478e-a6d4-67c30b121ab4"},{"VendorID":"2","tpep_pickup_datetime":"2023-07-19 06:42:32","tpep_dropoff_datetime":"2023-05-30 06:56:50","passenger_count":"1","trip_distance":"4.22","RatecodeID":"5","store_and_fwd_flag":"N","PULocationID":"37","DOLocationID":"209","payment_type":"1","fare_amount":"15","extra":"0","mta_tax":"0.5","tip_amount":"0","tolls_amount":"0","improvement_surcharge":"0.3","total_amount":"15.8","congestion_surcharge":"","tripId":"9a510318-7e0d-486e-9718-3689ce984012"},{"VendorID":"2","tpep_pickup_datetime":"2023-07-07 06:58:15","tpep_dropoff_datetime":"2023-12-15 06:58:48","passenger_count":"1","trip_distance":".01","RatecodeID":"1","store_and_fwd_flag":"N","PULocationID":"237","DOLocationID":"237","payment_type":"2","fare_amount":"2.5","extra":"0","mta_tax":"0.5","tip_amount":"0","tolls_amount":"0","improvement_surcharge":"0.3","total_amount":"3.3","congestion_surcharge":"","tripId":"38d3f5f3-a17a-4721-846e-39d34fc52edc"},{"VendorID":"1","tpep_pickup_datetime":"2023-09-08 06:48:09","tpep_dropoff_datetime":"2024-02-05 07:08:47","passenger_count":"1","trip_distance":"7.20","RatecodeID":"4","store_and_fwd_flag":"N","PULocationID":"132","DOLocationID":"265","payment_type":"2","fare_amount":"28","extra":"0","mta_tax":"0.5","tip_amount":"0","tolls_amount":"0","improvement_surcharge":"0.3","total_amount":"28.8","congestion_surcharge":"","tripId":"71236da7-3816-436d-b796-2d7789ccbc7c"},{"VendorID":"2","tpep_pickup_datetime":"2024-01-28 06:52:21","tpep_dropoff_datetime":"2023-10-01 07:04:15","passenger_count":"2","trip_distance":"2.64","RatecodeID":"1","store_and_fwd_flag":"N","PULocationID":"142","DOLocationID":"75","payment_type":"2","fare_amount":"11.5","extra":"0","mta_tax":"0.5","tip_amount":"0","tolls_amount":"0","improvement_surcharge":"0.3","total_amount":"12.3","congestion_surcharge":"","tripId":"8bf74c5a-920a-4ecb-b955-7b544f7ae959"},{"VendorID":"2","tpep_pickup_datetime":"2023-04-06 06:57:56","tpep_dropoff_datetime":"2023-01-04 07:14:19","passenger_count":"2","trip_distance":"3.93","RatecodeID":"1","store_and_fwd_flag":"N","PULocationID":"151","DOLocationID":"246","payment_type":"2","fare_amount":"13.5","extra":"0","mta_tax":"0.5","tip_amount":"0","tolls_amount":"0","improvement_surcharge":"0.3","total_amount":"14.3","congestion_surcharge":"","tripId":"b06e6df9-6d4c-4881-a0f1-fed1c27c1f26"},{"VendorID":"1","tpep_pickup_datetime":"2023-09-03 06:41:21","tpep_dropoff_datetime":"2023-06-27 06:45:27","passenger_count":"1","trip_distance":"1.60","RatecodeID":"1","store_and_fwd_flag":"N","PULocationID":"75","DOLocationID":"141","payment_type":"1","fare_amount":"6.5","extra":"0","mta_tax":"0.5","tip_amount":"1.45","tolls_amount":"0","improvement_surcharge":"0.3","total_amount":"8.75","congestion_surcharge":"","tripId":"3a79ced8-302a-4c20-bce2-5a711a1badfe"},{"VendorID":"1","tpep_pickup_datetime":"2024-02-04 06:51:40","tpep_dropoff_datetime":"2023-03-18 06:55:41","passenger_count":"1","trip_distance":".90","RatecodeID":"1","store_and_fwd_flag":"N","PULocationID":"233","DOLocationID":"137","payment_type":"1","fare_amount":"5","extra":"0","mta_tax":"0.5","tip_amount":"1","tolls_amount":"0","improvement_surcharge":"0.3","total_amount":"6.8","congestion_surcharge":"","tripId":"27b3fc31-0775-4aac-abc6-93e39636b227"},{"VendorID":"2","tpep_pickup_datetime":"2023-03-06 06:40:40","tpep_dropoff_datetime":"2023-06-26 06:44:38","passenger_count":"3","trip_distance":"1.18","RatecodeID":"1","store_and_fwd_flag":"N","PULocationID":"75","DOLocationID":"74","payment_type":"1","fare_amount":"6","extra":"0","mta_tax":"0.5","tip_amount":"0","tolls_amount":"0","improvement_surcharge":"0.3","total_amount":"6.8","congestion_surcharge":"","tripId":"6aff3995-3d09-4b69-be3d-6f7f5dd9ea29"},{"VendorID":"1","tpep_pickup_datetime":"2023-07-25 06:24:42","tpep_dropoff_datetime":"2023-12-01 06:28:38","passenger_count":"1","trip_distance":".60","RatecodeID":"1","store_and_fwd_flag":"N","PULocationID":"41","DOLocationID":"152","payment_type":"1","fare_amount":"5","extra":"0","mta_tax":"0.5","tip_amount":"1.15","tolls_amount":"0","improvement_surcharge":"0.3","total_amount":"6.95","congestion_surcharge":"","tripId":"5557e61c-208b-4784-8a49-e4f5ef227ed7"},{"VendorID":"1","tpep_pickup_datetime":"2023-02-02 06:36:19","tpep_dropoff_datetime":"2023-03-23 06:46:16","passenger_count":"1","trip_distance":"3.20","RatecodeID":"1","store_and_fwd_flag":"N","PULocationID":"43","DOLocationID":"161","payment_type":"1","fare_amount":"11.5","extra":"0","mta_tax":"0.5","tip_amount":"1","tolls_amount":"0","improvement_surcharge":"0.3","total_amount":"13.3","congestion_surcharge":"","tripId":"3235beca-2445-4562-a8a8-8c027a2f90f2"},{"VendorID":"1","tpep_pickup_datetime":"2023-12-06 06:53:25","tpep_dropoff_datetime":"2024-02-01 07:05:27","passenger_count":"1","trip_distance":"2.40","RatecodeID":"1","store_and_fwd_flag":"N","PULocationID":"234","DOLocationID":"141","payment_type":"1","fare_amount":"10.5","extra":"0","mta_tax":"0.5","tip_amount":"2.25","tolls_amount":"0","improvement_surcharge":"0.3","total_amount":"13.55","congestion_surcharge":"","tripId":"36132d74-bcfa-449f-a88c-90a4afd24b8c"},{"VendorID":"2","tpep_pickup_datetime":"2023-07-29 05:58:42","tpep_dropoff_datetime":"2023-12-16 06:00:46","passenger_count":"5","trip_distance":".79","RatecodeID":"1","store_and_fwd_flag":"N","PULocationID":"141","DOLocationID":"229","payment_type":"2","fare_amount":"4","extra":"0","mta_tax":"0.5","tip_amount":"0","tolls_amount":"0","improvement_surcharge":"0.3","total_amount":"4.8","congestion_surcharge":"","tripId":"cc476a5f-b73a-4bc6-97bc-8c6b94989ca1"},{"VendorID":"2","tpep_pickup_datetime":"2023-12-17 06:05:44","tpep_dropoff_datetime":"2023-05-08 06:09:49","passenger_count":"5","trip_distance":"1.13","RatecodeID":"1","store_and_fwd_flag":"N","PULocationID":"162","DOLocationID":"141","payment_type":"1","fare_amount":"5.5","extra":"0","mta_tax":"0.5","tip_amount":"1.26","tolls_amount":"0","improvement_surcharge":"0.3","total_amount":"7.56","congestion_surcharge":"","tripId":"e997ca31-c0ae-4c83-99fd-2b5db3ecd695"},{"VendorID":"2","tpep_pickup_datetime":"2023-01-31 06:50:47","tpep_dropoff_datetime":"2023-08-16 06:51:53","passenger_count":"5","trip_distance":".10","RatecodeID":"1","store_and_fwd_flag":"N","PULocationID":"42","DOLocationID":"116","payment_type":"2","fare_amount":"3","extra":"0","mta_tax":"0.5","tip_amount":"0","tolls_amount":"0","improvement_surcharge":"0.3","total_amount":"3.8","congestion_surcharge":"","tripId":"601c7e31-6ce1-451a-8c6d-7cd98a79ee85"},{"VendorID":"2","tpep_pickup_datetime":"2023-07-14 06:24:14","tpep_dropoff_datetime":"2023-10-02 06:31:44","passenger_count":"5","trip_distance":"1.08","RatecodeID":"1","store_and_fwd_flag":"N","PULocationID":"162","DOLocationID":"186","payment_type":"1","fare_amount":"7","extra":"0","mta_tax":"0.5","tip_amount":"1.56","tolls_amount":"0","improvement_surcharge":"0.3","total_amount":"9.36","congestion_surcharge":"","tripId":"85241a53-db39-446c-b164-49b7449cdf8e"},{"VendorID":"2","tpep_pickup_datetime":"2023-05-07 06:32:34","tpep_dropoff_datetime":"2023-06-15 06:38:07","passenger_count":"5","trip_distance":"1.32","RatecodeID":"1","store_and_fwd_flag":"N","PULocationID":"186","DOLocationID":"230","payment_type":"1","fare_amount":"6.5","extra":"0","mta_tax":"0.5","tip_amount":"2","tolls_amount":"0","improvement_surcharge":"0.3","total_amount":"9.3","congestion_surcharge":"","tripId":"18823179-4243-4ce5-ba4d-7df0ffb2afd7"},{"VendorID":"2","tpep_pickup_datetime":"2023-12-16 06:43:31","tpep_dropoff_datetime":"2023-11-11 06:44:36","passenger_count":"5","trip_distance":".40","RatecodeID":"1","store_and_fwd_flag":"N","PULocationID":"48","DOLocationID":"68","payment_type":"1","fare_amount":"3.5","extra":"0","mta_tax":"0.5","tip_amount":"0.86","tolls_amount":"0","improvement_surcharge":"0.3","total_amount":"5.16","congestion_surcharge":"","tripId":"90809cdb-d7f6-422a-8727-2e805884f064"},{"VendorID":"2","tpep_pickup_datetime":"2023-05-18 06:48:06","tpep_dropoff_datetime":"2023-01-16 06:53:38","passenger_count":"5","trip_distance":".91","RatecodeID":"1","store_and_fwd_flag":"N","PULocationID":"186","DOLocationID":"230","payment_type":"1","fare_amount":"6","extra":"0","mta_tax":"0.5","tip_amount":"1.7","tolls_amount":"0","improvement_surcharge":"0.3","total_amount":"8.5","congestion_surcharge":"","tripId":"5082276d-6056-48e7-8fe3-8f4a222caf01"},{"VendorID":"2","tpep_pickup_datetime":"2023-08-21 06:47:46","tpep_dropoff_datetime":"2023-04-12 06:54:48","passenger_count":"1","trip_distance":"1.23","RatecodeID":"1","store_and_fwd_flag":"N","PULocationID":"236","DOLocationID":"262","payment_type":"1","fare_amount":"7","extra":"0","mta_tax":"0.5","tip_amount":"1.56","tolls_amount":"0","improvement_surcharge":"0.3","total_amount":"9.36","congestion_surcharge":"","tripId":"134e6260-c082-4495-9b30-833329b77176"},{"VendorID":"2","tpep_pickup_datetime":"2023-05-12 06:12:02","tpep_dropoff_datetime":"2023-01-25 06:55:31","passenger_count":"5","trip_distance":"18.06","RatecodeID":"2","store_and_fwd_flag":"N","PULocationID":"132","DOLocationID":"79","payment_type":"1","fare_amount":"52","extra":"0","mta_tax":"0.5","tip_amount":"11.71","tolls_amount":"5.76","improvement_surcharge":"0.3","total_amount":"70.27","congestion_surcharge":"","tripId":"f176807e-bb19-4893-884e-f805afc5e234"},{"VendorID":"2","tpep_pickup_datetime":"2023-11-14 06:07:32","tpep_dropoff_datetime":"2023-05-15 06:45:07","passenger_count":"1","trip_distance":"17.12","RatecodeID":"2","store_and_fwd_flag":"N","PULocationID":"132","DOLocationID":"137","payment_type":"1","fare_amount":"52","extra":"0","mta_tax":"0.5","tip_amount":"11.71","tolls_amount":"5.76","improvement_surcharge":"0.3","total_amount":"70.27","congestion_surcharge":"","tripId":"2b50dc86-164e-4b25-b110-06fd28e79f0d"},{"VendorID":"2","tpep_pickup_datetime":"2023-01-08 06:48:21","tpep_dropoff_datetime":"2023-03-02 06:55:04","passenger_count":"1","trip_distance":"1.03","RatecodeID":"1","store_and_fwd_flag":"N","PULocationID":"137","DOLocationID":"186","payment_type":"1","fare_amount":"6.5","extra":"0","mta_tax":"0.5","tip_amount":"1.82","tolls_amount":"0","improvement_surcharge":"0.3","total_amount":"9.12","congestion_surcharge":"","tripId":"678cd5d1-32ce-40e7-994a-403d47e3aa3b"},{"VendorID":"1","tpep_pickup_datetime":"2024-02-05 06:27:22","tpep_dropoff_datetime":"2023-11-20 06:30:23","passenger_count":"1","trip_distance":".50","RatecodeID":"1","store_and_fwd_flag":"N","PULocationID":"161","DOLocationID":"163","payment_type":"2","fare_amount":"4.5","extra":"0","mta_tax":"0.5","tip_amount":"0","tolls_amount":"0","improvement_surcharge":"0.3","total_amount":"5.3","congestion_surcharge":"","tripId":"0d307c19-18e9-4e2c-bb2f-904eef1fbb9a"},{"VendorID":"2","tpep_pickup_datetime":"2024-01-22 06:29:53","tpep_dropoff_datetime":"2023-09-03 06:36:07","passenger_count":"1","trip_distance":"1.22","RatecodeID":"1","store_and_fwd_flag":"N","PULocationID":"48","DOLocationID":"164","payment_type":"1","fare_amount":"6","extra":"0","mta_tax":"0.5","tip_amount":"1.36","tolls_amount":"0","improvement_surcharge":"0.3","total_amount":"8.16","congestion_surcharge":"","tripId":"74022c31-af9c-4b05-a48a-ff1f8115be8b"},{"VendorID":"2","tpep_pickup_datetime":"2024-02-02 06:14:29","tpep_dropoff_datetime":"2023-04-04 06:24:36","passenger_count":"6","trip_distance":"1.95","RatecodeID":"1","store_and_fwd_flag":"N","PULocationID":"50","DOLocationID":"186","payment_type":"1","fare_amount":"9.5","extra":"0","mta_tax":"0.5","tip_amount":"2.06","tolls_amount":"0","improvement_surcharge":"0.3","total_amount":"12.36","congestion_surcharge":"","tripId":"51aeb197-d9ef-4c57-ab07-3a0a5e827d4e"},{"VendorID":"2","tpep_pickup_datetime":"2023-02-10 06:27:26","tpep_dropoff_datetime":"2024-01-03 06:40:13","passenger_count":"5","trip_distance":"2.72","RatecodeID":"1","store_and_fwd_flag":"N","PULocationID":"186","DOLocationID":"224","payment_type":"1","fare_amount":"11","extra":"0","mta_tax":"0.5","tip_amount":"2.36","tolls_amount":"0","improvement_surcharge":"0.3","total_amount":"14.16","congestion_surcharge":"","tripId":"b37140a5-1039-4000-bcf7-dcfea579ca07"},{"VendorID":"1","tpep_pickup_datetime":"2023-09-23 06:22:44","tpep_dropoff_datetime":"2023-12-20 06:22:44","passenger_count":"0","trip_distance":".00","RatecodeID":"2","store_and_fwd_flag":"Y","PULocationID":"132","DOLocationID":"264","payment_type":"2","fare_amount":"52","extra":"0","mta_tax":"0.5","tip_amount":"0","tolls_amount":"5.76","improvement_surcharge":"0.3","total_amount":"58.56","congestion_surcharge":"","tripId":"ae53a41e-9084-42e9-9891-1310f0af5562"},{"VendorID":"2","tpep_pickup_datetime":"2023-09-28 06:03:14","tpep_dropoff_datetime":"2023-10-05 06:16:08","passenger_count":"1","trip_distance":"5.55","RatecodeID":"1","store_and_fwd_flag":"N","PULocationID":"87","DOLocationID":"161","payment_type":"1","fare_amount":"17.5","extra":"0","mta_tax":"0.5","tip_amount":"3.66","tolls_amount":"0","improvement_surcharge":"0.3","total_amount":"21.96","congestion_surcharge":"","tripId":"4b5ab908-f497-4b91-b8c8-6d841f8e0bf1"},{"VendorID":"1","tpep_pickup_datetime":"2023-01-08 06:33:18","tpep_dropoff_datetime":"2023-03-29 06:40:19","passenger_count":"1","trip_distance":"1.00","RatecodeID":"1","store_and_fwd_flag":"N","PULocationID":"100","DOLocationID":"161","payment_type":"1","fare_amount":"6.5","extra":"0","mta_tax":"0.5","tip_amount":"1.45","tolls_amount":"0","improvement_surcharge":"0.3","total_amount":"8.75","congestion_surcharge":"","tripId":"b48d21a5-36fd-4e53-830c-92668b49673b"},{"VendorID":"1","tpep_pickup_datetime":"2023-04-01 06:50:36","tpep_dropoff_datetime":"2023-11-10 06:59:52","passenger_count":"1","trip_distance":"1.10","RatecodeID":"1","store_and_fwd_flag":"N","PULocationID":"100","DOLocationID":"162","payment_type":"2","fare_amount":"7.5","extra":"0","mta_tax":"0.5","tip_amount":"0","tolls_amount":"0","improvement_surcharge":"0.3","total_amount":"8.3","congestion_surcharge":"","tripId":"fd4ceb4f-89f0-4817-8e7d-7c44e9600717"},{"VendorID":"1","tpep_pickup_datetime":"2023-04-14 06:30:12","tpep_dropoff_datetime":"2023-11-21 06:48:47","passenger_count":"1","trip_distance":"11.20","RatecodeID":"1","store_and_fwd_flag":"N","PULocationID":"132","DOLocationID":"64","payment_type":"2","fare_amount":"30.5","extra":"0","mta_tax":"0.5","tip_amount":"0","tolls_amount":"0","improvement_surcharge":"0.3","total_amount":"31.3","congestion_surcharge":"","tripId":"757fe778-8ba1-40ab-8245-1145c9215380"},{"VendorID":"2","tpep_pickup_datetime":"2023-11-16 06:16:41","tpep_dropoff_datetime":"2023-12-09 06:20:45","passenger_count":"1","trip_distance":"1.19","RatecodeID":"1","store_and_fwd_flag":"N","PULocationID":"138","DOLocationID":"138","payment_type":"2","fare_amount":"5.5","extra":"0","mta_tax":"0.5","tip_amount":"0","tolls_amount":"0","improvement_surcharge":"0.3","total_amount":"6.3","congestion_surcharge":"","tripId":"9387330d-529c-4a7e-9b9e-dba0b006a93d"},{"VendorID":"2","tpep_pickup_datetime":"2023-11-16 06:35:49","tpep_dropoff_datetime":"2023-11-05 06:55:45","passenger_count":"1","trip_distance":"8.97","RatecodeID":"1","store_and_fwd_flag":"N","PULocationID":"138","DOLocationID":"226","payment_type":"1","fare_amount":"26.5","extra":"0","mta_tax":"0.5","tip_amount":"3","tolls_amount":"0","improvement_surcharge":"0.3","total_amount":"30.3","congestion_surcharge":"","tripId":"6c4b2c23-b305-45ab-93a0-d2ef42a05c7a"},{"VendorID":"2","tpep_pickup_datetime":"2023-07-18 06:08:55","tpep_dropoff_datetime":"2024-01-27 06:22:39","passenger_count":"2","trip_distance":"8.59","RatecodeID":"1","store_and_fwd_flag":"N","PULocationID":"170","DOLocationID":"138","payment_type":"1","fare_amount":"24.5","extra":"0","mta_tax":"0.5","tip_amount":"6.21","tolls_amount":"5.76","improvement_surcharge":"0.3","total_amount":"37.27","congestion_surcharge":"","tripId":"f11ed1e1-5e8f-4f44-bba0-3d7e1c3a0ddd"},{"VendorID":"1","tpep_pickup_datetime":"2023-05-09 06:00:49","tpep_dropoff_datetime":"2024-01-02 06:05:25","passenger_count":"1","trip_distance":"1.30","RatecodeID":"1","store_and_fwd_flag":"N","PULocationID":"170","DOLocationID":"79","payment_type":"1","fare_amount":"6","extra":"0","mta_tax":"0.5","tip_amount":"1.35","tolls_amount":"0","improvement_surcharge":"0.3","total_amount":"8.15","congestion_surcharge":"","tripId":"945c02cf-9fb9-414c-a919-2234495403e4"},{"VendorID":"1","tpep_pickup_datetime":"2023-11-07 06:10:13","tpep_dropoff_datetime":"2023-04-16 06:20:10","passenger_count":"1","trip_distance":"3.90","RatecodeID":"1","store_and_fwd_flag":"N","PULocationID":"79","DOLocationID":"262","payment_type":"1","fare_amount":"12.5","extra":"0","mta_tax":"0.5","tip_amount":"2.65","tolls_amount":"0","improvement_surcharge":"0.3","total_amount":"15.95","congestion_surcharge":"","tripId":"38afd0d2-eea9-45f9-9f83-d0b31141ca63"}]