[{"VendorID":"2","tpep_pickup_datetime":"2024-01-27 19:02:03","tpep_dropoff_datetime":"2023-08-29 19:12:22","passenger_count":"1","trip_distance":"1.66","RatecodeID":"1","store_and_fwd_flag":"N","PULocationID":"186","DOLocationID":"79","payment_type":"1","fare_amount":"8.5","extra":"1","mta_tax":"0.5","tip_amount":"2","tolls_amount":"0","improvement_surcharge":"0.3","total_amount":"12.3","congestion_surcharge":""},{"VendorID":"2","tpep_pickup_datetime":"2024-01-26 19:12:24","tpep_dropoff_datetime":"2023-05-24 19:25:38","passenger_count":"1","trip_distance":"2.28","RatecodeID":"1","store_and_fwd_flag":"N","PULocationID":"231","DOLocationID":"33","payment_type":"2","fare_amount":"11","extra":"1","mta_tax":"0.5","tip_amount":"0","tolls_amount":"0","improvement_surcharge":"0.3","total_amount":"12.8","congestion_surcharge":""},{"VendorID":"2","tpep_pickup_datetime":"2024-01-27 19:26:54","tpep_dropoff_datetime":"2023-05-18 19:32:09","passenger_count":"1","trip_distance":"1.18","RatecodeID":"1","store_and_fwd_flag":"N","PULocationID":"33","DOLocationID":"40","payment_type":"1","fare_amount":"5.5","extra":"1","mta_tax":"0.5","tip_amount":"1.46","tolls_amount":"0","improvement_surcharge":"0.3","total_amount":"8.76","congestion_surcharge":""},{"VendorID":"1","tpep_pickup_datetime":"2023-05-23 19:17:51","tpep_dropoff_datetime":"2023-05-10 19:45:01","passenger_count":"4","trip_distance":"16.60","RatecodeID":"1","store_and_fwd_flag":"N","PULocationID":"132","DOLocationID":"255","payment_type":"1","fare_amount":"44.5","extra":"1","mta_tax":"0.5","tip_amount":"9.25","tolls_amount":"0","improvement_surcharge":"0.3","total_amount":"55.55","congestion_surcharge":""},{"VendorID":"2","tpep_pickup_datetime":"2023-10-31 18:59:40","tpep_dropoff_datetime":"2023-12-22 19:09:37","passenger_count":"1","trip_distance":"1.97","RatecodeID":"1","store_and_fwd_flag":"N","PULocationID":"107","DOLocationID":"229","payment_type":"1","fare_amount":"9","extra":"1","mta_tax":"0.5","tip_amount":"2","tolls_amount":"0","improvement_surcharge":"0.3","total_amount":"12.8","congestion_surcharge":""},{"VendorID":"2","tpep_pickup_datetime":"2023-03-26 19:18:02","tpep_dropoff_datetime":"2023-01-06 19:20:11","passenger_count":"1","trip_distance":".34","RatecodeID":"1","store_and_fwd_flag":"N","PULocationID":"229","DOLocationID":"229","payment_type":"1","fare_amount":"3.5","extra":"1","mta_tax":"0.5","tip_amount":"1","tolls_amount":"0","improvement_surcharge":"0.3","total_amount":"6.3","congestion_surcharge":""},{"VendorID":"2","tpep_pickup_datetime":"2023-10-11 19:25:14","tpep_dropoff_datetime":"2024-01-29 19:35:38","passenger_count":"1","trip_distance":"1.63","RatecodeID":"1","store_and_fwd_flag":"N","PULocationID":"233","DOLocationID":"234","payment_type":"2","fare_amount":"8.5","extra":"1","mta_tax":"0.5","tip_amount":"0","tolls_amount":"0","improvement_surcharge":"0.3","total_amount":"10.3","congestion_surcharge":""},{"VendorID":"2","tpep_pickup_datetime":"2023-04-12 19:38:37","tpep_dropoff_datetime":"2023-11-06 19:43:23","passenger_count":"1","trip_distance":"1.05","RatecodeID":"1","store_and_fwd_flag":"N","PULocationID":"90","DOLocationID":"113","payment_type":"2","fare_amount":"5.5","extra":"1","mta_tax":"0.5","tip_amount":"0","tolls_amount":"0","improvement_surcharge":"0.3","total_amount":"7.3","congestion_surcharge":""},{"VendorID":"2","tpep_pickup_datetime":"2023-03-20 19:52:40","tpep_dropoff_datetime":"2023-12-21 20:00:30","passenger_count":"1","trip_distance":"1.36","RatecodeID":"1","store_and_fwd_flag":"N","PULocationID":"113","DOLocationID":"45","payment_type":"2","fare_amount":"7.5","extra":"1","mta_tax":"0.5","tip_amount":"0","tolls_amount":"0","improvement_surcharge":"0.3","total_amount":"9.3","congestion_surcharge":""},{"VendorID":"2","tpep_pickup_datetime":"2023-01-16 19:12:01","tpep_dropoff_datetime":"2024-02-02 19:25:47","passenger_count":"4","trip_distance":"2.14","RatecodeID":"1","store_and_fwd_flag":"N","PULocationID":"100","DOLocationID":"113","payment_type":"1","fare_amount":"10.5","extra":"1","mta_tax":"0.5","tip_amount":"2.46","tolls_amount":"0","improvement_surcharge":"0.3","total_amount":"14.76","congestion_surcharge":""},{"VendorID":"2","tpep_pickup_datetime":"2023-06-06 19:21:57","tpep_dropoff_datetime":"2023-10-25 19:54:21","passenger_count":"1","trip_distance":"6.56","RatecodeID":"1","store_and_fwd_flag":"N","PULocationID":"13","DOLocationID":"61","payment_type":"1","fare_amount":"26.5","extra":"1","mta_tax":"0.5","tip_amount":"2","tolls_amount":"0","improvement_surcharge":"0.3","total_amount":"30.3","congestion_surcharge":""},{"VendorID":"2","tpep_pickup_datetime":"2023-04-27 19:15:56","tpep_dropoff_datetime":"2023-01-17 19:25:35","passenger_count":"1","trip_distance":"1.82","RatecodeID":"1","store_and_fwd_flag":"N","PULocationID":"263","DOLocationID":"229","payment_type":"1","fare_amount":"8.5","extra":"1","mta_tax":"0.5","tip_amount":"2.5","tolls_amount":"0","improvement_surcharge":"0.3","total_amount":"12.8","congestion_surcharge":""},{"VendorID":"2","tpep_pickup_datetime":"2023-10-16 19:34:27","tpep_dropoff_datetime":"2023-09-13 19:41:15","passenger_count":"1","trip_distance":".93","RatecodeID":"1","store_and_fwd_flag":"N","PULocationID":"161","DOLocationID":"164","payment_type":"2","fare_amount":"6","extra":"1","mta_tax":"0.5","tip_amount":"0","tolls_amount":"0","improvement_surcharge":"0.3","total_amount":"7.8","congestion_surcharge":""},{"VendorID":"2","tpep_pickup_datetime":"2023-12-02 19:56:27","tpep_dropoff_datetime":"2023-06-11 20:02:11","passenger_count":"1","trip_distance":"1.25","RatecodeID":"1","store_and_fwd_flag":"N","PULocationID":"249","DOLocationID":"231","payment_type":"1","fare_amount":"6","extra":"1","mta_tax":"0.5","tip_amount":"1.56","tolls_amount":"0","improvement_surcharge":"0.3","total_amount":"9.36","congestion_surcharge":""},{"VendorID":"2","tpep_pickup_datetime":"2023-08-22 19:15:37","tpep_dropoff_datetime":"2023-09-06 19:30:01","passenger_count":"1","trip_distance":"1.35","RatecodeID":"1","store_and_fwd_flag":"N","PULocationID":"164","DOLocationID":"230","payment_type":"2","fare_amount":"10","extra":"1","mta_tax":"0.5","tip_amount":"0","tolls_amount":"0","improvement_surcharge":"0.3","total_amount":"11.8","congestion_surcharge":""},{"VendorID":"2","tpep_pickup_datetime":"2023-04-20 19:10:18","tpep_dropoff_datetime":"2023-06-10 19:13:24","passenger_count":"1","trip_distance":".49","RatecodeID":"1","store_and_fwd_flag":"N","PULocationID":"237","DOLocationID":"141","payment_type":"3","fare_amount":"-4","extra":"-1","mta_tax":"-0.5","tip_amount":"0","tolls_amount":"0","improvement_surcharge":"-0.3","total_amount":"-5.8","congestion_surcharge":""},{"VendorID":"2","tpep_pickup_datetime":"2023-03-05 19:10:18","tpep_dropoff_datetime":"2023-06-23 19:13:24","passenger_count":"1","trip_distance":".49","RatecodeID":"1","store_and_fwd_flag":"N","PULocationID":"237","DOLocationID":"141","payment_type":"2","fare_amount":"4","extra":"1","mta_tax":"0.5","tip_amount":"0","tolls_amount":"0","improvement_surcharge":"0.3","total_amount":"5.8","congestion_surcharge":""},{"VendorID":"2","tpep_pickup_datetime":"2024-01-05 19:15:04","tpep_dropoff_datetime":"2023-02-02 19:18:58","passenger_count":"1","trip_distance":".72","RatecodeID":"1","store_and_fwd_flag":"N","PULocationID":"141","DOLocationID":"237","payment_type":"1","fare_amount":"5","extra":"1","mta_tax":"0.5","tip_amount":"1.36","tolls_amount":"0","improvement_surcharge":"0.3","total_amount":"8.16","congestion_surcharge":""},{"VendorID":"2","tpep_pickup_datetime":"2023-09-01 19:28:41","tpep_dropoff_datetime":"2023-01-24 19:34:32","passenger_count":"1","trip_distance":".62","RatecodeID":"1","store_and_fwd_flag":"N","PULocationID":"162","DOLocationID":"163","payment_type":"2","fare_amount":"5.5","extra":"1","mta_tax":"0.5","tip_amount":"0","tolls_amount":"0","improvement_surcharge":"0.3","total_amount":"7.3","congestion_surcharge":""},{"VendorID":"2","tpep_pickup_datetime":"2023-06-08 19:41:49","tpep_dropoff_datetime":"2023-08-27 19:53:59","passenger_count":"1","trip_distance":"1.08","RatecodeID":"1","store_and_fwd_flag":"N","PULocationID":"230","DOLocationID":"50","payment_type":"1","fare_amount":"9","extra":"1","mta_tax":"0.5","tip_amount":"2","tolls_amount":"0","improvement_surcharge":"0.3","total_amount":"12.8","congestion_surcharge":""},{"VendorID":"2","tpep_pickup_datetime":"2023-03-10 19:18:03","tpep_dropoff_datetime":"2024-01-18 19:43:17","passenger_count":"1","trip_distance":"10.63","RatecodeID":"1","store_and_fwd_flag":"N","PULocationID":"138","DOLocationID":"114","payment_type":"1","fare_amount":"32.5","extra":"1","mta_tax":"0.5","tip_amount":"6.86","tolls_amount":"0","improvement_surcharge":"0.3","total_amount":"41.16","congestion_surcharge":""},{"VendorID":"2","tpep_pickup_datetime":"2023-05-21 19:54:29","tpep_dropoff_datetime":"2023-11-20 20:04:24","passenger_count":"1","trip_distance":"1.20","RatecodeID":"1","store_and_fwd_flag":"N","PULocationID":"125","DOLocationID":"79","payment_type":"2","fare_amount":"8","extra":"1","mta_tax":"0.5","tip_amount":"0","tolls_amount":"0","improvement_surcharge":"0.3","total_amount":"9.8","congestion_surcharge":""},{"VendorID":"2","tpep_pickup_datetime":"2023-10-03 19:20:00","tpep_dropoff_datetime":"2023-04-08 19:23:46","passenger_count":"1","trip_distance":".61","RatecodeID":"1","store_and_fwd_flag":"N","PULocationID":"68","DOLocationID":"68","payment_type":"1","fare_amount":"4.5","extra":"1","mta_tax":"0.5","tip_amount":"0.7","tolls_amount":"0","improvement_surcharge":"0.3","total_amount":"7","congestion_surcharge":""},{"VendorID":"2","tpep_pickup_datetime":"2023-07-02 19:44:39","tpep_dropoff_datetime":"2023-04-03 20:19:17","passenger_count":"1","trip_distance":"17.10","RatecodeID":"2","store_and_fwd_flag":"N","PULocationID":"186","DOLocationID":"132","payment_type":"2","fare_amount":"52","extra":"4.5","mta_tax":"0.5","tip_amount":"0","tolls_amount":"5.76","improvement_surcharge":"0.3","total_amount":"63.06","congestion_surcharge":""},{"VendorID":"2","tpep_pickup_datetime":"2023-06-26 19:53:46","tpep_dropoff_datetime":"2023-12-17 20:27:10","passenger_count":"1","trip_distance":"12.93","RatecodeID":"1","store_and_fwd_flag":"N","PULocationID":"138","DOLocationID":"40","payment_type":"1","fare_amount":"39","extra":"1","mta_tax":"0.5","tip_amount":"10.2","tolls_amount":"0","improvement_surcharge":"0.3","total_amount":"51","congestion_surcharge":""},{"VendorID":"2","tpep_pickup_datetime":"2023-12-13 19:28:44","tpep_dropoff_datetime":"2023-01-01 19:37:40","passenger_count":"1","trip_distance":".94","RatecodeID":"1","store_and_fwd_flag":"N","PULocationID":"164","DOLocationID":"230","payment_type":"1","fare_amount":"7","extra":"1","mta_tax":"0.5","tip_amount":"1.76","tolls_amount":"0","improvement_surcharge":"0.3","total_amount":"10.56","congestion_surcharge":""},{"VendorID":"2","tpep_pickup_datetime":"2023-10-15 19:50:06","tpep_dropoff_datetime":"2023-09-28 20:01:15","passenger_count":"1","trip_distance":".92","RatecodeID":"1","store_and_fwd_flag":"N","PULocationID":"163","DOLocationID":"162","payment_type":"1","fare_amount":"8","extra":"1","mta_tax":"0.5","tip_amount":"1.2","tolls_amount":"0","improvement_surcharge":"0.3","total_amount":"11","congestion_surcharge":""},{"VendorID":"1","tpep_pickup_datetime":"2023-09-04 19:06:35","tpep_dropoff_datetime":"2023-11-30 19:15:26","passenger_count":"2","trip_distance":"1.30","RatecodeID":"1","store_and_fwd_flag":"N","PULocationID":"170","DOLocationID":"237","payment_type":"1","fare_amount":"7.5","extra":"1","mta_tax":"0.5","tip_amount":"2.3","tolls_amount":"0","improvement_surcharge":"0.3","total_amount":"11.6","congestion_surcharge":""},{"VendorID":"1","tpep_pickup_datetime":"2023-01-11 19:27:56","tpep_dropoff_datetime":"2023-07-17 19:31:39","passenger_count":"3","trip_distance":".30","RatecodeID":"1","store_and_fwd_flag":"N","PULocationID":"236","DOLocationID":"263","payment_type":"1","fare_amount":"4.5","extra":"1","mta_tax":"0.5","tip_amount":"1.25","tolls_amount":"0","improvement_surcharge":"0.3","total_amount":"7.55","congestion_surcharge":""},{"VendorID":"1","tpep_pickup_datetime":"2023-12-25 19:33:02","tpep_dropoff_datetime":"2023-01-07 19:45:12","passenger_count":"3","trip_distance":"1.90","RatecodeID":"1","store_and_fwd_flag":"N","PULocationID":"263","DOLocationID":"239","payment_type":"1","fare_amount":"10","extra":"1","mta_tax":"0.5","tip_amount":"1.5","tolls_amount":"0","improvement_surcharge":"0.3","total_amount":"13.3","congestion_surcharge":""},{"VendorID":"1","tpep_pickup_datetime":"2023-08-20 19:38:34","tpep_dropoff_datetime":"2023-09-09 20:17:06","passenger_count":"1","trip_distance":"19.30","RatecodeID":"2","store_and_fwd_flag":"N","PULocationID":"151","DOLocationID":"132","payment_type":"1","fare_amount":"52","extra":"4.5","mta_tax":"0.5","tip_amount":"6","tolls_amount":"5.76","improvement_surcharge":"0.3","total_amount":"69.06","congestion_surcharge":""},{"VendorID":"2","tpep_pickup_datetime":"2023-09-09 19:24:53","tpep_dropoff_datetime":"2023-11-24 19:29:52","passenger_count":"1","trip_distance":".94","RatecodeID":"1","store_and_fwd_flag":"N","PULocationID":"239","DOLocationID":"142","payment_type":"1","fare_amount":"5.5","extra":"1","mta_tax":"0.5","tip_amount":"1.46","tolls_amount":"0","improvement_surcharge":"0.3","total_amount":"8.76","congestion_surcharge":""},{"VendorID":"1","tpep_pickup_datetime":"2023-07-15 19:59:35","tpep_dropoff_datetime":"2023-10-19 20:44:43","passenger_count":"1","trip_distance":"17.20","RatecodeID":"5","store_and_fwd_flag":"N","PULocationID":"138","DOLocationID":"265","payment_type":"1","fare_amount":"75","extra":"0","mta_tax":"0","tip_amount":"15","tolls_amount":"10.5","improvement_surcharge":"0.3","total_amount":"100.8","congestion_surcharge":""},{"VendorID":"2","tpep_pickup_datetime":"2023-07-23 19:05:10","tpep_dropoff_datetime":"2023-05-16 19:25:18","passenger_count":"1","trip_distance":"4.65","RatecodeID":"1","store_and_fwd_flag":"N","PULocationID":"186","DOLocationID":"65","payment_type":"1","fare_amount":"17","extra":"1","mta_tax":"0.5","tip_amount":"0","tolls_amount":"0","improvement_surcharge":"0.3","total_amount":"18.8","congestion_surcharge":""},{"VendorID":"2","tpep_pickup_datetime":"2023-06-09 19:34:30","tpep_dropoff_datetime":"2023-07-10 19:42:58","passenger_count":"1","trip_distance":"1.14","RatecodeID":"1","store_and_fwd_flag":"N","PULocationID":"181","DOLocationID":"181","payment_type":"1","fare_amount":"7.5","extra":"1","mta_tax":"0.5","tip_amount":"1.4","tolls_amount":"0","improvement_surcharge":"0.3","total_amount":"12.65","congestion_surcharge":""},{"VendorID":"2","tpep_pickup_datetime":"2023-07-28 18:41:35","tpep_dropoff_datetime":"2023-04-30 18:53:26","passenger_count":"6","trip_distance":"1.47","RatecodeID":"1","store_and_fwd_flag":"N","PULocationID":"209","DOLocationID":"211","payment_type":"1","fare_amount":"9","extra":"1","mta_tax":"0.5","tip_amount":"2.16","tolls_amount":"0","improvement_surcharge":"0.3","total_amount":"12.96","congestion_surcharge":""},{"VendorID":"2","tpep_pickup_datetime":"2023-08-31 19:01:45","tpep_dropoff_datetime":"2023-11-04 19:07:53","passenger_count":"6","trip_distance":".58","RatecodeID":"1","store_and_fwd_flag":"N","PULocationID":"113","DOLocationID":"114","payment_type":"2","fare_amount":"5.5","extra":"1","mta_tax":"0.5","tip_amount":"0","tolls_amount":"0","improvement_surcharge":"0.3","total_amount":"7.3","congestion_surcharge":""},{"VendorID":"2","tpep_pickup_datetime":"2023-08-28 19:14:42","tpep_dropoff_datetime":"2024-01-21 19:24:25","passenger_count":"6","trip_distance":"1.29","RatecodeID":"1","store_and_fwd_flag":"N","PULocationID":"113","DOLocationID":"107","payment_type":"1","fare_amount":"8","extra":"1","mta_tax":"0.5","tip_amount":"2.45","tolls_amount":"0","improvement_surcharge":"0.3","total_amount":"12.25","congestion_surcharge":""},{"VendorID":"2","tpep_pickup_datetime":"2023-09-23 19:28:08","tpep_dropoff_datetime":"2023-08-14 19:33:53","passenger_count":"6","trip_distance":".78","RatecodeID":"1","store_and_fwd_flag":"N","PULocationID":"107","DOLocationID":"79","payment_type":"1","fare_amount":"5.5","extra":"1","mta_tax":"0.5","tip_amount":"1.46","tolls_amount":"0","improvement_surcharge":"0.3","total_amount":"8.76","congestion_surcharge":""},{"VendorID":"2","tpep_pickup_datetime":"2023-10-30 19:15:29","tpep_dropoff_datetime":"2023-10-20 19:21:32","passenger_count":"1","trip_distance":"1.44","RatecodeID":"1","store_and_fwd_flag":"N","PULocationID":"162","DOLocationID":"263","payment_type":"1","fare_amount":"6.5","extra":"1","mta_tax":"0.5","tip_amount":"1","tolls_amount":"0","improvement_surcharge":"0.3","total_amount":"9.3","congestion_surcharge":""},{"VendorID":"2","tpep_pickup_datetime":"2023-02-27 19:32:24","tpep_dropoff_datetime":"2023-10-01 19:39:39","passenger_count":"1","trip_distance":"2.55","RatecodeID":"1","store_and_fwd_flag":"N","PULocationID":"162","DOLocationID":"146","payment_type":"2","fare_amount":"9","extra":"1","mta_tax":"0.5","tip_amount":"0","tolls_amount":"0","improvement_surcharge":"0.3","total_amount":"10.8","congestion_surcharge":""},{"VendorID":"2","tpep_pickup_datetime":"2023-08-11 19:15:47","tpep_dropoff_datetime":"2023-11-14 19:25:39","passenger_count":"1","trip_distance":"1.20","RatecodeID":"1","store_and_fwd_flag":"N","PULocationID":"107","DOLocationID":"161","payment_type":"1","fare_amount":"8","extra":"1","mta_tax":"0.5","tip_amount":"1","tolls_amount":"0","improvement_surcharge":"0.3","total_amount":"10.8","congestion_surcharge":""},{"VendorID":"2","tpep_pickup_datetime":"2023-03-11 19:28:49","tpep_dropoff_datetime":"2023-10-17 19:49:28","passenger_count":"1","trip_distance":"6.19","RatecodeID":"1","store_and_fwd_flag":"N","PULocationID":"230","DOLocationID":"88","payment_type":"1","fare_amount":"21","extra":"1","mta_tax":"0.5","tip_amount":"5.7","tolls_amount":"0","improvement_surcharge":"0.3","total_amount":"28.5","congestion_surcharge":""},{"VendorID":"1","tpep_pickup_datetime":"2023-07-11 19:33:48","tpep_dropoff_datetime":"2023-08-07 19:47:29","passenger_count":"1","trip_distance":"1.10","RatecodeID":"1","store_and_fwd_flag":"N","PULocationID":"113","DOLocationID":"158","payment_type":"1","fare_amount":"9.5","extra":"1","mta_tax":"0.5","tip_amount":"2.26","tolls_amount":"0","improvement_surcharge":"0.3","total_amount":"13.56","congestion_surcharge":""},{"VendorID":"1","tpep_pickup_datetime":"2023-01-18 19:56:30","tpep_dropoff_datetime":"2023-05-30 20:13:28","passenger_count":"1","trip_distance":"3.60","RatecodeID":"1","store_and_fwd_flag":"N","PULocationID":"90","DOLocationID":"239","payment_type":"1","fare_amount":"14.5","extra":"1","mta_tax":"0.5","tip_amount":"3.25","tolls_amount":"0","improvement_surcharge":"0.3","total_amount":"19.55","congestion_surcharge":""},{"VendorID":"1","tpep_pickup_datetime":"2023-08-20 19:06:30","tpep_dropoff_datetime":"2023-09-08 19:28:04","passenger_count":"1","trip_distance":"2.70","RatecodeID":"1","store_and_fwd_flag":"N","PULocationID":"142","DOLocationID":"234","payment_type":"1","fare_amount":"14.5","extra":"1","mta_tax":"0.5","tip_amount":"3.25","tolls_amount":"0","improvement_surcharge":"0.3","total_amount":"19.55","congestion_surcharge":""},{"VendorID":"1","tpep_pickup_datetime":"2023-12-18 19:30:00","tpep_dropoff_datetime":"2023-05-19 19:51:11","passenger_count":"1","trip_distance":"4.20","RatecodeID":"1","store_and_fwd_flag":"N","PULocationID":"234","DOLocationID":"87","payment_type":"1","fare_amount":"18.5","extra":"1","mta_tax":"0.5","tip_amount":"2","tolls_amount":"0","improvement_surcharge":"0.3","total_amount":"22.3","congestion_surcharge":""},{"VendorID":"2","tpep_pickup_datetime":"2024-01-19 19:31:44","tpep_dropoff_datetime":"2023-10-19 20:03:58","passenger_count":"1","trip_distance":"11.39","RatecodeID":"1","store_and_fwd_flag":"N","PULocationID":"138","DOLocationID":"48","payment_type":"1","fare_amount":"36.5","extra":"1","mta_tax":"0.5","tip_amount":"6","tolls_amount":"5.76","improvement_surcharge":"0.3","total_amount":"50.06","congestion_surcharge":""},{"VendorID":"2","tpep_pickup_datetime":"2024-01-23 19:33:12","tpep_dropoff_datetime":"2023-10-01 19:41:07","passenger_count":"2","trip_distance":".94","RatecodeID":"1","store_and_fwd_flag":"N","PULocationID":"144","DOLocationID":"148","payment_type":"1","fare_amount":"6.5","extra":"1","mta_tax":"0.5","tip_amount":"1.66","tolls_amount":"0","improvement_surcharge":"0.3","total_amount":"9.96","congestion_surcharge":""},{"VendorID":"2","tpep_pickup_datetime":"2023-04-22 19:53:29","tpep_dropoff_datetime":"2023-01-04 20:06:52","passenger_count":"2","trip_distance":"1.84","RatecodeID":"1","store_and_fwd_flag":"N","PULocationID":"79","DOLocationID":"158","payment_type":"1","fare_amount":"10.5","extra":"1","mta_tax":"0.5","tip_amount":"1.84","tolls_amount":"0","improvement_surcharge":"0.3","total_amount":"14.14","congestion_surcharge":""},{"VendorID":"2","tpep_pickup_datetime":"2023-01-29 19:08:53","tpep_dropoff_datetime":"2023-08-22 19:32:19","passenger_count":"1","trip_distance":"7.04","RatecodeID":"1","store_and_fwd_flag":"N","PULocationID":"261","DOLocationID":"262","payment_type":"1","fare_amount":"24","extra":"1","mta_tax":"0.5","tip_amount":"6.45","tolls_amount":"0","improvement_surcharge":"0.3","total_amount":"32.25","congestion_surcharge":""},{"VendorID":"2","tpep_pickup_datetime":"2023-12-08 19:36:42","tpep_dropoff_datetime":"2023-07-19 19:39:59","passenger_count":"1","trip_distance":".77","RatecodeID":"1","store_and_fwd_flag":"N","PULocationID":"262","DOLocationID":"236","payment_type":"1","fare_amount":"4.5","extra":"1","mta_tax":"0.5","tip_amount":"1.26","tolls_amount":"0","improvement_surcharge":"0.3","total_amount":"7.56","congestion_surcharge":""},{"VendorID":"2","tpep_pickup_datetime":"2023-12-11 18:58:30","tpep_dropoff_datetime":"2023-03-09 19:17:16","passenger_count":"1","trip_distance":"2.67","RatecodeID":"1","store_and_fwd_flag":"N","PULocationID":"236","DOLocationID":"143","payment_type":"1","fare_amount":"13.5","extra":"1","mta_tax":"0.5","tip_amount":"3.06","tolls_amount":"0","improvement_surcharge":"0.3","total_amount":"18.36","congestion_surcharge":""},{"VendorID":"2","tpep_pickup_datetime":"2023-02-23 19:38:34","tpep_dropoff_datetime":"2023-06-07 19:49:29","passenger_count":"1","trip_distance":"3.61","RatecodeID":"1","store_and_fwd_flag":"N","PULocationID":"48","DOLocationID":"24","payment_type":"1","fare_amount":"12.5","extra":"1","mta_tax":"0.5","tip_amount":"2.86","tolls_amount":"0","improvement_surcharge":"0.3","total_amount":"17.16","congestion_surcharge":""},{"VendorID":"2","tpep_pickup_datetime":"2023-12-16 19:15:39","tpep_dropoff_datetime":"2023-03-01 19:22:23","passenger_count":"1","trip_distance":".90","RatecodeID":"1","store_and_fwd_flag":"N","PULocationID":"231","DOLocationID":"125","payment_type":"1","fare_amount":"6","extra":"1","mta_tax":"0.5","tip_amount":"1.56","tolls_amount":"0","improvement_surcharge":"0.3","total_amount":"9.36","congestion_surcharge":""},{"VendorID":"2","tpep_pickup_datetime":"2023-09-27 19:38:27","tpep_dropoff_datetime":"2023-02-28 19:51:05","passenger_count":"1","trip_distance":"2.36","RatecodeID":"1","store_and_fwd_flag":"N","PULocationID":"13","DOLocationID":"113","payment_type":"1","fare_amount":"11","extra":"1","mta_tax":"0.5","tip_amount":"2.56","tolls_amount":"0","improvement_surcharge":"0.3","total_amount":"15.36","congestion_surcharge":""},{"VendorID":"2","tpep_pickup_datetime":"2023-11-19 19:53:09","tpep_dropoff_datetime":"2023-02-11 20:04:05","passenger_count":"1","trip_distance":"1.12","RatecodeID":"1","store_and_fwd_flag":"N","PULocationID":"113","DOLocationID":"4","payment_type":"2","fare_amount":"8","extra":"1","mta_tax":"0.5","tip_amount":"0","tolls_amount":"0","improvement_surcharge":"0.3","total_amount":"9.8","congestion_surcharge":""},{"VendorID":"1","tpep_pickup_datetime":"2023-02-18 19:04:35","tpep_dropoff_datetime":"2023-07-20 19:12:55","passenger_count":"3","trip_distance":".90","RatecodeID":"1","store_and_fwd_flag":"N","PULocationID":"161","DOLocationID":"50","payment_type":"1","fare_amount":"7","extra":"1","mta_tax":"0.5","tip_amount":"1.75","tolls_amount":"0","improvement_surcharge":"0.3","total_amount":"10.55","congestion_surcharge":""},{"VendorID":"1","tpep_pickup_datetime":"2023-05-18 19:13:56","tpep_dropoff_datetime":"2023-06-03 19:28:02","passenger_count":"2","trip_distance":"8.20","RatecodeID":"1","store_and_fwd_flag":"N","PULocationID":"48","DOLocationID":"128","payment_type":"1","fare_amount":"24","extra":"1","mta_tax":"0.5","tip_amount":"5.15","tolls_amount":"0","improvement_surcharge":"0.3","total_amount":"30.95","congestion_surcharge":""},{"VendorID":"1","tpep_pickup_datetime":"2024-01-01 19:48:31","tpep_dropoff_datetime":"2023-11-23 19:55:51","passenger_count":"2","trip_distance":"1.70","RatecodeID":"1","store_and_fwd_flag":"N","PULocationID":"142","DOLocationID":"238","payment_type":"1","fare_amount":"7.5","extra":"1","mta_tax":"0.5","tip_amount":"0.93","tolls_amount":"0","improvement_surcharge":"0.3","total_amount":"10.23","congestion_surcharge":""},{"VendorID":"2","tpep_pickup_datetime":"2023-10-27 19:12:06","tpep_dropoff_datetime":"2023-08-02 19:12:11","passenger_count":"1","trip_distance":".00","RatecodeID":"1","store_and_fwd_flag":"N","PULocationID":"230","DOLocationID":"264","payment_type":"2","fare_amount":"2.5","extra":"1","mta_tax":"0.5","tip_amount":"0","tolls_amount":"0","improvement_surcharge":"0.3","total_amount":"4.3","congestion_surcharge":""},{"VendorID":"2","tpep_pickup_datetime":"2023-02-20 19:16:32","tpep_dropoff_datetime":"2023-12-01 19:16:48","passenger_count":"1","trip_distance":".00","RatecodeID":"1","store_and_fwd_flag":"N","PULocationID":"230","DOLocationID":"230","payment_type":"2","fare_amount":"2.5","extra":"1","mta_tax":"0.5","tip_amount":"0","tolls_amount":"0","improvement_surcharge":"0.3","total_amount":"4.3","congestion_surcharge":""},{"VendorID":"2","tpep_pickup_datetime":"2023-09-25 19:17:33","tpep_dropoff_datetime":"2023-06-12 19:30:04","passenger_count":"1","trip_distance":"1.26","RatecodeID":"1","store_and_fwd_flag":"N","PULocationID":"230","DOLocationID":"229","payment_type":"2","fare_amount":"9","extra":"1","mta_tax":"0.5","tip_amount":"0","tolls_amount":"0","improvement_surcharge":"0.3","total_amount":"10.8","congestion_surcharge":""},{"VendorID":"2","tpep_pickup_datetime":"2023-11-01 19:38:38","tpep_dropoff_datetime":"2023-05-22 19:46:37","passenger_count":"1","trip_distance":"1.24","RatecodeID":"1","store_and_fwd_flag":"N","PULocationID":"137","DOLocationID":"114","payment_type":"1","fare_amount":"7","extra":"1","mta_tax":"0.5","tip_amount":"1.76","tolls_amount":"0","improvement_surcharge":"0.3","total_amount":"10.56","congestion_surcharge":""},{"VendorID":"1","tpep_pickup_datetime":"2023-03-30 19:06:21","tpep_dropoff_datetime":"2023-05-24 19:11:56","passenger_count":"0","trip_distance":".90","RatecodeID":"1","store_and_fwd_flag":"N","PULocationID":"211","DOLocationID":"249","payment_type":"1","fare_amount":"5.5","extra":"1","mta_tax":"0.5","tip_amount":"1.45","tolls_amount":"0","improvement_surcharge":"0.3","total_amount":"8.75","congestion_surcharge":""},{"VendorID":"1","tpep_pickup_datetime":"2023-01-11 19:15:39","tpep_dropoff_datetime":"2023-08-16 19:29:06","passenger_count":"0","trip_distance":"1.70","RatecodeID":"1","store_and_fwd_flag":"N","PULocationID":"249","DOLocationID":"164","payment_type":"1","fare_amount":"9.5","extra":"1","mta_tax":"0.5","tip_amount":"2.26","tolls_amount":"0","improvement_surcharge":"0.3","total_amount":"13.56","congestion_surcharge":""},{"VendorID":"1","tpep_pickup_datetime":"2023-09-02 19:30:42","tpep_dropoff_datetime":"2023-04-10 19:38:08","passenger_count":"0","trip_distance":"1.10","RatecodeID":"1","store_and_fwd_flag":"N","PULocationID":"164","DOLocationID":"107","payment_type":"1","fare_amount":"6.5","extra":"1","mta_tax":"0.5","tip_amount":"1.65","tolls_amount":"0","improvement_surcharge":"0.3","total_amount":"9.95","congestion_surcharge":""},{"VendorID":"2","tpep_pickup_datetime":"2023-06-10 19:05:28","tpep_dropoff_datetime":"2023-10-18 19:11:26","passenger_count":"1","trip_distance":".72","RatecodeID":"1","store_and_fwd_flag":"N","PULocationID":"234","DOLocationID":"161","payment_type":"2","fare_amount":"5.5","extra":"1","mta_tax":"0.5","tip_amount":"0","tolls_amount":"0","improvement_surcharge":"0.3","total_amount":"7.3","congestion_surcharge":""},{"VendorID":"2","tpep_pickup_datetime":"2023-01-03 19:33:17","tpep_dropoff_datetime":"2023-03-14 19:46:18","passenger_count":"1","trip_distance":"2.48","RatecodeID":"1","store_and_fwd_flag":"N","PULocationID":"163","DOLocationID":"246","payment_type":"1","fare_amount":"11","extra":"1","mta_tax":"0.5","tip_amount":"2.56","tolls_amount":"0","improvement_surcharge":"0.3","total_amount":"15.36","congestion_surcharge":""},{"VendorID":"2","tpep_pickup_datetime":"2023-06-03 19:50:52","tpep_dropoff_datetime":"2023-11-24 20:00:53","passenger_count":"1","trip_distance":"3.93","RatecodeID":"1","store_and_fwd_flag":"N","PULocationID":"68","DOLocationID":"238","payment_type":"1","fare_amount":"13.5","extra":"1","mta_tax":"0.5","tip_amount":"3.06","tolls_amount":"0","improvement_surcharge":"0.3","total_amount":"18.36","congestion_surcharge":""},{"VendorID":"2","tpep_pickup_datetime":"2023-01-03 19:47:08","tpep_dropoff_datetime":"2023-08-12 20:00:22","passenger_count":"1","trip_distance":"2.20","RatecodeID":"1","store_and_fwd_flag":"N","PULocationID":"66","DOLocationID":"49","payment_type":"1","fare_amount":"11","extra":"1","mta_tax":"0.5","tip_amount":"2","tolls_amount":"0","improvement_surcharge":"0.3","total_amount":"14.8","congestion_surcharge":""},{"VendorID":"1","tpep_pickup_datetime":"2023-07-28 19:20:11","tpep_dropoff_datetime":"2023-05-12 19:36:24","passenger_count":"1","trip_distance":"3.30","RatecodeID":"1","store_and_fwd_flag":"N","PULocationID":"142","DOLocationID":"137","payment_type":"1","fare_amount":"13.5","extra":"1","mta_tax":"0.5","tip_amount":"3.05","tolls_amount":"0","improvement_surcharge":"0.3","total_amount":"18.35","congestion_surcharge":""},{"VendorID":"1","tpep_pickup_datetime":"2023-08-27 19:10:26","tpep_dropoff_datetime":"2023-09-29 19:15:40","passenger_count":"1","trip_distance":".60","RatecodeID":"1","store_and_fwd_flag":"N","PULocationID":"79","DOLocationID":"148","payment_type":"1","fare_amount":"5.5","extra":"1","mta_tax":"0.5","tip_amount":"1.45","tolls_amount":"0","improvement_surcharge":"0.3","total_amount":"8.75","congestion_surcharge":""},{"VendorID":"1","tpep_pickup_datetime":"2023-11-04 19:44:00","tpep_dropoff_datetime":"2023-01-21 20:08:25","passenger_count":"1","trip_distance":"2.60","RatecodeID":"1","store_and_fwd_flag":"N","PULocationID":"249","DOLocationID":"233","payment_type":"1","fare_amount":"16","extra":"1","mta_tax":"0.5","tip_amount":"2.67","tolls_amount":"0","improvement_surcharge":"0.3","total_amount":"20.47","congestion_surcharge":""},{"VendorID":"2","tpep_pickup_datetime":"2023-05-07 19:55:25","tpep_dropoff_datetime":"2023-07-27 20:28:40","passenger_count":"1","trip_distance":"18.87","RatecodeID":"1","store_and_fwd_flag":"N","PULocationID":"132","DOLocationID":"65","payment_type":"1","fare_amount":"51","extra":"1","mta_tax":"0.5","tip_amount":"5","tolls_amount":"0","improvement_surcharge":"0.3","total_amount":"57.8","congestion_surcharge":""},{"VendorID":"1","tpep_pickup_datetime":"2023-11-30 19:07:19","tpep_dropoff_datetime":"2023-11-27 19:38:55","passenger_count":"1","trip_distance":"7.90","RatecodeID":"1","store_and_fwd_flag":"N","PULocationID":"107","DOLocationID":"189","payment_type":"2","fare_amount":"27.5","extra":"1","mta_tax":"0.5","tip_amount":"0","tolls_amount":"0","improvement_surcharge":"0.3","total_amount":"29.3","congestion_surcharge":""},{"VendorID":"1","tpep_pickup_datetime":"2023-10-24 19:57:16","tpep_dropoff_datetime":"2023-02-18 20:00:21","passenger_count":"1","trip_distance":".40","RatecodeID":"1","store_and_fwd_flag":"N","PULocationID":"144","DOLocationID":"211","payment_type":"1","fare_amount":"4","extra":"0.5","mta_tax":"0.5","tip_amount":"0","tolls_amount":"0","improvement_surcharge":"0.3","total_amount":"5.3","congestion_surcharge":""},{"VendorID":"2","tpep_pickup_datetime":"2023-05-11 19:02:03","tpep_dropoff_datetime":"2023-03-30 19:12:43","passenger_count":"2","trip_distance":"1.52","RatecodeID":"1","store_and_fwd_flag":"N","PULocationID":"238","DOLocationID":"142","payment_type":"1","fare_amount":"9","extra":"1","mta_tax":"0.5","tip_amount":"2.16","tolls_amount":"0","improvement_surcharge":"0.3","total_amount":"12.96","congestion_surcharge":""},{"VendorID":"2","tpep_pickup_datetime":"2023-09-04 19:55:36","tpep_dropoff_datetime":"2023-12-22 20:25:03","passenger_count":"2","trip_distance":"3.92","RatecodeID":"1","store_and_fwd_flag":"N","PULocationID":"100","DOLocationID":"45","payment_type":"2","fare_amount":"19.5","extra":"1","mta_tax":"0.5","tip_amount":"0","tolls_amount":"0","improvement_surcharge":"0.3","total_amount":"21.3","congestion_surcharge":""},{"VendorID":"2","tpep_pickup_datetime":"2023-11-02 19:23:38","tpep_dropoff_datetime":"2023-03-25 19:33:48","passenger_count":"1","trip_distance":"1.29","RatecodeID":"1","store_and_fwd_flag":"N","PULocationID":"234","DOLocationID":"148","payment_type":"1","fare_amount":"8.5","extra":"1","mta_tax":"0.5","tip_amount":"1.03","tolls_amount":"0","improvement_surcharge":"0.3","total_amount":"11.33","congestion_surcharge":""},{"VendorID":"2","tpep_pickup_datetime":"2023-08-05 19:48:21","tpep_dropoff_datetime":"2024-02-03 20:00:51","passenger_count":"1","trip_distance":"2.24","RatecodeID":"1","store_and_fwd_flag":"N","PULocationID":"170","DOLocationID":"68","payment_type":"2","fare_amount":"10.5","extra":"1","mta_tax":"0.5","tip_amount":"0","tolls_amount":"0","improvement_surcharge":"0.3","total_amount":"12.3","congestion_surcharge":""},{"VendorID":"1","tpep_pickup_datetime":"2023-02-21 19:43:26","tpep_dropoff_datetime":"2023-08-17 19:57:03","passenger_count":"2","trip_distance":"1.50","RatecodeID":"1","store_and_fwd_flag":"N","PULocationID":"237","DOLocationID":"230","payment_type":"2","fare_amount":"9.5","extra":"1","mta_tax":"0.5","tip_amount":"0","tolls_amount":"0","improvement_surcharge":"0.3","total_amount":"11.3","congestion_surcharge":""},{"VendorID":"1","tpep_pickup_datetime":"2024-01-08 19:03:09","tpep_dropoff_datetime":"2023-12-26 19:25:30","passenger_count":"1","trip_distance":"7.90","RatecodeID":"1","store_and_fwd_flag":"N","PULocationID":"138","DOLocationID":"24","payment_type":"1","fare_amount":"25.5","extra":"1","mta_tax":"0.5","tip_amount":"6.6","tolls_amount":"5.76","improvement_surcharge":"0.3","total_amount":"39.66","congestion_surcharge":""},{"VendorID":"2","tpep_pickup_datetime":"2023-06-18 18:59:13","tpep_dropoff_datetime":"2024-01-29 19:06:10","passenger_count":"1","trip_distance":"1.19","RatecodeID":"1","store_and_fwd_flag":"N","PULocationID":"142","DOLocationID":"50","payment_type":"1","fare_amount":"6.5","extra":"1","mta_tax":"0.5","tip_amount":"1.7","tolls_amount":"0","improvement_surcharge":"0.3","total_amount":"10","congestion_surcharge":""},{"VendorID":"2","tpep_pickup_datetime":"2023-08-22 19:19:49","tpep_dropoff_datetime":"2023-11-29 19:24:27","passenger_count":"1","trip_distance":".35","RatecodeID":"1","store_and_fwd_flag":"N","PULocationID":"230","DOLocationID":"230","payment_type":"1","fare_amount":"4.5","extra":"1","mta_tax":"0.5","tip_amount":"1.58","tolls_amount":"0","improvement_surcharge":"0.3","total_amount":"7.88","congestion_surcharge":""},{"VendorID":"2","tpep_pickup_datetime":"2023-06-12 19:28:00","tpep_dropoff_datetime":"2023-08-07 19:36:50","passenger_count":"1","trip_distance":"1.32","RatecodeID":"1","store_and_fwd_flag":"N","PULocationID":"48","DOLocationID":"68","payment_type":"2","fare_amount":"7.5","extra":"1","mta_tax":"0.5","tip_amount":"0","tolls_amount":"0","improvement_surcharge":"0.3","total_amount":"9.3","congestion_surcharge":""},{"VendorID":"2","tpep_pickup_datetime":"2023-12-17 19:39:45","tpep_dropoff_datetime":"2023-08-03 19:50:05","passenger_count":"1","trip_distance":"3.01","RatecodeID":"1","store_and_fwd_flag":"N","PULocationID":"246","DOLocationID":"239","payment_type":"1","fare_amount":"11","extra":"1","mta_tax":"0.5","tip_amount":"3.84","tolls_amount":"0","improvement_surcharge":"0.3","total_amount":"16.64","congestion_surcharge":""},{"VendorID":"2","tpep_pickup_datetime":"2023-07-03 19:54:42","tpep_dropoff_datetime":"2024-01-27 20:00:33","passenger_count":"1","trip_distance":"1.21","RatecodeID":"1","store_and_fwd_flag":"N","PULocationID":"239","DOLocationID":"24","payment_type":"1","fare_amount":"6.5","extra":"1","mta_tax":"0.5","tip_amount":"1.66","tolls_amount":"0","improvement_surcharge":"0.3","total_amount":"9.96","congestion_surcharge":""},{"VendorID":"2","tpep_pickup_datetime":"2023-05-08 19:07:29","tpep_dropoff_datetime":"2023-12-04 19:18:12","passenger_count":"1","trip_distance":"1.66","RatecodeID":"1","store_and_fwd_flag":"N","PULocationID":"100","DOLocationID":"237","payment_type":"1","fare_amount":"9","extra":"1","mta_tax":"0.5","tip_amount":"2.16","tolls_amount":"0","improvement_surcharge":"0.3","total_amount":"12.96","congestion_surcharge":""},{"VendorID":"2","tpep_pickup_datetime":"2024-01-06 19:21:54","tpep_dropoff_datetime":"2023-10-05 19:37:54","passenger_count":"2","trip_distance":"2.45","RatecodeID":"1","store_and_fwd_flag":"N","PULocationID":"162","DOLocationID":"90","payment_type":"1","fare_amount":"12","extra":"1","mta_tax":"0.5","tip_amount":"0","tolls_amount":"0","improvement_surcharge":"0.3","total_amount":"13.8","congestion_surcharge":""},{"VendorID":"2","tpep_pickup_datetime":"2023-04-04 19:39:52","tpep_dropoff_datetime":"2023-12-09 19:46:51","passenger_count":"2","trip_distance":".64","RatecodeID":"1","store_and_fwd_flag":"N","PULocationID":"90","DOLocationID":"249","payment_type":"1","fare_amount":"6","extra":"1","mta_tax":"0.5","tip_amount":"1.56","tolls_amount":"0","improvement_surcharge":"0.3","total_amount":"9.36","congestion_surcharge":""},{"VendorID":"2","tpep_pickup_datetime":"2023-07-06 19:01:21","tpep_dropoff_datetime":"2023-01-17 19:38:57","passenger_count":"1","trip_distance":"19.31","RatecodeID":"2","store_and_fwd_flag":"N","PULocationID":"209","DOLocationID":"132","payment_type":"2","fare_amount":"52","extra":"4.5","mta_tax":"0.5","tip_amount":"0","tolls_amount":"0","improvement_surcharge":"0.3","total_amount":"57.3","congestion_surcharge":""},{"VendorID":"2","tpep_pickup_datetime":"2023-12-20 19:19:18","tpep_dropoff_datetime":"2023-05-13 19:46:57","passenger_count":"1","trip_distance":"11.85","RatecodeID":"1","store_and_fwd_flag":"N","PULocationID":"39","DOLocationID":"203","payment_type":"1","fare_amount":"34","extra":"1","mta_tax":"0.5","tip_amount":"0","tolls_amount":"0","improvement_surcharge":"0.3","total_amount":"35.8","congestion_surcharge":""},{"VendorID":"2","tpep_pickup_datetime":"2023-11-20 19:02:56","tpep_dropoff_datetime":"2024-01-22 19:22:51","passenger_count":"1","trip_distance":"3.44","RatecodeID":"1","store_and_fwd_flag":"N","PULocationID":"186","DOLocationID":"140","payment_type":"1","fare_amount":"15.5","extra":"1","mta_tax":"0.5","tip_amount":"3.46","tolls_amount":"0","improvement_surcharge":"0.3","total_amount":"20.76","congestion_surcharge":""},{"VendorID":"2","tpep_pickup_datetime":"2023-01-28 19:23:55","tpep_dropoff_datetime":"2023-08-16 19:26:45","passenger_count":"1","trip_distance":".77","RatecodeID":"1","store_and_fwd_flag":"N","PULocationID":"141","DOLocationID":"263","payment_type":"1","fare_amount":"4.5","extra":"1","mta_tax":"0.5","tip_amount":"1.26","tolls_amount":"0","improvement_surcharge":"0.3","total_amount":"7.56","congestion_surcharge":""},{"VendorID":"2","tpep_pickup_datetime":"2023-01-14 19:30:17","tpep_dropoff_datetime":"2023-10-03 19:46:19","passenger_count":"1","trip_distance":"6.18","RatecodeID":"1","store_and_fwd_flag":"N","PULocationID":"262","DOLocationID":"223","payment_type":"1","fare_amount":"20","extra":"1","mta_tax":"0.5","tip_amount":"6.89","tolls_amount":"5.76","improvement_surcharge":"0.3","total_amount":"34.45","congestion_surcharge":""},{"VendorID":"2","tpep_pickup_datetime":"2023-09-30 19:01:42","tpep_dropoff_datetime":"2023-05-03 19:13:03","passenger_count":"2","trip_distance":"1.28","RatecodeID":"1","store_and_fwd_flag":"N","PULocationID":"230","DOLocationID":"50","payment_type":"1","fare_amount":"8.5","extra":"1","mta_tax":"0.5","tip_amount":"0.5","tolls_amount":"0","improvement_surcharge":"0.3","total_amount":"10.8","congestion_surcharge":""},{"VendorID":"2","tpep_pickup_datetime":"2023-03-14 19:13:51","tpep_dropoff_datetime":"2023-04-04 19:28:28","passenger_count":"1","trip_distance":"7.10","RatecodeID":"1","store_and_fwd_flag":"N","PULocationID":"50","DOLocationID":"243","payment_type":"1","fare_amount":"21.5","extra":"1","mta_tax":"0.5","tip_amount":"2","tolls_amount":"0","improvement_surcharge":"0.3","total_amount":"25.3","congestion_surcharge":""},{"VendorID":"2","tpep_pickup_datetime":"2023-04-06 19:12:47","tpep_dropoff_datetime":"2023-07-21 19:39:16","passenger_count":"2","trip_distance":"1.53","RatecodeID":"1","store_and_fwd_flag":"N","PULocationID":"161","DOLocationID":"230","payment_type":"2","fare_amount":"16","extra":"1","mta_tax":"0.5","tip_amount":"0","tolls_amount":"0","improvement_surcharge":"0.3","total_amount":"17.8","congestion_surcharge":""},{"VendorID":"2","tpep_pickup_datetime":"2023-05-16 19:44:17","tpep_dropoff_datetime":"2023-02-06 19:51:53","passenger_count":"2","trip_distance":".98","RatecodeID":"1","store_and_fwd_flag":"N","PULocationID":"161","DOLocationID":"229","payment_type":"1","fare_amount":"6.5","extra":"1","mta_tax":"0.5","tip_amount":"1.66","tolls_amount":"0","improvement_surcharge":"0.3","total_amount":"9.96","congestion_surcharge":""},{"VendorID":"2","tpep_pickup_datetime":"2024-01-08 19:54:53","tpep_dropoff_datetime":"2023-12-14 19:57:15","passenger_count":"2","trip_distance":".85","RatecodeID":"1","store_and_fwd_flag":"N","PULocationID":"229","DOLocationID":"140","payment_type":"2","fare_amount":"4.5","extra":"1","mta_tax":"0.5","tip_amount":"0","tolls_amount":"0","improvement_surcharge":"0.3","total_amount":"6.3","congestion_surcharge":""},{"VendorID":"2","tpep_pickup_datetime":"2023-01-04 19:18:44","tpep_dropoff_datetime":"2023-10-26 19:59:09","passenger_count":"1","trip_distance":"19.99","RatecodeID":"2","store_and_fwd_flag":"N","PULocationID":"132","DOLocationID":"249","payment_type":"1","fare_amount":"52","extra":"4.5","mta_tax":"0.5","tip_amount":"15.76","tolls_amount":"5.76","improvement_surcharge":"0.3","total_amount":"78.82","congestion_surcharge":""},{"VendorID":"2","tpep_pickup_datetime":"2023-01-24 19:00:21","tpep_dropoff_datetime":"2023-08-28 19:10:11","passenger_count":"1","trip_distance":".76","RatecodeID":"1","store_and_fwd_flag":"N","PULocationID":"230","DOLocationID":"161","payment_type":"2","fare_amount":"7.5","extra":"1","mta_tax":"0.5","tip_amount":"0","tolls_amount":"0","improvement_surcharge":"0.3","total_amount":"9.3","congestion_surcharge":""},{"VendorID":"2","tpep_pickup_datetime":"2023-06-20 19:10:52","tpep_dropoff_datetime":"2024-01-07 19:24:38","passenger_count":"1","trip_distance":"1.70","RatecodeID":"1","store_and_fwd_flag":"N","PULocationID":"161","DOLocationID":"246","payment_type":"1","fare_amount":"10","extra":"1","mta_tax":"0.5","tip_amount":"1.77","tolls_amount":"0","improvement_surcharge":"0.3","total_amount":"13.57","congestion_surcharge":""},{"VendorID":"2","tpep_pickup_datetime":"2023-05-10 19:26:35","tpep_dropoff_datetime":"2023-09-26 19:30:34","passenger_count":"1","trip_distance":".98","RatecodeID":"1","store_and_fwd_flag":"N","PULocationID":"246","DOLocationID":"68","payment_type":"1","fare_amount":"5","extra":"1","mta_tax":"0.5","tip_amount":"1.02","tolls_amount":"0","improvement_surcharge":"0.3","total_amount":"7.82","congestion_surcharge":""},{"VendorID":"2","tpep_pickup_datetime":"2023-02-23 18:57:35","tpep_dropoff_datetime":"2024-02-03 19:08:15","passenger_count":"3","trip_distance":"1.26","RatecodeID":"1","store_and_fwd_flag":"N","PULocationID":"234","DOLocationID":"79","payment_type":"1","fare_amount":"8","extra":"1","mta_tax":"0.5","tip_amount":"2.45","tolls_amount":"0","improvement_surcharge":"0.3","total_amount":"12.25","congestion_surcharge":""},{"VendorID":"2","tpep_pickup_datetime":"2023-04-14 19:11:32","tpep_dropoff_datetime":"2023-04-14 19:17:02","passenger_count":"3","trip_distance":".79","RatecodeID":"1","store_and_fwd_flag":"N","PULocationID":"79","DOLocationID":"79","payment_type":"2","fare_amount":"5.5","extra":"1","mta_tax":"0.5","tip_amount":"0","tolls_amount":"0","improvement_surcharge":"0.3","total_amount":"7.3","congestion_surcharge":""},{"VendorID":"2","tpep_pickup_datetime":"2023-10-17 19:20:32","tpep_dropoff_datetime":"2023-02-10 19:35:03","passenger_count":"3","trip_distance":"1.19","RatecodeID":"1","store_and_fwd_flag":"N","PULocationID":"79","DOLocationID":"249","payment_type":"1","fare_amount":"10","extra":"1","mta_tax":"0.5","tip_amount":"2.95","tolls_amount":"0","improvement_surcharge":"0.3","total_amount":"14.75","congestion_surcharge":""},{"VendorID":"2","tpep_pickup_datetime":"2024-01-06 19:39:56","tpep_dropoff_datetime":"2024-01-14 19:44:11","passenger_count":"2","trip_distance":".75","RatecodeID":"1","store_and_fwd_flag":"N","PULocationID":"249","DOLocationID":"68","payment_type":"1","fare_amount":"4.5","extra":"1","mta_tax":"0.5","tip_amount":"1.26","tolls_amount":"0","improvement_surcharge":"0.3","total_amount":"7.56","congestion_surcharge":""},{"VendorID":"2","tpep_pickup_datetime":"2023-01-28 19:05:15","tpep_dropoff_datetime":"2023-05-05 19:10:57","passenger_count":"5","trip_distance":".58","RatecodeID":"1","store_and_fwd_flag":"N","PULocationID":"249","DOLocationID":"158","payment_type":"1","fare_amount":"5.5","extra":"1","mta_tax":"0.5","tip_amount":"1.46","tolls_amount":"0","improvement_surcharge":"0.3","total_amount":"8.76","congestion_surcharge":""},{"VendorID":"2","tpep_pickup_datetime":"2023-07-03 19:19:00","tpep_dropoff_datetime":"2023-08-24 19:30:53","passenger_count":"5","trip_distance":"2.02","RatecodeID":"1","store_and_fwd_flag":"N","PULocationID":"158","DOLocationID":"45","payment_type":"2","fare_amount":"10.5","extra":"1","mta_tax":"0.5","tip_amount":"0","tolls_amount":"0","improvement_surcharge":"0.3","total_amount":"12.3","congestion_surcharge":""},{"VendorID":"2","tpep_pickup_datetime":"2023-06-13 19:32:04","tpep_dropoff_datetime":"2023-01-30 19:49:17","passenger_count":"5","trip_distance":"2.28","RatecodeID":"1","store_and_fwd_flag":"N","PULocationID":"45","DOLocationID":"249","payment_type":"1","fare_amount":"12.5","extra":"1","mta_tax":"0.5","tip_amount":"2.86","tolls_amount":"0","improvement_surcharge":"0.3","total_amount":"17.16","congestion_surcharge":""},{"VendorID":"2","tpep_pickup_datetime":"2023-02-10 19:36:45","tpep_dropoff_datetime":"2023-01-10 19:48:52","passenger_count":"1","trip_distance":"1.44","RatecodeID":"1","store_and_fwd_flag":"N","PULocationID":"211","DOLocationID":"249","payment_type":"1","fare_amount":"9","extra":"1","mta_tax":"0.5","tip_amount":"1.08","tolls_amount":"0","improvement_surcharge":"0.3","total_amount":"11.88","congestion_surcharge":""},{"VendorID":"1","tpep_pickup_datetime":"2023-02-25 19:14:52","tpep_dropoff_datetime":"2024-01-02 19:33:24","passenger_count":"1","trip_distance":"2.00","RatecodeID":"1","store_and_fwd_flag":"N","PULocationID":"234","DOLocationID":"148","payment_type":"1","fare_amount":"12.5","extra":"1","mta_tax":"0.5","tip_amount":"2","tolls_amount":"0","improvement_surcharge":"0.3","total_amount":"16.3","congestion_surcharge":""},{"VendorID":"1","tpep_pickup_datetime":"2023-12-24 19:39:57","tpep_dropoff_datetime":"2023-09-12 19:56:42","passenger_count":"1","trip_distance":"2.70","RatecodeID":"1","store_and_fwd_flag":"N","PULocationID":"114","DOLocationID":"161","payment_type":"2","fare_amount":"13","extra":"1","mta_tax":"0.5","tip_amount":"0","tolls_amount":"0","improvement_surcharge":"0.3","total_amount":"14.8","congestion_surcharge":""},{"VendorID":"1","tpep_pickup_datetime":"2023-02-16 19:58:53","tpep_dropoff_datetime":"2023-02-23 20:09:12","passenger_count":"1","trip_distance":"1.20","RatecodeID":"1","store_and_fwd_flag":"N","PULocationID":"161","DOLocationID":"234","payment_type":"2","fare_amount":"8","extra":"1","mta_tax":"0.5","tip_amount":"0","tolls_amount":"0","improvement_surcharge":"0.3","total_amount":"9.8","congestion_surcharge":""},{"VendorID":"2","tpep_pickup_datetime":"2023-04-15 19:41:05","tpep_dropoff_datetime":"2023-08-05 19:51:01","passenger_count":"1","trip_distance":"1.59","RatecodeID":"1","store_and_fwd_flag":"N","PULocationID":"170","DOLocationID":"224","payment_type":"1","fare_amount":"8.5","extra":"1","mta_tax":"0.5","tip_amount":"2.06","tolls_amount":"0","improvement_surcharge":"0.3","total_amount":"12.36","congestion_surcharge":""},{"VendorID":"1","tpep_pickup_datetime":"2023-03-17 19:00:10","tpep_dropoff_datetime":"2023-07-23 19:20:48","passenger_count":"2","trip_distance":"8.30","RatecodeID":"1","store_and_fwd_flag":"N","PULocationID":"138","DOLocationID":"263","payment_type":"1","fare_amount":"26","extra":"1","mta_tax":"0.5","tip_amount":"5","tolls_amount":"5.76","improvement_surcharge":"0.3","total_amount":"38.56","congestion_surcharge":""},{"VendorID":"1","tpep_pickup_datetime":"2023-09-13 19:41:22","tpep_dropoff_datetime":"2023-11-23 19:50:03","passenger_count":"1","trip_distance":"1.30","RatecodeID":"1","store_and_fwd_flag":"N","PULocationID":"161","DOLocationID":"234","payment_type":"1","fare_amount":"7.5","extra":"1","mta_tax":"0.5","tip_amount":"1.5","tolls_amount":"0","improvement_surcharge":"0.3","total_amount":"10.8","congestion_surcharge":""},{"VendorID":"1","tpep_pickup_datetime":"2023-01-11 19:50:49","tpep_dropoff_datetime":"2023-04-27 20:18:41","passenger_count":"1","trip_distance":"4.60","RatecodeID":"1","store_and_fwd_flag":"N","PULocationID":"234","DOLocationID":"236","payment_type":"1","fare_amount":"20","extra":"0.5","mta_tax":"0.5","tip_amount":"4.25","tolls_amount":"0","improvement_surcharge":"0.3","total_amount":"25.55","congestion_surcharge":""},{"VendorID":"2","tpep_pickup_datetime":"2023-10-15 19:07:01","tpep_dropoff_datetime":"2023-01-11 19:12:41","passenger_count":"1","trip_distance":".73","RatecodeID":"1","store_and_fwd_flag":"N","PULocationID":"48","DOLocationID":"100","payment_type":"2","fare_amount":"5.5","extra":"1","mta_tax":"0.5","tip_amount":"0","tolls_amount":"0","improvement_surcharge":"0.3","total_amount":"7.3","congestion_surcharge":""},{"VendorID":"2","tpep_pickup_datetime":"2023-05-23 19:18:00","tpep_dropoff_datetime":"2023-12-10 19:29:54","passenger_count":"1","trip_distance":"1.51","RatecodeID":"1","store_and_fwd_flag":"N","PULocationID":"164","DOLocationID":"68","payment_type":"1","fare_amount":"9.5","extra":"1","mta_tax":"0.5","tip_amount":"2.26","tolls_amount":"0","improvement_surcharge":"0.3","total_amount":"13.56","congestion_surcharge":""},{"VendorID":"2","tpep_pickup_datetime":"2023-02-12 19:31:29","tpep_dropoff_datetime":"2023-04-19 19:40:39","passenger_count":"1","trip_distance":"1.49","RatecodeID":"1","store_and_fwd_flag":"N","PULocationID":"68","DOLocationID":"249","payment_type":"2","fare_amount":"7.5","extra":"1","mta_tax":"0.5","tip_amount":"0","tolls_amount":"0","improvement_surcharge":"0.3","total_amount":"9.3","congestion_surcharge":""},{"VendorID":"2","tpep_pickup_datetime":"2023-01-04 19:47:36","tpep_dropoff_datetime":"2023-11-21 20:00:57","passenger_count":"1","trip_distance":"1.45","RatecodeID":"1","store_and_fwd_flag":"N","PULocationID":"249","DOLocationID":"148","payment_type":"1","fare_amount":"10","extra":"1","mta_tax":"0.5","tip_amount":"2.36","tolls_amount":"0","improvement_surcharge":"0.3","total_amount":"14.16","congestion_surcharge":""},{"VendorID":"2","tpep_pickup_datetime":"2023-04-18 19:52:38","tpep_dropoff_datetime":"2023-09-28 20:32:42","passenger_count":"1","trip_distance":"7.76","RatecodeID":"1","store_and_fwd_flag":"N","PULocationID":"170","DOLocationID":"173","payment_type":"2","fare_amount":"31","extra":"1","mta_tax":"0.5","tip_amount":"0","tolls_amount":"0","improvement_surcharge":"0.3","total_amount":"32.8","congestion_surcharge":""},{"VendorID":"2","tpep_pickup_datetime":"2023-02-24 19:19:10","tpep_dropoff_datetime":"2023-02-17 19:27:32","passenger_count":"5","trip_distance":"1.88","RatecodeID":"1","store_and_fwd_flag":"N","PULocationID":"163","DOLocationID":"236","payment_type":"1","fare_amount":"9","extra":"1","mta_tax":"0.5","tip_amount":"2.16","tolls_amount":"0","improvement_surcharge":"0.3","total_amount":"12.96","congestion_surcharge":""},{"VendorID":"2","tpep_pickup_datetime":"2023-01-26 19:31:25","tpep_dropoff_datetime":"2023-11-12 19:38:00","passenger_count":"5","trip_distance":"1.07","RatecodeID":"1","store_and_fwd_flag":"N","PULocationID":"236","DOLocationID":"237","payment_type":"1","fare_amount":"6.5","extra":"1","mta_tax":"0.5","tip_amount":"1.66","tolls_amount":"0","improvement_surcharge":"0.3","total_amount":"9.96","congestion_surcharge":""},{"VendorID":"2","tpep_pickup_datetime":"2024-01-12 19:50:42","tpep_dropoff_datetime":"2023-04-06 19:57:42","passenger_count":"5","trip_distance":".96","RatecodeID":"1","store_and_fwd_flag":"N","PULocationID":"43","DOLocationID":"230","payment_type":"2","fare_amount":"6.5","extra":"1","mta_tax":"0.5","tip_amount":"0","tolls_amount":"0","improvement_surcharge":"0.3","total_amount":"8.3","congestion_surcharge":""},{"VendorID":"1","tpep_pickup_datetime":"2023-07-05 19:17:18","tpep_dropoff_datetime":"2023-07-18 19:29:24","passenger_count":"1","trip_distance":".70","RatecodeID":"1","store_and_fwd_flag":"N","PULocationID":"161","DOLocationID":"230","payment_type":"1","fare_amount":"8.5","extra":"1","mta_tax":"0.5","tip_amount":"2.55","tolls_amount":"0","improvement_surcharge":"0.3","total_amount":"12.85","congestion_surcharge":""},{"VendorID":"2","tpep_pickup_datetime":"2023-08-05 19:24:34","tpep_dropoff_datetime":"2023-09-11 19:55:45","passenger_count":"1","trip_distance":"15.78","RatecodeID":"1","store_and_fwd_flag":"N","PULocationID":"132","DOLocationID":"149","payment_type":"1","fare_amount":"45","extra":"1","mta_tax":"0.5","tip_amount":"9.36","tolls_amount":"0","improvement_surcharge":"0.3","total_amount":"56.16","congestion_surcharge":""},{"VendorID":"2","tpep_pickup_datetime":"2023-10-07 19:19:34","tpep_dropoff_datetime":"2023-02-14 19:32:40","passenger_count":"1","trip_distance":"1.61","RatecodeID":"1","store_and_fwd_flag":"N","PULocationID":"186","DOLocationID":"170","payment_type":"1","fare_amount":"10","extra":"1","mta_tax":"0.5","tip_amount":"0","tolls_amount":"0","improvement_surcharge":"0.3","total_amount":"11.8","congestion_surcharge":""},{"VendorID":"2","tpep_pickup_datetime":"2023-08-23 19:37:03","tpep_dropoff_datetime":"2023-05-20 19:41:50","passenger_count":"2","trip_distance":".74","RatecodeID":"1","store_and_fwd_flag":"N","PULocationID":"170","DOLocationID":"230","payment_type":"2","fare_amount":"5","extra":"1","mta_tax":"0.5","tip_amount":"0","tolls_amount":"0","improvement_surcharge":"0.3","total_amount":"6.8","congestion_surcharge":""},{"VendorID":"2","tpep_pickup_datetime":"2024-02-03 19:44:44","tpep_dropoff_datetime":"2023-11-06 19:54:20","passenger_count":"1","trip_distance":".86","RatecodeID":"1","store_and_fwd_flag":"N","PULocationID":"100","DOLocationID":"230","payment_type":"1","fare_amount":"7.5","extra":"1","mta_tax":"0.5","tip_amount":"2.79","tolls_amount":"0","improvement_surcharge":"0.3","total_amount":"12.09","congestion_surcharge":""},{"VendorID":"2","tpep_pickup_datetime":"2023-12-02 19:16:12","tpep_dropoff_datetime":"2023-09-30 19:24:23","passenger_count":"1","trip_distance":"2.20","RatecodeID":"1","store_and_fwd_flag":"N","PULocationID":"249","DOLocationID":"246","payment_type":"1","fare_amount":"9","extra":"1","mta_tax":"0.5","tip_amount":"3.24","tolls_amount":"0","improvement_surcharge":"0.3","total_amount":"14.04","congestion_surcharge":""},{"VendorID":"2","tpep_pickup_datetime":"2023-07-13 19:32:35","tpep_dropoff_datetime":"2023-04-17 19:48:09","passenger_count":"1","trip_distance":"1.75","RatecodeID":"1","store_and_fwd_flag":"N","PULocationID":"90","DOLocationID":"79","payment_type":"1","fare_amount":"11","extra":"1","mta_tax":"0.5","tip_amount":"1.92","tolls_amount":"0","improvement_surcharge":"0.3","total_amount":"14.72","congestion_surcharge":""},{"VendorID":"2","tpep_pickup_datetime":"2023-12-08 19:49:56","tpep_dropoff_datetime":"2023-02-09 19:59:20","passenger_count":"1","trip_distance":"1.11","RatecodeID":"1","store_and_fwd_flag":"N","PULocationID":"79","DOLocationID":"232","payment_type":"1","fare_amount":"7.5","extra":"1","mta_tax":"0.5","tip_amount":"1.4","tolls_amount":"0","improvement_surcharge":"0.3","total_amount":"10.7","congestion_surcharge":""},{"VendorID":"2","tpep_pickup_datetime":"2023-07-19 18:59:43","tpep_dropoff_datetime":"2024-01-29 19:12:02","passenger_count":"1","trip_distance":"2.21","RatecodeID":"1","store_and_fwd_flag":"N","PULocationID":"68","DOLocationID":"79","payment_type":"1","fare_amount":"10","extra":"1","mta_tax":"0.5","tip_amount":"2.36","tolls_amount":"0","improvement_surcharge":"0.3","total_amount":"14.16","congestion_surcharge":""},{"VendorID":"2","tpep_pickup_datetime":"2023-06-19 19:31:42","tpep_dropoff_datetime":"2023-11-04 19:35:56","passenger_count":"1","trip_distance":".54","RatecodeID":"1","store_and_fwd_flag":"N","PULocationID":"140","DOLocationID":"141","payment_type":"2","fare_amount":"4.5","extra":"1","mta_tax":"0.5","tip_amount":"0","tolls_amount":"0","improvement_surcharge":"0.3","total_amount":"6.3","congestion_surcharge":""},{"VendorID":"1","tpep_pickup_datetime":"2023-01-23 19:14:15","tpep_dropoff_datetime":"2023-02-05 19:26:33","passenger_count":"2","trip_distance":"3.40","RatecodeID":"1","store_and_fwd_flag":"N","PULocationID":"229","DOLocationID":"179","payment_type":"1","fare_amount":"13","extra":"1","mta_tax":"0.5","tip_amount":"4.4","tolls_amount":"0","improvement_surcharge":"0.3","total_amount":"19.2","congestion_surcharge":""},{"VendorID":"1","tpep_pickup_datetime":"2023-12-02 19:54:37","tpep_dropoff_datetime":"2023-04-06 20:05:32","passenger_count":"1","trip_distance":"2.70","RatecodeID":"1","store_and_fwd_flag":"N","PULocationID":"141","DOLocationID":"145","payment_type":"1","fare_amount":"11.5","extra":"1","mta_tax":"0.5","tip_amount":"2.65","tolls_amount":"0","improvement_surcharge":"0.3","total_amount":"15.95","congestion_surcharge":""},{"VendorID":"2","tpep_pickup_datetime":"2023-04-24 19:17:28","tpep_dropoff_datetime":"2023-09-11 19:31:01","passenger_count":"1","trip_distance":"8.04","RatecodeID":"1","store_and_fwd_flag":"N","PULocationID":"138","DOLocationID":"131","payment_type":"2","fare_amount":"22.5","extra":"1","mta_tax":"0.5","tip_amount":"0","tolls_amount":"0","improvement_surcharge":"0.3","total_amount":"24.3","congestion_surcharge":""},{"VendorID":"2","tpep_pickup_datetime":"2023-04-14 18:55:59","tpep_dropoff_datetime":"2023-08-19 19:13:54","passenger_count":"3","trip_distance":"1.21","RatecodeID":"1","store_and_fwd_flag":"N","PULocationID":"162","DOLocationID":"163","payment_type":"2","fare_amount":"12","extra":"1","mta_tax":"0.5","tip_amount":"0","tolls_amount":"0","improvement_surcharge":"0.3","total_amount":"13.8","congestion_surcharge":""},{"VendorID":"2","tpep_pickup_datetime":"2023-09-16 19:19:56","tpep_dropoff_datetime":"2023-10-08 19:27:03","passenger_count":"2","trip_distance":"1.87","RatecodeID":"1","store_and_fwd_flag":"N","PULocationID":"230","DOLocationID":"246","payment_type":"1","fare_amount":"8","extra":"1","mta_tax":"0.5","tip_amount":"1","tolls_amount":"0","improvement_surcharge":"0.3","total_amount":"10.8","congestion_surcharge":""},{"VendorID":"2","tpep_pickup_datetime":"2023-07-23 19:42:14","tpep_dropoff_datetime":"2023-08-28 19:52:12","passenger_count":"6","trip_distance":"1.32","RatecodeID":"1","store_and_fwd_flag":"N","PULocationID":"164","DOLocationID":"68","payment_type":"1","fare_amount":"8","extra":"1","mta_tax":"0.5","tip_amount":"1.96","tolls_amount":"0","improvement_surcharge":"0.3","total_amount":"11.76","congestion_surcharge":""},{"VendorID":"1","tpep_pickup_datetime":"2023-08-19 19:01:53","tpep_dropoff_datetime":"2023-03-07 19:08:27","passenger_count":"1","trip_distance":"1.80","RatecodeID":"1","store_and_fwd_flag":"N","PULocationID":"163","DOLocationID":"236","payment_type":"1","fare_amount":"7.5","extra":"1","mta_tax":"0.5","tip_amount":"2.75","tolls_amount":"0","improvement_surcharge":"0.3","total_amount":"12.05","congestion_surcharge":""},{"VendorID":"1","tpep_pickup_datetime":"2023-02-25 19:00:24","tpep_dropoff_datetime":"2023-01-22 19:01:16","passenger_count":"1","trip_distance":".40","RatecodeID":"1","store_and_fwd_flag":"N","PULocationID":"75","DOLocationID":"263","payment_type":"2","fare_amount":"3","extra":"1","mta_tax":"0.5","tip_amount":"0","tolls_amount":"0","improvement_surcharge":"0.3","total_amount":"4.8","congestion_surcharge":""},{"VendorID":"1","tpep_pickup_datetime":"2023-01-10 19:02:39","tpep_dropoff_datetime":"2023-12-19 19:08:24","passenger_count":"1","trip_distance":"1.10","RatecodeID":"1","store_and_fwd_flag":"N","PULocationID":"263","DOLocationID":"141","payment_type":"1","fare_amount":"6","extra":"1","mta_tax":"0.5","tip_amount":"1.55","tolls_amount":"0","improvement_surcharge":"0.3","total_amount":"9.35","congestion_surcharge":""},{"VendorID":"1","tpep_pickup_datetime":"2024-01-26 19:12:24","tpep_dropoff_datetime":"2023-11-18 19:18:20","passenger_count":"1","trip_distance":"1.10","RatecodeID":"1","store_and_fwd_flag":"N","PULocationID":"141","DOLocationID":"233","payment_type":"1","fare_amount":"6","extra":"1","mta_tax":"0.5","tip_amount":"1","tolls_amount":"0","improvement_surcharge":"0.3","total_amount":"8.8","congestion_surcharge":""},{"VendorID":"1","tpep_pickup_datetime":"2023-09-16 19:34:15","tpep_dropoff_datetime":"2023-02-27 19:41:05","passenger_count":"1","trip_distance":".90","RatecodeID":"1","store_and_fwd_flag":"N","PULocationID":"170","DOLocationID":"170","payment_type":"1","fare_amount":"6","extra":"1","mta_tax":"0.5","tip_amount":"1.55","tolls_amount":"0","improvement_surcharge":"0.3","total_amount":"9.35","congestion_surcharge":""},{"VendorID":"2","tpep_pickup_datetime":"2023-07-22 19:03:47","tpep_dropoff_datetime":"2023-02-22 19:54:59","passenger_count":"1","trip_distance":"17.87","RatecodeID":"1","store_and_fwd_flag":"N","PULocationID":"119","DOLocationID":"61","payment_type":"1","fare_amount":"54","extra":"1","mta_tax":"0.5","tip_amount":"0","tolls_amount":"5.76","improvement_surcharge":"0.3","total_amount":"61.56","congestion_surcharge":""},{"VendorID":"2","tpep_pickup_datetime":"2023-12-07 19:19:14","tpep_dropoff_datetime":"2023-11-11 19:34:49","passenger_count":"4","trip_distance":"1.86","RatecodeID":"1","store_and_fwd_flag":"N","PULocationID":"170","DOLocationID":"230","payment_type":"1","fare_amount":"11","extra":"1","mta_tax":"0.5","tip_amount":"2.56","tolls_amount":"0","improvement_surcharge":"0.3","total_amount":"15.36","congestion_surcharge":""},{"VendorID":"2","tpep_pickup_datetime":"2023-08-29 19:06:29","tpep_dropoff_datetime":"2023-04-24 19:11:18","passenger_count":"1","trip_distance":".58","RatecodeID":"1","store_and_fwd_flag":"N","PULocationID":"163","DOLocationID":"161","payment_type":"1","fare_amount":"5","extra":"1","mta_tax":"0.5","tip_amount":"2.04","tolls_amount":"0","improvement_surcharge":"0.3","total_amount":"8.84","congestion_surcharge":""},{"VendorID":"2","tpep_pickup_datetime":"2023-02-23 19:13:06","tpep_dropoff_datetime":"2023-05-25 19:20:37","passenger_count":"1","trip_distance":"2.09","RatecodeID":"1","store_and_fwd_flag":"N","PULocationID":"161","DOLocationID":"236","payment_type":"2","fare_amount":"8","extra":"1","mta_tax":"0.5","tip_amount":"0","tolls_amount":"0","improvement_surcharge":"0.3","total_amount":"9.8","congestion_surcharge":""},{"VendorID":"2","tpep_pickup_datetime":"2023-02-16 19:22:03","tpep_dropoff_datetime":"2023-06-28 19:41:50","passenger_count":"1","trip_distance":"9.02","RatecodeID":"1","store_and_fwd_flag":"N","PULocationID":"236","DOLocationID":"220","payment_type":"1","fare_amount":"27","extra":"1","mta_tax":"0.5","tip_amount":"6.29","tolls_amount":"2.64","improvement_surcharge":"0.3","total_amount":"37.73","congestion_surcharge":""},{"VendorID":"2","tpep_pickup_datetime":"2023-08-26 19:29:48","tpep_dropoff_datetime":"2023-04-20 19:48:41","passenger_count":"5","trip_distance":"7.28","RatecodeID":"1","store_and_fwd_flag":"N","PULocationID":"264","DOLocationID":"264","payment_type":"1","fare_amount":"23","extra":"1","mta_tax":"0.5","tip_amount":"4.96","tolls_amount":"0","improvement_surcharge":"0.3","total_amount":"29.76","congestion_surcharge":""},{"VendorID":"1","tpep_pickup_datetime":"2023-02-07 19:19:13","tpep_dropoff_datetime":"2023-03-03 19:26:40","passenger_count":"3","trip_distance":"1.20","RatecodeID":"1","store_and_fwd_flag":"N","PULocationID":"264","DOLocationID":"264","payment_type":"1","fare_amount":"6.5","extra":"1","mta_tax":"0.5","tip_amount":"1.65","tolls_amount":"0","improvement_surcharge":"0.3","total_amount":"9.95","congestion_surcharge":""},{"VendorID":"1","tpep_pickup_datetime":"2023-10-19 19:32:17","tpep_dropoff_datetime":"2024-01-12 19:42:16","passenger_count":"1","trip_distance":".80","RatecodeID":"1","store_and_fwd_flag":"N","PULocationID":"264","DOLocationID":"264","payment_type":"1","fare_amount":"8","extra":"1","mta_tax":"0.5","tip_amount":"1.95","tolls_amount":"0","improvement_surcharge":"0.3","total_amount":"11.75","congestion_surcharge":""},{"VendorID":"1","tpep_pickup_datetime":"2023-07-21 19:45:06","tpep_dropoff_datetime":"2023-11-09 19:51:44","passenger_count":"1","trip_distance":"1.00","RatecodeID":"1","store_and_fwd_flag":"N","PULocationID":"264","DOLocationID":"264","payment_type":"1","fare_amount":"6.5","extra":"1","mta_tax":"0.5","tip_amount":"1.65","tolls_amount":"0","improvement_surcharge":"0.3","total_amount":"9.95","congestion_surcharge":""},{"VendorID":"2","tpep_pickup_datetime":"2023-09-15 19:03:30","tpep_dropoff_datetime":"2023-08-26 19:19:33","passenger_count":"1","trip_distance":".97","RatecodeID":"1","store_and_fwd_flag":"N","PULocationID":"161","DOLocationID":"230","payment_type":"2","fare_amount":"10.5","extra":"1","mta_tax":"0.5","tip_amount":"0","tolls_amount":"0","improvement_surcharge":"0.3","total_amount":"12.3","congestion_surcharge":""},{"VendorID":"2","tpep_pickup_datetime":"2023-04-15 19:37:15","tpep_dropoff_datetime":"2023-01-09 20:11:48","passenger_count":"1","trip_distance":"20.22","RatecodeID":"1","store_and_fwd_flag":"N","PULocationID":"138","DOLocationID":"142","payment_type":"1","fare_amount":"55","extra":"1","mta_tax":"0.5","tip_amount":"12.51","tolls_amount":"5.76","improvement_surcharge":"0.3","total_amount":"75.07","congestion_surcharge":""},{"VendorID":"2","tpep_pickup_datetime":"2023-05-26 19:00:38","tpep_dropoff_datetime":"2023-09-14 19:06:41","passenger_count":"1","trip_distance":"1.93","RatecodeID":"1","store_and_fwd_flag":"N","PULocationID":"237","DOLocationID":"229","payment_type":"1","fare_amount":"7.5","extra":"1","mta_tax":"0.5","tip_amount":"1.86","tolls_amount":"0","improvement_surcharge":"0.3","total_amount":"11.16","congestion_surcharge":""},{"VendorID":"2","tpep_pickup_datetime":"2023-03-22 19:08:42","tpep_dropoff_datetime":"2023-11-28 19:38:42","passenger_count":"1","trip_distance":"2.89","RatecodeID":"1","store_and_fwd_flag":"N","PULocationID":"229","DOLocationID":"164","payment_type":"1","fare_amount":"18.5","extra":"1","mta_tax":"0.5","tip_amount":"4.06","tolls_amount":"0","improvement_surcharge":"0.3","total_amount":"24.36","congestion_surcharge":""},{"VendorID":"2","tpep_pickup_datetime":"2023-02-09 19:50:01","tpep_dropoff_datetime":"2023-11-21 19:56:06","passenger_count":"1","trip_distance":".82","RatecodeID":"1","store_and_fwd_flag":"N","PULocationID":"164","DOLocationID":"233","payment_type":"1","fare_amount":"6","extra":"1","mta_tax":"0.5","tip_amount":"1.95","tolls_amount":"0","improvement_surcharge":"0.3","total_amount":"9.75","congestion_surcharge":""},{"VendorID":"2","tpep_pickup_datetime":"2023-08-17 19:32:44","tpep_dropoff_datetime":"2023-06-13 19:47:01","passenger_count":"1","trip_distance":"2.35","RatecodeID":"1","store_and_fwd_flag":"N","PULocationID":"233","DOLocationID":"114","payment_type":"1","fare_amount":"11.5","extra":"1","mta_tax":"0.5","tip_amount":"3.32","tolls_amount":"0","improvement_surcharge":"0.3","total_amount":"16.62","congestion_surcharge":""},{"VendorID":"1","tpep_pickup_datetime":"2023-03-08 19:09:57","tpep_dropoff_datetime":"2023-06-08 19:28:17","passenger_count":"1","trip_distance":"3.50","RatecodeID":"1","store_and_fwd_flag":"N","PULocationID":"144","DOLocationID":"181","payment_type":"1","fare_amount":"15.5","extra":"1","mta_tax":"0.5","tip_amount":"3.45","tolls_amount":"0","improvement_surcharge":"0.3","total_amount":"20.75","congestion_surcharge":""},{"VendorID":"1","tpep_pickup_datetime":"2023-09-05 19:52:24","tpep_dropoff_datetime":"2023-09-15 19:57:03","passenger_count":"1","trip_distance":"1.00","RatecodeID":"1","store_and_fwd_flag":"N","PULocationID":"125","DOLocationID":"158","payment_type":"1","fare_amount":"5.5","extra":"0.5","mta_tax":"0.5","tip_amount":"1.35","tolls_amount":"0","improvement_surcharge":"0.3","total_amount":"8.15","congestion_surcharge":""},{"VendorID":"2","tpep_pickup_datetime":"2023-12-19 19:22:44","tpep_dropoff_datetime":"2023-10-19 19:40:35","passenger_count":"2","trip_distance":"1.97","RatecodeID":"1","store_and_fwd_flag":"N","PULocationID":"158","DOLocationID":"230","payment_type":"1","fare_amount":"12.5","extra":"1","mta_tax":"0.5","tip_amount":"2.86","tolls_amount":"0","improvement_surcharge":"0.3","total_amount":"17.16","congestion_surcharge":""},{"VendorID":"2","tpep_pickup_datetime":"2024-01-21 19:11:55","tpep_dropoff_datetime":"2023-02-25 19:21:42","passenger_count":"1","trip_distance":"1.41","RatecodeID":"1","store_and_fwd_flag":"N","PULocationID":"161","DOLocationID":"164","payment_type":"1","fare_amount":"8","extra":"1","mta_tax":"0.5","tip_amount":"1","tolls_amount":"0","improvement_surcharge":"0.3","total_amount":"10.8","congestion_surcharge":""},{"VendorID":"2","tpep_pickup_datetime":"2023-10-25 19:26:03","tpep_dropoff_datetime":"2023-01-26 19:32:00","passenger_count":"1","trip_distance":".95","RatecodeID":"1","store_and_fwd_flag":"N","PULocationID":"164","DOLocationID":"170","payment_type":"1","fare_amount":"6","extra":"1","mta_tax":"0.5","tip_amount":"1.56","tolls_amount":"0","improvement_surcharge":"0.3","total_amount":"9.36","congestion_surcharge":""},{"VendorID":"2","tpep_pickup_datetime":"2023-03-07 19:12:28","tpep_dropoff_datetime":"2023-08-06 19:19:36","passenger_count":"3","trip_distance":".81","RatecodeID":"1","store_and_fwd_flag":"N","PULocationID":"48","DOLocationID":"246","payment_type":"2","fare_amount":"6.5","extra":"1","mta_tax":"0.5","tip_amount":"0","tolls_amount":"0","improvement_surcharge":"0.3","total_amount":"8.3","congestion_surcharge":""},{"VendorID":"2","tpep_pickup_datetime":"2023-10-24 19:29:40","tpep_dropoff_datetime":"2023-01-17 19:36:53","passenger_count":"3","trip_distance":"1.40","RatecodeID":"1","store_and_fwd_flag":"N","PULocationID":"246","DOLocationID":"90","payment_type":"1","fare_amount":"7.5","extra":"1","mta_tax":"0.5","tip_amount":"1.86","tolls_amount":"0","improvement_surcharge":"0.3","total_amount":"11.16","congestion_surcharge":""},{"VendorID":"2","tpep_pickup_datetime":"2023-06-16 19:43:05","tpep_dropoff_datetime":"2023-03-04 19:55:05","passenger_count":"3","trip_distance":"1.39","RatecodeID":"1","store_and_fwd_flag":"N","PULocationID":"234","DOLocationID":"144","payment_type":"1","fare_amount":"9","extra":"1","mta_tax":"0.5","tip_amount":"2.16","tolls_amount":"0","improvement_surcharge":"0.3","total_amount":"12.96","congestion_surcharge":""},{"VendorID":"2","tpep_pickup_datetime":"2024-01-09 19:02:56","tpep_dropoff_datetime":"2023-04-19 19:15:25","passenger_count":"1","trip_distance":"1.46","RatecodeID":"1","store_and_fwd_flag":"N","PULocationID":"90","DOLocationID":"170","payment_type":"2","fare_amount":"9","extra":"1","mta_tax":"0.5","tip_amount":"0","tolls_amount":"0","improvement_surcharge":"0.3","total_amount":"10.8","congestion_surcharge":""},{"VendorID":"2","tpep_pickup_datetime":"2024-01-16 19:28:00","tpep_dropoff_datetime":"2023-08-06 19:37:41","passenger_count":"1","trip_distance":".70","RatecodeID":"1","store_and_fwd_flag":"N","PULocationID":"161","DOLocationID":"48","payment_type":"2","fare_amount":"7.5","extra":"1","mta_tax":"0.5","tip_amount":"0","tolls_amount":"0","improvement_surcharge":"0.3","total_amount":"9.3","congestion_surcharge":""},{"VendorID":"2","tpep_pickup_datetime":"2023-12-13 19:42:21","tpep_dropoff_datetime":"2024-01-15 19:44:33","passenger_count":"1","trip_distance":".89","RatecodeID":"1","store_and_fwd_flag":"N","PULocationID":"50","DOLocationID":"142","payment_type":"1","fare_amount":"4.5","extra":"1","mta_tax":"0.5","tip_amount":"1.26","tolls_amount":"0","improvement_surcharge":"0.3","total_amount":"7.56","congestion_surcharge":""},{"VendorID":"2","tpep_pickup_datetime":"2023-03-13 19:09:58","tpep_dropoff_datetime":"2023-03-17 19:12:49","passenger_count":"2","trip_distance":".81","RatecodeID":"1","store_and_fwd_flag":"N","PULocationID":"237","DOLocationID":"236","payment_type":"1","fare_amount":"4.5","extra":"1","mta_tax":"0.5","tip_amount":"1.26","tolls_amount":"0","improvement_surcharge":"0.3","total_amount":"7.56","congestion_surcharge":""},{"VendorID":"2","tpep_pickup_datetime":"2023-12-24 19:15:10","tpep_dropoff_datetime":"2023-12-14 19:17:40","passenger_count":"2","trip_distance":".63","RatecodeID":"1","store_and_fwd_flag":"N","PULocationID":"237","DOLocationID":"236","payment_type":"1","fare_amount":"4","extra":"1","mta_tax":"0.5","tip_amount":"1.16","tolls_amount":"0","improvement_surcharge":"0.3","total_amount":"6.96","congestion_surcharge":""},{"VendorID":"2","tpep_pickup_datetime":"2023-09-24 19:34:08","tpep_dropoff_datetime":"2023-08-22 19:46:04","passenger_count":"2","trip_distance":"2.01","RatecodeID":"1","store_and_fwd_flag":"N","PULocationID":"43","DOLocationID":"230","payment_type":"2","fare_amount":"10","extra":"1","mta_tax":"0.5","tip_amount":"0","tolls_amount":"0","improvement_surcharge":"0.3","total_amount":"11.8","congestion_surcharge":""},{"VendorID":"2","tpep_pickup_datetime":"2024-01-31 19:48:25","tpep_dropoff_datetime":"2023-02-23 19:56:04","passenger_count":"2","trip_distance":"1.29","RatecodeID":"1","store_and_fwd_flag":"N","PULocationID":"230","DOLocationID":"246","payment_type":"1","fare_amount":"7","extra":"1","mta_tax":"0.5","tip_amount":"1.76","tolls_amount":"0","improvement_surcharge":"0.3","total_amount":"10.56","congestion_surcharge":""},{"VendorID":"1","tpep_pickup_datetime":"2023-09-08 19:11:21","tpep_dropoff_datetime":"2023-05-27 19:44:50","passenger_count":"1","trip_distance":"11.80","RatecodeID":"1","store_and_fwd_flag":"N","PULocationID":"138","DOLocationID":"209","payment_type":"1","fare_amount":"38.5","extra":"1","mta_tax":"0.5","tip_amount":"6.04","tolls_amount":"0","improvement_surcharge":"0.3","total_amount":"46.34","congestion_surcharge":""},{"VendorID":"1","tpep_pickup_datetime":"2023-02-07 19:54:02","tpep_dropoff_datetime":"2023-09-26 19:56:13","passenger_count":"3","trip_distance":".40","RatecodeID":"1","store_and_fwd_flag":"N","PULocationID":"231","DOLocationID":"231","payment_type":"1","fare_amount":"4","extra":"1","mta_tax":"0.5","tip_amount":"1","tolls_amount":"0","improvement_surcharge":"0.3","total_amount":"6.8","congestion_surcharge":""},{"VendorID":"1","tpep_pickup_datetime":"2023-05-30 19:57:34","tpep_dropoff_datetime":"2023-07-19 20:03:24","passenger_count":"1","trip_distance":"1.00","RatecodeID":"1","store_and_fwd_flag":"N","PULocationID":"231","DOLocationID":"249","payment_type":"2","fare_amount":"6","extra":"1","mta_tax":"0.5","tip_amount":"0","tolls_amount":"0","improvement_surcharge":"0.3","total_amount":"7.8","congestion_surcharge":""},{"VendorID":"2","tpep_pickup_datetime":"2023-02-06 19:15:35","tpep_dropoff_datetime":"2023-10-01 19:31:18","passenger_count":"1","trip_distance":"4.15","RatecodeID":"1","store_and_fwd_flag":"N","PULocationID":"231","DOLocationID":"107","payment_type":"1","fare_amount":"16","extra":"1","mta_tax":"0.5","tip_amount":"3.56","tolls_amount":"0","improvement_surcharge":"0.3","total_amount":"21.36","congestion_surcharge":""},{"VendorID":"2","tpep_pickup_datetime":"2023-11-08 19:35:37","tpep_dropoff_datetime":"2023-01-17 19:44:36","passenger_count":"1","trip_distance":"1.57","RatecodeID":"1","store_and_fwd_flag":"N","PULocationID":"107","DOLocationID":"162","payment_type":"1","fare_amount":"8","extra":"1","mta_tax":"0.5","tip_amount":"1.96","tolls_amount":"0","improvement_surcharge":"0.3","total_amount":"11.76","congestion_surcharge":""},{"VendorID":"2","tpep_pickup_datetime":"2023-10-18 19:51:55","tpep_dropoff_datetime":"2023-05-09 20:08:14","passenger_count":"1","trip_distance":"5.64","RatecodeID":"1","store_and_fwd_flag":"N","PULocationID":"162","DOLocationID":"87","payment_type":"1","fare_amount":"18.5","extra":"1","mta_tax":"0.5","tip_amount":"4.06","tolls_amount":"0","improvement_surcharge":"0.3","total_amount":"24.36","congestion_surcharge":""},{"VendorID":"2","tpep_pickup_datetime":"2023-04-19 19:59:15","tpep_dropoff_datetime":"2023-01-31 00:00:00","passenger_count":"3","trip_distance":"3.24","RatecodeID":"1","store_and_fwd_flag":"N","PULocationID":"132","DOLocationID":"10","payment_type":"2","fare_amount":"11","extra":"1","mta_tax":"0.5","tip_amount":"0","tolls_amount":"0","improvement_surcharge":"0.3","total_amount":"12.8","congestion_surcharge":""},{"VendorID":"2","tpep_pickup_datetime":"2023-05-17 19:56:29","tpep_dropoff_datetime":"2024-01-25 19:56:43","passenger_count":"1","trip_distance":".00","RatecodeID":"5","store_and_fwd_flag":"N","PULocationID":"219","DOLocationID":"10","payment_type":"1","fare_amount":"34","extra":"0","mta_tax":"0","tip_amount":"6.86","tolls_amount":"0","improvement_surcharge":"0.3","total_amount":"41.16","congestion_surcharge":""},{"VendorID":"2","tpep_pickup_datetime":"2023-07-05 19:18:18","tpep_dropoff_datetime":"2023-03-15 19:35:19","passenger_count":"1","trip_distance":"1.88","RatecodeID":"1","store_and_fwd_flag":"N","PULocationID":"48","DOLocationID":"107","payment_type":"1","fare_amount":"12","extra":"1","mta_tax":"0.5","tip_amount":"2.76","tolls_amount":"0","improvement_surcharge":"0.3","total_amount":"16.56","congestion_surcharge":""},{"VendorID":"2","tpep_pickup_datetime":"2023-10-03 19:40:04","tpep_dropoff_datetime":"2023-07-05 19:56:15","passenger_count":"1","trip_distance":"5.17","RatecodeID":"1","store_and_fwd_flag":"N","PULocationID":"138","DOLocationID":"226","payment_type":"1","fare_amount":"17.5","extra":"1","mta_tax":"0.5","tip_amount":"2.5","tolls_amount":"0","improvement_surcharge":"0.3","total_amount":"21.8","congestion_surcharge":""},{"VendorID":"2","tpep_pickup_datetime":"2023-07-20 19:01:26","tpep_dropoff_datetime":"2023-02-09 19:37:48","passenger_count":"1","trip_distance":"9.68","RatecodeID":"1","store_and_fwd_flag":"N","PULocationID":"138","DOLocationID":"161","payment_type":"1","fare_amount":"34","extra":"1","mta_tax":"0.5","tip_amount":"7.16","tolls_amount":"0","improvement_surcharge":"0.3","total_amount":"42.96","congestion_surcharge":""},{"VendorID":"2","tpep_pickup_datetime":"2023-10-14 19:41:14","tpep_dropoff_datetime":"2023-08-12 19:53:31","passenger_count":"1","trip_distance":".90","RatecodeID":"1","store_and_fwd_flag":"N","PULocationID":"230","DOLocationID":"48","payment_type":"1","fare_amount":"8.5","extra":"1","mta_tax":"0.5","tip_amount":"2.06","tolls_amount":"0","improvement_surcharge":"0.3","total_amount":"12.36","congestion_surcharge":""},{"VendorID":"2","tpep_pickup_datetime":"2023-08-13 18:57:59","tpep_dropoff_datetime":"2023-09-14 19:10:43","passenger_count":"1","trip_distance":"1.94","RatecodeID":"1","store_and_fwd_flag":"N","PULocationID":"68","DOLocationID":"249","payment_type":"1","fare_amount":"9.5","extra":"1","mta_tax":"0.5","tip_amount":"1","tolls_amount":"0","improvement_surcharge":"0.3","total_amount":"12.3","congestion_surcharge":""},{"VendorID":"2","tpep_pickup_datetime":"2023-08-18 19:20:15","tpep_dropoff_datetime":"2023-12-01 19:23:21","passenger_count":"1","trip_distance":".36","RatecodeID":"1","store_and_fwd_flag":"N","PULocationID":"186","DOLocationID":"186","payment_type":"1","fare_amount":"4","extra":"1","mta_tax":"0.5","tip_amount":"1.16","tolls_amount":"0","improvement_surcharge":"0.3","total_amount":"6.96","congestion_surcharge":""},{"VendorID":"2","tpep_pickup_datetime":"2023-12-11 19:03:08","tpep_dropoff_datetime":"2023-12-26 19:17:46","passenger_count":"1","trip_distance":"1.68","RatecodeID":"1","store_and_fwd_flag":"N","PULocationID":"186","DOLocationID":"114","payment_type":"1","fare_amount":"10","extra":"1","mta_tax":"0.5","tip_amount":"2.36","tolls_amount":"0","improvement_surcharge":"0.3","total_amount":"14.16","congestion_surcharge":""},{"VendorID":"2","tpep_pickup_datetime":"2023-06-28 19:19:28","tpep_dropoff_datetime":"2023-04-01 19:38:20","passenger_count":"1","trip_distance":"3.60","RatecodeID":"1","store_and_fwd_flag":"N","PULocationID":"114","DOLocationID":"48","payment_type":"1","fare_amount":"16","extra":"1","mta_tax":"0.5","tip_amount":"3.56","tolls_amount":"0","improvement_surcharge":"0.3","total_amount":"21.36","congestion_surcharge":""},{"VendorID":"2","tpep_pickup_datetime":"2023-01-29 19:10:48","tpep_dropoff_datetime":"2023-01-04 19:19:06","passenger_count":"2","trip_distance":"1.53","RatecodeID":"1","store_and_fwd_flag":"N","PULocationID":"233","DOLocationID":"68","payment_type":"1","fare_amount":"7.5","extra":"1","mta_tax":"0.5","tip_amount":"1.5","tolls_amount":"0","improvement_surcharge":"0.3","total_amount":"10.8","congestion_surcharge":""},{"VendorID":"2","tpep_pickup_datetime":"2023-03-03 19:28:00","tpep_dropoff_datetime":"2023-09-27 19:28:54","passenger_count":"2","trip_distance":".23","RatecodeID":"1","store_and_fwd_flag":"N","PULocationID":"48","DOLocationID":"50","payment_type":"1","fare_amount":"3","extra":"1","mta_tax":"0.5","tip_amount":"1.44","tolls_amount":"0","improvement_surcharge":"0.3","total_amount":"6.24","congestion_surcharge":""},{"VendorID":"2","tpep_pickup_datetime":"2024-01-28 19:46:10","tpep_dropoff_datetime":"2023-09-04 20:23:26","passenger_count":"1","trip_distance":"20.78","RatecodeID":"2","store_and_fwd_flag":"N","PULocationID":"132","DOLocationID":"244","payment_type":"2","fare_amount":"52","extra":"4.5","mta_tax":"0.5","tip_amount":"0","tolls_amount":"5.76","improvement_surcharge":"0.3","total_amount":"63.06","congestion_surcharge":""},{"VendorID":"1","tpep_pickup_datetime":"2023-10-03 19:54:53","tpep_dropoff_datetime":"2023-10-14 20:06:23","passenger_count":"1","trip_distance":"2.60","RatecodeID":"1","store_and_fwd_flag":"N","PULocationID":"13","DOLocationID":"90","payment_type":"1","fare_amount":"10.5","extra":"1","mta_tax":"0.5","tip_amount":"2.45","tolls_amount":"0","improvement_surcharge":"0.3","total_amount":"14.75","congestion_surcharge":""},{"VendorID":"1","tpep_pickup_datetime":"2023-03-01 19:13:17","tpep_dropoff_datetime":"2023-03-02 19:20:42","passenger_count":"1","trip_distance":"1.80","RatecodeID":"1","store_and_fwd_flag":"N","PULocationID":"233","DOLocationID":"236","payment_type":"2","fare_amount":"8","extra":"1","mta_tax":"0.5","tip_amount":"0","tolls_amount":"0","improvement_surcharge":"0.3","total_amount":"9.8","congestion_surcharge":""}]