[{"VendorID":"2","tpep_pickup_datetime":"2023-04-19 04:42:20","tpep_dropoff_datetime":"2023-02-16 04:54:38","passenger_count":"2","trip_distance":"4.52","RatecodeID":"1","store_and_fwd_flag":"N","PULocationID":"100","DOLocationID":"74","payment_type":"1","fare_amount":"14","extra":"0.5","mta_tax":"0.5","tip_amount":"4.59","tolls_amount":"0","improvement_surcharge":"0.3","total_amount":"19.89","congestion_surcharge":""},{"VendorID":"2","tpep_pickup_datetime":"2023-03-04 04:30:21","tpep_dropoff_datetime":"2023-08-21 04:45:08","passenger_count":"2","trip_distance":"4.72","RatecodeID":"1","store_and_fwd_flag":"N","PULocationID":"48","DOLocationID":"226","payment_type":"2","fare_amount":"16.5","extra":"0.5","mta_tax":"0.5","tip_amount":"0","tolls_amount":"0","improvement_surcharge":"0.3","total_amount":"17.8","congestion_surcharge":""},{"VendorID":"2","tpep_pickup_datetime":"2023-06-04 04:55:37","tpep_dropoff_datetime":"2024-01-17 05:05:12","passenger_count":"2","trip_distance":"2.68","RatecodeID":"1","store_and_fwd_flag":"N","PULocationID":"148","DOLocationID":"97","payment_type":"1","fare_amount":"11","extra":"0.5","mta_tax":"0.5","tip_amount":"3.08","tolls_amount":"0","improvement_surcharge":"0.3","total_amount":"15.38","congestion_surcharge":""},{"VendorID":"1","tpep_pickup_datetime":"2024-01-07 04:08:26","tpep_dropoff_datetime":"2023-06-15 04:25:27","passenger_count":"1","trip_distance":"5.90","RatecodeID":"1","store_and_fwd_flag":"N","PULocationID":"132","DOLocationID":"124","payment_type":"2","fare_amount":"19","extra":"0.5","mta_tax":"0.5","tip_amount":"0","tolls_amount":"0","improvement_surcharge":"0.3","total_amount":"20.3","congestion_surcharge":""},{"VendorID":"2","tpep_pickup_datetime":"2023-12-31 04:13:11","tpep_dropoff_datetime":"2023-05-05 04:20:18","passenger_count":"1","trip_distance":"1.11","RatecodeID":"1","store_and_fwd_flag":"N","PULocationID":"48","DOLocationID":"164","payment_type":"2","fare_amount":"6.5","extra":"0.5","mta_tax":"0.5","tip_amount":"0","tolls_amount":"0","improvement_surcharge":"0.3","total_amount":"7.8","congestion_surcharge":""},{"VendorID":"2","tpep_pickup_datetime":"2023-08-07 04:38:27","tpep_dropoff_datetime":"2023-03-10 04:40:52","passenger_count":"1","trip_distance":"1.28","RatecodeID":"1","store_and_fwd_flag":"N","PULocationID":"164","DOLocationID":"163","payment_type":"2","fare_amount":"5.5","extra":"0.5","mta_tax":"0.5","tip_amount":"0","tolls_amount":"0","improvement_surcharge":"0.3","total_amount":"6.8","congestion_surcharge":""},{"VendorID":"1","tpep_pickup_datetime":"2023-09-24 04:00:59","tpep_dropoff_datetime":"2023-04-17 04:04:35","passenger_count":"2","trip_distance":".50","RatecodeID":"1","store_and_fwd_flag":"N","PULocationID":"68","DOLocationID":"90","payment_type":"2","fare_amount":"4.5","extra":"0.5","mta_tax":"0.5","tip_amount":"0","tolls_amount":"0","improvement_surcharge":"0.3","total_amount":"5.8","congestion_surcharge":""},{"VendorID":"1","tpep_pickup_datetime":"2023-08-14 04:18:33","tpep_dropoff_datetime":"2023-04-30 04:22:53","passenger_count":"2","trip_distance":"1.00","RatecodeID":"1","store_and_fwd_flag":"N","PULocationID":"246","DOLocationID":"186","payment_type":"1","fare_amount":"5.5","extra":"0.5","mta_tax":"0.5","tip_amount":"2","tolls_amount":"0","improvement_surcharge":"0.3","total_amount":"8.8","congestion_surcharge":""},{"VendorID":"2","tpep_pickup_datetime":"2023-07-23 04:09:41","tpep_dropoff_datetime":"2023-02-27 04:33:32","passenger_count":"1","trip_distance":"6.85","RatecodeID":"1","store_and_fwd_flag":"N","PULocationID":"246","DOLocationID":"37","payment_type":"1","fare_amount":"24","extra":"0.5","mta_tax":"0.5","tip_amount":"2","tolls_amount":"0","improvement_surcharge":"0.3","total_amount":"27.3","congestion_surcharge":""},{"VendorID":"4","tpep_pickup_datetime":"2023-01-26 04:04:59","tpep_dropoff_datetime":"2023-01-17 05:09:49","passenger_count":"1","trip_distance":"32.76","RatecodeID":"4","store_and_fwd_flag":"N","PULocationID":"246","DOLocationID":"265","payment_type":"2","fare_amount":"127","extra":"0.5","mta_tax":"0.5","tip_amount":"0","tolls_amount":"0","improvement_surcharge":"0.3","total_amount":"128.3","congestion_surcharge":""},{"VendorID":"2","tpep_pickup_datetime":"2023-05-31 04:40:53","tpep_dropoff_datetime":"2024-01-13 04:53:47","passenger_count":"1","trip_distance":"5.09","RatecodeID":"1","store_and_fwd_flag":"N","PULocationID":"13","DOLocationID":"79","payment_type":"1","fare_amount":"16.5","extra":"0.5","mta_tax":"0.5","tip_amount":"3.56","tolls_amount":"0","improvement_surcharge":"0.3","total_amount":"21.36","congestion_surcharge":""},{"VendorID":"2","tpep_pickup_datetime":"2023-06-07 04:57:45","tpep_dropoff_datetime":"2023-02-18 05:03:13","passenger_count":"1","trip_distance":"1.28","RatecodeID":"1","store_and_fwd_flag":"N","PULocationID":"79","DOLocationID":"249","payment_type":"1","fare_amount":"6.5","extra":"0.5","mta_tax":"0.5","tip_amount":"1","tolls_amount":"0","improvement_surcharge":"0.3","total_amount":"8.8","congestion_surcharge":""},{"VendorID":"1","tpep_pickup_datetime":"2023-01-07 04:07:28","tpep_dropoff_datetime":"2023-06-29 04:26:52","passenger_count":"3","trip_distance":"4.10","RatecodeID":"1","store_and_fwd_flag":"N","PULocationID":"232","DOLocationID":"48","payment_type":"1","fare_amount":"16.5","extra":"0.5","mta_tax":"0.5","tip_amount":"3.55","tolls_amount":"0","improvement_surcharge":"0.3","total_amount":"21.35","congestion_surcharge":""},{"VendorID":"1","tpep_pickup_datetime":"2023-06-01 04:05:20","tpep_dropoff_datetime":"2023-02-26 04:17:25","passenger_count":"1","trip_distance":"3.30","RatecodeID":"1","store_and_fwd_flag":"N","PULocationID":"144","DOLocationID":"181","payment_type":"1","fare_amount":"13","extra":"0.5","mta_tax":"0.5","tip_amount":"2.85","tolls_amount":"0","improvement_surcharge":"0.3","total_amount":"17.15","congestion_surcharge":""},{"VendorID":"1","tpep_pickup_datetime":"2023-02-18 04:19:39","tpep_dropoff_datetime":"2023-11-28 04:38:02","passenger_count":"1","trip_distance":"7.30","RatecodeID":"1","store_and_fwd_flag":"N","PULocationID":"181","DOLocationID":"170","payment_type":"1","fare_amount":"23","extra":"0.5","mta_tax":"0.5","tip_amount":"4.85","tolls_amount":"0","improvement_surcharge":"0.3","total_amount":"29.15","congestion_surcharge":""},{"VendorID":"2","tpep_pickup_datetime":"2023-08-22 04:39:12","tpep_dropoff_datetime":"2023-05-07 04:39:17","passenger_count":"1","trip_distance":".01","RatecodeID":"1","store_and_fwd_flag":"N","PULocationID":"74","DOLocationID":"74","payment_type":"2","fare_amount":"2.5","extra":"0.5","mta_tax":"0.5","tip_amount":"0","tolls_amount":"0","improvement_surcharge":"0.3","total_amount":"3.8","congestion_surcharge":""},{"VendorID":"2","tpep_pickup_datetime":"2023-01-15 04:18:23","tpep_dropoff_datetime":"2024-01-14 04:46:50","passenger_count":"1","trip_distance":"10.78","RatecodeID":"1","store_and_fwd_flag":"N","PULocationID":"255","DOLocationID":"92","payment_type":"2","fare_amount":"34","extra":"0.5","mta_tax":"0.5","tip_amount":"0","tolls_amount":"0","improvement_surcharge":"0.3","total_amount":"35.3","congestion_surcharge":""},{"VendorID":"2","tpep_pickup_datetime":"2023-05-30 03:57:06","tpep_dropoff_datetime":"2023-07-23 03:38:24","passenger_count":"1","trip_distance":"9.75","RatecodeID":"1","store_and_fwd_flag":"N","PULocationID":"48","DOLocationID":"116","payment_type":"2","fare_amount":"31","extra":"0.5","mta_tax":"0.5","tip_amount":"0","tolls_amount":"0","improvement_surcharge":"0.3","total_amount":"32.3","congestion_surcharge":""},{"VendorID":"2","tpep_pickup_datetime":"2023-12-15 04:03:17","tpep_dropoff_datetime":"2023-03-16 04:07:10","passenger_count":"1","trip_distance":"1.82","RatecodeID":"1","store_and_fwd_flag":"N","PULocationID":"233","DOLocationID":"140","payment_type":"1","fare_amount":"7","extra":"0.5","mta_tax":"0.5","tip_amount":"1.66","tolls_amount":"0","improvement_surcharge":"0.3","total_amount":"9.96","congestion_surcharge":""},{"VendorID":"1","tpep_pickup_datetime":"2024-01-02 04:03:41","tpep_dropoff_datetime":"2023-03-09 04:11:39","passenger_count":"1","trip_distance":"1.00","RatecodeID":"1","store_and_fwd_flag":"Y","PULocationID":"144","DOLocationID":"148","payment_type":"1","fare_amount":"7","extra":"0.5","mta_tax":"0.5","tip_amount":"1","tolls_amount":"0","improvement_surcharge":"0.3","total_amount":"9.3","congestion_surcharge":""},{"VendorID":"1","tpep_pickup_datetime":"2023-01-29 04:16:13","tpep_dropoff_datetime":"2023-02-09 04:39:49","passenger_count":"2","trip_distance":"5.90","RatecodeID":"1","store_and_fwd_flag":"N","PULocationID":"148","DOLocationID":"239","payment_type":"1","fare_amount":"21.5","extra":"0.5","mta_tax":"0.5","tip_amount":"3.42","tolls_amount":"0","improvement_surcharge":"0.3","total_amount":"26.22","congestion_surcharge":""},{"VendorID":"1","tpep_pickup_datetime":"2023-08-22 04:40:50","tpep_dropoff_datetime":"2024-01-05 04:40:58","passenger_count":"1","trip_distance":".00","RatecodeID":"1","store_and_fwd_flag":"N","PULocationID":"239","DOLocationID":"239","payment_type":"1","fare_amount":"2.5","extra":"0.5","mta_tax":"0.5","tip_amount":"1.2","tolls_amount":"0","improvement_surcharge":"0.3","total_amount":"5","congestion_surcharge":""},{"VendorID":"1","tpep_pickup_datetime":"2023-11-01 04:52:59","tpep_dropoff_datetime":"2023-11-07 04:57:38","passenger_count":"2","trip_distance":".90","RatecodeID":"1","store_and_fwd_flag":"N","PULocationID":"48","DOLocationID":"142","payment_type":"2","fare_amount":"5.5","extra":"0.5","mta_tax":"0.5","tip_amount":"0","tolls_amount":"0","improvement_surcharge":"0.3","total_amount":"6.8","congestion_surcharge":""},{"VendorID":"2","tpep_pickup_datetime":"2023-06-04 04:18:31","tpep_dropoff_datetime":"2023-10-16 04:39:00","passenger_count":"1","trip_distance":"5.91","RatecodeID":"1","store_and_fwd_flag":"N","PULocationID":"162","DOLocationID":"70","payment_type":"2","fare_amount":"20.5","extra":"0.5","mta_tax":"0.5","tip_amount":"0","tolls_amount":"0","improvement_surcharge":"0.3","total_amount":"21.8","congestion_surcharge":""},{"VendorID":"2","tpep_pickup_datetime":"2023-09-13 04:05:00","tpep_dropoff_datetime":"2023-10-25 04:19:33","passenger_count":"1","trip_distance":"5.93","RatecodeID":"1","store_and_fwd_flag":"N","PULocationID":"74","DOLocationID":"186","payment_type":"1","fare_amount":"18","extra":"0.5","mta_tax":"0.5","tip_amount":"3.86","tolls_amount":"0","improvement_surcharge":"0.3","total_amount":"23.16","congestion_surcharge":""},{"VendorID":"2","tpep_pickup_datetime":"2023-10-19 04:28:48","tpep_dropoff_datetime":"2023-05-12 04:42:54","passenger_count":"1","trip_distance":"4.35","RatecodeID":"1","store_and_fwd_flag":"N","PULocationID":"48","DOLocationID":"75","payment_type":"2","fare_amount":"14.5","extra":"0.5","mta_tax":"0.5","tip_amount":"0","tolls_amount":"0","improvement_surcharge":"0.3","total_amount":"15.8","congestion_surcharge":""},{"VendorID":"2","tpep_pickup_datetime":"2023-01-03 04:56:26","tpep_dropoff_datetime":"2023-01-15 04:58:32","passenger_count":"1","trip_distance":".77","RatecodeID":"1","store_and_fwd_flag":"N","PULocationID":"100","DOLocationID":"161","payment_type":"2","fare_amount":"4.5","extra":"0.5","mta_tax":"0.5","tip_amount":"0","tolls_amount":"0","improvement_surcharge":"0.3","total_amount":"5.8","congestion_surcharge":""},{"VendorID":"2","tpep_pickup_datetime":"2023-03-12 03:58:55","tpep_dropoff_datetime":"2023-11-16 04:03:12","passenger_count":"2","trip_distance":".85","RatecodeID":"1","store_and_fwd_flag":"N","PULocationID":"164","DOLocationID":"107","payment_type":"1","fare_amount":"5","extra":"0.5","mta_tax":"0.5","tip_amount":"1.26","tolls_amount":"0","improvement_surcharge":"0.3","total_amount":"7.56","congestion_surcharge":""},{"VendorID":"2","tpep_pickup_datetime":"2023-08-07 04:04:14","tpep_dropoff_datetime":"2023-09-05 04:08:45","passenger_count":"2","trip_distance":".62","RatecodeID":"1","store_and_fwd_flag":"N","PULocationID":"107","DOLocationID":"234","payment_type":"2","fare_amount":"5","extra":"0.5","mta_tax":"0.5","tip_amount":"0","tolls_amount":"0","improvement_surcharge":"0.3","total_amount":"6.3","congestion_surcharge":""},{"VendorID":"2","tpep_pickup_datetime":"2023-11-28 04:15:44","tpep_dropoff_datetime":"2023-07-28 04:20:15","passenger_count":"2","trip_distance":".47","RatecodeID":"1","store_and_fwd_flag":"N","PULocationID":"158","DOLocationID":"68","payment_type":"1","fare_amount":"4.5","extra":"0.5","mta_tax":"0.5","tip_amount":"1.74","tolls_amount":"0","improvement_surcharge":"0.3","total_amount":"7.54","congestion_surcharge":""},{"VendorID":"2","tpep_pickup_datetime":"2023-02-16 04:06:11","tpep_dropoff_datetime":"2023-08-24 04:15:13","passenger_count":"5","trip_distance":"1.91","RatecodeID":"1","store_and_fwd_flag":"N","PULocationID":"231","DOLocationID":"79","payment_type":"1","fare_amount":"8.5","extra":"0.5","mta_tax":"0.5","tip_amount":"1","tolls_amount":"0","improvement_surcharge":"0.3","total_amount":"10.8","congestion_surcharge":""},{"VendorID":"2","tpep_pickup_datetime":"2023-08-19 04:36:58","tpep_dropoff_datetime":"2023-11-03 04:43:20","passenger_count":"5","trip_distance":"1.33","RatecodeID":"1","store_and_fwd_flag":"N","PULocationID":"148","DOLocationID":"249","payment_type":"1","fare_amount":"6.5","extra":"0.5","mta_tax":"0.5","tip_amount":"1","tolls_amount":"0","improvement_surcharge":"0.3","total_amount":"8.8","congestion_surcharge":""},{"VendorID":"2","tpep_pickup_datetime":"2023-07-19 04:58:17","tpep_dropoff_datetime":"2023-05-23 05:05:25","passenger_count":"5","trip_distance":"1.86","RatecodeID":"1","store_and_fwd_flag":"N","PULocationID":"125","DOLocationID":"4","payment_type":"2","fare_amount":"8","extra":"0.5","mta_tax":"0.5","tip_amount":"0","tolls_amount":"0","improvement_surcharge":"0.3","total_amount":"9.3","congestion_surcharge":""},{"VendorID":"2","tpep_pickup_datetime":"2023-06-26 04:24:01","tpep_dropoff_datetime":"2023-07-07 04:29:30","passenger_count":"1","trip_distance":".98","RatecodeID":"1","store_and_fwd_flag":"N","PULocationID":"79","DOLocationID":"4","payment_type":"1","fare_amount":"6","extra":"0.5","mta_tax":"0.5","tip_amount":"1.46","tolls_amount":"0","improvement_surcharge":"0.3","total_amount":"8.76","congestion_surcharge":""},{"VendorID":"2","tpep_pickup_datetime":"2023-08-15 04:17:33","tpep_dropoff_datetime":"2023-08-13 04:36:31","passenger_count":"1","trip_distance":"4.85","RatecodeID":"1","store_and_fwd_flag":"N","PULocationID":"148","DOLocationID":"142","payment_type":"2","fare_amount":"17.5","extra":"0.5","mta_tax":"0.5","tip_amount":"0","tolls_amount":"0","improvement_surcharge":"0.3","total_amount":"18.8","congestion_surcharge":""},{"VendorID":"2","tpep_pickup_datetime":"2023-10-05 04:44:06","tpep_dropoff_datetime":"2023-04-15 04:52:40","passenger_count":"1","trip_distance":"1.86","RatecodeID":"1","store_and_fwd_flag":"N","PULocationID":"48","DOLocationID":"233","payment_type":"2","fare_amount":"8.5","extra":"0.5","mta_tax":"0.5","tip_amount":"0","tolls_amount":"0","improvement_surcharge":"0.3","total_amount":"9.8","congestion_surcharge":""},{"VendorID":"2","tpep_pickup_datetime":"2023-10-28 04:21:55","tpep_dropoff_datetime":"2023-01-09 04:35:21","passenger_count":"1","trip_distance":"2.28","RatecodeID":"1","store_and_fwd_flag":"N","PULocationID":"129","DOLocationID":"138","payment_type":"2","fare_amount":"11","extra":"0.5","mta_tax":"0.5","tip_amount":"0","tolls_amount":"0","improvement_surcharge":"0.3","total_amount":"12.3","congestion_surcharge":""},{"VendorID":"2","tpep_pickup_datetime":"2023-12-10 03:59:25","tpep_dropoff_datetime":"2023-02-28 04:02:51","passenger_count":"5","trip_distance":".74","RatecodeID":"1","store_and_fwd_flag":"N","PULocationID":"264","DOLocationID":"264","payment_type":"2","fare_amount":"5","extra":"0.5","mta_tax":"0.5","tip_amount":"0","tolls_amount":"0","improvement_surcharge":"0.3","total_amount":"6.3","congestion_surcharge":""},{"VendorID":"2","tpep_pickup_datetime":"2023-06-09 04:19:46","tpep_dropoff_datetime":"2023-09-12 04:23:28","passenger_count":"5","trip_distance":".82","RatecodeID":"1","store_and_fwd_flag":"N","PULocationID":"264","DOLocationID":"264","payment_type":"2","fare_amount":"5","extra":"0.5","mta_tax":"0.5","tip_amount":"0","tolls_amount":"0","improvement_surcharge":"0.3","total_amount":"6.3","congestion_surcharge":""},{"VendorID":"1","tpep_pickup_datetime":"2023-03-01 04:28:35","tpep_dropoff_datetime":"2023-03-13 04:31:58","passenger_count":"1","trip_distance":".70","RatecodeID":"1","store_and_fwd_flag":"N","PULocationID":"48","DOLocationID":"186","payment_type":"2","fare_amount":"5","extra":"0.5","mta_tax":"0.5","tip_amount":"0","tolls_amount":"0","improvement_surcharge":"0.3","total_amount":"6.3","congestion_surcharge":""},{"VendorID":"1","tpep_pickup_datetime":"2023-01-18 04:39:26","tpep_dropoff_datetime":"2024-01-30 04:44:18","passenger_count":"2","trip_distance":"1.40","RatecodeID":"1","store_and_fwd_flag":"N","PULocationID":"234","DOLocationID":"186","payment_type":"2","fare_amount":"6.5","extra":"0.5","mta_tax":"0.5","tip_amount":"0","tolls_amount":"0","improvement_surcharge":"0.3","total_amount":"7.8","congestion_surcharge":""},{"VendorID":"2","tpep_pickup_datetime":"2023-04-27 04:15:09","tpep_dropoff_datetime":"2023-11-09 04:19:03","passenger_count":"5","trip_distance":".97","RatecodeID":"1","store_and_fwd_flag":"N","PULocationID":"236","DOLocationID":"263","payment_type":"2","fare_amount":"5.5","extra":"0.5","mta_tax":"0.5","tip_amount":"0","tolls_amount":"0","improvement_surcharge":"0.3","total_amount":"6.8","congestion_surcharge":""},{"VendorID":"1","tpep_pickup_datetime":"2023-02-20 04:50:18","tpep_dropoff_datetime":"2023-04-16 04:55:32","passenger_count":"1","trip_distance":".80","RatecodeID":"1","store_and_fwd_flag":"N","PULocationID":"4","DOLocationID":"232","payment_type":"2","fare_amount":"5.5","extra":"0.5","mta_tax":"0.5","tip_amount":"0","tolls_amount":"0","improvement_surcharge":"0.3","total_amount":"6.8","congestion_surcharge":""},{"VendorID":"1","tpep_pickup_datetime":"2023-05-12 04:57:53","tpep_dropoff_datetime":"2023-06-05 05:15:04","passenger_count":"1","trip_distance":"7.40","RatecodeID":"1","store_and_fwd_flag":"N","PULocationID":"232","DOLocationID":"179","payment_type":"1","fare_amount":"22","extra":"0.5","mta_tax":"0.5","tip_amount":"1.7","tolls_amount":"0","improvement_surcharge":"0.3","total_amount":"25","congestion_surcharge":""},{"VendorID":"2","tpep_pickup_datetime":"2023-04-19 04:33:46","tpep_dropoff_datetime":"2023-08-06 04:42:11","passenger_count":"6","trip_distance":"4.11","RatecodeID":"1","store_and_fwd_flag":"N","PULocationID":"148","DOLocationID":"13","payment_type":"1","fare_amount":"13","extra":"0.5","mta_tax":"0.5","tip_amount":"3.58","tolls_amount":"0","improvement_surcharge":"0.3","total_amount":"17.88","congestion_surcharge":""},{"VendorID":"2","tpep_pickup_datetime":"2024-01-31 04:19:50","tpep_dropoff_datetime":"2023-05-12 04:23:45","passenger_count":"4","trip_distance":".91","RatecodeID":"1","store_and_fwd_flag":"N","PULocationID":"141","DOLocationID":"263","payment_type":"1","fare_amount":"5","extra":"0.5","mta_tax":"0.5","tip_amount":"1.26","tolls_amount":"0","improvement_surcharge":"0.3","total_amount":"7.56","congestion_surcharge":""},{"VendorID":"2","tpep_pickup_datetime":"2023-05-20 04:27:20","tpep_dropoff_datetime":"2023-05-19 04:36:16","passenger_count":"3","trip_distance":"2.18","RatecodeID":"1","store_and_fwd_flag":"N","PULocationID":"263","DOLocationID":"74","payment_type":"1","fare_amount":"9.5","extra":"0.5","mta_tax":"0.5","tip_amount":"2.16","tolls_amount":"0","improvement_surcharge":"0.3","total_amount":"12.96","congestion_surcharge":""},{"VendorID":"1","tpep_pickup_datetime":"2023-04-21 04:38:59","tpep_dropoff_datetime":"2023-05-03 04:47:18","passenger_count":"1","trip_distance":"1.60","RatecodeID":"1","store_and_fwd_flag":"N","PULocationID":"48","DOLocationID":"164","payment_type":"1","fare_amount":"8","extra":"0.5","mta_tax":"0.5","tip_amount":"1","tolls_amount":"0","improvement_surcharge":"0.3","total_amount":"10.3","congestion_surcharge":""},{"VendorID":"1","tpep_pickup_datetime":"2023-08-10 04:56:26","tpep_dropoff_datetime":"2023-09-13 05:08:00","passenger_count":"1","trip_distance":"3.30","RatecodeID":"1","store_and_fwd_flag":"N","PULocationID":"48","DOLocationID":"79","payment_type":"1","fare_amount":"11.5","extra":"0.5","mta_tax":"0.5","tip_amount":"1.28","tolls_amount":"0","improvement_surcharge":"0.3","total_amount":"14.08","congestion_surcharge":""},{"VendorID":"1","tpep_pickup_datetime":"2023-07-25 04:07:17","tpep_dropoff_datetime":"2023-08-26 04:39:02","passenger_count":"1","trip_distance":"1.70","RatecodeID":"1","store_and_fwd_flag":"N","PULocationID":"90","DOLocationID":"68","payment_type":"3","fare_amount":"19.5","extra":"0.5","mta_tax":"0.5","tip_amount":"0","tolls_amount":"0","improvement_surcharge":"0.3","total_amount":"20.8","congestion_surcharge":""},{"VendorID":"1","tpep_pickup_datetime":"2023-09-10 04:00:43","tpep_dropoff_datetime":"2023-06-17 04:03:21","passenger_count":"2","trip_distance":".50","RatecodeID":"1","store_and_fwd_flag":"N","PULocationID":"79","DOLocationID":"79","payment_type":"1","fare_amount":"4","extra":"0.5","mta_tax":"0.5","tip_amount":"1.05","tolls_amount":"0","improvement_surcharge":"0.3","total_amount":"6.35","congestion_surcharge":""},{"VendorID":"1","tpep_pickup_datetime":"2023-01-07 04:12:01","tpep_dropoff_datetime":"2023-12-30 04:16:03","passenger_count":"1","trip_distance":".40","RatecodeID":"1","store_and_fwd_flag":"N","PULocationID":"79","DOLocationID":"79","payment_type":"1","fare_amount":"4.5","extra":"0.5","mta_tax":"0.5","tip_amount":"1.15","tolls_amount":"0","improvement_surcharge":"0.3","total_amount":"6.95","congestion_surcharge":""},{"VendorID":"2","tpep_pickup_datetime":"2023-08-31 03:51:08","tpep_dropoff_datetime":"2023-08-31 04:05:59","passenger_count":"1","trip_distance":"3.91","RatecodeID":"1","store_and_fwd_flag":"N","PULocationID":"158","DOLocationID":"229","payment_type":"1","fare_amount":"14","extra":"0.5","mta_tax":"0.5","tip_amount":"3.06","tolls_amount":"0","improvement_surcharge":"0.3","total_amount":"18.36","congestion_surcharge":""},{"VendorID":"2","tpep_pickup_datetime":"2023-02-20 04:26:09","tpep_dropoff_datetime":"2023-08-17 04:28:11","passenger_count":"1","trip_distance":".73","RatecodeID":"1","store_and_fwd_flag":"N","PULocationID":"79","DOLocationID":"107","payment_type":"1","fare_amount":"4","extra":"0.5","mta_tax":"0.5","tip_amount":"0.8","tolls_amount":"0","improvement_surcharge":"0.3","total_amount":"6.1","congestion_surcharge":""},{"VendorID":"2","tpep_pickup_datetime":"2023-03-05 04:19:34","tpep_dropoff_datetime":"2023-08-15 04:43:30","passenger_count":"1","trip_distance":"6.21","RatecodeID":"1","store_and_fwd_flag":"N","PULocationID":"48","DOLocationID":"223","payment_type":"1","fare_amount":"22","extra":"0.5","mta_tax":"0.5","tip_amount":"4.66","tolls_amount":"0","improvement_surcharge":"0.3","total_amount":"27.96","congestion_surcharge":""},{"VendorID":"2","tpep_pickup_datetime":"2023-06-14 04:06:12","tpep_dropoff_datetime":"2023-09-23 04:15:52","passenger_count":"1","trip_distance":"1.39","RatecodeID":"1","store_and_fwd_flag":"N","PULocationID":"50","DOLocationID":"230","payment_type":"1","fare_amount":"7.5","extra":"0.5","mta_tax":"0.5","tip_amount":"1","tolls_amount":"0","improvement_surcharge":"0.3","total_amount":"9.8","congestion_surcharge":""},{"VendorID":"2","tpep_pickup_datetime":"2023-02-01 04:46:59","tpep_dropoff_datetime":"2023-11-19 05:18:57","passenger_count":"1","trip_distance":"9.15","RatecodeID":"1","store_and_fwd_flag":"N","PULocationID":"158","DOLocationID":"181","payment_type":"1","fare_amount":"29.5","extra":"0.5","mta_tax":"0.5","tip_amount":"4","tolls_amount":"0","improvement_surcharge":"0.3","total_amount":"34.8","congestion_surcharge":""},{"VendorID":"2","tpep_pickup_datetime":"2023-06-26 04:10:35","tpep_dropoff_datetime":"2023-04-21 04:16:31","passenger_count":"1","trip_distance":"1.57","RatecodeID":"1","store_and_fwd_flag":"N","PULocationID":"68","DOLocationID":"48","payment_type":"1","fare_amount":"7","extra":"0.5","mta_tax":"0.5","tip_amount":"1.66","tolls_amount":"0","improvement_surcharge":"0.3","total_amount":"9.96","congestion_surcharge":""},{"VendorID":"2","tpep_pickup_datetime":"2023-12-22 04:29:25","tpep_dropoff_datetime":"2024-01-25 04:53:22","passenger_count":"1","trip_distance":"9.72","RatecodeID":"1","store_and_fwd_flag":"N","PULocationID":"48","DOLocationID":"49","payment_type":"1","fare_amount":"29.5","extra":"0.5","mta_tax":"0.5","tip_amount":"0","tolls_amount":"0","improvement_surcharge":"0.3","total_amount":"30.8","congestion_surcharge":""},{"VendorID":"1","tpep_pickup_datetime":"2023-02-22 04:22:45","tpep_dropoff_datetime":"2023-10-25 04:34:55","passenger_count":"1","trip_distance":"2.50","RatecodeID":"1","store_and_fwd_flag":"N","PULocationID":"68","DOLocationID":"161","payment_type":"1","fare_amount":"10.5","extra":"0.5","mta_tax":"0.5","tip_amount":"2.35","tolls_amount":"0","improvement_surcharge":"0.3","total_amount":"14.15","congestion_surcharge":""},{"VendorID":"1","tpep_pickup_datetime":"2023-08-27 04:41:28","tpep_dropoff_datetime":"2023-06-01 04:44:31","passenger_count":"1","trip_distance":".90","RatecodeID":"1","store_and_fwd_flag":"N","PULocationID":"170","DOLocationID":"48","payment_type":"2","fare_amount":"5","extra":"0.5","mta_tax":"0.5","tip_amount":"0","tolls_amount":"0","improvement_surcharge":"0.3","total_amount":"6.3","congestion_surcharge":""},{"VendorID":"1","tpep_pickup_datetime":"2023-10-08 04:11:44","tpep_dropoff_datetime":"2023-02-01 04:15:40","passenger_count":"2","trip_distance":".70","RatecodeID":"1","store_and_fwd_flag":"N","PULocationID":"79","DOLocationID":"4","payment_type":"1","fare_amount":"5","extra":"0.5","mta_tax":"0.5","tip_amount":"1.25","tolls_amount":"0","improvement_surcharge":"0.3","total_amount":"7.55","congestion_surcharge":""},{"VendorID":"1","tpep_pickup_datetime":"2023-04-27 04:21:02","tpep_dropoff_datetime":"2023-02-08 04:26:54","passenger_count":"1","trip_distance":"1.10","RatecodeID":"1","store_and_fwd_flag":"N","PULocationID":"79","DOLocationID":"107","payment_type":"2","fare_amount":"6.5","extra":"0.5","mta_tax":"0.5","tip_amount":"0","tolls_amount":"0","improvement_surcharge":"0.3","total_amount":"7.8","congestion_surcharge":""},{"VendorID":"1","tpep_pickup_datetime":"2023-11-09 04:28:46","tpep_dropoff_datetime":"2023-07-21 04:47:25","passenger_count":"1","trip_distance":"4.90","RatecodeID":"1","store_and_fwd_flag":"N","PULocationID":"107","DOLocationID":"181","payment_type":"1","fare_amount":"18","extra":"0.5","mta_tax":"0.5","tip_amount":"5.75","tolls_amount":"0","improvement_surcharge":"0.3","total_amount":"25.05","congestion_surcharge":""},{"VendorID":"2","tpep_pickup_datetime":"2023-07-08 04:10:03","tpep_dropoff_datetime":"2023-12-31 04:30:00","passenger_count":"1","trip_distance":"6.62","RatecodeID":"1","store_and_fwd_flag":"N","PULocationID":"79","DOLocationID":"226","payment_type":"1","fare_amount":"22","extra":"0.5","mta_tax":"0.5","tip_amount":"3","tolls_amount":"0","improvement_surcharge":"0.3","total_amount":"26.3","congestion_surcharge":""},{"VendorID":"2","tpep_pickup_datetime":"2023-04-12 04:13:16","tpep_dropoff_datetime":"2023-10-10 04:25:06","passenger_count":"2","trip_distance":"1.95","RatecodeID":"1","store_and_fwd_flag":"N","PULocationID":"48","DOLocationID":"161","payment_type":"2","fare_amount":"10","extra":"0.5","mta_tax":"0.5","tip_amount":"0","tolls_amount":"0","improvement_surcharge":"0.3","total_amount":"11.3","congestion_surcharge":""},{"VendorID":"2","tpep_pickup_datetime":"2023-06-05 04:01:54","tpep_dropoff_datetime":"2023-10-27 04:10:59","passenger_count":"1","trip_distance":"1.55","RatecodeID":"1","store_and_fwd_flag":"N","PULocationID":"249","DOLocationID":"107","payment_type":"1","fare_amount":"8","extra":"0.5","mta_tax":"0.5","tip_amount":"1.86","tolls_amount":"0","improvement_surcharge":"0.3","total_amount":"11.16","congestion_surcharge":""},{"VendorID":"2","tpep_pickup_datetime":"2023-05-10 04:18:24","tpep_dropoff_datetime":"2023-02-21 04:27:15","passenger_count":"1","trip_distance":"2.28","RatecodeID":"1","store_and_fwd_flag":"N","PULocationID":"170","DOLocationID":"50","payment_type":"1","fare_amount":"9.5","extra":"0.5","mta_tax":"0.5","tip_amount":"2.16","tolls_amount":"0","improvement_surcharge":"0.3","total_amount":"12.96","congestion_surcharge":""},{"VendorID":"2","tpep_pickup_datetime":"2023-05-14 04:35:42","tpep_dropoff_datetime":"2023-10-17 04:39:11","passenger_count":"1","trip_distance":".87","RatecodeID":"1","store_and_fwd_flag":"N","PULocationID":"68","DOLocationID":"68","payment_type":"2","fare_amount":"5","extra":"0.5","mta_tax":"0.5","tip_amount":"0","tolls_amount":"0","improvement_surcharge":"0.3","total_amount":"6.3","congestion_surcharge":""},{"VendorID":"1","tpep_pickup_datetime":"2023-02-10 04:07:23","tpep_dropoff_datetime":"2023-10-09 04:20:31","passenger_count":"1","trip_distance":"3.90","RatecodeID":"1","store_and_fwd_flag":"N","PULocationID":"144","DOLocationID":"48","payment_type":"2","fare_amount":"13.5","extra":"0.5","mta_tax":"0.5","tip_amount":"0","tolls_amount":"0","improvement_surcharge":"0.3","total_amount":"14.8","congestion_surcharge":""},{"VendorID":"1","tpep_pickup_datetime":"2024-01-23 04:25:18","tpep_dropoff_datetime":"2023-11-25 04:48:04","passenger_count":"2","trip_distance":"9.40","RatecodeID":"1","store_and_fwd_flag":"N","PULocationID":"48","DOLocationID":"56","payment_type":"1","fare_amount":"28.5","extra":"0.5","mta_tax":"0.5","tip_amount":"0","tolls_amount":"5.76","improvement_surcharge":"0.3","total_amount":"35.56","congestion_surcharge":""},{"VendorID":"1","tpep_pickup_datetime":"2023-11-20 04:07:21","tpep_dropoff_datetime":"2023-02-15 04:14:49","passenger_count":"1","trip_distance":"1.50","RatecodeID":"1","store_and_fwd_flag":"N","PULocationID":"158","DOLocationID":"234","payment_type":"1","fare_amount":"7.5","extra":"0.5","mta_tax":"0.5","tip_amount":"1","tolls_amount":"0","improvement_surcharge":"0.3","total_amount":"9.8","congestion_surcharge":""},{"VendorID":"1","tpep_pickup_datetime":"2023-08-25 04:17:02","tpep_dropoff_datetime":"2023-09-24 04:25:32","passenger_count":"1","trip_distance":"2.40","RatecodeID":"1","store_and_fwd_flag":"N","PULocationID":"249","DOLocationID":"88","payment_type":"2","fare_amount":"9.5","extra":"0.5","mta_tax":"0.5","tip_amount":"0","tolls_amount":"0","improvement_surcharge":"0.3","total_amount":"10.8","congestion_surcharge":""},{"VendorID":"2","tpep_pickup_datetime":"2023-02-04 03:57:10","tpep_dropoff_datetime":"2023-05-14 04:15:04","passenger_count":"1","trip_distance":"3.98","RatecodeID":"1","store_and_fwd_flag":"N","PULocationID":"68","DOLocationID":"238","payment_type":"1","fare_amount":"16.5","extra":"0.5","mta_tax":"0.5","tip_amount":"2.5","tolls_amount":"0","improvement_surcharge":"0.3","total_amount":"20.3","congestion_surcharge":""},{"VendorID":"2","tpep_pickup_datetime":"2023-02-05 04:28:23","tpep_dropoff_datetime":"2023-01-28 04:34:56","passenger_count":"1","trip_distance":"1.39","RatecodeID":"1","store_and_fwd_flag":"N","PULocationID":"48","DOLocationID":"229","payment_type":"1","fare_amount":"7","extra":"0.5","mta_tax":"0.5","tip_amount":"1.66","tolls_amount":"0","improvement_surcharge":"0.3","total_amount":"9.96","congestion_surcharge":""},{"VendorID":"1","tpep_pickup_datetime":"2023-06-21 04:06:27","tpep_dropoff_datetime":"2024-01-24 04:12:25","passenger_count":"1","trip_distance":".90","RatecodeID":"1","store_and_fwd_flag":"N","PULocationID":"148","DOLocationID":"79","payment_type":"1","fare_amount":"6","extra":"0.5","mta_tax":"0.5","tip_amount":"1.45","tolls_amount":"0","improvement_surcharge":"0.3","total_amount":"8.75","congestion_surcharge":""},{"VendorID":"1","tpep_pickup_datetime":"2023-03-01 04:20:54","tpep_dropoff_datetime":"2023-11-29 04:38:08","passenger_count":"1","trip_distance":"5.50","RatecodeID":"1","store_and_fwd_flag":"N","PULocationID":"79","DOLocationID":"7","payment_type":"1","fare_amount":"18","extra":"0.5","mta_tax":"0.5","tip_amount":"2","tolls_amount":"0","improvement_surcharge":"0.3","total_amount":"21.3","congestion_surcharge":""},{"VendorID":"1","tpep_pickup_datetime":"2023-10-18 04:41:58","tpep_dropoff_datetime":"2023-06-14 05:03:13","passenger_count":"1","trip_distance":"6.70","RatecodeID":"1","store_and_fwd_flag":"N","PULocationID":"7","DOLocationID":"42","payment_type":"1","fare_amount":"22.5","extra":"0.5","mta_tax":"0.5","tip_amount":"5.9","tolls_amount":"5.76","improvement_surcharge":"0.3","total_amount":"35.46","congestion_surcharge":""},{"VendorID":"2","tpep_pickup_datetime":"2023-03-11 04:14:18","tpep_dropoff_datetime":"2023-08-26 04:23:40","passenger_count":"1","trip_distance":"2.25","RatecodeID":"1","store_and_fwd_flag":"N","PULocationID":"238","DOLocationID":"74","payment_type":"2","fare_amount":"9.5","extra":"0.5","mta_tax":"0.5","tip_amount":"0","tolls_amount":"0","improvement_surcharge":"0.3","total_amount":"10.8","congestion_surcharge":""},{"VendorID":"1","tpep_pickup_datetime":"2023-03-19 04:04:34","tpep_dropoff_datetime":"2023-05-25 04:12:55","passenger_count":"1","trip_distance":"2.50","RatecodeID":"1","store_and_fwd_flag":"N","PULocationID":"79","DOLocationID":"45","payment_type":"2","fare_amount":"10","extra":"0.5","mta_tax":"0.5","tip_amount":"0","tolls_amount":"0","improvement_surcharge":"0.3","total_amount":"11.3","congestion_surcharge":""},{"VendorID":"1","tpep_pickup_datetime":"2023-09-12 04:19:21","tpep_dropoff_datetime":"2023-01-08 04:30:30","passenger_count":"1","trip_distance":"3.50","RatecodeID":"1","store_and_fwd_flag":"N","PULocationID":"144","DOLocationID":"17","payment_type":"2","fare_amount":"13","extra":"0.5","mta_tax":"0.5","tip_amount":"0","tolls_amount":"0","improvement_surcharge":"0.3","total_amount":"14.3","congestion_surcharge":""},{"VendorID":"1","tpep_pickup_datetime":"2023-12-25 04:45:30","tpep_dropoff_datetime":"2023-10-18 04:46:55","passenger_count":"1","trip_distance":".40","RatecodeID":"1","store_and_fwd_flag":"N","PULocationID":"4","DOLocationID":"4","payment_type":"1","fare_amount":"3.5","extra":"0.5","mta_tax":"0.5","tip_amount":"0","tolls_amount":"0","improvement_surcharge":"0.3","total_amount":"4.8","congestion_surcharge":""},{"VendorID":"1","tpep_pickup_datetime":"2023-11-10 04:50:29","tpep_dropoff_datetime":"2023-04-05 04:54:41","passenger_count":"1","trip_distance":"1.10","RatecodeID":"1","store_and_fwd_flag":"N","PULocationID":"4","DOLocationID":"107","payment_type":"1","fare_amount":"5.5","extra":"0.5","mta_tax":"0.5","tip_amount":"1.7","tolls_amount":"0","improvement_surcharge":"0.3","total_amount":"8.5","congestion_surcharge":""},{"VendorID":"2","tpep_pickup_datetime":"2023-06-21 04:28:53","tpep_dropoff_datetime":"2023-05-17 04:42:27","passenger_count":"1","trip_distance":"6.03","RatecodeID":"1","store_and_fwd_flag":"N","PULocationID":"239","DOLocationID":"244","payment_type":"2","fare_amount":"19","extra":"0.5","mta_tax":"0.5","tip_amount":"0","tolls_amount":"0","improvement_surcharge":"0.3","total_amount":"20.3","congestion_surcharge":""},{"VendorID":"2","tpep_pickup_datetime":"2023-06-28 04:07:47","tpep_dropoff_datetime":"2024-01-16 04:24:21","passenger_count":"1","trip_distance":"5.57","RatecodeID":"1","store_and_fwd_flag":"N","PULocationID":"249","DOLocationID":"75","payment_type":"2","fare_amount":"18","extra":"0.5","mta_tax":"0.5","tip_amount":"0","tolls_amount":"0","improvement_surcharge":"0.3","total_amount":"19.3","congestion_surcharge":""},{"VendorID":"2","tpep_pickup_datetime":"2023-05-20 04:49:53","tpep_dropoff_datetime":"2023-03-28 04:55:45","passenger_count":"1","trip_distance":"1.38","RatecodeID":"1","store_and_fwd_flag":"N","PULocationID":"163","DOLocationID":"233","payment_type":"2","fare_amount":"7","extra":"0.5","mta_tax":"0.5","tip_amount":"0","tolls_amount":"0","improvement_surcharge":"0.3","total_amount":"8.3","congestion_surcharge":""},{"VendorID":"2","tpep_pickup_datetime":"2024-01-29 04:14:51","tpep_dropoff_datetime":"2023-01-14 04:15:36","passenger_count":"5","trip_distance":".03","RatecodeID":"1","store_and_fwd_flag":"N","PULocationID":"79","DOLocationID":"79","payment_type":"2","fare_amount":"2.5","extra":"0.5","mta_tax":"0.5","tip_amount":"0","tolls_amount":"0","improvement_surcharge":"0.3","total_amount":"3.8","congestion_surcharge":""},{"VendorID":"2","tpep_pickup_datetime":"2023-06-02 04:30:43","tpep_dropoff_datetime":"2024-02-01 04:53:05","passenger_count":"5","trip_distance":"5.37","RatecodeID":"1","store_and_fwd_flag":"N","PULocationID":"79","DOLocationID":"36","payment_type":"2","fare_amount":"20","extra":"0.5","mta_tax":"0.5","tip_amount":"0","tolls_amount":"0","improvement_surcharge":"0.3","total_amount":"21.3","congestion_surcharge":""},{"VendorID":"2","tpep_pickup_datetime":"2024-01-29 04:38:44","tpep_dropoff_datetime":"2023-10-14 04:53:14","passenger_count":"1","trip_distance":"4.58","RatecodeID":"1","store_and_fwd_flag":"N","PULocationID":"186","DOLocationID":"151","payment_type":"2","fare_amount":"16","extra":"0.5","mta_tax":"0.5","tip_amount":"0","tolls_amount":"0","improvement_surcharge":"0.3","total_amount":"17.3","congestion_surcharge":""},{"VendorID":"2","tpep_pickup_datetime":"2023-03-15 10:05:51","tpep_dropoff_datetime":"2023-03-19 10:06:48","passenger_count":"1","trip_distance":".29","RatecodeID":"1","store_and_fwd_flag":"N","PULocationID":"162","DOLocationID":"161","payment_type":"1","fare_amount":"3","extra":"0.5","mta_tax":"0.5","tip_amount":"1.29","tolls_amount":"0","improvement_surcharge":"0.3","total_amount":"5.59","congestion_surcharge":""},{"VendorID":"2","tpep_pickup_datetime":"2023-12-19 04:12:11","tpep_dropoff_datetime":"2023-07-27 04:23:56","passenger_count":"1","trip_distance":"1.14","RatecodeID":"1","store_and_fwd_flag":"N","PULocationID":"7","DOLocationID":"7","payment_type":"2","fare_amount":"8.5","extra":"0.5","mta_tax":"0.5","tip_amount":"0","tolls_amount":"0","improvement_surcharge":"0.3","total_amount":"9.8","congestion_surcharge":""},{"VendorID":"2","tpep_pickup_datetime":"2023-02-17 04:26:12","tpep_dropoff_datetime":"2023-05-31 04:33:48","passenger_count":"1","trip_distance":".91","RatecodeID":"1","store_and_fwd_flag":"N","PULocationID":"7","DOLocationID":"7","payment_type":"2","fare_amount":"6.5","extra":"0.5","mta_tax":"0.5","tip_amount":"0","tolls_amount":"0","improvement_surcharge":"0.3","total_amount":"7.8","congestion_surcharge":""},{"VendorID":"2","tpep_pickup_datetime":"2023-05-07 04:15:41","tpep_dropoff_datetime":"2023-05-19 04:19:12","passenger_count":"1","trip_distance":".33","RatecodeID":"1","store_and_fwd_flag":"N","PULocationID":"148","DOLocationID":"148","payment_type":"1","fare_amount":"4","extra":"0.5","mta_tax":"0.5","tip_amount":"1.06","tolls_amount":"0","improvement_surcharge":"0.3","total_amount":"6.36","congestion_surcharge":""},{"VendorID":"2","tpep_pickup_datetime":"2023-01-03 04:24:41","tpep_dropoff_datetime":"2023-12-07 04:34:06","passenger_count":"1","trip_distance":"2.53","RatecodeID":"1","store_and_fwd_flag":"N","PULocationID":"148","DOLocationID":"80","payment_type":"2","fare_amount":"10","extra":"0.5","mta_tax":"0.5","tip_amount":"0","tolls_amount":"0","improvement_surcharge":"0.3","total_amount":"11.3","congestion_surcharge":""},{"VendorID":"2","tpep_pickup_datetime":"2023-12-22 04:51:37","tpep_dropoff_datetime":"2023-06-28 04:55:14","passenger_count":"1","trip_distance":".98","RatecodeID":"1","store_and_fwd_flag":"N","PULocationID":"90","DOLocationID":"186","payment_type":"1","fare_amount":"5","extra":"0.5","mta_tax":"0.5","tip_amount":"1.26","tolls_amount":"0","improvement_surcharge":"0.3","total_amount":"7.56","congestion_surcharge":""},{"VendorID":"2","tpep_pickup_datetime":"2023-08-20 04:00:44","tpep_dropoff_datetime":"2023-04-28 04:21:12","passenger_count":"1","trip_distance":"6.36","RatecodeID":"1","store_and_fwd_flag":"N","PULocationID":"249","DOLocationID":"188","payment_type":"2","fare_amount":"21.5","extra":"0.5","mta_tax":"0.5","tip_amount":"0","tolls_amount":"0","improvement_surcharge":"0.3","total_amount":"22.8","congestion_surcharge":""},{"VendorID":"2","tpep_pickup_datetime":"2023-08-20 04:29:28","tpep_dropoff_datetime":"2024-01-15 05:00:24","passenger_count":"1","trip_distance":"17.45","RatecodeID":"2","store_and_fwd_flag":"N","PULocationID":"164","DOLocationID":"132","payment_type":"1","fare_amount":"52","extra":"0","mta_tax":"0.5","tip_amount":"17.57","tolls_amount":"5.76","improvement_surcharge":"0.3","total_amount":"76.13","congestion_surcharge":""},{"VendorID":"2","tpep_pickup_datetime":"2023-08-10 04:12:36","tpep_dropoff_datetime":"2024-01-11 04:24:31","passenger_count":"1","trip_distance":"3.58","RatecodeID":"1","store_and_fwd_flag":"N","PULocationID":"79","DOLocationID":"140","payment_type":"1","fare_amount":"13","extra":"0.5","mta_tax":"0.5","tip_amount":"2.86","tolls_amount":"0","improvement_surcharge":"0.3","total_amount":"17.16","congestion_surcharge":""},{"VendorID":"1","tpep_pickup_datetime":"2023-08-08 04:01:12","tpep_dropoff_datetime":"2024-01-31 04:05:35","passenger_count":"1","trip_distance":".90","RatecodeID":"1","store_and_fwd_flag":"N","PULocationID":"48","DOLocationID":"186","payment_type":"1","fare_amount":"5.5","extra":"0.5","mta_tax":"0.5","tip_amount":"1.35","tolls_amount":"0","improvement_surcharge":"0.3","total_amount":"8.15","congestion_surcharge":""},{"VendorID":"1","tpep_pickup_datetime":"2023-08-24 04:23:41","tpep_dropoff_datetime":"2024-01-20 04:48:27","passenger_count":"1","trip_distance":"6.30","RatecodeID":"1","store_and_fwd_flag":"N","PULocationID":"79","DOLocationID":"36","payment_type":"1","fare_amount":"22.5","extra":"0.5","mta_tax":"0.5","tip_amount":"5.95","tolls_amount":"0","improvement_surcharge":"0.3","total_amount":"29.75","congestion_surcharge":""},{"VendorID":"2","tpep_pickup_datetime":"2023-12-10 04:44:36","tpep_dropoff_datetime":"2023-10-07 04:51:09","passenger_count":"3","trip_distance":"2.45","RatecodeID":"1","store_and_fwd_flag":"N","PULocationID":"68","DOLocationID":"163","payment_type":"2","fare_amount":"8.5","extra":"0.5","mta_tax":"0.5","tip_amount":"0","tolls_amount":"0","improvement_surcharge":"0.3","total_amount":"9.8","congestion_surcharge":""},{"VendorID":"2","tpep_pickup_datetime":"2023-09-24 05:08:57","tpep_dropoff_datetime":"2023-03-15 05:16:05","passenger_count":"2","trip_distance":"1.84","RatecodeID":"1","store_and_fwd_flag":"N","PULocationID":"234","DOLocationID":"162","payment_type":"2","fare_amount":"8","extra":"0.5","mta_tax":"0.5","tip_amount":"0","tolls_amount":"0","improvement_surcharge":"0.3","total_amount":"9.3","congestion_surcharge":""},{"VendorID":"2","tpep_pickup_datetime":"2024-02-05 04:04:52","tpep_dropoff_datetime":"2023-01-04 04:06:12","passenger_count":"1","trip_distance":".22","RatecodeID":"5","store_and_fwd_flag":"N","PULocationID":"226","DOLocationID":"226","payment_type":"1","fare_amount":"40","extra":"0","mta_tax":"0.5","tip_amount":"12.24","tolls_amount":"0","improvement_surcharge":"0.3","total_amount":"53.04","congestion_surcharge":""},{"VendorID":"4","tpep_pickup_datetime":"2023-11-12 04:13:04","tpep_dropoff_datetime":"2024-01-04 04:34:27","passenger_count":"4","trip_distance":"7.44","RatecodeID":"1","store_and_fwd_flag":"N","PULocationID":"79","DOLocationID":"228","payment_type":"2","fare_amount":"23.5","extra":"0.5","mta_tax":"0.5","tip_amount":"0","tolls_amount":"0","improvement_surcharge":"0.3","total_amount":"24.8","congestion_surcharge":""},{"VendorID":"2","tpep_pickup_datetime":"2023-01-07 04:42:42","tpep_dropoff_datetime":"2024-01-28 05:02:01","passenger_count":"2","trip_distance":"5.01","RatecodeID":"1","store_and_fwd_flag":"N","PULocationID":"79","DOLocationID":"61","payment_type":"2","fare_amount":"18.5","extra":"0.5","mta_tax":"0.5","tip_amount":"0","tolls_amount":"0","improvement_surcharge":"0.3","total_amount":"19.8","congestion_surcharge":""},{"VendorID":"1","tpep_pickup_datetime":"2023-09-15 04:54:19","tpep_dropoff_datetime":"2024-01-16 04:59:03","passenger_count":"0","trip_distance":".60","RatecodeID":"1","store_and_fwd_flag":"N","PULocationID":"229","DOLocationID":"161","payment_type":"2","fare_amount":"5","extra":"0.5","mta_tax":"0.5","tip_amount":"0","tolls_amount":"0","improvement_surcharge":"0.3","total_amount":"6.3","congestion_surcharge":""},{"VendorID":"2","tpep_pickup_datetime":"2023-07-02 04:00:46","tpep_dropoff_datetime":"2023-03-16 04:16:06","passenger_count":"1","trip_distance":"6.09","RatecodeID":"1","store_and_fwd_flag":"N","PULocationID":"79","DOLocationID":"202","payment_type":"2","fare_amount":"18.5","extra":"0.5","mta_tax":"0.5","tip_amount":"0","tolls_amount":"0","improvement_surcharge":"0.3","total_amount":"19.8","congestion_surcharge":""},{"VendorID":"1","tpep_pickup_datetime":"2024-01-11 04:06:49","tpep_dropoff_datetime":"2024-02-01 04:14:44","passenger_count":"1","trip_distance":".90","RatecodeID":"1","store_and_fwd_flag":"N","PULocationID":"164","DOLocationID":"137","payment_type":"2","fare_amount":"6.5","extra":"0.5","mta_tax":"0.5","tip_amount":"0","tolls_amount":"0","improvement_surcharge":"0.3","total_amount":"7.8","congestion_surcharge":""},{"VendorID":"1","tpep_pickup_datetime":"2023-03-05 04:25:41","tpep_dropoff_datetime":"2023-06-29 04:33:12","passenger_count":"1","trip_distance":".90","RatecodeID":"1","store_and_fwd_flag":"N","PULocationID":"79","DOLocationID":"114","payment_type":"1","fare_amount":"6.5","extra":"0.5","mta_tax":"0.5","tip_amount":"1.55","tolls_amount":"0","improvement_surcharge":"0.3","total_amount":"9.35","congestion_surcharge":""},{"VendorID":"2","tpep_pickup_datetime":"2024-02-05 04:16:14","tpep_dropoff_datetime":"2023-03-13 04:39:42","passenger_count":"1","trip_distance":"4.87","RatecodeID":"1","store_and_fwd_flag":"N","PULocationID":"226","DOLocationID":"102","payment_type":"1","fare_amount":"19","extra":"0.5","mta_tax":"0.5","tip_amount":"4.06","tolls_amount":"0","improvement_surcharge":"0.3","total_amount":"24.36","congestion_surcharge":""},{"VendorID":"2","tpep_pickup_datetime":"2023-09-20 04:09:18","tpep_dropoff_datetime":"2023-07-30 04:37:20","passenger_count":"1","trip_distance":"7.74","RatecodeID":"1","store_and_fwd_flag":"N","PULocationID":"249","DOLocationID":"36","payment_type":"1","fare_amount":"26","extra":"0.5","mta_tax":"0.5","tip_amount":"0","tolls_amount":"0","improvement_surcharge":"0.3","total_amount":"27.3","congestion_surcharge":""},{"VendorID":"2","tpep_pickup_datetime":"2023-03-06 04:29:30","tpep_dropoff_datetime":"2023-01-01 04:45:07","passenger_count":"1","trip_distance":"5.11","RatecodeID":"1","store_and_fwd_flag":"N","PULocationID":"226","DOLocationID":"263","payment_type":"2","fare_amount":"17.5","extra":"0.5","mta_tax":"0.5","tip_amount":"0","tolls_amount":"0","improvement_surcharge":"0.3","total_amount":"18.8","congestion_surcharge":""},{"VendorID":"1","tpep_pickup_datetime":"2023-10-01 04:11:21","tpep_dropoff_datetime":"2023-08-26 04:16:08","passenger_count":"2","trip_distance":".50","RatecodeID":"1","store_and_fwd_flag":"N","PULocationID":"186","DOLocationID":"164","payment_type":"1","fare_amount":"5","extra":"0.5","mta_tax":"0.5","tip_amount":"1","tolls_amount":"0","improvement_surcharge":"0.3","total_amount":"7.3","congestion_surcharge":""},{"VendorID":"2","tpep_pickup_datetime":"2023-06-27 04:00:01","tpep_dropoff_datetime":"2023-11-25 04:04:45","passenger_count":"1","trip_distance":"1.32","RatecodeID":"1","store_and_fwd_flag":"N","PULocationID":"158","DOLocationID":"246","payment_type":"1","fare_amount":"6","extra":"0.5","mta_tax":"0.5","tip_amount":"1.46","tolls_amount":"0","improvement_surcharge":"0.3","total_amount":"8.76","congestion_surcharge":""},{"VendorID":"2","tpep_pickup_datetime":"2023-04-15 04:06:59","tpep_dropoff_datetime":"2023-03-19 04:09:50","passenger_count":"1","trip_distance":"1.01","RatecodeID":"1","store_and_fwd_flag":"N","PULocationID":"246","DOLocationID":"50","payment_type":"1","fare_amount":"5","extra":"0.5","mta_tax":"0.5","tip_amount":"1.89","tolls_amount":"0","improvement_surcharge":"0.3","total_amount":"8.19","congestion_surcharge":""},{"VendorID":"2","tpep_pickup_datetime":"2024-01-31 04:18:03","tpep_dropoff_datetime":"2023-07-05 04:22:33","passenger_count":"1","trip_distance":".56","RatecodeID":"1","store_and_fwd_flag":"N","PULocationID":"186","DOLocationID":"164","payment_type":"1","fare_amount":"5","extra":"0.5","mta_tax":"0.5","tip_amount":"1.26","tolls_amount":"0","improvement_surcharge":"0.3","total_amount":"7.56","congestion_surcharge":""},{"VendorID":"2","tpep_pickup_datetime":"2024-01-02 04:29:44","tpep_dropoff_datetime":"2023-10-18 04:33:06","passenger_count":"1","trip_distance":".93","RatecodeID":"1","store_and_fwd_flag":"N","PULocationID":"162","DOLocationID":"233","payment_type":"1","fare_amount":"5","extra":"0.5","mta_tax":"0.5","tip_amount":"0","tolls_amount":"0","improvement_surcharge":"0.3","total_amount":"6.3","congestion_surcharge":""},{"VendorID":"1","tpep_pickup_datetime":"2023-02-12 04:12:03","tpep_dropoff_datetime":"2023-04-23 04:14:49","passenger_count":"1","trip_distance":".70","RatecodeID":"1","store_and_fwd_flag":"N","PULocationID":"255","DOLocationID":"112","payment_type":"1","fare_amount":"4.5","extra":"0.5","mta_tax":"0.5","tip_amount":"1.4","tolls_amount":"0","improvement_surcharge":"0.3","total_amount":"7.2","congestion_surcharge":""},{"VendorID":"1","tpep_pickup_datetime":"2023-08-28 04:17:03","tpep_dropoff_datetime":"2023-07-28 04:18:38","passenger_count":"1","trip_distance":".10","RatecodeID":"1","store_and_fwd_flag":"N","PULocationID":"141","DOLocationID":"140","payment_type":"2","fare_amount":"3","extra":"0.5","mta_tax":"0.5","tip_amount":"0","tolls_amount":"0","improvement_surcharge":"0.3","total_amount":"4.3","congestion_surcharge":""},{"VendorID":"2","tpep_pickup_datetime":"2023-03-22 04:09:04","tpep_dropoff_datetime":"2023-04-01 04:31:03","passenger_count":"1","trip_distance":"4.87","RatecodeID":"1","store_and_fwd_flag":"N","PULocationID":"137","DOLocationID":"262","payment_type":"1","fare_amount":"17.5","extra":"0.5","mta_tax":"0.5","tip_amount":"3.76","tolls_amount":"0","improvement_surcharge":"0.3","total_amount":"22.56","congestion_surcharge":""},{"VendorID":"2","tpep_pickup_datetime":"2023-05-01 04:20:37","tpep_dropoff_datetime":"2023-11-28 04:31:03","passenger_count":"5","trip_distance":"3.42","RatecodeID":"1","store_and_fwd_flag":"N","PULocationID":"163","DOLocationID":"146","payment_type":"1","fare_amount":"12","extra":"0.5","mta_tax":"0.5","tip_amount":"2.66","tolls_amount":"0","improvement_surcharge":"0.3","total_amount":"15.96","congestion_surcharge":""},{"VendorID":"2","tpep_pickup_datetime":"2023-01-28 04:48:38","tpep_dropoff_datetime":"2023-02-13 04:54:39","passenger_count":"5","trip_distance":"1.12","RatecodeID":"1","store_and_fwd_flag":"N","PULocationID":"179","DOLocationID":"223","payment_type":"2","fare_amount":"6.5","extra":"0.5","mta_tax":"0.5","tip_amount":"0","tolls_amount":"0","improvement_surcharge":"0.3","total_amount":"7.8","congestion_surcharge":""},{"VendorID":"2","tpep_pickup_datetime":"2023-03-04 04:11:33","tpep_dropoff_datetime":"2023-03-24 04:18:38","passenger_count":"5","trip_distance":"1.69","RatecodeID":"1","store_and_fwd_flag":"N","PULocationID":"114","DOLocationID":"186","payment_type":"1","fare_amount":"7.5","extra":"0.5","mta_tax":"0.5","tip_amount":"2.2","tolls_amount":"0","improvement_surcharge":"0.3","total_amount":"11","congestion_surcharge":""},{"VendorID":"2","tpep_pickup_datetime":"2023-07-29 04:39:27","tpep_dropoff_datetime":"2023-11-27 05:03:47","passenger_count":"5","trip_distance":"6.37","RatecodeID":"1","store_and_fwd_flag":"N","PULocationID":"164","DOLocationID":"116","payment_type":"1","fare_amount":"22.5","extra":"0.5","mta_tax":"0.5","tip_amount":"4.76","tolls_amount":"0","improvement_surcharge":"0.3","total_amount":"28.56","congestion_surcharge":""},{"VendorID":"2","tpep_pickup_datetime":"2023-04-06 04:14:12","tpep_dropoff_datetime":"2023-10-24 04:34:21","passenger_count":"5","trip_distance":"7.15","RatecodeID":"1","store_and_fwd_flag":"N","PULocationID":"261","DOLocationID":"238","payment_type":"2","fare_amount":"23","extra":"0.5","mta_tax":"0.5","tip_amount":"0","tolls_amount":"0","improvement_surcharge":"0.3","total_amount":"24.3","congestion_surcharge":""},{"VendorID":"2","tpep_pickup_datetime":"2023-04-28 04:46:58","tpep_dropoff_datetime":"2023-10-17 05:10:49","passenger_count":"5","trip_distance":"16.50","RatecodeID":"2","store_and_fwd_flag":"N","PULocationID":"141","DOLocationID":"132","payment_type":"1","fare_amount":"52","extra":"0","mta_tax":"0.5","tip_amount":"10.56","tolls_amount":"0","improvement_surcharge":"0.3","total_amount":"63.36","congestion_surcharge":""},{"VendorID":"1","tpep_pickup_datetime":"2024-01-03 04:22:09","tpep_dropoff_datetime":"2023-09-15 04:34:22","passenger_count":"1","trip_distance":"2.80","RatecodeID":"1","store_and_fwd_flag":"N","PULocationID":"148","DOLocationID":"186","payment_type":"1","fare_amount":"12","extra":"0.5","mta_tax":"0.5","tip_amount":"2.65","tolls_amount":"0","improvement_surcharge":"0.3","total_amount":"15.95","congestion_surcharge":""},{"VendorID":"1","tpep_pickup_datetime":"2023-05-24 04:58:47","tpep_dropoff_datetime":"2023-11-08 05:05:43","passenger_count":"1","trip_distance":"2.40","RatecodeID":"1","store_and_fwd_flag":"Y","PULocationID":"239","DOLocationID":"152","payment_type":"2","fare_amount":"9","extra":"0.5","mta_tax":"0.5","tip_amount":"0","tolls_amount":"0","improvement_surcharge":"0.3","total_amount":"10.3","congestion_surcharge":""},{"VendorID":"1","tpep_pickup_datetime":"2023-06-17 04:32:01","tpep_dropoff_datetime":"2024-01-15 04:33:27","passenger_count":"1","trip_distance":".50","RatecodeID":"1","store_and_fwd_flag":"N","PULocationID":"234","DOLocationID":"90","payment_type":"4","fare_amount":"3.5","extra":"0.5","mta_tax":"0.5","tip_amount":"0","tolls_amount":"0","improvement_surcharge":"0.3","total_amount":"4.8","congestion_surcharge":""},{"VendorID":"1","tpep_pickup_datetime":"2024-01-10 04:41:25","tpep_dropoff_datetime":"2023-05-03 04:58:37","passenger_count":"1","trip_distance":"4.60","RatecodeID":"1","store_and_fwd_flag":"N","PULocationID":"68","DOLocationID":"236","payment_type":"1","fare_amount":"16","extra":"0.5","mta_tax":"0.5","tip_amount":"3.45","tolls_amount":"0","improvement_surcharge":"0.3","total_amount":"20.75","congestion_surcharge":""},{"VendorID":"2","tpep_pickup_datetime":"2023-04-28 04:00:35","tpep_dropoff_datetime":"2023-06-07 04:08:46","passenger_count":"2","trip_distance":"1.91","RatecodeID":"1","store_and_fwd_flag":"N","PULocationID":"237","DOLocationID":"43","payment_type":"1","fare_amount":"8.5","extra":"0.5","mta_tax":"0.5","tip_amount":"1.96","tolls_amount":"0","improvement_surcharge":"0.3","total_amount":"11.76","congestion_surcharge":""},{"VendorID":"2","tpep_pickup_datetime":"2023-10-19 04:26:05","tpep_dropoff_datetime":"2023-10-09 04:45:11","passenger_count":"2","trip_distance":"4.68","RatecodeID":"1","store_and_fwd_flag":"N","PULocationID":"162","DOLocationID":"129","payment_type":"2","fare_amount":"17","extra":"0.5","mta_tax":"0.5","tip_amount":"0","tolls_amount":"0","improvement_surcharge":"0.3","total_amount":"18.3","congestion_surcharge":""},{"VendorID":"1","tpep_pickup_datetime":"2023-01-03 04:09:34","tpep_dropoff_datetime":"2024-01-03 04:28:10","passenger_count":"1","trip_distance":"7.10","RatecodeID":"1","store_and_fwd_flag":"N","PULocationID":"79","DOLocationID":"168","payment_type":"2","fare_amount":"21","extra":"0.5","mta_tax":"0.5","tip_amount":"0","tolls_amount":"0","improvement_surcharge":"0.3","total_amount":"22.3","congestion_surcharge":""},{"VendorID":"2","tpep_pickup_datetime":"2023-07-09 04:14:18","tpep_dropoff_datetime":"2023-07-12 04:32:04","passenger_count":"5","trip_distance":"7.95","RatecodeID":"1","store_and_fwd_flag":"N","PULocationID":"244","DOLocationID":"208","payment_type":"2","fare_amount":"24.5","extra":"0.5","mta_tax":"0.5","tip_amount":"0","tolls_amount":"0","improvement_surcharge":"0.3","total_amount":"25.8","congestion_surcharge":""},{"VendorID":"2","tpep_pickup_datetime":"2023-05-09 04:37:09","tpep_dropoff_datetime":"2023-02-24 04:50:05","passenger_count":"1","trip_distance":"1.92","RatecodeID":"1","store_and_fwd_flag":"N","PULocationID":"260","DOLocationID":"129","payment_type":"2","fare_amount":"10.5","extra":"0.5","mta_tax":"0.5","tip_amount":"0","tolls_amount":"0","improvement_surcharge":"0.3","total_amount":"11.8","congestion_surcharge":""},{"VendorID":"1","tpep_pickup_datetime":"2024-01-03 04:10:28","tpep_dropoff_datetime":"2023-02-26 04:15:27","passenger_count":"1","trip_distance":"1.30","RatecodeID":"1","store_and_fwd_flag":"N","PULocationID":"232","DOLocationID":"224","payment_type":"1","fare_amount":"6","extra":"0.5","mta_tax":"0.5","tip_amount":"1.45","tolls_amount":"0","improvement_surcharge":"0.3","total_amount":"8.75","congestion_surcharge":""},{"VendorID":"1","tpep_pickup_datetime":"2023-05-15 04:25:02","tpep_dropoff_datetime":"2023-04-17 04:28:39","passenger_count":"1","trip_distance":".70","RatecodeID":"1","store_and_fwd_flag":"N","PULocationID":"148","DOLocationID":"79","payment_type":"1","fare_amount":"5","extra":"0.5","mta_tax":"0.5","tip_amount":"2","tolls_amount":"0","improvement_surcharge":"0.3","total_amount":"8.3","congestion_surcharge":""},{"VendorID":"1","tpep_pickup_datetime":"2024-01-02 04:44:40","tpep_dropoff_datetime":"2023-10-28 04:53:33","passenger_count":"1","trip_distance":"2.00","RatecodeID":"1","store_and_fwd_flag":"N","PULocationID":"232","DOLocationID":"113","payment_type":"2","fare_amount":"9","extra":"0.5","mta_tax":"0.5","tip_amount":"0","tolls_amount":"0","improvement_surcharge":"0.3","total_amount":"10.3","congestion_surcharge":""},{"VendorID":"2","tpep_pickup_datetime":"2023-03-09 04:26:04","tpep_dropoff_datetime":"2023-04-15 04:38:31","passenger_count":"2","trip_distance":"4.25","RatecodeID":"1","store_and_fwd_flag":"N","PULocationID":"4","DOLocationID":"112","payment_type":"1","fare_amount":"14.5","extra":"0.5","mta_tax":"0.5","tip_amount":"3.16","tolls_amount":"0","improvement_surcharge":"0.3","total_amount":"18.96","congestion_surcharge":""},{"VendorID":"2","tpep_pickup_datetime":"2024-01-22 04:15:15","tpep_dropoff_datetime":"2023-03-01 04:17:53","passenger_count":"1","trip_distance":"1.05","RatecodeID":"1","store_and_fwd_flag":"N","PULocationID":"48","DOLocationID":"186","payment_type":"2","fare_amount":"5","extra":"0.5","mta_tax":"0.5","tip_amount":"0","tolls_amount":"0","improvement_surcharge":"0.3","total_amount":"6.3","congestion_surcharge":""},{"VendorID":"2","tpep_pickup_datetime":"2023-05-12 04:35:36","tpep_dropoff_datetime":"2023-08-10 04:37:06","passenger_count":"1","trip_distance":".63","RatecodeID":"1","store_and_fwd_flag":"N","PULocationID":"48","DOLocationID":"142","payment_type":"2","fare_amount":"4","extra":"0.5","mta_tax":"0.5","tip_amount":"0","tolls_amount":"0","improvement_surcharge":"0.3","total_amount":"5.3","congestion_surcharge":""},{"VendorID":"2","tpep_pickup_datetime":"2023-07-29 04:40:13","tpep_dropoff_datetime":"2023-05-15 04:43:19","passenger_count":"1","trip_distance":".94","RatecodeID":"1","store_and_fwd_flag":"N","PULocationID":"48","DOLocationID":"161","payment_type":"2","fare_amount":"5","extra":"0.5","mta_tax":"0.5","tip_amount":"0","tolls_amount":"0","improvement_surcharge":"0.3","total_amount":"6.3","congestion_surcharge":""},{"VendorID":"2","tpep_pickup_datetime":"2023-03-16 04:54:26","tpep_dropoff_datetime":"2023-03-05 05:15:07","passenger_count":"1","trip_distance":"7.22","RatecodeID":"1","store_and_fwd_flag":"N","PULocationID":"107","DOLocationID":"116","payment_type":"2","fare_amount":"22","extra":"0.5","mta_tax":"0.5","tip_amount":"0","tolls_amount":"0","improvement_surcharge":"0.3","total_amount":"23.3","congestion_surcharge":""},{"VendorID":"2","tpep_pickup_datetime":"2023-08-13 04:12:19","tpep_dropoff_datetime":"2023-12-09 04:32:43","passenger_count":"1","trip_distance":"7.15","RatecodeID":"1","store_and_fwd_flag":"N","PULocationID":"114","DOLocationID":"263","payment_type":"2","fare_amount":"22","extra":"0.5","mta_tax":"0.5","tip_amount":"0","tolls_amount":"0","improvement_surcharge":"0.3","total_amount":"23.3","congestion_surcharge":""},{"VendorID":"2","tpep_pickup_datetime":"2023-09-12 04:37:40","tpep_dropoff_datetime":"2023-05-20 04:54:02","passenger_count":"1","trip_distance":"6.10","RatecodeID":"1","store_and_fwd_flag":"N","PULocationID":"263","DOLocationID":"79","payment_type":"1","fare_amount":"20","extra":"0.5","mta_tax":"0.5","tip_amount":"2","tolls_amount":"0","improvement_surcharge":"0.3","total_amount":"23.3","congestion_surcharge":""},{"VendorID":"2","tpep_pickup_datetime":"2023-01-24 04:16:49","tpep_dropoff_datetime":"2023-07-08 04:30:02","passenger_count":"3","trip_distance":"3.93","RatecodeID":"1","store_and_fwd_flag":"N","PULocationID":"229","DOLocationID":"74","payment_type":"2","fare_amount":"14","extra":"0.5","mta_tax":"0.5","tip_amount":"0","tolls_amount":"0","improvement_surcharge":"0.3","total_amount":"15.3","congestion_surcharge":""},{"VendorID":"2","tpep_pickup_datetime":"2023-09-25 04:18:02","tpep_dropoff_datetime":"2023-10-27 04:26:54","passenger_count":"1","trip_distance":"2.95","RatecodeID":"1","store_and_fwd_flag":"N","PULocationID":"114","DOLocationID":"48","payment_type":"1","fare_amount":"10.5","extra":"0.5","mta_tax":"0.5","tip_amount":"2.36","tolls_amount":"0","improvement_surcharge":"0.3","total_amount":"14.16","congestion_surcharge":""},{"VendorID":"1","tpep_pickup_datetime":"2023-11-27 04:11:22","tpep_dropoff_datetime":"2023-02-20 04:13:28","passenger_count":"1","trip_distance":".70","RatecodeID":"1","store_and_fwd_flag":"N","PULocationID":"107","DOLocationID":"233","payment_type":"1","fare_amount":"4","extra":"0.5","mta_tax":"0.5","tip_amount":"1.05","tolls_amount":"0","improvement_surcharge":"0.3","total_amount":"6.35","congestion_surcharge":""},{"VendorID":"2","tpep_pickup_datetime":"2023-06-17 04:03:22","tpep_dropoff_datetime":"2023-09-13 04:12:43","passenger_count":"1","trip_distance":"2.03","RatecodeID":"1","store_and_fwd_flag":"N","PULocationID":"41","DOLocationID":"42","payment_type":"2","fare_amount":"9.5","extra":"0.5","mta_tax":"0.5","tip_amount":"0","tolls_amount":"0","improvement_surcharge":"0.3","total_amount":"10.8","congestion_surcharge":""},{"VendorID":"1","tpep_pickup_datetime":"2023-01-13 04:21:09","tpep_dropoff_datetime":"2023-02-09 04:27:38","passenger_count":"1","trip_distance":"1.90","RatecodeID":"1","store_and_fwd_flag":"N","PULocationID":"125","DOLocationID":"246","payment_type":"1","fare_amount":"7.5","extra":"0.5","mta_tax":"0.5","tip_amount":"1.75","tolls_amount":"0","improvement_surcharge":"0.3","total_amount":"10.55","congestion_surcharge":""},{"VendorID":"1","tpep_pickup_datetime":"2023-01-30 04:30:06","tpep_dropoff_datetime":"2023-05-09 04:42:17","passenger_count":"1","trip_distance":"4.20","RatecodeID":"1","store_and_fwd_flag":"N","PULocationID":"68","DOLocationID":"141","payment_type":"1","fare_amount":"14.5","extra":"0.5","mta_tax":"0.5","tip_amount":"4.7","tolls_amount":"0","improvement_surcharge":"0.3","total_amount":"20.5","congestion_surcharge":""},{"VendorID":"1","tpep_pickup_datetime":"2023-08-14 04:44:22","tpep_dropoff_datetime":"2023-07-20 04:57:05","passenger_count":"1","trip_distance":"3.90","RatecodeID":"1","store_and_fwd_flag":"N","PULocationID":"162","DOLocationID":"151","payment_type":"1","fare_amount":"13.5","extra":"0.5","mta_tax":"0.5","tip_amount":"1","tolls_amount":"0","improvement_surcharge":"0.3","total_amount":"15.8","congestion_surcharge":""},{"VendorID":"1","tpep_pickup_datetime":"2023-04-11 04:11:19","tpep_dropoff_datetime":"2023-02-11 04:20:24","passenger_count":"2","trip_distance":"1.70","RatecodeID":"1","store_and_fwd_flag":"N","PULocationID":"246","DOLocationID":"161","payment_type":"2","fare_amount":"8.5","extra":"0.5","mta_tax":"0.5","tip_amount":"0","tolls_amount":"0","improvement_surcharge":"0.3","total_amount":"9.8","congestion_surcharge":""},{"VendorID":"2","tpep_pickup_datetime":"2023-09-20 04:12:19","tpep_dropoff_datetime":"2024-02-03 04:12:33","passenger_count":"1","trip_distance":".00","RatecodeID":"1","store_and_fwd_flag":"N","PULocationID":"226","DOLocationID":"226","payment_type":"2","fare_amount":"2.5","extra":"0.5","mta_tax":"0.5","tip_amount":"0","tolls_amount":"0","improvement_surcharge":"0.3","total_amount":"3.8","congestion_surcharge":""},{"VendorID":"2","tpep_pickup_datetime":"2023-06-07 04:06:47","tpep_dropoff_datetime":"2023-07-08 04:09:44","passenger_count":"4","trip_distance":".65","RatecodeID":"1","store_and_fwd_flag":"N","PULocationID":"164","DOLocationID":"137","payment_type":"2","fare_amount":"4.5","extra":"0.5","mta_tax":"0.5","tip_amount":"0","tolls_amount":"0","improvement_surcharge":"0.3","total_amount":"5.8","congestion_surcharge":""},{"VendorID":"2","tpep_pickup_datetime":"2023-08-31 04:15:03","tpep_dropoff_datetime":"2023-06-12 04:28:13","passenger_count":"3","trip_distance":"3.74","RatecodeID":"1","store_and_fwd_flag":"N","PULocationID":"79","DOLocationID":"50","payment_type":"1","fare_amount":"13.5","extra":"0.5","mta_tax":"0.5","tip_amount":"2.96","tolls_amount":"0","improvement_surcharge":"0.3","total_amount":"17.76","congestion_surcharge":""},{"VendorID":"2","tpep_pickup_datetime":"2023-01-30 04:05:15","tpep_dropoff_datetime":"2023-12-25 04:07:24","passenger_count":"4","trip_distance":".49","RatecodeID":"1","store_and_fwd_flag":"N","PULocationID":"7","DOLocationID":"7","payment_type":"1","fare_amount":"4","extra":"0.5","mta_tax":"0.5","tip_amount":"1.06","tolls_amount":"0","improvement_surcharge":"0.3","total_amount":"6.36","congestion_surcharge":""},{"VendorID":"2","tpep_pickup_datetime":"2024-02-02 04:09:21","tpep_dropoff_datetime":"2024-01-10 04:23:32","passenger_count":"2","trip_distance":"8.56","RatecodeID":"1","store_and_fwd_flag":"N","PULocationID":"7","DOLocationID":"121","payment_type":"2","fare_amount":"24.5","extra":"0.5","mta_tax":"0.5","tip_amount":"0","tolls_amount":"0","improvement_surcharge":"0.3","total_amount":"25.8","congestion_surcharge":""},{"VendorID":"2","tpep_pickup_datetime":"2023-05-14 04:13:56","tpep_dropoff_datetime":"2023-09-22 04:15:36","passenger_count":"1","trip_distance":".68","RatecodeID":"1","store_and_fwd_flag":"N","PULocationID":"230","DOLocationID":"48","payment_type":"1","fare_amount":"4","extra":"0.5","mta_tax":"0.5","tip_amount":"1.06","tolls_amount":"0","improvement_surcharge":"0.3","total_amount":"6.36","congestion_surcharge":""},{"VendorID":"1","tpep_pickup_datetime":"2023-07-27 04:55:44","tpep_dropoff_datetime":"2023-07-02 05:01:46","passenger_count":"1","trip_distance":"1.50","RatecodeID":"1","store_and_fwd_flag":"N","PULocationID":"97","DOLocationID":"181","payment_type":"2","fare_amount":"7.5","extra":"0.5","mta_tax":"0.5","tip_amount":"0","tolls_amount":"0","improvement_surcharge":"0.3","total_amount":"8.8","congestion_surcharge":""},{"VendorID":"1","tpep_pickup_datetime":"2023-03-05 04:14:18","tpep_dropoff_datetime":"2024-01-21 04:24:56","passenger_count":"0","trip_distance":"3.80","RatecodeID":"1","store_and_fwd_flag":"N","PULocationID":"246","DOLocationID":"141","payment_type":"1","fare_amount":"13","extra":"0.5","mta_tax":"0.5","tip_amount":"2","tolls_amount":"0","improvement_surcharge":"0.3","total_amount":"16.3","congestion_surcharge":""},{"VendorID":"1","tpep_pickup_datetime":"2023-05-13 04:27:21","tpep_dropoff_datetime":"2023-04-11 04:39:22","passenger_count":"0","trip_distance":"3.80","RatecodeID":"1","store_and_fwd_flag":"N","PULocationID":"140","DOLocationID":"260","payment_type":"2","fare_amount":"13","extra":"0.5","mta_tax":"0.5","tip_amount":"0","tolls_amount":"0","improvement_surcharge":"0.3","total_amount":"14.3","congestion_surcharge":""},{"VendorID":"2","tpep_pickup_datetime":"2023-09-08 04:00:57","tpep_dropoff_datetime":"2023-12-18 04:09:40","passenger_count":"4","trip_distance":"1.60","RatecodeID":"1","store_and_fwd_flag":"N","PULocationID":"186","DOLocationID":"107","payment_type":"1","fare_amount":"8","extra":"0.5","mta_tax":"0.5","tip_amount":"1","tolls_amount":"0","improvement_surcharge":"0.3","total_amount":"10.3","congestion_surcharge":""},{"VendorID":"2","tpep_pickup_datetime":"2023-11-19 04:32:45","tpep_dropoff_datetime":"2023-02-03 04:43:57","passenger_count":"3","trip_distance":"3.15","RatecodeID":"1","store_and_fwd_flag":"N","PULocationID":"114","DOLocationID":"48","payment_type":"2","fare_amount":"12","extra":"0.5","mta_tax":"0.5","tip_amount":"0","tolls_amount":"0","improvement_surcharge":"0.3","total_amount":"13.3","congestion_surcharge":""},{"VendorID":"2","tpep_pickup_datetime":"2023-12-06 04:59:35","tpep_dropoff_datetime":"2023-11-13 05:10:28","passenger_count":"3","trip_distance":"3.71","RatecodeID":"1","store_and_fwd_flag":"N","PULocationID":"68","DOLocationID":"75","payment_type":"2","fare_amount":"12.5","extra":"0.5","mta_tax":"0.5","tip_amount":"0","tolls_amount":"0","improvement_surcharge":"0.3","total_amount":"13.8","congestion_surcharge":""},{"VendorID":"2","tpep_pickup_datetime":"2023-07-31 04:00:48","tpep_dropoff_datetime":"2023-08-24 04:17:26","passenger_count":"1","trip_distance":"5.67","RatecodeID":"1","store_and_fwd_flag":"N","PULocationID":"148","DOLocationID":"43","payment_type":"1","fare_amount":"19","extra":"0.5","mta_tax":"0.5","tip_amount":"4","tolls_amount":"0","improvement_surcharge":"0.3","total_amount":"24.3","congestion_surcharge":""},{"VendorID":"2","tpep_pickup_datetime":"2023-01-20 04:01:42","tpep_dropoff_datetime":"2023-10-03 04:08:13","passenger_count":"2","trip_distance":"1.46","RatecodeID":"1","store_and_fwd_flag":"N","PULocationID":"50","DOLocationID":"162","payment_type":"1","fare_amount":"7","extra":"0.5","mta_tax":"0.5","tip_amount":"2.49","tolls_amount":"0","improvement_surcharge":"0.3","total_amount":"10.79","congestion_surcharge":""},{"VendorID":"1","tpep_pickup_datetime":"2023-10-25 04:07:07","tpep_dropoff_datetime":"2024-01-27 04:21:57","passenger_count":"1","trip_distance":"5.30","RatecodeID":"1","store_and_fwd_flag":"N","PULocationID":"230","DOLocationID":"116","payment_type":"2","fare_amount":"17.5","extra":"0.5","mta_tax":"0.5","tip_amount":"0","tolls_amount":"0","improvement_surcharge":"0.3","total_amount":"18.8","congestion_surcharge":""},{"VendorID":"1","tpep_pickup_datetime":"2023-01-17 04:59:14","tpep_dropoff_datetime":"2023-03-20 05:27:08","passenger_count":"3","trip_distance":"18.30","RatecodeID":"2","store_and_fwd_flag":"N","PULocationID":"236","DOLocationID":"132","payment_type":"1","fare_amount":"52","extra":"0","mta_tax":"0.5","tip_amount":"11.7","tolls_amount":"5.76","improvement_surcharge":"0.3","total_amount":"70.26","congestion_surcharge":""},{"VendorID":"1","tpep_pickup_datetime":"2023-08-19 04:05:28","tpep_dropoff_datetime":"2023-01-20 04:20:25","passenger_count":"1","trip_distance":"4.30","RatecodeID":"1","store_and_fwd_flag":"N","PULocationID":"113","DOLocationID":"236","payment_type":"1","fare_amount":"15","extra":"0.5","mta_tax":"0.5","tip_amount":"1.7","tolls_amount":"0","improvement_surcharge":"0.3","total_amount":"18","congestion_surcharge":""},{"VendorID":"1","tpep_pickup_datetime":"2023-09-29 04:31:35","tpep_dropoff_datetime":"2023-02-22 04:48:40","passenger_count":"1","trip_distance":"8.70","RatecodeID":"1","store_and_fwd_flag":"N","PULocationID":"141","DOLocationID":"138","payment_type":"1","fare_amount":"25.5","extra":"0.5","mta_tax":"0.5","tip_amount":"8","tolls_amount":"5.76","improvement_surcharge":"0.3","total_amount":"40.56","congestion_surcharge":""},{"VendorID":"1","tpep_pickup_datetime":"2023-08-09 04:50:35","tpep_dropoff_datetime":"2023-09-16 05:06:40","passenger_count":"1","trip_distance":"9.50","RatecodeID":"1","store_and_fwd_flag":"N","PULocationID":"138","DOLocationID":"141","payment_type":"1","fare_amount":"26.5","extra":"0.5","mta_tax":"0.5","tip_amount":"8.35","tolls_amount":"5.76","improvement_surcharge":"0.3","total_amount":"41.91","congestion_surcharge":""},{"VendorID":"2","tpep_pickup_datetime":"2023-08-02 04:05:45","tpep_dropoff_datetime":"2023-10-03 04:15:37","passenger_count":"1","trip_distance":"1.95","RatecodeID":"1","store_and_fwd_flag":"N","PULocationID":"100","DOLocationID":"143","payment_type":"1","fare_amount":"9.5","extra":"0.5","mta_tax":"0.5","tip_amount":"1","tolls_amount":"0","improvement_surcharge":"0.3","total_amount":"11.8","congestion_surcharge":""},{"VendorID":"2","tpep_pickup_datetime":"2023-06-26 04:25:12","tpep_dropoff_datetime":"2023-03-08 04:41:11","passenger_count":"1","trip_distance":"4.07","RatecodeID":"1","store_and_fwd_flag":"N","PULocationID":"50","DOLocationID":"144","payment_type":"1","fare_amount":"15","extra":"0.5","mta_tax":"0.5","tip_amount":"1.58","tolls_amount":"0","improvement_surcharge":"0.3","total_amount":"17.88","congestion_surcharge":""},{"VendorID":"2","tpep_pickup_datetime":"2023-10-31 04:06:33","tpep_dropoff_datetime":"2023-01-15 04:06:59","passenger_count":"1","trip_distance":".24","RatecodeID":"1","store_and_fwd_flag":"N","PULocationID":"230","DOLocationID":"163","payment_type":"2","fare_amount":"3","extra":"0.5","mta_tax":"0.5","tip_amount":"0","tolls_amount":"0","improvement_surcharge":"0.3","total_amount":"4.3","congestion_surcharge":""},{"VendorID":"2","tpep_pickup_datetime":"2023-12-11 04:49:30","tpep_dropoff_datetime":"2023-10-16 04:56:21","passenger_count":"1","trip_distance":"1.70","RatecodeID":"1","store_and_fwd_flag":"N","PULocationID":"164","DOLocationID":"79","payment_type":"2","fare_amount":"7.5","extra":"0.5","mta_tax":"0.5","tip_amount":"0","tolls_amount":"0","improvement_surcharge":"0.3","total_amount":"8.8","congestion_surcharge":""},{"VendorID":"2","tpep_pickup_datetime":"2023-03-08 04:01:17","tpep_dropoff_datetime":"2023-09-07 04:16:11","passenger_count":"1","trip_distance":"5.47","RatecodeID":"1","store_and_fwd_flag":"N","PULocationID":"230","DOLocationID":"129","payment_type":"2","fare_amount":"17.5","extra":"0.5","mta_tax":"0.5","tip_amount":"0","tolls_amount":"0","improvement_surcharge":"0.3","total_amount":"18.8","congestion_surcharge":""},{"VendorID":"2","tpep_pickup_datetime":"2023-02-04 04:15:15","tpep_dropoff_datetime":"2024-01-12 04:19:37","passenger_count":"1","trip_distance":".51","RatecodeID":"1","store_and_fwd_flag":"N","PULocationID":"255","DOLocationID":"255","payment_type":"1","fare_amount":"4.5","extra":"0.5","mta_tax":"0.5","tip_amount":"1.45","tolls_amount":"0","improvement_surcharge":"0.3","total_amount":"7.25","congestion_surcharge":""},{"VendorID":"1","tpep_pickup_datetime":"2023-10-06 04:01:01","tpep_dropoff_datetime":"2023-04-15 04:26:09","passenger_count":"1","trip_distance":"8.10","RatecodeID":"1","store_and_fwd_flag":"N","PULocationID":"48","DOLocationID":"36","payment_type":"1","fare_amount":"25.5","extra":"0.5","mta_tax":"0.5","tip_amount":"2.93","tolls_amount":"5.76","improvement_surcharge":"0.3","total_amount":"35.49","congestion_surcharge":""},{"VendorID":"2","tpep_pickup_datetime":"2023-04-30 04:11:49","tpep_dropoff_datetime":"2023-06-21 04:26:30","passenger_count":"1","trip_distance":"4.39","RatecodeID":"1","store_and_fwd_flag":"N","PULocationID":"148","DOLocationID":"50","payment_type":"2","fare_amount":"15.5","extra":"0.5","mta_tax":"0.5","tip_amount":"0","tolls_amount":"0","improvement_surcharge":"0.3","total_amount":"16.8","congestion_surcharge":""},{"VendorID":"2","tpep_pickup_datetime":"2023-10-30 04:37:58","tpep_dropoff_datetime":"2023-04-26 04:55:04","passenger_count":"1","trip_distance":"5.44","RatecodeID":"1","store_and_fwd_flag":"N","PULocationID":"249","DOLocationID":"189","payment_type":"2","fare_amount":"18.5","extra":"0.5","mta_tax":"0.5","tip_amount":"0","tolls_amount":"0","improvement_surcharge":"0.3","total_amount":"19.8","congestion_surcharge":""},{"VendorID":"2","tpep_pickup_datetime":"2023-10-26 04:13:02","tpep_dropoff_datetime":"2023-08-13 04:29:18","passenger_count":"3","trip_distance":"5.23","RatecodeID":"1","store_and_fwd_flag":"N","PULocationID":"88","DOLocationID":"80","payment_type":"2","fare_amount":"17.5","extra":"0.5","mta_tax":"0.5","tip_amount":"0","tolls_amount":"0","improvement_surcharge":"0.3","total_amount":"18.8","congestion_surcharge":""},{"VendorID":"2","tpep_pickup_datetime":"2023-09-22 04:06:12","tpep_dropoff_datetime":"2023-05-28 04:08:06","passenger_count":"1","trip_distance":".83","RatecodeID":"1","store_and_fwd_flag":"N","PULocationID":"263","DOLocationID":"75","payment_type":"1","fare_amount":"4.5","extra":"0.5","mta_tax":"0.5","tip_amount":"1.16","tolls_amount":"0","improvement_surcharge":"0.3","total_amount":"6.96","congestion_surcharge":""},{"VendorID":"2","tpep_pickup_datetime":"2023-08-18 04:15:04","tpep_dropoff_datetime":"2023-05-28 04:17:26","passenger_count":"2","trip_distance":".39","RatecodeID":"1","store_and_fwd_flag":"N","PULocationID":"164","DOLocationID":"170","payment_type":"1","fare_amount":"3.5","extra":"0.5","mta_tax":"0.5","tip_amount":"0.96","tolls_amount":"0","improvement_surcharge":"0.3","total_amount":"5.76","congestion_surcharge":""},{"VendorID":"2","tpep_pickup_datetime":"2023-04-09 04:43:12","tpep_dropoff_datetime":"2023-10-20 04:50:47","passenger_count":"2","trip_distance":"2.45","RatecodeID":"1","store_and_fwd_flag":"N","PULocationID":"237","DOLocationID":"239","payment_type":"1","fare_amount":"9","extra":"0.5","mta_tax":"0.5","tip_amount":"2.06","tolls_amount":"0","improvement_surcharge":"0.3","total_amount":"12.36","congestion_surcharge":""},{"VendorID":"2","tpep_pickup_datetime":"2023-05-10 03:58:49","tpep_dropoff_datetime":"2023-09-04 04:02:37","passenger_count":"1","trip_distance":"1.00","RatecodeID":"1","store_and_fwd_flag":"N","PULocationID":"263","DOLocationID":"141","payment_type":"1","fare_amount":"5","extra":"0.5","mta_tax":"0.5","tip_amount":"1.26","tolls_amount":"0","improvement_surcharge":"0.3","total_amount":"7.56","congestion_surcharge":""},{"VendorID":"2","tpep_pickup_datetime":"2023-09-16 04:20:09","tpep_dropoff_datetime":"2023-05-15 04:24:30","passenger_count":"1","trip_distance":"1.32","RatecodeID":"1","store_and_fwd_flag":"N","PULocationID":"237","DOLocationID":"163","payment_type":"1","fare_amount":"6","extra":"0.5","mta_tax":"0.5","tip_amount":"1","tolls_amount":"0","improvement_surcharge":"0.3","total_amount":"8.3","congestion_surcharge":""},{"VendorID":"2","tpep_pickup_datetime":"2023-02-15 04:57:03","tpep_dropoff_datetime":"2023-02-28 05:18:45","passenger_count":"1","trip_distance":"9.89","RatecodeID":"1","store_and_fwd_flag":"N","PULocationID":"79","DOLocationID":"116","payment_type":"1","fare_amount":"29.5","extra":"0.5","mta_tax":"0.5","tip_amount":"7.7","tolls_amount":"0","improvement_surcharge":"0.3","total_amount":"38.5","congestion_surcharge":""},{"VendorID":"1","tpep_pickup_datetime":"2023-03-09 04:00:28","tpep_dropoff_datetime":"2023-09-20 04:04:22","passenger_count":"3","trip_distance":".70","RatecodeID":"1","store_and_fwd_flag":"N","PULocationID":"170","DOLocationID":"137","payment_type":"2","fare_amount":"4.5","extra":"0.5","mta_tax":"0.5","tip_amount":"0","tolls_amount":"0","improvement_surcharge":"0.3","total_amount":"5.8","congestion_surcharge":""},{"VendorID":"2","tpep_pickup_datetime":"2023-02-28 04:15:58","tpep_dropoff_datetime":"2023-06-08 04:17:42","passenger_count":"1","trip_distance":".44","RatecodeID":"1","store_and_fwd_flag":"N","PULocationID":"230","DOLocationID":"230","payment_type":"1","fare_amount":"3.5","extra":"0.5","mta_tax":"0.5","tip_amount":"0.04","tolls_amount":"0","improvement_surcharge":"0.3","total_amount":"4.84","congestion_surcharge":""},{"VendorID":"1","tpep_pickup_datetime":"2023-12-13 04:18:12","tpep_dropoff_datetime":"2023-04-30 04:19:55","passenger_count":"1","trip_distance":".40","RatecodeID":"1","store_and_fwd_flag":"N","PULocationID":"244","DOLocationID":"244","payment_type":"1","fare_amount":"3.5","extra":"0.5","mta_tax":"0.5","tip_amount":"0","tolls_amount":"0","improvement_surcharge":"0.3","total_amount":"4.8","congestion_surcharge":""},{"VendorID":"2","tpep_pickup_datetime":"2023-12-27 04:03:23","tpep_dropoff_datetime":"2024-01-01 04:05:00","passenger_count":"3","trip_distance":".20","RatecodeID":"1","store_and_fwd_flag":"N","PULocationID":"79","DOLocationID":"79","payment_type":"2","fare_amount":"3","extra":"0.5","mta_tax":"0.5","tip_amount":"0","tolls_amount":"0","improvement_surcharge":"0.3","total_amount":"4.3","congestion_surcharge":""},{"VendorID":"2","tpep_pickup_datetime":"2023-04-27 04:05:40","tpep_dropoff_datetime":"2024-01-15 04:12:52","passenger_count":"6","trip_distance":"1.93","RatecodeID":"1","store_and_fwd_flag":"N","PULocationID":"48","DOLocationID":"186","payment_type":"1","fare_amount":"8","extra":"0.5","mta_tax":"0.5","tip_amount":"1.86","tolls_amount":"0","improvement_surcharge":"0.3","total_amount":"11.16","congestion_surcharge":""},{"VendorID":"2","tpep_pickup_datetime":"2024-01-31 04:15:23","tpep_dropoff_datetime":"2023-05-24 04:22:44","passenger_count":"6","trip_distance":".95","RatecodeID":"1","store_and_fwd_flag":"N","PULocationID":"186","DOLocationID":"107","payment_type":"2","fare_amount":"6.5","extra":"0.5","mta_tax":"0.5","tip_amount":"0","tolls_amount":"0","improvement_surcharge":"0.3","total_amount":"7.8","congestion_surcharge":""},{"VendorID":"2","tpep_pickup_datetime":"2023-11-17 04:24:35","tpep_dropoff_datetime":"2023-11-22 04:30:35","passenger_count":"6","trip_distance":"1.61","RatecodeID":"1","store_and_fwd_flag":"N","PULocationID":"107","DOLocationID":"233","payment_type":"1","fare_amount":"7","extra":"0.5","mta_tax":"0.5","tip_amount":"1.66","tolls_amount":"0","improvement_surcharge":"0.3","total_amount":"9.96","congestion_surcharge":""},{"VendorID":"2","tpep_pickup_datetime":"2023-06-05 04:51:51","tpep_dropoff_datetime":"2024-01-21 04:54:14","passenger_count":"6","trip_distance":"1.08","RatecodeID":"1","store_and_fwd_flag":"N","PULocationID":"146","DOLocationID":"7","payment_type":"2","fare_amount":"5","extra":"0.5","mta_tax":"0.5","tip_amount":"0","tolls_amount":"0","improvement_surcharge":"0.3","total_amount":"6.3","congestion_surcharge":""},{"VendorID":"1","tpep_pickup_datetime":"2023-09-17 04:30:42","tpep_dropoff_datetime":"2023-04-17 04:33:12","passenger_count":"1","trip_distance":"1.10","RatecodeID":"1","store_and_fwd_flag":"N","PULocationID":"249","DOLocationID":"186","payment_type":"1","fare_amount":"5","extra":"0.5","mta_tax":"0.5","tip_amount":"1.55","tolls_amount":"0","improvement_surcharge":"0.3","total_amount":"7.85","congestion_surcharge":""},{"VendorID":"1","tpep_pickup_datetime":"2023-07-04 04:35:29","tpep_dropoff_datetime":"2023-03-06 04:43:41","passenger_count":"2","trip_distance":".90","RatecodeID":"1","store_and_fwd_flag":"N","PULocationID":"100","DOLocationID":"230","payment_type":"1","fare_amount":"7.5","extra":"0.5","mta_tax":"0.5","tip_amount":"2.6","tolls_amount":"0","improvement_surcharge":"0.3","total_amount":"11.4","congestion_surcharge":""},{"VendorID":"1","tpep_pickup_datetime":"2023-03-19 04:57:50","tpep_dropoff_datetime":"2023-03-23 05:08:37","passenger_count":"1","trip_distance":"3.70","RatecodeID":"1","store_and_fwd_flag":"N","PULocationID":"68","DOLocationID":"12","payment_type":"1","fare_amount":"12","extra":"0.5","mta_tax":"0.5","tip_amount":"2.65","tolls_amount":"0","improvement_surcharge":"0.3","total_amount":"15.95","congestion_surcharge":""},{"VendorID":"2","tpep_pickup_datetime":"2023-11-02 04:10:17","tpep_dropoff_datetime":"2024-01-14 04:29:11","passenger_count":"1","trip_distance":"9.51","RatecodeID":"1","store_and_fwd_flag":"N","PULocationID":"90","DOLocationID":"247","payment_type":"1","fare_amount":"27.5","extra":"0.5","mta_tax":"0.5","tip_amount":"2","tolls_amount":"0","improvement_surcharge":"0.3","total_amount":"30.8","congestion_surcharge":""}]