[{"VendorID":"2","tpep_pickup_datetime":"2023-07-29 06:47:45","tpep_dropoff_datetime":"2023-12-16 06:54:03","passenger_count":"1","trip_distance":".76","RatecodeID":"1","store_and_fwd_flag":"N","PULocationID":"230","DOLocationID":"162","payment_type":"2","fare_amount":"6","extra":"0","mta_tax":"0.5","tip_amount":"0","tolls_amount":"0","improvement_surcharge":"0.3","total_amount":"6.8","congestion_surcharge":""},{"VendorID":"1","tpep_pickup_datetime":"2023-03-22 06:54:26","tpep_dropoff_datetime":"2023-11-25 07:06:26","passenger_count":"1","trip_distance":"2.50","RatecodeID":"1","store_and_fwd_flag":"N","PULocationID":"263","DOLocationID":"161","payment_type":"1","fare_amount":"11","extra":"0","mta_tax":"0.5","tip_amount":"0.59","tolls_amount":"0","improvement_surcharge":"0.3","total_amount":"12.39","congestion_surcharge":""},{"VendorID":"2","tpep_pickup_datetime":"2023-11-02 06:37:44","tpep_dropoff_datetime":"2024-01-23 06:44:11","passenger_count":"1","trip_distance":".74","RatecodeID":"1","store_and_fwd_flag":"N","PULocationID":"229","DOLocationID":"161","payment_type":"1","fare_amount":"6","extra":"0","mta_tax":"0.5","tip_amount":"1.7","tolls_amount":"0","improvement_surcharge":"0.3","total_amount":"8.5","congestion_surcharge":""},{"VendorID":"2","tpep_pickup_datetime":"2024-01-13 06:54:15","tpep_dropoff_datetime":"2023-04-09 07:03:02","passenger_count":"1","trip_distance":"2.07","RatecodeID":"1","store_and_fwd_flag":"N","PULocationID":"113","DOLocationID":"170","payment_type":"1","fare_amount":"9","extra":"0","mta_tax":"0.5","tip_amount":"1","tolls_amount":"0","improvement_surcharge":"0.3","total_amount":"10.8","congestion_surcharge":""},{"VendorID":"2","tpep_pickup_datetime":"2023-06-04 06:04:33","tpep_dropoff_datetime":"2023-05-17 06:14:12","passenger_count":"6","trip_distance":"2.89","RatecodeID":"1","store_and_fwd_flag":"N","PULocationID":"100","DOLocationID":"140","payment_type":"1","fare_amount":"10.5","extra":"0","mta_tax":"0.5","tip_amount":"2.26","tolls_amount":"0","improvement_surcharge":"0.3","total_amount":"13.56","congestion_surcharge":""},{"VendorID":"2","tpep_pickup_datetime":"2023-12-18 06:32:56","tpep_dropoff_datetime":"2023-03-15 06:36:23","passenger_count":"6","trip_distance":".90","RatecodeID":"1","store_and_fwd_flag":"N","PULocationID":"100","DOLocationID":"48","payment_type":"2","fare_amount":"5","extra":"0","mta_tax":"0.5","tip_amount":"0","tolls_amount":"0","improvement_surcharge":"0.3","total_amount":"5.8","congestion_surcharge":""},{"VendorID":"2","tpep_pickup_datetime":"2023-12-26 06:39:00","tpep_dropoff_datetime":"2023-07-18 06:43:52","passenger_count":"6","trip_distance":"1.11","RatecodeID":"1","store_and_fwd_flag":"N","PULocationID":"48","DOLocationID":"163","payment_type":"1","fare_amount":"5.5","extra":"0","mta_tax":"0.5","tip_amount":"1.26","tolls_amount":"0","improvement_surcharge":"0.3","total_amount":"7.56","congestion_surcharge":""},{"VendorID":"2","tpep_pickup_datetime":"2023-01-29 06:29:09","tpep_dropoff_datetime":"2023-07-08 06:37:45","passenger_count":"1","trip_distance":"2.69","RatecodeID":"1","store_and_fwd_flag":"N","PULocationID":"141","DOLocationID":"137","payment_type":"1","fare_amount":"9.5","extra":"0","mta_tax":"0.5","tip_amount":"1","tolls_amount":"0","improvement_surcharge":"0.3","total_amount":"11.3","congestion_surcharge":""},{"VendorID":"2","tpep_pickup_datetime":"2023-01-16 06:27:08","tpep_dropoff_datetime":"2023-11-07 06:32:19","passenger_count":"2","trip_distance":"1.23","RatecodeID":"1","store_and_fwd_flag":"N","PULocationID":"48","DOLocationID":"164","payment_type":"1","fare_amount":"6","extra":"0","mta_tax":"0.5","tip_amount":"1.36","tolls_amount":"0","improvement_surcharge":"0.3","total_amount":"8.16","congestion_surcharge":""},{"VendorID":"2","tpep_pickup_datetime":"2023-07-10 06:36:23","tpep_dropoff_datetime":"2024-01-30 06:40:21","passenger_count":"2","trip_distance":".82","RatecodeID":"1","store_and_fwd_flag":"N","PULocationID":"113","DOLocationID":"125","payment_type":"2","fare_amount":"5","extra":"0","mta_tax":"0.5","tip_amount":"0","tolls_amount":"0","improvement_surcharge":"0.3","total_amount":"5.8","congestion_surcharge":""},{"VendorID":"2","tpep_pickup_datetime":"2023-09-07 06:44:28","tpep_dropoff_datetime":"2023-02-13 06:49:37","passenger_count":"2","trip_distance":"1.67","RatecodeID":"1","store_and_fwd_flag":"N","PULocationID":"249","DOLocationID":"186","payment_type":"1","fare_amount":"7","extra":"0","mta_tax":"0.5","tip_amount":"1.56","tolls_amount":"0","improvement_surcharge":"0.3","total_amount":"9.36","congestion_surcharge":""},{"VendorID":"2","tpep_pickup_datetime":"2023-03-13 06:54:45","tpep_dropoff_datetime":"2023-01-11 07:09:53","passenger_count":"2","trip_distance":"3.20","RatecodeID":"1","store_and_fwd_flag":"N","PULocationID":"68","DOLocationID":"231","payment_type":"1","fare_amount":"13.5","extra":"0","mta_tax":"0.5","tip_amount":"0","tolls_amount":"0","improvement_surcharge":"0.3","total_amount":"14.3","congestion_surcharge":""},{"VendorID":"2","tpep_pickup_datetime":"2023-04-17 06:59:17","tpep_dropoff_datetime":"2023-04-27 07:09:01","passenger_count":"5","trip_distance":"2.90","RatecodeID":"1","store_and_fwd_flag":"N","PULocationID":"186","DOLocationID":"13","payment_type":"1","fare_amount":"10.5","extra":"0","mta_tax":"0.5","tip_amount":"2.82","tolls_amount":"0","improvement_surcharge":"0.3","total_amount":"14.12","congestion_surcharge":""},{"VendorID":"2","tpep_pickup_datetime":"2023-06-22 06:02:37","tpep_dropoff_datetime":"2023-06-06 06:07:26","passenger_count":"5","trip_distance":"1.16","RatecodeID":"1","store_and_fwd_flag":"N","PULocationID":"140","DOLocationID":"237","payment_type":"1","fare_amount":"6","extra":"0","mta_tax":"0.5","tip_amount":"1","tolls_amount":"0","improvement_surcharge":"0.3","total_amount":"7.8","congestion_surcharge":""},{"VendorID":"2","tpep_pickup_datetime":"2023-05-07 06:29:04","tpep_dropoff_datetime":"2023-03-22 06:37:00","passenger_count":"5","trip_distance":"1.18","RatecodeID":"1","store_and_fwd_flag":"N","PULocationID":"142","DOLocationID":"230","payment_type":"1","fare_amount":"7","extra":"0","mta_tax":"0.5","tip_amount":"1.56","tolls_amount":"0","improvement_surcharge":"0.3","total_amount":"9.36","congestion_surcharge":""},{"VendorID":"2","tpep_pickup_datetime":"2023-06-16 06:45:36","tpep_dropoff_datetime":"2023-10-13 06:50:26","passenger_count":"5","trip_distance":".96","RatecodeID":"1","store_and_fwd_flag":"N","PULocationID":"234","DOLocationID":"186","payment_type":"1","fare_amount":"5.5","extra":"0","mta_tax":"0.5","tip_amount":"1.26","tolls_amount":"0","improvement_surcharge":"0.3","total_amount":"7.56","congestion_surcharge":""},{"VendorID":"1","tpep_pickup_datetime":"2023-12-07 06:47:42","tpep_dropoff_datetime":"2023-08-15 07:05:38","passenger_count":"1","trip_distance":"5.10","RatecodeID":"1","store_and_fwd_flag":"N","PULocationID":"262","DOLocationID":"237","payment_type":"1","fare_amount":"17.5","extra":"0","mta_tax":"0.5","tip_amount":"3.65","tolls_amount":"0","improvement_surcharge":"0.3","total_amount":"21.95","congestion_surcharge":""},{"VendorID":"2","tpep_pickup_datetime":"2023-09-25 06:11:09","tpep_dropoff_datetime":"2023-05-27 06:19:27","passenger_count":"1","trip_distance":"1.68","RatecodeID":"1","store_and_fwd_flag":"N","PULocationID":"263","DOLocationID":"237","payment_type":"1","fare_amount":"8","extra":"0","mta_tax":"0.5","tip_amount":"1.76","tolls_amount":"0","improvement_surcharge":"0.3","total_amount":"10.56","congestion_surcharge":""},{"VendorID":"2","tpep_pickup_datetime":"2023-03-30 06:47:27","tpep_dropoff_datetime":"2023-11-26 06:53:46","passenger_count":"1","trip_distance":"1.49","RatecodeID":"1","store_and_fwd_flag":"N","PULocationID":"263","DOLocationID":"237","payment_type":"1","fare_amount":"7","extra":"0","mta_tax":"0.5","tip_amount":"1.56","tolls_amount":"0","improvement_surcharge":"0.3","total_amount":"9.36","congestion_surcharge":""},{"VendorID":"1","tpep_pickup_datetime":"2023-08-11 06:28:48","tpep_dropoff_datetime":"2023-01-01 06:43:36","passenger_count":"1","trip_distance":"5.20","RatecodeID":"1","store_and_fwd_flag":"N","PULocationID":"87","DOLocationID":"161","payment_type":"1","fare_amount":"17","extra":"0","mta_tax":"0.5","tip_amount":"3.55","tolls_amount":"0","improvement_surcharge":"0.3","total_amount":"21.35","congestion_surcharge":""},{"VendorID":"1","tpep_pickup_datetime":"2023-02-14 06:49:32","tpep_dropoff_datetime":"2023-06-09 06:58:10","passenger_count":"1","trip_distance":"1.20","RatecodeID":"1","store_and_fwd_flag":"N","PULocationID":"100","DOLocationID":"161","payment_type":"1","fare_amount":"7.5","extra":"0","mta_tax":"0.5","tip_amount":"3","tolls_amount":"0","improvement_surcharge":"0.3","total_amount":"11.3","congestion_surcharge":""},{"VendorID":"2","tpep_pickup_datetime":"2023-09-23 06:09:21","tpep_dropoff_datetime":"2023-09-29 06:19:27","passenger_count":"1","trip_distance":"2.77","RatecodeID":"1","store_and_fwd_flag":"N","PULocationID":"79","DOLocationID":"100","payment_type":"2","fare_amount":"10.5","extra":"0","mta_tax":"0.5","tip_amount":"0","tolls_amount":"0","improvement_surcharge":"0.3","total_amount":"11.3","congestion_surcharge":""},{"VendorID":"2","tpep_pickup_datetime":"2023-02-19 06:25:40","tpep_dropoff_datetime":"2023-02-17 07:09:54","passenger_count":"2","trip_distance":"18.28","RatecodeID":"2","store_and_fwd_flag":"N","PULocationID":"48","DOLocationID":"132","payment_type":"2","fare_amount":"52","extra":"0","mta_tax":"0.5","tip_amount":"0","tolls_amount":"0","improvement_surcharge":"0.3","total_amount":"52.8","congestion_surcharge":""},{"VendorID":"2","tpep_pickup_datetime":"2023-10-11 06:07:58","tpep_dropoff_datetime":"2023-07-07 06:24:50","passenger_count":"5","trip_distance":"4.65","RatecodeID":"1","store_and_fwd_flag":"N","PULocationID":"163","DOLocationID":"261","payment_type":"2","fare_amount":"15.5","extra":"0","mta_tax":"0.5","tip_amount":"0","tolls_amount":"0","improvement_surcharge":"0.3","total_amount":"16.3","congestion_surcharge":""},{"VendorID":"2","tpep_pickup_datetime":"2023-03-21 06:37:36","tpep_dropoff_datetime":"2023-02-18 06:46:54","passenger_count":"5","trip_distance":"2.82","RatecodeID":"1","store_and_fwd_flag":"N","PULocationID":"231","DOLocationID":"164","payment_type":"1","fare_amount":"10","extra":"0","mta_tax":"0.5","tip_amount":"2.16","tolls_amount":"0","improvement_surcharge":"0.3","total_amount":"12.96","congestion_surcharge":""},{"VendorID":"2","tpep_pickup_datetime":"2023-04-12 06:54:39","tpep_dropoff_datetime":"2023-05-26 07:26:19","passenger_count":"5","trip_distance":"16.56","RatecodeID":"2","store_and_fwd_flag":"N","PULocationID":"170","DOLocationID":"132","payment_type":"1","fare_amount":"52","extra":"0","mta_tax":"0.5","tip_amount":"17.57","tolls_amount":"5.76","improvement_surcharge":"0.3","total_amount":"76.13","congestion_surcharge":""},{"VendorID":"1","tpep_pickup_datetime":"2023-08-26 06:17:38","tpep_dropoff_datetime":"2023-10-16 06:51:47","passenger_count":"2","trip_distance":"20.20","RatecodeID":"2","store_and_fwd_flag":"Y","PULocationID":"239","DOLocationID":"132","payment_type":"1","fare_amount":"52","extra":"0","mta_tax":"0.5","tip_amount":"11.7","tolls_amount":"5.76","improvement_surcharge":"0.3","total_amount":"70.26","congestion_surcharge":""},{"VendorID":"1","tpep_pickup_datetime":"2023-10-05 06:01:50","tpep_dropoff_datetime":"2023-09-01 06:21:43","passenger_count":"1","trip_distance":"11.50","RatecodeID":"1","store_and_fwd_flag":"N","PULocationID":"106","DOLocationID":"138","payment_type":"1","fare_amount":"32.5","extra":"0","mta_tax":"0.5","tip_amount":"6.65","tolls_amount":"0","improvement_surcharge":"0.3","total_amount":"39.95","congestion_surcharge":""},{"VendorID":"1","tpep_pickup_datetime":"2023-11-09 06:46:29","tpep_dropoff_datetime":"2023-04-20 06:58:31","passenger_count":"1","trip_distance":"2.80","RatecodeID":"1","store_and_fwd_flag":"N","PULocationID":"262","DOLocationID":"161","payment_type":"1","fare_amount":"11.5","extra":"0","mta_tax":"0.5","tip_amount":"1.5","tolls_amount":"0","improvement_surcharge":"0.3","total_amount":"13.8","congestion_surcharge":""},{"VendorID":"2","tpep_pickup_datetime":"2023-10-01 06:14:46","tpep_dropoff_datetime":"2023-03-13 06:26:49","passenger_count":"1","trip_distance":"4.00","RatecodeID":"1","store_and_fwd_flag":"N","PULocationID":"138","DOLocationID":"7","payment_type":"2","fare_amount":"13.5","extra":"0","mta_tax":"0.5","tip_amount":"0","tolls_amount":"0","improvement_surcharge":"0.3","total_amount":"14.3","congestion_surcharge":""},{"VendorID":"2","tpep_pickup_datetime":"2023-04-08 06:26:30","tpep_dropoff_datetime":"2023-07-29 06:28:49","passenger_count":"1","trip_distance":".66","RatecodeID":"1","store_and_fwd_flag":"N","PULocationID":"262","DOLocationID":"236","payment_type":"1","fare_amount":"4","extra":"0","mta_tax":"0.5","tip_amount":"0.96","tolls_amount":"0","improvement_surcharge":"0.3","total_amount":"5.76","congestion_surcharge":""},{"VendorID":"2","tpep_pickup_datetime":"2023-07-17 06:30:48","tpep_dropoff_datetime":"2023-03-31 06:40:57","passenger_count":"1","trip_distance":"2.14","RatecodeID":"1","store_and_fwd_flag":"N","PULocationID":"236","DOLocationID":"161","payment_type":"2","fare_amount":"9.5","extra":"0","mta_tax":"0.5","tip_amount":"0","tolls_amount":"0","improvement_surcharge":"0.3","total_amount":"10.3","congestion_surcharge":""},{"VendorID":"2","tpep_pickup_datetime":"2023-08-19 06:46:48","tpep_dropoff_datetime":"2023-03-26 06:55:21","passenger_count":"1","trip_distance":"1.45","RatecodeID":"1","store_and_fwd_flag":"N","PULocationID":"163","DOLocationID":"140","payment_type":"2","fare_amount":"7.5","extra":"0","mta_tax":"0.5","tip_amount":"0","tolls_amount":"0","improvement_surcharge":"0.3","total_amount":"8.3","congestion_surcharge":""},{"VendorID":"2","tpep_pickup_datetime":"2023-03-27 06:15:40","tpep_dropoff_datetime":"2023-09-26 07:39:36","passenger_count":"1","trip_distance":"15.42","RatecodeID":"1","store_and_fwd_flag":"N","PULocationID":"132","DOLocationID":"112","payment_type":"1","fare_amount":"61","extra":"0","mta_tax":"0.5","tip_amount":"12.36","tolls_amount":"0","improvement_surcharge":"0.3","total_amount":"74.16","congestion_surcharge":""},{"VendorID":"1","tpep_pickup_datetime":"2023-07-24 06:24:29","tpep_dropoff_datetime":"2024-01-03 06:42:18","passenger_count":"0","trip_distance":"9.60","RatecodeID":"1","store_and_fwd_flag":"N","PULocationID":"264","DOLocationID":"264","payment_type":"1","fare_amount":"26.5","extra":"0","mta_tax":"0.5","tip_amount":"8.25","tolls_amount":"5.76","improvement_surcharge":"0.3","total_amount":"41.31","congestion_surcharge":""},{"VendorID":"2","tpep_pickup_datetime":"2023-08-19 05:58:51","tpep_dropoff_datetime":"2023-10-06 06:24:16","passenger_count":"1","trip_distance":"14.73","RatecodeID":"1","store_and_fwd_flag":"N","PULocationID":"132","DOLocationID":"223","payment_type":"2","fare_amount":"40.5","extra":"0","mta_tax":"0.5","tip_amount":"0","tolls_amount":"0","improvement_surcharge":"0.3","total_amount":"41.3","congestion_surcharge":""},{"VendorID":"2","tpep_pickup_datetime":"2023-12-26 06:41:44","tpep_dropoff_datetime":"2023-07-31 06:48:59","passenger_count":"1","trip_distance":"1.94","RatecodeID":"1","store_and_fwd_flag":"N","PULocationID":"24","DOLocationID":"143","payment_type":"1","fare_amount":"8.5","extra":"0","mta_tax":"0.5","tip_amount":"1.86","tolls_amount":"0","improvement_surcharge":"0.3","total_amount":"11.16","congestion_surcharge":""},{"VendorID":"2","tpep_pickup_datetime":"2023-02-21 06:50:12","tpep_dropoff_datetime":"2023-12-18 06:59:09","passenger_count":"1","trip_distance":"1.85","RatecodeID":"1","store_and_fwd_flag":"N","PULocationID":"143","DOLocationID":"237","payment_type":"1","fare_amount":"8.5","extra":"0","mta_tax":"0.5","tip_amount":"1.86","tolls_amount":"0","improvement_surcharge":"0.3","total_amount":"11.16","congestion_surcharge":""},{"VendorID":"1","tpep_pickup_datetime":"2023-08-22 06:57:53","tpep_dropoff_datetime":"2023-11-04 07:05:00","passenger_count":"0","trip_distance":"1.70","RatecodeID":"1","store_and_fwd_flag":"N","PULocationID":"79","DOLocationID":"231","payment_type":"1","fare_amount":"7.5","extra":"0","mta_tax":"0.5","tip_amount":"1.66","tolls_amount":"0","improvement_surcharge":"0.3","total_amount":"9.96","congestion_surcharge":""},{"VendorID":"2","tpep_pickup_datetime":"2023-02-17 06:21:37","tpep_dropoff_datetime":"2023-06-30 07:23:02","passenger_count":"1","trip_distance":"18.72","RatecodeID":"2","store_and_fwd_flag":"N","PULocationID":"132","DOLocationID":"249","payment_type":"1","fare_amount":"52","extra":"0","mta_tax":"0.5","tip_amount":"11.71","tolls_amount":"5.76","improvement_surcharge":"0.3","total_amount":"70.27","congestion_surcharge":""},{"VendorID":"1","tpep_pickup_datetime":"2023-06-15 06:38:07","tpep_dropoff_datetime":"2023-09-15 06:56:50","passenger_count":"1","trip_distance":"5.30","RatecodeID":"1","store_and_fwd_flag":"N","PULocationID":"33","DOLocationID":"162","payment_type":"2","fare_amount":"18.5","extra":"0","mta_tax":"0.5","tip_amount":"0","tolls_amount":"0","improvement_surcharge":"0.3","total_amount":"19.3","congestion_surcharge":""},{"VendorID":"2","tpep_pickup_datetime":"2023-10-26 06:03:50","tpep_dropoff_datetime":"2023-01-31 06:07:28","passenger_count":"1","trip_distance":".90","RatecodeID":"1","store_and_fwd_flag":"N","PULocationID":"148","DOLocationID":"148","payment_type":"1","fare_amount":"5","extra":"0","mta_tax":"0.5","tip_amount":"1.74","tolls_amount":"0","improvement_surcharge":"0.3","total_amount":"7.54","congestion_surcharge":""},{"VendorID":"2","tpep_pickup_datetime":"2023-07-03 06:27:35","tpep_dropoff_datetime":"2023-05-12 06:38:49","passenger_count":"1","trip_distance":"1.88","RatecodeID":"1","store_and_fwd_flag":"N","PULocationID":"90","DOLocationID":"142","payment_type":"2","fare_amount":"9.5","extra":"0","mta_tax":"0.5","tip_amount":"0","tolls_amount":"0","improvement_surcharge":"0.3","total_amount":"10.3","congestion_surcharge":""},{"VendorID":"2","tpep_pickup_datetime":"2024-01-31 06:48:25","tpep_dropoff_datetime":"2023-07-10 06:50:16","passenger_count":"1","trip_distance":".81","RatecodeID":"1","store_and_fwd_flag":"N","PULocationID":"48","DOLocationID":"68","payment_type":"2","fare_amount":"4.5","extra":"0","mta_tax":"0.5","tip_amount":"0","tolls_amount":"0","improvement_surcharge":"0.3","total_amount":"5.3","congestion_surcharge":""},{"VendorID":"2","tpep_pickup_datetime":"2023-12-06 06:51:55","tpep_dropoff_datetime":"2023-10-18 07:03:16","passenger_count":"1","trip_distance":"1.34","RatecodeID":"1","store_and_fwd_flag":"N","PULocationID":"186","DOLocationID":"170","payment_type":"2","fare_amount":"9","extra":"0","mta_tax":"0.5","tip_amount":"0","tolls_amount":"0","improvement_surcharge":"0.3","total_amount":"9.8","congestion_surcharge":""},{"VendorID":"2","tpep_pickup_datetime":"2023-08-23 06:11:47","tpep_dropoff_datetime":"2023-01-30 06:44:35","passenger_count":"2","trip_distance":"8.51","RatecodeID":"1","store_and_fwd_flag":"N","PULocationID":"138","DOLocationID":"163","payment_type":"2","fare_amount":"29.5","extra":"0","mta_tax":"0.5","tip_amount":"0","tolls_amount":"0","improvement_surcharge":"0.3","total_amount":"30.3","congestion_surcharge":""},{"VendorID":"2","tpep_pickup_datetime":"2023-05-08 06:24:42","tpep_dropoff_datetime":"2023-11-06 06:39:39","passenger_count":"1","trip_distance":"3.17","RatecodeID":"1","store_and_fwd_flag":"N","PULocationID":"186","DOLocationID":"140","payment_type":"1","fare_amount":"13","extra":"0","mta_tax":"0.5","tip_amount":"2.76","tolls_amount":"0","improvement_surcharge":"0.3","total_amount":"16.56","congestion_surcharge":""},{"VendorID":"2","tpep_pickup_datetime":"2023-08-31 06:41:56","tpep_dropoff_datetime":"2023-06-10 06:57:23","passenger_count":"1","trip_distance":"7.47","RatecodeID":"1","store_and_fwd_flag":"N","PULocationID":"140","DOLocationID":"231","payment_type":"2","fare_amount":"22","extra":"0","mta_tax":"0.5","tip_amount":"0","tolls_amount":"0","improvement_surcharge":"0.3","total_amount":"22.8","congestion_surcharge":""},{"VendorID":"1","tpep_pickup_datetime":"2023-12-17 06:35:01","tpep_dropoff_datetime":"2024-01-09 06:40:04","passenger_count":"1","trip_distance":"1.70","RatecodeID":"1","store_and_fwd_flag":"N","PULocationID":"140","DOLocationID":"233","payment_type":"1","fare_amount":"7","extra":"0","mta_tax":"0.5","tip_amount":"1.55","tolls_amount":"0","improvement_surcharge":"0.3","total_amount":"9.35","congestion_surcharge":""},{"VendorID":"1","tpep_pickup_datetime":"2023-06-11 06:44:20","tpep_dropoff_datetime":"2023-06-30 06:47:16","passenger_count":"1","trip_distance":"1.00","RatecodeID":"1","store_and_fwd_flag":"N","PULocationID":"170","DOLocationID":"229","payment_type":"1","fare_amount":"5","extra":"0","mta_tax":"0.5","tip_amount":"1.16","tolls_amount":"0","improvement_surcharge":"0.3","total_amount":"6.96","congestion_surcharge":""},{"VendorID":"1","tpep_pickup_datetime":"2024-01-29 06:56:56","tpep_dropoff_datetime":"2023-01-09 07:02:04","passenger_count":"1","trip_distance":".60","RatecodeID":"1","store_and_fwd_flag":"N","PULocationID":"161","DOLocationID":"161","payment_type":"1","fare_amount":"5","extra":"0","mta_tax":"0.5","tip_amount":"1.4","tolls_amount":"0","improvement_surcharge":"0.3","total_amount":"7.2","congestion_surcharge":""},{"VendorID":"2","tpep_pickup_datetime":"2023-11-30 06:43:55","tpep_dropoff_datetime":"2023-09-09 07:38:00","passenger_count":"2","trip_distance":"16.96","RatecodeID":"2","store_and_fwd_flag":"N","PULocationID":"132","DOLocationID":"202","payment_type":"1","fare_amount":"52","extra":"0","mta_tax":"0.5","tip_amount":"10.56","tolls_amount":"0","improvement_surcharge":"0.3","total_amount":"63.36","congestion_surcharge":""},{"VendorID":"1","tpep_pickup_datetime":"2023-01-17 06:19:42","tpep_dropoff_datetime":"2023-03-26 06:23:39","passenger_count":"2","trip_distance":"1.20","RatecodeID":"1","store_and_fwd_flag":"N","PULocationID":"186","DOLocationID":"161","payment_type":"1","fare_amount":"5.5","extra":"0","mta_tax":"0.5","tip_amount":"1.25","tolls_amount":"0","improvement_surcharge":"0.3","total_amount":"7.55","congestion_surcharge":""},{"VendorID":"1","tpep_pickup_datetime":"2023-06-18 06:29:40","tpep_dropoff_datetime":"2023-10-03 06:58:29","passenger_count":"4","trip_distance":"17.20","RatecodeID":"2","store_and_fwd_flag":"N","PULocationID":"230","DOLocationID":"132","payment_type":"1","fare_amount":"52","extra":"0","mta_tax":"0.5","tip_amount":"11.7","tolls_amount":"5.76","improvement_surcharge":"0.3","total_amount":"70.26","congestion_surcharge":""},{"VendorID":"2","tpep_pickup_datetime":"2023-08-21 06:16:25","tpep_dropoff_datetime":"2023-04-05 07:05:36","passenger_count":"1","trip_distance":"20.17","RatecodeID":"2","store_and_fwd_flag":"N","PULocationID":"132","DOLocationID":"237","payment_type":"1","fare_amount":"52","extra":"0","mta_tax":"0.5","tip_amount":"11.71","tolls_amount":"5.76","improvement_surcharge":"0.3","total_amount":"70.27","congestion_surcharge":""},{"VendorID":"1","tpep_pickup_datetime":"2023-01-17 06:44:03","tpep_dropoff_datetime":"2024-02-04 07:06:45","passenger_count":"1","trip_distance":"4.30","RatecodeID":"1","store_and_fwd_flag":"N","PULocationID":"79","DOLocationID":"142","payment_type":"2","fare_amount":"17.5","extra":"0","mta_tax":"0.5","tip_amount":"0","tolls_amount":"0","improvement_surcharge":"0.3","total_amount":"18.3","congestion_surcharge":""},{"VendorID":"1","tpep_pickup_datetime":"2023-09-05 06:51:28","tpep_dropoff_datetime":"2023-06-09 06:54:28","passenger_count":"1","trip_distance":".40","RatecodeID":"1","store_and_fwd_flag":"N","PULocationID":"48","DOLocationID":"68","payment_type":"2","fare_amount":"4","extra":"0","mta_tax":"0.5","tip_amount":"0","tolls_amount":"0","improvement_surcharge":"0.3","total_amount":"4.8","congestion_surcharge":""},{"VendorID":"1","tpep_pickup_datetime":"2023-06-19 06:53:15","tpep_dropoff_datetime":"2023-08-26 07:03:34","passenger_count":"1","trip_distance":"1.90","RatecodeID":"1","store_and_fwd_flag":"N","PULocationID":"166","DOLocationID":"75","payment_type":"1","fare_amount":"9","extra":"0","mta_tax":"0.5","tip_amount":"0","tolls_amount":"0","improvement_surcharge":"0.3","total_amount":"9.8","congestion_surcharge":""},{"VendorID":"2","tpep_pickup_datetime":"2023-10-11 07:00:55","tpep_dropoff_datetime":"2023-10-31 07:08:20","passenger_count":"1","trip_distance":"2.54","RatecodeID":"1","store_and_fwd_flag":"N","PULocationID":"236","DOLocationID":"74","payment_type":"1","fare_amount":"9","extra":"0","mta_tax":"0.5","tip_amount":"1.96","tolls_amount":"0","improvement_surcharge":"0.3","total_amount":"11.76","congestion_surcharge":""},{"VendorID":"1","tpep_pickup_datetime":"2023-04-26 06:46:02","tpep_dropoff_datetime":"2023-10-19 07:31:08","passenger_count":"1","trip_distance":"13.40","RatecodeID":"1","store_and_fwd_flag":"N","PULocationID":"77","DOLocationID":"170","payment_type":"1","fare_amount":"42.5","extra":"0","mta_tax":"0.5","tip_amount":"0","tolls_amount":"5.76","improvement_surcharge":"0.3","total_amount":"49.06","congestion_surcharge":""},{"VendorID":"2","tpep_pickup_datetime":"2023-03-26 06:19:05","tpep_dropoff_datetime":"2023-06-17 07:07:41","passenger_count":"1","trip_distance":"19.20","RatecodeID":"2","store_and_fwd_flag":"N","PULocationID":"132","DOLocationID":"263","payment_type":"1","fare_amount":"52","extra":"0","mta_tax":"0.5","tip_amount":"10","tolls_amount":"5.76","improvement_surcharge":"0.3","total_amount":"68.56","congestion_surcharge":""},{"VendorID":"1","tpep_pickup_datetime":"2023-11-24 06:07:09","tpep_dropoff_datetime":"2024-01-15 06:09:41","passenger_count":"1","trip_distance":".60","RatecodeID":"1","store_and_fwd_flag":"N","PULocationID":"229","DOLocationID":"141","payment_type":"1","fare_amount":"4","extra":"0","mta_tax":"0.5","tip_amount":"0.95","tolls_amount":"0","improvement_surcharge":"0.3","total_amount":"5.75","congestion_surcharge":""},{"VendorID":"1","tpep_pickup_datetime":"2023-01-24 06:28:44","tpep_dropoff_datetime":"2023-09-03 06:40:48","passenger_count":"1","trip_distance":"5.40","RatecodeID":"1","store_and_fwd_flag":"N","PULocationID":"262","DOLocationID":"90","payment_type":"2","fare_amount":"16.5","extra":"0","mta_tax":"0.5","tip_amount":"0","tolls_amount":"0","improvement_surcharge":"0.3","total_amount":"17.3","congestion_surcharge":""},{"VendorID":"1","tpep_pickup_datetime":"2023-06-16 06:46:10","tpep_dropoff_datetime":"2023-06-23 06:50:42","passenger_count":"1","trip_distance":"1.40","RatecodeID":"1","store_and_fwd_flag":"N","PULocationID":"186","DOLocationID":"249","payment_type":"1","fare_amount":"6","extra":"0","mta_tax":"0.5","tip_amount":"2","tolls_amount":"0","improvement_surcharge":"0.3","total_amount":"8.8","congestion_surcharge":""},{"VendorID":"2","tpep_pickup_datetime":"2023-10-15 06:23:43","tpep_dropoff_datetime":"2023-10-30 07:00:50","passenger_count":"1","trip_distance":"15.48","RatecodeID":"5","store_and_fwd_flag":"N","PULocationID":"259","DOLocationID":"137","payment_type":"1","fare_amount":"41.57","extra":"0","mta_tax":"0","tip_amount":"0","tolls_amount":"5.76","improvement_surcharge":"0.3","total_amount":"47.63","congestion_surcharge":""},{"VendorID":"2","tpep_pickup_datetime":"2023-10-29 06:35:37","tpep_dropoff_datetime":"2023-07-10 07:04:51","passenger_count":"1","trip_distance":"6.34","RatecodeID":"5","store_and_fwd_flag":"N","PULocationID":"213","DOLocationID":"152","payment_type":"1","fare_amount":"22.38","extra":"0","mta_tax":"0.5","tip_amount":"0","tolls_amount":"0","improvement_surcharge":"0.3","total_amount":"23.18","congestion_surcharge":""},{"VendorID":"2","tpep_pickup_datetime":"2023-02-17 06:05:53","tpep_dropoff_datetime":"2023-05-20 06:15:36","passenger_count":"1","trip_distance":"3.75","RatecodeID":"1","store_and_fwd_flag":"N","PULocationID":"162","DOLocationID":"24","payment_type":"2","fare_amount":"12","extra":"0","mta_tax":"0.5","tip_amount":"0","tolls_amount":"0","improvement_surcharge":"0.3","total_amount":"12.8","congestion_surcharge":""},{"VendorID":"2","tpep_pickup_datetime":"2023-09-18 06:26:30","tpep_dropoff_datetime":"2023-03-01 06:33:44","passenger_count":"1","trip_distance":"1.47","RatecodeID":"1","store_and_fwd_flag":"N","PULocationID":"142","DOLocationID":"186","payment_type":"2","fare_amount":"7","extra":"0","mta_tax":"0.5","tip_amount":"0","tolls_amount":"0","improvement_surcharge":"0.3","total_amount":"7.8","congestion_surcharge":""},{"VendorID":"2","tpep_pickup_datetime":"2023-06-29 06:35:45","tpep_dropoff_datetime":"2023-04-11 06:42:11","passenger_count":"1","trip_distance":"1.53","RatecodeID":"1","store_and_fwd_flag":"N","PULocationID":"186","DOLocationID":"161","payment_type":"2","fare_amount":"7","extra":"0","mta_tax":"0.5","tip_amount":"0","tolls_amount":"0","improvement_surcharge":"0.3","total_amount":"7.8","congestion_surcharge":""},{"VendorID":"2","tpep_pickup_datetime":"2023-03-09 06:52:13","tpep_dropoff_datetime":"2023-12-22 06:54:29","passenger_count":"1","trip_distance":".64","RatecodeID":"1","store_and_fwd_flag":"N","PULocationID":"186","DOLocationID":"230","payment_type":"1","fare_amount":"4","extra":"0","mta_tax":"0.5","tip_amount":"1.2","tolls_amount":"0","improvement_surcharge":"0.3","total_amount":"6","congestion_surcharge":""},{"VendorID":"1","tpep_pickup_datetime":"2023-07-27 06:49:21","tpep_dropoff_datetime":"2023-03-06 06:51:37","passenger_count":"1","trip_distance":".40","RatecodeID":"1","store_and_fwd_flag":"N","PULocationID":"238","DOLocationID":"238","payment_type":"1","fare_amount":"4","extra":"0","mta_tax":"0.5","tip_amount":"0.95","tolls_amount":"0","improvement_surcharge":"0.3","total_amount":"5.75","congestion_surcharge":""},{"VendorID":"1","tpep_pickup_datetime":"2023-03-07 06:53:31","tpep_dropoff_datetime":"2023-07-16 06:56:01","passenger_count":"1","trip_distance":".90","RatecodeID":"1","store_and_fwd_flag":"N","PULocationID":"239","DOLocationID":"142","payment_type":"1","fare_amount":"4.5","extra":"0","mta_tax":"0.5","tip_amount":"1.05","tolls_amount":"0","improvement_surcharge":"0.3","total_amount":"6.35","congestion_surcharge":""},{"VendorID":"2","tpep_pickup_datetime":"2023-02-04 06:04:41","tpep_dropoff_datetime":"2023-07-27 06:55:05","passenger_count":"1","trip_distance":"18.87","RatecodeID":"2","store_and_fwd_flag":"N","PULocationID":"132","DOLocationID":"230","payment_type":"1","fare_amount":"52","extra":"0","mta_tax":"0.5","tip_amount":"0","tolls_amount":"5.76","improvement_surcharge":"0.3","total_amount":"58.56","congestion_surcharge":""},{"VendorID":"2","tpep_pickup_datetime":"2023-10-18 06:22:24","tpep_dropoff_datetime":"2023-02-10 06:25:49","passenger_count":"1","trip_distance":".97","RatecodeID":"1","store_and_fwd_flag":"N","PULocationID":"158","DOLocationID":"90","payment_type":"1","fare_amount":"5","extra":"0","mta_tax":"0.5","tip_amount":"1.16","tolls_amount":"0","improvement_surcharge":"0.3","total_amount":"6.96","congestion_surcharge":""},{"VendorID":"2","tpep_pickup_datetime":"2023-07-26 06:29:10","tpep_dropoff_datetime":"2023-09-29 06:34:11","passenger_count":"1","trip_distance":"1.07","RatecodeID":"1","store_and_fwd_flag":"N","PULocationID":"90","DOLocationID":"230","payment_type":"1","fare_amount":"6","extra":"0","mta_tax":"0.5","tip_amount":"1.36","tolls_amount":"0","improvement_surcharge":"0.3","total_amount":"8.16","congestion_surcharge":""},{"VendorID":"2","tpep_pickup_datetime":"2023-05-21 06:56:29","tpep_dropoff_datetime":"2024-01-05 07:00:14","passenger_count":"1","trip_distance":".95","RatecodeID":"1","store_and_fwd_flag":"N","PULocationID":"143","DOLocationID":"237","payment_type":"2","fare_amount":"5","extra":"0","mta_tax":"0.5","tip_amount":"0","tolls_amount":"0","improvement_surcharge":"0.3","total_amount":"5.8","congestion_surcharge":""},{"VendorID":"2","tpep_pickup_datetime":"2023-06-18 06:25:04","tpep_dropoff_datetime":"2023-04-30 06:27:41","passenger_count":"5","trip_distance":".40","RatecodeID":"1","store_and_fwd_flag":"N","PULocationID":"237","DOLocationID":"237","payment_type":"1","fare_amount":"4","extra":"0","mta_tax":"0.5","tip_amount":"0.48","tolls_amount":"0","improvement_surcharge":"0.3","total_amount":"5.28","congestion_surcharge":""},{"VendorID":"2","tpep_pickup_datetime":"2023-11-04 06:51:22","tpep_dropoff_datetime":"2023-12-21 06:57:57","passenger_count":"5","trip_distance":"1.37","RatecodeID":"1","store_and_fwd_flag":"N","PULocationID":"107","DOLocationID":"162","payment_type":"1","fare_amount":"7","extra":"0","mta_tax":"0.5","tip_amount":"1.56","tolls_amount":"0","improvement_surcharge":"0.3","total_amount":"9.36","congestion_surcharge":""},{"VendorID":"2","tpep_pickup_datetime":"2023-12-14 06:30:38","tpep_dropoff_datetime":"2023-08-04 06:35:42","passenger_count":"1","trip_distance":"1.16","RatecodeID":"1","store_and_fwd_flag":"N","PULocationID":"48","DOLocationID":"161","payment_type":"1","fare_amount":"6","extra":"0","mta_tax":"0.5","tip_amount":"1.36","tolls_amount":"0","improvement_surcharge":"0.3","total_amount":"8.16","congestion_surcharge":""},{"VendorID":"2","tpep_pickup_datetime":"2023-08-13 06:45:25","tpep_dropoff_datetime":"2023-05-07 06:50:24","passenger_count":"1","trip_distance":"1.71","RatecodeID":"1","store_and_fwd_flag":"N","PULocationID":"233","DOLocationID":"140","payment_type":"1","fare_amount":"6.5","extra":"0","mta_tax":"0.5","tip_amount":"1.46","tolls_amount":"0","improvement_surcharge":"0.3","total_amount":"8.76","congestion_surcharge":""},{"VendorID":"2","tpep_pickup_datetime":"2023-10-26 06:17:47","tpep_dropoff_datetime":"2023-04-03 06:17:52","passenger_count":"1","trip_distance":".00","RatecodeID":"1","store_and_fwd_flag":"N","PULocationID":"264","DOLocationID":"231","payment_type":"2","fare_amount":"2.5","extra":"0","mta_tax":"0.5","tip_amount":"0","tolls_amount":"0","improvement_surcharge":"0.3","total_amount":"3.3","congestion_surcharge":""},{"VendorID":"2","tpep_pickup_datetime":"2023-04-07 06:18:19","tpep_dropoff_datetime":"2023-03-07 06:18:34","passenger_count":"1","trip_distance":".00","RatecodeID":"2","store_and_fwd_flag":"N","PULocationID":"231","DOLocationID":"231","payment_type":"1","fare_amount":"52","extra":"0","mta_tax":"0.5","tip_amount":"14.64","tolls_amount":"5.76","improvement_surcharge":"0.3","total_amount":"73.2","congestion_surcharge":""},{"VendorID":"2","tpep_pickup_datetime":"2023-08-29 06:20:07","tpep_dropoff_datetime":"2023-01-22 06:20:21","passenger_count":"1","trip_distance":".00","RatecodeID":"1","store_and_fwd_flag":"N","PULocationID":"90","DOLocationID":"90","payment_type":"2","fare_amount":"2.5","extra":"0","mta_tax":"0.5","tip_amount":"0","tolls_amount":"0","improvement_surcharge":"0.3","total_amount":"3.3","congestion_surcharge":""},{"VendorID":"2","tpep_pickup_datetime":"2024-02-05 06:30:52","tpep_dropoff_datetime":"2023-12-21 06:33:49","passenger_count":"1","trip_distance":".72","RatecodeID":"1","store_and_fwd_flag":"N","PULocationID":"186","DOLocationID":"68","payment_type":"2","fare_amount":"4.5","extra":"0","mta_tax":"0.5","tip_amount":"0","tolls_amount":"0","improvement_surcharge":"0.3","total_amount":"5.3","congestion_surcharge":""},{"VendorID":"2","tpep_pickup_datetime":"2024-01-04 06:36:26","tpep_dropoff_datetime":"2023-11-08 06:38:32","passenger_count":"1","trip_distance":".81","RatecodeID":"1","store_and_fwd_flag":"N","PULocationID":"68","DOLocationID":"246","payment_type":"1","fare_amount":"4.5","extra":"0","mta_tax":"0.5","tip_amount":"1","tolls_amount":"0","improvement_surcharge":"0.3","total_amount":"6.3","congestion_surcharge":""},{"VendorID":"2","tpep_pickup_datetime":"2023-07-12 06:43:07","tpep_dropoff_datetime":"2023-11-17 06:56:32","passenger_count":"1","trip_distance":"1.48","RatecodeID":"1","store_and_fwd_flag":"N","PULocationID":"186","DOLocationID":"137","payment_type":"2","fare_amount":"10.5","extra":"0","mta_tax":"0.5","tip_amount":"0","tolls_amount":"0","improvement_surcharge":"0.3","total_amount":"11.3","congestion_surcharge":""},{"VendorID":"2","tpep_pickup_datetime":"2023-10-19 05:58:03","tpep_dropoff_datetime":"2023-09-23 06:06:18","passenger_count":"1","trip_distance":"2.46","RatecodeID":"1","store_and_fwd_flag":"N","PULocationID":"263","DOLocationID":"74","payment_type":"1","fare_amount":"9.5","extra":"0","mta_tax":"0.5","tip_amount":"1","tolls_amount":"0","improvement_surcharge":"0.3","total_amount":"11.3","congestion_surcharge":""},{"VendorID":"2","tpep_pickup_datetime":"2023-09-01 06:09:08","tpep_dropoff_datetime":"2023-12-23 06:20:19","passenger_count":"1","trip_distance":"3.20","RatecodeID":"1","store_and_fwd_flag":"N","PULocationID":"74","DOLocationID":"140","payment_type":"1","fare_amount":"11.5","extra":"0","mta_tax":"0.5","tip_amount":"3","tolls_amount":"0","improvement_surcharge":"0.3","total_amount":"15.3","congestion_surcharge":""},{"VendorID":"2","tpep_pickup_datetime":"2024-02-03 06:48:53","tpep_dropoff_datetime":"2023-07-26 06:50:38","passenger_count":"1","trip_distance":".64","RatecodeID":"1","store_and_fwd_flag":"N","PULocationID":"236","DOLocationID":"236","payment_type":"2","fare_amount":"4","extra":"0","mta_tax":"0.5","tip_amount":"0","tolls_amount":"0","improvement_surcharge":"0.3","total_amount":"4.8","congestion_surcharge":""},{"VendorID":"2","tpep_pickup_datetime":"2023-02-27 06:53:17","tpep_dropoff_datetime":"2023-03-01 06:59:15","passenger_count":"1","trip_distance":"1.86","RatecodeID":"1","store_and_fwd_flag":"N","PULocationID":"236","DOLocationID":"161","payment_type":"2","fare_amount":"7.5","extra":"0","mta_tax":"0.5","tip_amount":"0","tolls_amount":"0","improvement_surcharge":"0.3","total_amount":"8.3","congestion_surcharge":""},{"VendorID":"1","tpep_pickup_datetime":"2023-05-19 06:21:42","tpep_dropoff_datetime":"2023-12-25 06:35:24","passenger_count":"1","trip_distance":"3.50","RatecodeID":"1","store_and_fwd_flag":"N","PULocationID":"65","DOLocationID":"107","payment_type":"1","fare_amount":"14","extra":"0","mta_tax":"0.5","tip_amount":"2.95","tolls_amount":"0","improvement_surcharge":"0.3","total_amount":"17.75","congestion_surcharge":""},{"VendorID":"1","tpep_pickup_datetime":"2024-01-26 06:37:05","tpep_dropoff_datetime":"2023-03-03 06:40:42","passenger_count":"1","trip_distance":".70","RatecodeID":"1","store_and_fwd_flag":"N","PULocationID":"107","DOLocationID":"170","payment_type":"1","fare_amount":"5","extra":"0","mta_tax":"0.5","tip_amount":"1.15","tolls_amount":"0","improvement_surcharge":"0.3","total_amount":"6.95","congestion_surcharge":""},{"VendorID":"1","tpep_pickup_datetime":"2023-11-21 06:55:41","tpep_dropoff_datetime":"2023-10-30 07:06:13","passenger_count":"1","trip_distance":"4.80","RatecodeID":"1","store_and_fwd_flag":"N","PULocationID":"162","DOLocationID":"209","payment_type":"2","fare_amount":"15.5","extra":"0","mta_tax":"0.5","tip_amount":"0","tolls_amount":"0","improvement_surcharge":"0.3","total_amount":"16.3","congestion_surcharge":""},{"VendorID":"1","tpep_pickup_datetime":"2023-03-31 06:21:13","tpep_dropoff_datetime":"2023-06-06 06:25:31","passenger_count":"1","trip_distance":"1.80","RatecodeID":"1","store_and_fwd_flag":"N","PULocationID":"263","DOLocationID":"74","payment_type":"2","fare_amount":"7","extra":"0","mta_tax":"0.5","tip_amount":"0","tolls_amount":"0","improvement_surcharge":"0.3","total_amount":"7.8","congestion_surcharge":""},{"VendorID":"1","tpep_pickup_datetime":"2023-04-20 06:33:32","tpep_dropoff_datetime":"2024-01-26 06:45:18","passenger_count":"1","trip_distance":"4.40","RatecodeID":"1","store_and_fwd_flag":"N","PULocationID":"74","DOLocationID":"244","payment_type":"2","fare_amount":"15","extra":"0","mta_tax":"0.5","tip_amount":"0","tolls_amount":"0","improvement_surcharge":"0.3","total_amount":"15.8","congestion_surcharge":""},{"VendorID":"2","tpep_pickup_datetime":"2023-01-02 06:15:42","tpep_dropoff_datetime":"2023-03-31 06:23:16","passenger_count":"1","trip_distance":"1.92","RatecodeID":"1","store_and_fwd_flag":"N","PULocationID":"234","DOLocationID":"162","payment_type":"1","fare_amount":"8.5","extra":"0","mta_tax":"0.5","tip_amount":"1.86","tolls_amount":"0","improvement_surcharge":"0.3","total_amount":"11.16","congestion_surcharge":""},{"VendorID":"2","tpep_pickup_datetime":"2023-05-01 06:39:09","tpep_dropoff_datetime":"2023-11-27 06:45:26","passenger_count":"1","trip_distance":"1.34","RatecodeID":"1","store_and_fwd_flag":"N","PULocationID":"233","DOLocationID":"161","payment_type":"1","fare_amount":"6.5","extra":"0","mta_tax":"0.5","tip_amount":"1","tolls_amount":"0","improvement_surcharge":"0.3","total_amount":"8.3","congestion_surcharge":""},{"VendorID":"2","tpep_pickup_datetime":"2023-05-01 06:50:14","tpep_dropoff_datetime":"2023-02-24 06:54:39","passenger_count":"1","trip_distance":".67","RatecodeID":"1","store_and_fwd_flag":"N","PULocationID":"100","DOLocationID":"230","payment_type":"1","fare_amount":"5","extra":"0","mta_tax":"0.5","tip_amount":"1.45","tolls_amount":"0","improvement_surcharge":"0.3","total_amount":"7.25","congestion_surcharge":""},{"VendorID":"2","tpep_pickup_datetime":"2024-01-01 06:50:51","tpep_dropoff_datetime":"2023-01-28 07:48:37","passenger_count":"6","trip_distance":"18.22","RatecodeID":"2","store_and_fwd_flag":"N","PULocationID":"132","DOLocationID":"48","payment_type":"1","fare_amount":"52","extra":"0","mta_tax":"0.5","tip_amount":"11.71","tolls_amount":"5.76","improvement_surcharge":"0.3","total_amount":"70.27","congestion_surcharge":""},{"VendorID":"1","tpep_pickup_datetime":"2023-01-23 06:50:21","tpep_dropoff_datetime":"2023-05-28 06:53:27","passenger_count":"1","trip_distance":".50","RatecodeID":"1","store_and_fwd_flag":"N","PULocationID":"41","DOLocationID":"75","payment_type":"1","fare_amount":"4.5","extra":"0","mta_tax":"0.5","tip_amount":"0","tolls_amount":"0","improvement_surcharge":"0.3","total_amount":"5.3","congestion_surcharge":""},{"VendorID":"2","tpep_pickup_datetime":"2023-01-15 06:25:15","tpep_dropoff_datetime":"2023-03-24 06:41:03","passenger_count":"1","trip_distance":"8.93","RatecodeID":"1","store_and_fwd_flag":"N","PULocationID":"170","DOLocationID":"138","payment_type":"1","fare_amount":"25.5","extra":"0","mta_tax":"0.5","tip_amount":"4.81","tolls_amount":"5.76","improvement_surcharge":"0.3","total_amount":"36.87","congestion_surcharge":""},{"VendorID":"2","tpep_pickup_datetime":"2023-01-23 06:23:58","tpep_dropoff_datetime":"2023-11-24 06:27:46","passenger_count":"5","trip_distance":".66","RatecodeID":"1","store_and_fwd_flag":"N","PULocationID":"140","DOLocationID":"236","payment_type":"1","fare_amount":"5","extra":"0","mta_tax":"0.5","tip_amount":"1.16","tolls_amount":"0","improvement_surcharge":"0.3","total_amount":"6.96","congestion_surcharge":""},{"VendorID":"2","tpep_pickup_datetime":"2023-04-16 06:13:47","tpep_dropoff_datetime":"2023-01-30 06:25:23","passenger_count":"6","trip_distance":"3.52","RatecodeID":"1","store_and_fwd_flag":"N","PULocationID":"141","DOLocationID":"74","payment_type":"1","fare_amount":"12.5","extra":"0","mta_tax":"0.5","tip_amount":"1.33","tolls_amount":"0","improvement_surcharge":"0.3","total_amount":"14.63","congestion_surcharge":""},{"VendorID":"2","tpep_pickup_datetime":"2023-12-15 06:43:23","tpep_dropoff_datetime":"2024-01-21 06:47:02","passenger_count":"6","trip_distance":"1.08","RatecodeID":"1","store_and_fwd_flag":"N","PULocationID":"229","DOLocationID":"141","payment_type":"2","fare_amount":"5","extra":"0","mta_tax":"0.5","tip_amount":"0","tolls_amount":"0","improvement_surcharge":"0.3","total_amount":"5.8","congestion_surcharge":""},{"VendorID":"2","tpep_pickup_datetime":"2023-03-25 06:50:47","tpep_dropoff_datetime":"2024-01-02 06:54:17","passenger_count":"6","trip_distance":".79","RatecodeID":"1","store_and_fwd_flag":"N","PULocationID":"263","DOLocationID":"75","payment_type":"2","fare_amount":"4.5","extra":"0","mta_tax":"0.5","tip_amount":"0","tolls_amount":"0","improvement_surcharge":"0.3","total_amount":"5.3","congestion_surcharge":""},{"VendorID":"2","tpep_pickup_datetime":"2023-07-18 06:55:56","tpep_dropoff_datetime":"2024-01-31 07:04:29","passenger_count":"6","trip_distance":"2.20","RatecodeID":"1","store_and_fwd_flag":"N","PULocationID":"75","DOLocationID":"237","payment_type":"1","fare_amount":"9","extra":"0","mta_tax":"0.5","tip_amount":"4","tolls_amount":"0","improvement_surcharge":"0.3","total_amount":"13.8","congestion_surcharge":""},{"VendorID":"1","tpep_pickup_datetime":"2023-04-19 06:08:21","tpep_dropoff_datetime":"2023-09-18 06:16:37","passenger_count":"1","trip_distance":"1.90","RatecodeID":"1","store_and_fwd_flag":"N","PULocationID":"140","DOLocationID":"75","payment_type":"1","fare_amount":"8.5","extra":"0","mta_tax":"0.5","tip_amount":"1.85","tolls_amount":"0","improvement_surcharge":"0.3","total_amount":"11.15","congestion_surcharge":""},{"VendorID":"1","tpep_pickup_datetime":"2024-02-04 06:27:54","tpep_dropoff_datetime":"2023-12-15 06:30:25","passenger_count":"0","trip_distance":"1.00","RatecodeID":"1","store_and_fwd_flag":"N","PULocationID":"262","DOLocationID":"140","payment_type":"1","fare_amount":"5","extra":"0","mta_tax":"0.5","tip_amount":"1","tolls_amount":"0","improvement_surcharge":"0.3","total_amount":"6.8","congestion_surcharge":""},{"VendorID":"1","tpep_pickup_datetime":"2023-06-15 06:40:36","tpep_dropoff_datetime":"2024-01-24 06:47:19","passenger_count":"0","trip_distance":"1.60","RatecodeID":"1","store_and_fwd_flag":"N","PULocationID":"262","DOLocationID":"239","payment_type":"1","fare_amount":"7.5","extra":"0","mta_tax":"0.5","tip_amount":"1.65","tolls_amount":"0","improvement_surcharge":"0.3","total_amount":"9.95","congestion_surcharge":""},{"VendorID":"2","tpep_pickup_datetime":"2023-11-23 06:24:58","tpep_dropoff_datetime":"2024-01-03 07:09:43","passenger_count":"1","trip_distance":"17.66","RatecodeID":"5","store_and_fwd_flag":"N","PULocationID":"32","DOLocationID":"231","payment_type":"1","fare_amount":"47.72","extra":"0","mta_tax":"0.5","tip_amount":"0","tolls_amount":"0","improvement_surcharge":"0.3","total_amount":"48.52","congestion_surcharge":""},{"VendorID":"1","tpep_pickup_datetime":"2023-09-20 06:38:45","tpep_dropoff_datetime":"2023-11-29 06:48:53","passenger_count":"1","trip_distance":"1.70","RatecodeID":"1","store_and_fwd_flag":"N","PULocationID":"50","DOLocationID":"161","payment_type":"1","fare_amount":"8.5","extra":"0","mta_tax":"0.5","tip_amount":"1.86","tolls_amount":"0","improvement_surcharge":"0.3","total_amount":"11.16","congestion_surcharge":""},{"VendorID":"1","tpep_pickup_datetime":"2023-12-08 06:51:29","tpep_dropoff_datetime":"2023-03-01 06:54:09","passenger_count":"1","trip_distance":".40","RatecodeID":"1","store_and_fwd_flag":"N","PULocationID":"161","DOLocationID":"230","payment_type":"1","fare_amount":"4","extra":"0","mta_tax":"0.5","tip_amount":"0.95","tolls_amount":"0","improvement_surcharge":"0.3","total_amount":"5.75","congestion_surcharge":""},{"VendorID":"2","tpep_pickup_datetime":"2023-06-15 06:57:32","tpep_dropoff_datetime":"2023-12-08 07:07:18","passenger_count":"2","trip_distance":"1.86","RatecodeID":"1","store_and_fwd_flag":"N","PULocationID":"142","DOLocationID":"186","payment_type":"1","fare_amount":"9","extra":"0","mta_tax":"0.5","tip_amount":"2.94","tolls_amount":"0","improvement_surcharge":"0.3","total_amount":"12.74","congestion_surcharge":""},{"VendorID":"2","tpep_pickup_datetime":"2023-03-23 06:16:03","tpep_dropoff_datetime":"2023-02-19 06:27:54","passenger_count":"1","trip_distance":"2.94","RatecodeID":"1","store_and_fwd_flag":"N","PULocationID":"186","DOLocationID":"13","payment_type":"1","fare_amount":"11","extra":"0","mta_tax":"0.5","tip_amount":"1.77","tolls_amount":"0","improvement_surcharge":"0.3","total_amount":"13.57","congestion_surcharge":""},{"VendorID":"2","tpep_pickup_datetime":"2023-01-15 06:34:30","tpep_dropoff_datetime":"2023-08-23 06:51:21","passenger_count":"1","trip_distance":"4.01","RatecodeID":"1","store_and_fwd_flag":"N","PULocationID":"13","DOLocationID":"230","payment_type":"1","fare_amount":"15.5","extra":"0","mta_tax":"0.5","tip_amount":"1.5","tolls_amount":"0","improvement_surcharge":"0.3","total_amount":"17.8","congestion_surcharge":""},{"VendorID":"1","tpep_pickup_datetime":"2023-06-27 06:40:32","tpep_dropoff_datetime":"2023-04-30 06:55:12","passenger_count":"1","trip_distance":"2.40","RatecodeID":"1","store_and_fwd_flag":"N","PULocationID":"107","DOLocationID":"246","payment_type":"1","fare_amount":"12","extra":"0","mta_tax":"0.5","tip_amount":"2","tolls_amount":"0","improvement_surcharge":"0.3","total_amount":"14.8","congestion_surcharge":""},{"VendorID":"2","tpep_pickup_datetime":"2023-03-02 06:40:15","tpep_dropoff_datetime":"2024-01-28 07:47:53","passenger_count":"1","trip_distance":"20.06","RatecodeID":"2","store_and_fwd_flag":"N","PULocationID":"132","DOLocationID":"125","payment_type":"1","fare_amount":"52","extra":"0","mta_tax":"0.5","tip_amount":"11.71","tolls_amount":"5.76","improvement_surcharge":"0.3","total_amount":"70.27","congestion_surcharge":""},{"VendorID":"2","tpep_pickup_datetime":"2023-07-23 06:35:05","tpep_dropoff_datetime":"2023-11-26 07:08:46","passenger_count":"1","trip_distance":"11.55","RatecodeID":"1","store_and_fwd_flag":"N","PULocationID":"132","DOLocationID":"138","payment_type":"1","fare_amount":"35","extra":"0","mta_tax":"0.5","tip_amount":"8.95","tolls_amount":"0","improvement_surcharge":"0.3","total_amount":"44.75","congestion_surcharge":""},{"VendorID":"2","tpep_pickup_datetime":"2023-08-10 06:10:47","tpep_dropoff_datetime":"2023-04-01 06:24:31","passenger_count":"1","trip_distance":"6.30","RatecodeID":"1","store_and_fwd_flag":"N","PULocationID":"138","DOLocationID":"74","payment_type":"2","fare_amount":"19.5","extra":"0","mta_tax":"0.5","tip_amount":"0","tolls_amount":"0","improvement_surcharge":"0.3","total_amount":"20.3","congestion_surcharge":""},{"VendorID":"2","tpep_pickup_datetime":"2023-07-31 06:46:16","tpep_dropoff_datetime":"2023-08-10 06:51:23","passenger_count":"1","trip_distance":"1.19","RatecodeID":"1","store_and_fwd_flag":"N","PULocationID":"170","DOLocationID":"90","payment_type":"1","fare_amount":"6","extra":"0","mta_tax":"0.5","tip_amount":"1.36","tolls_amount":"0","improvement_surcharge":"0.3","total_amount":"8.16","congestion_surcharge":""},{"VendorID":"2","tpep_pickup_datetime":"2023-05-07 06:58:34","tpep_dropoff_datetime":"2023-02-15 07:05:37","passenger_count":"1","trip_distance":"1.38","RatecodeID":"1","store_and_fwd_flag":"N","PULocationID":"186","DOLocationID":"161","payment_type":"1","fare_amount":"7","extra":"0","mta_tax":"0.5","tip_amount":"1.56","tolls_amount":"0","improvement_surcharge":"0.3","total_amount":"9.36","congestion_surcharge":""},{"VendorID":"1","tpep_pickup_datetime":"2023-10-17 06:37:47","tpep_dropoff_datetime":"2023-07-28 07:10:05","passenger_count":"3","trip_distance":"18.30","RatecodeID":"3","store_and_fwd_flag":"N","PULocationID":"161","DOLocationID":"1","payment_type":"2","fare_amount":"67","extra":"0","mta_tax":"0","tip_amount":"0","tolls_amount":"18","improvement_surcharge":"0.3","total_amount":"85.3","congestion_surcharge":""},{"VendorID":"1","tpep_pickup_datetime":"2023-09-01 06:13:06","tpep_dropoff_datetime":"2023-05-01 06:22:09","passenger_count":"1","trip_distance":"2.40","RatecodeID":"1","store_and_fwd_flag":"N","PULocationID":"141","DOLocationID":"230","payment_type":"2","fare_amount":"9.5","extra":"0","mta_tax":"0.5","tip_amount":"0","tolls_amount":"0","improvement_surcharge":"0.3","total_amount":"10.3","congestion_surcharge":""},{"VendorID":"1","tpep_pickup_datetime":"2023-10-08 06:24:54","tpep_dropoff_datetime":"2023-06-08 06:25:54","passenger_count":"1","trip_distance":".30","RatecodeID":"1","store_and_fwd_flag":"N","PULocationID":"48","DOLocationID":"163","payment_type":"1","fare_amount":"3","extra":"0","mta_tax":"0.5","tip_amount":"0.9","tolls_amount":"0","improvement_surcharge":"0.3","total_amount":"4.7","congestion_surcharge":""},{"VendorID":"1","tpep_pickup_datetime":"2024-01-18 06:39:28","tpep_dropoff_datetime":"2023-04-18 06:51:19","passenger_count":"1","trip_distance":"5.30","RatecodeID":"1","store_and_fwd_flag":"N","PULocationID":"143","DOLocationID":"244","payment_type":"1","fare_amount":"17","extra":"0","mta_tax":"0.5","tip_amount":"1.78","tolls_amount":"0","improvement_surcharge":"0.3","total_amount":"19.58","congestion_surcharge":""},{"VendorID":"1","tpep_pickup_datetime":"2023-06-04 06:59:49","tpep_dropoff_datetime":"2024-01-18 07:03:09","passenger_count":"1","trip_distance":".80","RatecodeID":"1","store_and_fwd_flag":"N","PULocationID":"24","DOLocationID":"238","payment_type":"1","fare_amount":"5","extra":"0","mta_tax":"0.5","tip_amount":"1.15","tolls_amount":"0","improvement_surcharge":"0.3","total_amount":"6.95","congestion_surcharge":""},{"VendorID":"4","tpep_pickup_datetime":"2023-07-17 06:28:14","tpep_dropoff_datetime":"2023-02-26 07:18:52","passenger_count":"1","trip_distance":"18.04","RatecodeID":"2","store_and_fwd_flag":"N","PULocationID":"132","DOLocationID":"41","payment_type":"1","fare_amount":"52","extra":"0","mta_tax":"0.5","tip_amount":"11.71","tolls_amount":"5.76","improvement_surcharge":"0.3","total_amount":"70.27","congestion_surcharge":""},{"VendorID":"2","tpep_pickup_datetime":"2023-04-11 06:31:59","tpep_dropoff_datetime":"2023-05-26 06:40:25","passenger_count":"2","trip_distance":"2.00","RatecodeID":"1","store_and_fwd_flag":"N","PULocationID":"100","DOLocationID":"234","payment_type":"2","fare_amount":"8.5","extra":"0","mta_tax":"0.5","tip_amount":"0","tolls_amount":"0","improvement_surcharge":"0.3","total_amount":"9.3","congestion_surcharge":""},{"VendorID":"2","tpep_pickup_datetime":"2024-01-13 06:45:19","tpep_dropoff_datetime":"2023-09-11 06:49:40","passenger_count":"2","trip_distance":"1.12","RatecodeID":"1","store_and_fwd_flag":"N","PULocationID":"234","DOLocationID":"162","payment_type":"2","fare_amount":"5.5","extra":"0","mta_tax":"0.5","tip_amount":"0","tolls_amount":"0","improvement_surcharge":"0.3","total_amount":"6.3","congestion_surcharge":""},{"VendorID":"2","tpep_pickup_datetime":"2023-04-25 06:50:37","tpep_dropoff_datetime":"2023-04-07 06:59:07","passenger_count":"2","trip_distance":"1.74","RatecodeID":"1","store_and_fwd_flag":"N","PULocationID":"162","DOLocationID":"141","payment_type":"2","fare_amount":"8.5","extra":"0","mta_tax":"0.5","tip_amount":"0","tolls_amount":"0","improvement_surcharge":"0.3","total_amount":"9.3","congestion_surcharge":""},{"VendorID":"1","tpep_pickup_datetime":"2023-01-24 06:09:28","tpep_dropoff_datetime":"2023-03-09 08:03:18","passenger_count":"3","trip_distance":"17.50","RatecodeID":"1","store_and_fwd_flag":"N","PULocationID":"132","DOLocationID":"66","payment_type":"1","fare_amount":"76.5","extra":"0","mta_tax":"0.5","tip_amount":"10","tolls_amount":"0","improvement_surcharge":"0.3","total_amount":"87.3","congestion_surcharge":""},{"VendorID":"2","tpep_pickup_datetime":"2023-02-03 06:13:04","tpep_dropoff_datetime":"2023-03-02 06:38:08","passenger_count":"2","trip_distance":"17.61","RatecodeID":"2","store_and_fwd_flag":"N","PULocationID":"148","DOLocationID":"132","payment_type":"2","fare_amount":"52","extra":"0","mta_tax":"0.5","tip_amount":"0","tolls_amount":"0","improvement_surcharge":"0.3","total_amount":"52.8","congestion_surcharge":""},{"VendorID":"1","tpep_pickup_datetime":"2023-12-29 06:50:07","tpep_dropoff_datetime":"2023-05-16 06:59:35","passenger_count":"1","trip_distance":"2.10","RatecodeID":"1","store_and_fwd_flag":"N","PULocationID":"236","DOLocationID":"142","payment_type":"1","fare_amount":"9.5","extra":"0","mta_tax":"0.5","tip_amount":"0.52","tolls_amount":"0","improvement_surcharge":"0.3","total_amount":"10.82","congestion_surcharge":""},{"VendorID":"1","tpep_pickup_datetime":"2023-08-04 06:37:11","tpep_dropoff_datetime":"2023-12-27 06:53:58","passenger_count":"1","trip_distance":"2.70","RatecodeID":"1","store_and_fwd_flag":"N","PULocationID":"48","DOLocationID":"224","payment_type":"2","fare_amount":"13","extra":"0","mta_tax":"0.5","tip_amount":"0","tolls_amount":"0","improvement_surcharge":"0.3","total_amount":"13.8","congestion_surcharge":""},{"VendorID":"1","tpep_pickup_datetime":"2023-04-16 06:58:51","tpep_dropoff_datetime":"2023-08-01 07:01:09","passenger_count":"1","trip_distance":".40","RatecodeID":"1","store_and_fwd_flag":"N","PULocationID":"107","DOLocationID":"107","payment_type":"2","fare_amount":"3.5","extra":"0","mta_tax":"0.5","tip_amount":"0","tolls_amount":"0","improvement_surcharge":"0.3","total_amount":"4.3","congestion_surcharge":""},{"VendorID":"2","tpep_pickup_datetime":"2023-04-01 06:06:26","tpep_dropoff_datetime":"2023-02-02 06:20:35","passenger_count":"1","trip_distance":"9.42","RatecodeID":"1","store_and_fwd_flag":"N","PULocationID":"137","DOLocationID":"93","payment_type":"1","fare_amount":"26","extra":"0","mta_tax":"0.5","tip_amount":"6.51","tolls_amount":"5.76","improvement_surcharge":"0.3","total_amount":"39.07","congestion_surcharge":""},{"VendorID":"2","tpep_pickup_datetime":"2023-09-17 06:50:27","tpep_dropoff_datetime":"2023-11-14 06:54:17","passenger_count":"1","trip_distance":"1.01","RatecodeID":"1","store_and_fwd_flag":"N","PULocationID":"170","DOLocationID":"107","payment_type":"1","fare_amount":"5","extra":"0","mta_tax":"0.5","tip_amount":"1.16","tolls_amount":"0","improvement_surcharge":"0.3","total_amount":"6.96","congestion_surcharge":""},{"VendorID":"2","tpep_pickup_datetime":"2023-07-31 06:37:12","tpep_dropoff_datetime":"2023-06-20 06:52:09","passenger_count":"1","trip_distance":"1.48","RatecodeID":"1","store_and_fwd_flag":"N","PULocationID":"50","DOLocationID":"161","payment_type":"2","fare_amount":"11","extra":"0","mta_tax":"0.5","tip_amount":"0","tolls_amount":"0","improvement_surcharge":"0.3","total_amount":"11.8","congestion_surcharge":""},{"VendorID":"1","tpep_pickup_datetime":"2023-08-16 06:11:35","tpep_dropoff_datetime":"2023-08-19 06:12:46","passenger_count":"1","trip_distance":".40","RatecodeID":"1","store_and_fwd_flag":"N","PULocationID":"137","DOLocationID":"170","payment_type":"1","fare_amount":"3.5","extra":"0","mta_tax":"0.5","tip_amount":"0.85","tolls_amount":"0","improvement_surcharge":"0.3","total_amount":"5.15","congestion_surcharge":""},{"VendorID":"1","tpep_pickup_datetime":"2023-06-29 06:34:26","tpep_dropoff_datetime":"2024-01-02 06:47:54","passenger_count":"1","trip_distance":"3.60","RatecodeID":"1","store_and_fwd_flag":"N","PULocationID":"236","DOLocationID":"186","payment_type":"2","fare_amount":"13","extra":"0","mta_tax":"0.5","tip_amount":"0","tolls_amount":"0","improvement_surcharge":"0.3","total_amount":"13.8","congestion_surcharge":""},{"VendorID":"1","tpep_pickup_datetime":"2023-04-01 06:56:00","tpep_dropoff_datetime":"2023-02-19 07:06:00","passenger_count":"1","trip_distance":"2.10","RatecodeID":"1","store_and_fwd_flag":"N","PULocationID":"107","DOLocationID":"230","payment_type":"1","fare_amount":"9","extra":"0","mta_tax":"0.5","tip_amount":"1.2","tolls_amount":"0","improvement_surcharge":"0.3","total_amount":"11","congestion_surcharge":""},{"VendorID":"2","tpep_pickup_datetime":"2023-06-26 06:21:01","tpep_dropoff_datetime":"2023-11-22 06:29:06","passenger_count":"5","trip_distance":"1.68","RatecodeID":"1","store_and_fwd_flag":"N","PULocationID":"140","DOLocationID":"163","payment_type":"1","fare_amount":"8","extra":"0","mta_tax":"0.5","tip_amount":"2.2","tolls_amount":"0","improvement_surcharge":"0.3","total_amount":"11","congestion_surcharge":""},{"VendorID":"2","tpep_pickup_datetime":"2023-11-06 06:47:06","tpep_dropoff_datetime":"2023-11-14 07:01:02","passenger_count":"5","trip_distance":"2.78","RatecodeID":"1","store_and_fwd_flag":"N","PULocationID":"262","DOLocationID":"161","payment_type":"1","fare_amount":"12","extra":"0","mta_tax":"0.5","tip_amount":"1","tolls_amount":"0","improvement_surcharge":"0.3","total_amount":"13.8","congestion_surcharge":""},{"VendorID":"2","tpep_pickup_datetime":"2023-05-10 06:46:43","tpep_dropoff_datetime":"2023-10-09 06:51:50","passenger_count":"1","trip_distance":"1.09","RatecodeID":"1","store_and_fwd_flag":"N","PULocationID":"234","DOLocationID":"211","payment_type":"1","fare_amount":"6","extra":"0","mta_tax":"0.5","tip_amount":"1.25","tolls_amount":"0","improvement_surcharge":"0.3","total_amount":"8.05","congestion_surcharge":""},{"VendorID":"2","tpep_pickup_datetime":"2023-11-14 06:23:39","tpep_dropoff_datetime":"2023-12-30 06:28:11","passenger_count":"1","trip_distance":".87","RatecodeID":"1","store_and_fwd_flag":"N","PULocationID":"137","DOLocationID":"233","payment_type":"1","fare_amount":"5.5","extra":"0","mta_tax":"0.5","tip_amount":"1.26","tolls_amount":"0","improvement_surcharge":"0.3","total_amount":"7.56","congestion_surcharge":""},{"VendorID":"2","tpep_pickup_datetime":"2023-05-29 06:37:48","tpep_dropoff_datetime":"2023-11-04 06:43:42","passenger_count":"1","trip_distance":".49","RatecodeID":"1","store_and_fwd_flag":"N","PULocationID":"186","DOLocationID":"68","payment_type":"2","fare_amount":"5.5","extra":"0","mta_tax":"0.5","tip_amount":"0","tolls_amount":"0","improvement_surcharge":"0.3","total_amount":"6.3","congestion_surcharge":""},{"VendorID":"2","tpep_pickup_datetime":"2023-07-02 06:51:51","tpep_dropoff_datetime":"2023-07-10 07:05:22","passenger_count":"1","trip_distance":"3.94","RatecodeID":"1","store_and_fwd_flag":"N","PULocationID":"48","DOLocationID":"75","payment_type":"2","fare_amount":"14","extra":"0","mta_tax":"0.5","tip_amount":"0","tolls_amount":"0","improvement_surcharge":"0.3","total_amount":"14.8","congestion_surcharge":""},{"VendorID":"1","tpep_pickup_datetime":"2023-08-08 06:51:36","tpep_dropoff_datetime":"2023-08-21 06:53:32","passenger_count":"1","trip_distance":".60","RatecodeID":"1","store_and_fwd_flag":"N","PULocationID":"164","DOLocationID":"234","payment_type":"1","fare_amount":"4","extra":"0","mta_tax":"0.5","tip_amount":"1.15","tolls_amount":"0","improvement_surcharge":"0.3","total_amount":"5.95","congestion_surcharge":""},{"VendorID":"1","tpep_pickup_datetime":"2023-11-22 06:58:49","tpep_dropoff_datetime":"2023-01-22 07:08:27","passenger_count":"1","trip_distance":"2.30","RatecodeID":"1","store_and_fwd_flag":"N","PULocationID":"113","DOLocationID":"13","payment_type":"1","fare_amount":"10","extra":"0","mta_tax":"0.5","tip_amount":"2.7","tolls_amount":"0","improvement_surcharge":"0.3","total_amount":"13.5","congestion_surcharge":""},{"VendorID":"1","tpep_pickup_datetime":"2023-10-11 06:08:28","tpep_dropoff_datetime":"2023-07-26 06:16:59","passenger_count":"1","trip_distance":"2.40","RatecodeID":"1","store_and_fwd_flag":"N","PULocationID":"48","DOLocationID":"234","payment_type":"1","fare_amount":"9","extra":"0","mta_tax":"0.5","tip_amount":"1.95","tolls_amount":"0","improvement_surcharge":"0.3","total_amount":"11.75","congestion_surcharge":""},{"VendorID":"1","tpep_pickup_datetime":"2023-08-24 06:37:14","tpep_dropoff_datetime":"2023-09-08 06:48:49","passenger_count":"1","trip_distance":"2.90","RatecodeID":"1","store_and_fwd_flag":"N","PULocationID":"234","DOLocationID":"237","payment_type":"1","fare_amount":"11","extra":"0","mta_tax":"0.5","tip_amount":"0.94","tolls_amount":"0","improvement_surcharge":"0.3","total_amount":"12.74","congestion_surcharge":""},{"VendorID":"1","tpep_pickup_datetime":"2023-05-15 06:52:14","tpep_dropoff_datetime":"2023-10-10 06:56:52","passenger_count":"1","trip_distance":"1.10","RatecodeID":"1","store_and_fwd_flag":"N","PULocationID":"237","DOLocationID":"161","payment_type":"1","fare_amount":"6","extra":"0","mta_tax":"0.5","tip_amount":"1","tolls_amount":"0","improvement_surcharge":"0.3","total_amount":"7.8","congestion_surcharge":""},{"VendorID":"1","tpep_pickup_datetime":"2023-08-31 06:32:09","tpep_dropoff_datetime":"2024-01-05 06:35:55","passenger_count":"1","trip_distance":".70","RatecodeID":"1","store_and_fwd_flag":"N","PULocationID":"13","DOLocationID":"231","payment_type":"1","fare_amount":"5","extra":"0","mta_tax":"0.5","tip_amount":"1.15","tolls_amount":"0","improvement_surcharge":"0.3","total_amount":"6.95","congestion_surcharge":""},{"VendorID":"1","tpep_pickup_datetime":"2023-11-29 06:42:24","tpep_dropoff_datetime":"2023-03-20 07:05:18","passenger_count":"1","trip_distance":"11.50","RatecodeID":"1","store_and_fwd_flag":"N","PULocationID":"231","DOLocationID":"138","payment_type":"1","fare_amount":"33.5","extra":"0","mta_tax":"0.5","tip_amount":"8.55","tolls_amount":"0","improvement_surcharge":"0.3","total_amount":"42.85","congestion_surcharge":""},{"VendorID":"2","tpep_pickup_datetime":"2023-12-15 06:49:27","tpep_dropoff_datetime":"2024-01-05 06:53:29","passenger_count":"2","trip_distance":".53","RatecodeID":"1","store_and_fwd_flag":"N","PULocationID":"161","DOLocationID":"230","payment_type":"2","fare_amount":"5","extra":"0","mta_tax":"0.5","tip_amount":"0","tolls_amount":"0","improvement_surcharge":"0.3","total_amount":"5.8","congestion_surcharge":""},{"VendorID":"2","tpep_pickup_datetime":"2023-07-23 06:25:51","tpep_dropoff_datetime":"2023-09-25 06:39:58","passenger_count":"1","trip_distance":"2.27","RatecodeID":"1","store_and_fwd_flag":"N","PULocationID":"170","DOLocationID":"50","payment_type":"1","fare_amount":"11.5","extra":"0","mta_tax":"0.5","tip_amount":"1","tolls_amount":"0","improvement_surcharge":"0.3","total_amount":"13.3","congestion_surcharge":""},{"VendorID":"2","tpep_pickup_datetime":"2023-06-01 06:46:59","tpep_dropoff_datetime":"2023-10-16 06:59:59","passenger_count":"1","trip_distance":"3.31","RatecodeID":"1","store_and_fwd_flag":"N","PULocationID":"238","DOLocationID":"68","payment_type":"1","fare_amount":"12.5","extra":"0","mta_tax":"0.5","tip_amount":"2.22","tolls_amount":"0","improvement_surcharge":"0.3","total_amount":"15.52","congestion_surcharge":""},{"VendorID":"1","tpep_pickup_datetime":"2023-12-27 06:50:46","tpep_dropoff_datetime":"2023-04-12 06:54:03","passenger_count":"0","trip_distance":".40","RatecodeID":"1","store_and_fwd_flag":"N","PULocationID":"75","DOLocationID":"75","payment_type":"1","fare_amount":"4.5","extra":"0","mta_tax":"0.5","tip_amount":"0","tolls_amount":"0","improvement_surcharge":"0.3","total_amount":"5.3","congestion_surcharge":""},{"VendorID":"2","tpep_pickup_datetime":"2023-04-21 06:52:04","tpep_dropoff_datetime":"2023-10-24 06:56:06","passenger_count":"5","trip_distance":".94","RatecodeID":"1","store_and_fwd_flag":"N","PULocationID":"236","DOLocationID":"141","payment_type":"1","fare_amount":"5","extra":"0","mta_tax":"0.5","tip_amount":"1.16","tolls_amount":"0","improvement_surcharge":"0.3","total_amount":"6.96","congestion_surcharge":""},{"VendorID":"2","tpep_pickup_datetime":"2023-07-25 06:38:52","tpep_dropoff_datetime":"2023-07-26 07:29:37","passenger_count":"1","trip_distance":"18.36","RatecodeID":"2","store_and_fwd_flag":"N","PULocationID":"132","DOLocationID":"42","payment_type":"1","fare_amount":"52","extra":"0","mta_tax":"0.5","tip_amount":"5","tolls_amount":"5.76","improvement_surcharge":"0.3","total_amount":"63.56","congestion_surcharge":""},{"VendorID":"2","tpep_pickup_datetime":"2023-06-02 06:15:50","tpep_dropoff_datetime":"2023-10-23 06:21:20","passenger_count":"1","trip_distance":"2.43","RatecodeID":"1","store_and_fwd_flag":"N","PULocationID":"262","DOLocationID":"137","payment_type":"1","fare_amount":"8.5","extra":"0","mta_tax":"0.5","tip_amount":"1.86","tolls_amount":"0","improvement_surcharge":"0.3","total_amount":"11.16","congestion_surcharge":""},{"VendorID":"2","tpep_pickup_datetime":"2023-01-30 06:35:42","tpep_dropoff_datetime":"2023-09-28 06:43:21","passenger_count":"1","trip_distance":".92","RatecodeID":"1","store_and_fwd_flag":"N","PULocationID":"262","DOLocationID":"236","payment_type":"1","fare_amount":"6.5","extra":"0","mta_tax":"0.5","tip_amount":"1","tolls_amount":"0","improvement_surcharge":"0.3","total_amount":"8.3","congestion_surcharge":""},{"VendorID":"2","tpep_pickup_datetime":"2023-12-24 06:47:15","tpep_dropoff_datetime":"2023-10-31 06:56:42","passenger_count":"1","trip_distance":"3.12","RatecodeID":"1","store_and_fwd_flag":"N","PULocationID":"236","DOLocationID":"234","payment_type":"1","fare_amount":"11","extra":"0","mta_tax":"0.5","tip_amount":"2","tolls_amount":"0","improvement_surcharge":"0.3","total_amount":"13.8","congestion_surcharge":""},{"VendorID":"1","tpep_pickup_datetime":"2023-07-30 06:01:20","tpep_dropoff_datetime":"2023-08-27 06:11:54","passenger_count":"1","trip_distance":"3.10","RatecodeID":"1","store_and_fwd_flag":"N","PULocationID":"224","DOLocationID":"237","payment_type":"2","fare_amount":"12","extra":"0","mta_tax":"0.5","tip_amount":"0","tolls_amount":"0","improvement_surcharge":"0.3","total_amount":"12.8","congestion_surcharge":""},{"VendorID":"1","tpep_pickup_datetime":"2023-09-16 06:13:49","tpep_dropoff_datetime":"2023-05-08 06:15:35","passenger_count":"1","trip_distance":".40","RatecodeID":"1","store_and_fwd_flag":"N","PULocationID":"237","DOLocationID":"237","payment_type":"1","fare_amount":"3.5","extra":"0","mta_tax":"0.5","tip_amount":"2.15","tolls_amount":"0","improvement_surcharge":"0.3","total_amount":"6.45","congestion_surcharge":""},{"VendorID":"1","tpep_pickup_datetime":"2023-11-08 06:37:26","tpep_dropoff_datetime":"2023-08-30 06:50:58","passenger_count":"1","trip_distance":"4.10","RatecodeID":"1","store_and_fwd_flag":"N","PULocationID":"87","DOLocationID":"107","payment_type":"1","fare_amount":"14.5","extra":"0","mta_tax":"0.5","tip_amount":"3.05","tolls_amount":"0","improvement_surcharge":"0.3","total_amount":"18.35","congestion_surcharge":""},{"VendorID":"1","tpep_pickup_datetime":"2024-01-24 06:54:27","tpep_dropoff_datetime":"2024-01-07 06:59:16","passenger_count":"1","trip_distance":".80","RatecodeID":"1","store_and_fwd_flag":"N","PULocationID":"107","DOLocationID":"234","payment_type":"1","fare_amount":"5","extra":"0","mta_tax":"0.5","tip_amount":"1.15","tolls_amount":"0","improvement_surcharge":"0.3","total_amount":"6.95","congestion_surcharge":""},{"VendorID":"1","tpep_pickup_datetime":"2023-07-09 06:53:41","tpep_dropoff_datetime":"2023-07-09 06:59:58","passenger_count":"1","trip_distance":"1.10","RatecodeID":"1","store_and_fwd_flag":"N","PULocationID":"230","DOLocationID":"161","payment_type":"1","fare_amount":"6","extra":"0","mta_tax":"0.5","tip_amount":"1.5","tolls_amount":"0","improvement_surcharge":"0.3","total_amount":"8.3","congestion_surcharge":""},{"VendorID":"2","tpep_pickup_datetime":"2023-08-24 05:57:29","tpep_dropoff_datetime":"2023-07-27 06:09:15","passenger_count":"1","trip_distance":"5.53","RatecodeID":"1","store_and_fwd_flag":"N","PULocationID":"88","DOLocationID":"161","payment_type":"1","fare_amount":"17","extra":"0","mta_tax":"0.5","tip_amount":"2.49","tolls_amount":"0","improvement_surcharge":"0.3","total_amount":"20.29","congestion_surcharge":""},{"VendorID":"2","tpep_pickup_datetime":"2024-02-03 06:12:42","tpep_dropoff_datetime":"2023-12-20 06:37:12","passenger_count":"1","trip_distance":"15.44","RatecodeID":"2","store_and_fwd_flag":"N","PULocationID":"161","DOLocationID":"132","payment_type":"1","fare_amount":"52","extra":"0","mta_tax":"0.5","tip_amount":"11.71","tolls_amount":"5.76","improvement_surcharge":"0.3","total_amount":"70.27","congestion_surcharge":""},{"VendorID":"2","tpep_pickup_datetime":"2023-03-28 06:35:18","tpep_dropoff_datetime":"2023-01-07 06:50:58","passenger_count":"1","trip_distance":"6.35","RatecodeID":"1","store_and_fwd_flag":"N","PULocationID":"45","DOLocationID":"161","payment_type":"1","fare_amount":"20.5","extra":"0","mta_tax":"0.5","tip_amount":"2.71","tolls_amount":"5.76","improvement_surcharge":"0.3","total_amount":"29.77","congestion_surcharge":""},{"VendorID":"2","tpep_pickup_datetime":"2023-07-24 06:56:07","tpep_dropoff_datetime":"2023-11-10 06:59:13","passenger_count":"1","trip_distance":".88","RatecodeID":"1","store_and_fwd_flag":"N","PULocationID":"231","DOLocationID":"249","payment_type":"1","fare_amount":"5","extra":"0","mta_tax":"0.5","tip_amount":"1.45","tolls_amount":"0","improvement_surcharge":"0.3","total_amount":"7.25","congestion_surcharge":""},{"VendorID":"2","tpep_pickup_datetime":"2024-01-07 06:33:40","tpep_dropoff_datetime":"2023-09-22 07:38:27","passenger_count":"2","trip_distance":"17.38","RatecodeID":"2","store_and_fwd_flag":"N","PULocationID":"132","DOLocationID":"48","payment_type":"1","fare_amount":"52","extra":"0","mta_tax":"0.5","tip_amount":"11.71","tolls_amount":"5.76","improvement_surcharge":"0.3","total_amount":"70.27","congestion_surcharge":""},{"VendorID":"2","tpep_pickup_datetime":"2023-11-17 06:53:12","tpep_dropoff_datetime":"2023-08-31 07:20:38","passenger_count":"1","trip_distance":"11.75","RatecodeID":"1","store_and_fwd_flag":"N","PULocationID":"147","DOLocationID":"137","payment_type":"1","fare_amount":"34","extra":"0","mta_tax":"0.5","tip_amount":"0","tolls_amount":"5.76","improvement_surcharge":"0.3","total_amount":"40.56","congestion_surcharge":""},{"VendorID":"2","tpep_pickup_datetime":"2023-03-26 06:50:41","tpep_dropoff_datetime":"2023-01-29 06:53:25","passenger_count":"1","trip_distance":".67","RatecodeID":"1","store_and_fwd_flag":"N","PULocationID":"41","DOLocationID":"166","payment_type":"1","fare_amount":"4","extra":"0","mta_tax":"0.5","tip_amount":"0","tolls_amount":"0","improvement_surcharge":"0.3","total_amount":"4.8","congestion_surcharge":""},{"VendorID":"1","tpep_pickup_datetime":"2023-08-22 06:05:15","tpep_dropoff_datetime":"2024-01-13 06:23:27","passenger_count":"2","trip_distance":"8.90","RatecodeID":"1","store_and_fwd_flag":"N","PULocationID":"43","DOLocationID":"138","payment_type":"1","fare_amount":"26","extra":"0","mta_tax":"0.5","tip_amount":"5","tolls_amount":"5.76","improvement_surcharge":"0.3","total_amount":"37.56","congestion_surcharge":""},{"VendorID":"1","tpep_pickup_datetime":"2024-02-03 06:50:41","tpep_dropoff_datetime":"2023-05-26 06:53:06","passenger_count":"1","trip_distance":".80","RatecodeID":"1","store_and_fwd_flag":"N","PULocationID":"237","DOLocationID":"140","payment_type":"1","fare_amount":"4.5","extra":"0","mta_tax":"0.5","tip_amount":"1.3","tolls_amount":"0","improvement_surcharge":"0.3","total_amount":"6.6","congestion_surcharge":""},{"VendorID":"1","tpep_pickup_datetime":"2024-01-16 06:59:44","tpep_dropoff_datetime":"2023-02-08 07:07:56","passenger_count":"1","trip_distance":"2.50","RatecodeID":"1","store_and_fwd_flag":"N","PULocationID":"262","DOLocationID":"229","payment_type":"2","fare_amount":"9.5","extra":"0","mta_tax":"0.5","tip_amount":"0","tolls_amount":"0","improvement_surcharge":"0.3","total_amount":"10.3","congestion_surcharge":""},{"VendorID":"2","tpep_pickup_datetime":"2023-01-06 06:11:18","tpep_dropoff_datetime":"2023-06-02 06:20:45","passenger_count":"1","trip_distance":"3.40","RatecodeID":"1","store_and_fwd_flag":"N","PULocationID":"238","DOLocationID":"161","payment_type":"1","fare_amount":"12","extra":"0","mta_tax":"0.5","tip_amount":"3.2","tolls_amount":"0","improvement_surcharge":"0.3","total_amount":"16","congestion_surcharge":""},{"VendorID":"2","tpep_pickup_datetime":"2023-09-27 06:25:17","tpep_dropoff_datetime":"2023-01-10 06:38:05","passenger_count":"1","trip_distance":"6.19","RatecodeID":"1","store_and_fwd_flag":"N","PULocationID":"162","DOLocationID":"33","payment_type":"2","fare_amount":"19","extra":"0","mta_tax":"0.5","tip_amount":"0","tolls_amount":"0","improvement_surcharge":"0.3","total_amount":"19.8","congestion_surcharge":""},{"VendorID":"2","tpep_pickup_datetime":"2023-05-08 06:55:01","tpep_dropoff_datetime":"2023-07-10 06:58:16","passenger_count":"1","trip_distance":".69","RatecodeID":"1","store_and_fwd_flag":"N","PULocationID":"13","DOLocationID":"231","payment_type":"1","fare_amount":"4.5","extra":"0","mta_tax":"0.5","tip_amount":"1.06","tolls_amount":"0","improvement_surcharge":"0.3","total_amount":"6.36","congestion_surcharge":""},{"VendorID":"2","tpep_pickup_datetime":"2023-02-11 06:45:08","tpep_dropoff_datetime":"2023-11-12 06:54:24","passenger_count":"2","trip_distance":"1.43","RatecodeID":"1","store_and_fwd_flag":"N","PULocationID":"238","DOLocationID":"263","payment_type":"1","fare_amount":"8.5","extra":"0","mta_tax":"0.5","tip_amount":"2","tolls_amount":"0","improvement_surcharge":"0.3","total_amount":"11.3","congestion_surcharge":""},{"VendorID":"2","tpep_pickup_datetime":"2023-09-20 06:58:15","tpep_dropoff_datetime":"2023-09-22 07:01:09","passenger_count":"2","trip_distance":"1.06","RatecodeID":"1","store_and_fwd_flag":"N","PULocationID":"263","DOLocationID":"75","payment_type":"1","fare_amount":"5","extra":"0","mta_tax":"0.5","tip_amount":"1.16","tolls_amount":"0","improvement_surcharge":"0.3","total_amount":"6.96","congestion_surcharge":""},{"VendorID":"2","tpep_pickup_datetime":"2023-02-27 06:17:27","tpep_dropoff_datetime":"2023-07-27 06:21:34","passenger_count":"2","trip_distance":".91","RatecodeID":"1","store_and_fwd_flag":"N","PULocationID":"162","DOLocationID":"170","payment_type":"1","fare_amount":"5.5","extra":"0","mta_tax":"0.5","tip_amount":"1.58","tolls_amount":"0","improvement_surcharge":"0.3","total_amount":"7.88","congestion_surcharge":""},{"VendorID":"2","tpep_pickup_datetime":"2023-03-13 06:25:43","tpep_dropoff_datetime":"2023-02-10 06:34:58","passenger_count":"2","trip_distance":"1.45","RatecodeID":"1","store_and_fwd_flag":"N","PULocationID":"162","DOLocationID":"246","payment_type":"2","fare_amount":"8","extra":"0","mta_tax":"0.5","tip_amount":"0","tolls_amount":"0","improvement_surcharge":"0.3","total_amount":"8.8","congestion_surcharge":""},{"VendorID":"2","tpep_pickup_datetime":"2023-03-30 06:49:47","tpep_dropoff_datetime":"2024-01-05 06:57:07","passenger_count":"2","trip_distance":"1.02","RatecodeID":"1","store_and_fwd_flag":"N","PULocationID":"186","DOLocationID":"246","payment_type":"1","fare_amount":"6.5","extra":"0","mta_tax":"0.5","tip_amount":"1","tolls_amount":"0","improvement_surcharge":"0.3","total_amount":"8.3","congestion_surcharge":""},{"VendorID":"2","tpep_pickup_datetime":"2023-06-02 06:12:34","tpep_dropoff_datetime":"2023-08-02 06:24:54","passenger_count":"3","trip_distance":"2.42","RatecodeID":"1","store_and_fwd_flag":"N","PULocationID":"186","DOLocationID":"237","payment_type":"2","fare_amount":"11","extra":"0","mta_tax":"0.5","tip_amount":"0","tolls_amount":"0","improvement_surcharge":"0.3","total_amount":"11.8","congestion_surcharge":""},{"VendorID":"2","tpep_pickup_datetime":"2023-02-01 06:36:40","tpep_dropoff_datetime":"2023-10-03 06:40:16","passenger_count":"4","trip_distance":".83","RatecodeID":"1","store_and_fwd_flag":"N","PULocationID":"100","DOLocationID":"230","payment_type":"1","fare_amount":"5","extra":"0","mta_tax":"0.5","tip_amount":"1.16","tolls_amount":"0","improvement_surcharge":"0.3","total_amount":"6.96","congestion_surcharge":""},{"VendorID":"2","tpep_pickup_datetime":"2023-09-28 06:46:26","tpep_dropoff_datetime":"2023-11-01 06:50:22","passenger_count":"4","trip_distance":".67","RatecodeID":"1","store_and_fwd_flag":"N","PULocationID":"100","DOLocationID":"68","payment_type":"1","fare_amount":"4.5","extra":"0","mta_tax":"0.5","tip_amount":"0.53","tolls_amount":"0","improvement_surcharge":"0.3","total_amount":"5.83","congestion_surcharge":""},{"VendorID":"1","tpep_pickup_datetime":"2023-03-31 06:09:02","tpep_dropoff_datetime":"2023-02-18 06:18:09","passenger_count":"0","trip_distance":"2.20","RatecodeID":"1","store_and_fwd_flag":"N","PULocationID":"48","DOLocationID":"237","payment_type":"1","fare_amount":"9.5","extra":"0","mta_tax":"0.5","tip_amount":"1","tolls_amount":"0","improvement_surcharge":"0.3","total_amount":"11.3","congestion_surcharge":""},{"VendorID":"1","tpep_pickup_datetime":"2023-09-06 06:42:57","tpep_dropoff_datetime":"2023-03-18 07:01:33","passenger_count":"0","trip_distance":"14.40","RatecodeID":"2","store_and_fwd_flag":"N","PULocationID":"145","DOLocationID":"132","payment_type":"1","fare_amount":"52","extra":"0","mta_tax":"0.5","tip_amount":"11.7","tolls_amount":"5.76","improvement_surcharge":"0.3","total_amount":"70.26","congestion_surcharge":""},{"VendorID":"2","tpep_pickup_datetime":"2023-02-19 06:20:38","tpep_dropoff_datetime":"2024-01-26 06:33:46","passenger_count":"2","trip_distance":"4.83","RatecodeID":"1","store_and_fwd_flag":"N","PULocationID":"107","DOLocationID":"87","payment_type":"1","fare_amount":"16.5","extra":"0","mta_tax":"0.5","tip_amount":"3.46","tolls_amount":"0","improvement_surcharge":"0.3","total_amount":"20.76","congestion_surcharge":""},{"VendorID":"2","tpep_pickup_datetime":"2023-07-17 06:49:22","tpep_dropoff_datetime":"2023-10-17 06:53:39","passenger_count":"1","trip_distance":".84","RatecodeID":"1","store_and_fwd_flag":"N","PULocationID":"231","DOLocationID":"125","payment_type":"1","fare_amount":"5","extra":"0","mta_tax":"0.5","tip_amount":"1.16","tolls_amount":"0","improvement_surcharge":"0.3","total_amount":"6.96","congestion_surcharge":""},{"VendorID":"1","tpep_pickup_datetime":"2023-05-03 06:52:07","tpep_dropoff_datetime":"2023-05-05 06:54:58","passenger_count":"1","trip_distance":".50","RatecodeID":"1","store_and_fwd_flag":"N","PULocationID":"100","DOLocationID":"230","payment_type":"1","fare_amount":"4","extra":"0","mta_tax":"0.5","tip_amount":"0.95","tolls_amount":"0","improvement_surcharge":"0.3","total_amount":"5.75","congestion_surcharge":""},{"VendorID":"1","tpep_pickup_datetime":"2023-01-29 06:00:29","tpep_dropoff_datetime":"2023-06-30 06:10:05","passenger_count":"1","trip_distance":"1.80","RatecodeID":"1","store_and_fwd_flag":"N","PULocationID":"186","DOLocationID":"224","payment_type":"2","fare_amount":"8.5","extra":"0","mta_tax":"0.5","tip_amount":"0","tolls_amount":"0","improvement_surcharge":"0.3","total_amount":"9.3","congestion_surcharge":""},{"VendorID":"1","tpep_pickup_datetime":"2023-09-29 06:23:53","tpep_dropoff_datetime":"2024-01-01 06:29:06","passenger_count":"1","trip_distance":"1.00","RatecodeID":"1","store_and_fwd_flag":"N","PULocationID":"186","DOLocationID":"230","payment_type":"1","fare_amount":"6","extra":"0","mta_tax":"0.5","tip_amount":"1.35","tolls_amount":"0","improvement_surcharge":"0.3","total_amount":"8.15","congestion_surcharge":""},{"VendorID":"1","tpep_pickup_datetime":"2023-06-30 06:37:59","tpep_dropoff_datetime":"2023-10-14 06:54:43","passenger_count":"1","trip_distance":"2.90","RatecodeID":"1","store_and_fwd_flag":"N","PULocationID":"186","DOLocationID":"140","payment_type":"1","fare_amount":"13","extra":"0","mta_tax":"0.5","tip_amount":"1.5","tolls_amount":"0","improvement_surcharge":"0.3","total_amount":"15.3","congestion_surcharge":""},{"VendorID":"1","tpep_pickup_datetime":"2023-11-09 06:58:53","tpep_dropoff_datetime":"2023-01-31 07:06:56","passenger_count":"1","trip_distance":"2.00","RatecodeID":"1","store_and_fwd_flag":"N","PULocationID":"262","DOLocationID":"162","payment_type":"1","fare_amount":"8.5","extra":"0","mta_tax":"0.5","tip_amount":"1","tolls_amount":"0","improvement_surcharge":"0.3","total_amount":"10.3","congestion_surcharge":""},{"VendorID":"2","tpep_pickup_datetime":"2023-10-22 06:16:29","tpep_dropoff_datetime":"2024-01-26 06:22:19","passenger_count":"1","trip_distance":"1.69","RatecodeID":"1","store_and_fwd_flag":"N","PULocationID":"24","DOLocationID":"239","payment_type":"1","fare_amount":"7.5","extra":"0","mta_tax":"0.5","tip_amount":"1.66","tolls_amount":"0","improvement_surcharge":"0.3","total_amount":"9.96","congestion_surcharge":""},{"VendorID":"2","tpep_pickup_datetime":"2023-12-19 06:33:37","tpep_dropoff_datetime":"2023-03-28 06:39:35","passenger_count":"1","trip_distance":"1.53","RatecodeID":"1","store_and_fwd_flag":"N","PULocationID":"143","DOLocationID":"163","payment_type":"1","fare_amount":"7","extra":"0","mta_tax":"0.5","tip_amount":"1.56","tolls_amount":"0","improvement_surcharge":"0.3","total_amount":"9.36","congestion_surcharge":""}]