[{"VendorID":"1","tpep_pickup_datetime":"2023-01-20 17:27:38","tpep_dropoff_datetime":"2023-12-27 17:48:42","passenger_count":"2","trip_distance":"4.60","RatecodeID":"1","store_and_fwd_flag":"N","PULocationID":"163","DOLocationID":"231","payment_type":"2","fare_amount":"18","extra":"0","mta_tax":"0.5","tip_amount":"0","tolls_amount":"0","improvement_surcharge":"0.3","total_amount":"18.8","congestion_surcharge":"","tripId":"cabf3bdd-37ff-4042-ba18-5fead036ca29"},{"VendorID":"1","tpep_pickup_datetime":"2023-08-31 17:51:22","tpep_dropoff_datetime":"2023-09-24 18:07:44","passenger_count":"2","trip_distance":"3.20","RatecodeID":"1","store_and_fwd_flag":"N","PULocationID":"231","DOLocationID":"170","payment_type":"2","fare_amount":"13.5","extra":"0","mta_tax":"0.5","tip_amount":"0","tolls_amount":"0","improvement_surcharge":"0.3","total_amount":"14.3","congestion_surcharge":"","tripId":"6449afda-1376-4ec9-8dc0-91abbfa2d406"},{"VendorID":"2","tpep_pickup_datetime":"2023-05-12 17:52:00","tpep_dropoff_datetime":"2023-02-24 18:08:41","passenger_count":"5","trip_distance":"5.81","RatecodeID":"1","store_and_fwd_flag":"N","PULocationID":"211","DOLocationID":"140","payment_type":"2","fare_amount":"19","extra":"0","mta_tax":"0.5","tip_amount":"0","tolls_amount":"0","improvement_surcharge":"0.3","total_amount":"19.8","congestion_surcharge":"","tripId":"484a4015-cf2d-4d8c-a8d8-a1316ee7b34a"},{"VendorID":"2","tpep_pickup_datetime":"2023-11-01 17:09:07","tpep_dropoff_datetime":"2023-12-19 17:39:22","passenger_count":"1","trip_distance":"17.38","RatecodeID":"2","store_and_fwd_flag":"N","PULocationID":"132","DOLocationID":"74","payment_type":"2","fare_amount":"52","extra":"0","mta_tax":"0.5","tip_amount":"0","tolls_amount":"5.76","improvement_surcharge":"0.3","total_amount":"58.56","congestion_surcharge":"","tripId":"a6f60ebb-d40e-470d-b608-d7f8d1842740"},{"VendorID":"2","tpep_pickup_datetime":"2023-01-22 17:54:59","tpep_dropoff_datetime":"2023-03-19 17:58:21","passenger_count":"1","trip_distance":".68","RatecodeID":"1","store_and_fwd_flag":"N","PULocationID":"43","DOLocationID":"43","payment_type":"1","fare_amount":"4.5","extra":"0","mta_tax":"0.5","tip_amount":"0.8","tolls_amount":"0","improvement_surcharge":"0.3","total_amount":"6.1","congestion_surcharge":"","tripId":"529608cb-96b3-443c-b1b1-878edd998649"},{"VendorID":"2","tpep_pickup_datetime":"2023-01-18 17:08:01","tpep_dropoff_datetime":"2024-01-24 17:13:22","passenger_count":"1","trip_distance":"1.05","RatecodeID":"1","store_and_fwd_flag":"N","PULocationID":"141","DOLocationID":"229","payment_type":"2","fare_amount":"6","extra":"0","mta_tax":"0.5","tip_amount":"0","tolls_amount":"0","improvement_surcharge":"0.3","total_amount":"6.8","congestion_surcharge":"","tripId":"ef60d053-c5f5-491b-8a34-9dbae5b97baa"},{"VendorID":"2","tpep_pickup_datetime":"2023-06-19 17:17:58","tpep_dropoff_datetime":"2023-12-23 17:22:06","passenger_count":"1","trip_distance":"1.12","RatecodeID":"1","store_and_fwd_flag":"N","PULocationID":"229","DOLocationID":"170","payment_type":"1","fare_amount":"5.5","extra":"0","mta_tax":"0.5","tip_amount":"1.58","tolls_amount":"0","improvement_surcharge":"0.3","total_amount":"7.88","congestion_surcharge":"","tripId":"ab03100a-6479-40a4-986d-48c31f083f25"},{"VendorID":"2","tpep_pickup_datetime":"2023-03-28 17:23:36","tpep_dropoff_datetime":"2023-06-26 17:26:10","passenger_count":"1","trip_distance":".68","RatecodeID":"1","store_and_fwd_flag":"N","PULocationID":"170","DOLocationID":"107","payment_type":"1","fare_amount":"4","extra":"0","mta_tax":"0.5","tip_amount":"0.96","tolls_amount":"0","improvement_surcharge":"0.3","total_amount":"5.76","congestion_surcharge":"","tripId":"4503a60d-976c-4ac4-8079-446a448b9605"},{"VendorID":"2","tpep_pickup_datetime":"2023-10-09 17:34:03","tpep_dropoff_datetime":"2023-03-11 17:46:29","passenger_count":"1","trip_distance":"4.42","RatecodeID":"1","store_and_fwd_flag":"N","PULocationID":"229","DOLocationID":"79","payment_type":"1","fare_amount":"15","extra":"0","mta_tax":"0.5","tip_amount":"1.25","tolls_amount":"0","improvement_surcharge":"0.3","total_amount":"17.05","congestion_surcharge":"","tripId":"9a4f39ca-c90a-4e39-8cf5-1bdc1c1e563d"},{"VendorID":"2","tpep_pickup_datetime":"2023-01-31 17:51:22","tpep_dropoff_datetime":"2023-04-23 18:12:55","passenger_count":"1","trip_distance":"2.69","RatecodeID":"1","store_and_fwd_flag":"N","PULocationID":"107","DOLocationID":"230","payment_type":"1","fare_amount":"15.5","extra":"0","mta_tax":"0.5","tip_amount":"2.44","tolls_amount":"0","improvement_surcharge":"0.3","total_amount":"18.74","congestion_surcharge":"","tripId":"e0b7c544-5187-46d9-8959-ef2f39bba8c1"},{"VendorID":"1","tpep_pickup_datetime":"2023-07-06 17:15:14","tpep_dropoff_datetime":"2024-01-09 17:31:53","passenger_count":"1","trip_distance":"6.20","RatecodeID":"1","store_and_fwd_flag":"N","PULocationID":"263","DOLocationID":"144","payment_type":"2","fare_amount":"20.5","extra":"0","mta_tax":"0.5","tip_amount":"0","tolls_amount":"0","improvement_surcharge":"0.3","total_amount":"21.3","congestion_surcharge":"","tripId":"d4c0e28b-b4b5-43eb-a5cc-5ef424c1dc2b"},{"VendorID":"1","tpep_pickup_datetime":"2023-06-16 17:34:47","tpep_dropoff_datetime":"2023-01-04 18:03:47","passenger_count":"2","trip_distance":"4.30","RatecodeID":"1","store_and_fwd_flag":"N","PULocationID":"231","DOLocationID":"237","payment_type":"1","fare_amount":"21","extra":"0","mta_tax":"0.5","tip_amount":"2","tolls_amount":"0","improvement_surcharge":"0.3","total_amount":"23.8","congestion_surcharge":"","tripId":"a0014fd6-83ec-4ace-82a8-a57c7652bb87"},{"VendorID":"2","tpep_pickup_datetime":"2023-09-07 16:56:34","tpep_dropoff_datetime":"2023-09-19 17:42:57","passenger_count":"1","trip_distance":"19.71","RatecodeID":"2","store_and_fwd_flag":"N","PULocationID":"132","DOLocationID":"151","payment_type":"1","fare_amount":"52","extra":"0","mta_tax":"0.5","tip_amount":"2","tolls_amount":"5.76","improvement_surcharge":"0.3","total_amount":"60.56","congestion_surcharge":"","tripId":"0e609fa6-5799-48b2-a502-9592d6a7208f"},{"VendorID":"2","tpep_pickup_datetime":"2023-09-28 17:44:10","tpep_dropoff_datetime":"2023-03-29 17:47:38","passenger_count":"3","trip_distance":"1.10","RatecodeID":"1","store_and_fwd_flag":"N","PULocationID":"142","DOLocationID":"239","payment_type":"1","fare_amount":"5.5","extra":"0","mta_tax":"0.5","tip_amount":"1.26","tolls_amount":"0","improvement_surcharge":"0.3","total_amount":"7.56","congestion_surcharge":"","tripId":"083a2fe1-2f39-43f0-8acf-1525a08be3f1"},{"VendorID":"2","tpep_pickup_datetime":"2023-08-02 17:50:44","tpep_dropoff_datetime":"2023-11-09 18:00:31","passenger_count":"3","trip_distance":"1.81","RatecodeID":"1","store_and_fwd_flag":"N","PULocationID":"239","DOLocationID":"230","payment_type":"1","fare_amount":"9","extra":"0","mta_tax":"0.5","tip_amount":"2.45","tolls_amount":"0","improvement_surcharge":"0.3","total_amount":"12.25","congestion_surcharge":"","tripId":"702fab1c-297a-4373-88af-0f92f1efd2b8"},{"VendorID":"1","tpep_pickup_datetime":"2023-12-19 17:04:15","tpep_dropoff_datetime":"2023-12-13 17:11:11","passenger_count":"4","trip_distance":"1.40","RatecodeID":"1","store_and_fwd_flag":"N","PULocationID":"249","DOLocationID":"234","payment_type":"1","fare_amount":"7","extra":"0","mta_tax":"0.5","tip_amount":"1.56","tolls_amount":"0","improvement_surcharge":"0.3","total_amount":"9.36","congestion_surcharge":"","tripId":"8b58346d-254a-4ca0-9e84-2755868e17e3"},{"VendorID":"1","tpep_pickup_datetime":"2023-02-10 17:21:45","tpep_dropoff_datetime":"2023-11-10 17:39:13","passenger_count":"3","trip_distance":"1.50","RatecodeID":"1","store_and_fwd_flag":"N","PULocationID":"162","DOLocationID":"48","payment_type":"2","fare_amount":"11.5","extra":"0","mta_tax":"0.5","tip_amount":"0","tolls_amount":"0","improvement_surcharge":"0.3","total_amount":"12.3","congestion_surcharge":"","tripId":"72143c52-fef7-4cdf-843a-faa1ae909e2f"},{"VendorID":"1","tpep_pickup_datetime":"2023-11-03 17:47:12","tpep_dropoff_datetime":"2023-01-13 17:58:41","passenger_count":"1","trip_distance":"3.00","RatecodeID":"1","store_and_fwd_flag":"N","PULocationID":"230","DOLocationID":"24","payment_type":"2","fare_amount":"11.5","extra":"0","mta_tax":"0.5","tip_amount":"0","tolls_amount":"0","improvement_surcharge":"0.3","total_amount":"12.3","congestion_surcharge":"","tripId":"187087a6-7e3f-4477-b7b3-4e6dd188a0b9"},{"VendorID":"1","tpep_pickup_datetime":"2023-05-27 17:06:23","tpep_dropoff_datetime":"2023-09-16 17:09:19","passenger_count":"2","trip_distance":".50","RatecodeID":"1","store_and_fwd_flag":"N","PULocationID":"224","DOLocationID":"79","payment_type":"2","fare_amount":"4.5","extra":"0","mta_tax":"0.5","tip_amount":"0","tolls_amount":"0","improvement_surcharge":"0.3","total_amount":"5.3","congestion_surcharge":"","tripId":"b53de821-2c2f-4ef8-b07b-698f14d8d34d"},{"VendorID":"1","tpep_pickup_datetime":"2023-04-10 17:11:51","tpep_dropoff_datetime":"2023-08-08 17:17:58","passenger_count":"2","trip_distance":"1.50","RatecodeID":"1","store_and_fwd_flag":"N","PULocationID":"79","DOLocationID":"137","payment_type":"1","fare_amount":"7","extra":"0","mta_tax":"0.5","tip_amount":"1.2","tolls_amount":"0","improvement_surcharge":"0.3","total_amount":"9","congestion_surcharge":"","tripId":"cdc7d3fa-d650-4392-8a87-7e115df3d086"},{"VendorID":"1","tpep_pickup_datetime":"2023-07-03 17:29:22","tpep_dropoff_datetime":"2023-06-02 17:32:49","passenger_count":"1","trip_distance":"1.10","RatecodeID":"1","store_and_fwd_flag":"N","PULocationID":"141","DOLocationID":"236","payment_type":"1","fare_amount":"5.5","extra":"0","mta_tax":"0.5","tip_amount":"1.7","tolls_amount":"0","improvement_surcharge":"0.3","total_amount":"8","congestion_surcharge":"","tripId":"87a3f197-3b45-4d92-b734-70e28657c4c8"},{"VendorID":"1","tpep_pickup_datetime":"2024-01-23 17:39:08","tpep_dropoff_datetime":"2023-04-03 18:14:38","passenger_count":"2","trip_distance":"19.00","RatecodeID":"2","store_and_fwd_flag":"N","PULocationID":"236","DOLocationID":"132","payment_type":"2","fare_amount":"52","extra":"4.5","mta_tax":"0.5","tip_amount":"0","tolls_amount":"5.76","improvement_surcharge":"0.3","total_amount":"63.06","congestion_surcharge":"","tripId":"a22d33ae-f34b-4e5c-8a31-6def272b411e"},{"VendorID":"1","tpep_pickup_datetime":"2023-12-05 17:02:22","tpep_dropoff_datetime":"2023-12-31 17:16:00","passenger_count":"3","trip_distance":"1.80","RatecodeID":"1","store_and_fwd_flag":"N","PULocationID":"234","DOLocationID":"48","payment_type":"2","fare_amount":"10.5","extra":"0","mta_tax":"0.5","tip_amount":"0","tolls_amount":"0","improvement_surcharge":"0.3","total_amount":"11.3","congestion_surcharge":"","tripId":"bed1b874-2770-41e2-962e-ce804bd7e0f3"},{"VendorID":"1","tpep_pickup_datetime":"2023-06-27 17:29:52","tpep_dropoff_datetime":"2023-08-26 17:42:42","passenger_count":"1","trip_distance":"3.80","RatecodeID":"1","store_and_fwd_flag":"N","PULocationID":"186","DOLocationID":"263","payment_type":"1","fare_amount":"13","extra":"0","mta_tax":"0.5","tip_amount":"2.48","tolls_amount":"0","improvement_surcharge":"0.3","total_amount":"16.28","congestion_surcharge":"","tripId":"a45c55cf-bb7e-470d-8647-456c6f7f9188"},{"VendorID":"1","tpep_pickup_datetime":"2023-05-14 17:53:33","tpep_dropoff_datetime":"2023-03-23 17:56:57","passenger_count":"2","trip_distance":".70","RatecodeID":"1","store_and_fwd_flag":"N","PULocationID":"162","DOLocationID":"170","payment_type":"2","fare_amount":"4.5","extra":"0","mta_tax":"0.5","tip_amount":"0","tolls_amount":"0","improvement_surcharge":"0.3","total_amount":"5.3","congestion_surcharge":"","tripId":"cb67917a-5510-4f47-8658-7ad806ae854b"},{"VendorID":"2","tpep_pickup_datetime":"2023-01-21 17:21:02","tpep_dropoff_datetime":"2023-02-10 17:46:48","passenger_count":"1","trip_distance":"8.85","RatecodeID":"1","store_and_fwd_flag":"N","PULocationID":"138","DOLocationID":"166","payment_type":"1","fare_amount":"28","extra":"0","mta_tax":"0.5","tip_amount":"5","tolls_amount":"5.76","improvement_surcharge":"0.3","total_amount":"39.56","congestion_surcharge":"","tripId":"c7ef8e51-1483-4b1c-b360-b9c619eb9c97"},{"VendorID":"2","tpep_pickup_datetime":"2023-09-15 17:52:55","tpep_dropoff_datetime":"2023-11-16 17:58:27","passenger_count":"1","trip_distance":".79","RatecodeID":"1","store_and_fwd_flag":"N","PULocationID":"151","DOLocationID":"239","payment_type":"1","fare_amount":"6","extra":"0","mta_tax":"0.5","tip_amount":"0.75","tolls_amount":"0","improvement_surcharge":"0.3","total_amount":"7.55","congestion_surcharge":"","tripId":"d86bb769-ab8f-481f-972d-d644e4f7a907"},{"VendorID":"2","tpep_pickup_datetime":"2023-05-02 17:02:17","tpep_dropoff_datetime":"2023-01-07 17:06:34","passenger_count":"1","trip_distance":".72","RatecodeID":"1","store_and_fwd_flag":"N","PULocationID":"68","DOLocationID":"186","payment_type":"1","fare_amount":"5","extra":"0","mta_tax":"0.5","tip_amount":"1","tolls_amount":"0","improvement_surcharge":"0.3","total_amount":"6.8","congestion_surcharge":"","tripId":"97e53704-e47b-4887-803e-b6ef4793de73"},{"VendorID":"2","tpep_pickup_datetime":"2024-01-14 17:08:04","tpep_dropoff_datetime":"2023-09-13 17:15:01","passenger_count":"1","trip_distance":"1.18","RatecodeID":"1","store_and_fwd_flag":"N","PULocationID":"186","DOLocationID":"163","payment_type":"1","fare_amount":"6.5","extra":"0","mta_tax":"0.5","tip_amount":"1","tolls_amount":"0","improvement_surcharge":"0.3","total_amount":"8.3","congestion_surcharge":"","tripId":"7bcd7841-14b3-4f4a-a42b-a71204531ffc"},{"VendorID":"2","tpep_pickup_datetime":"2024-01-02 17:18:36","tpep_dropoff_datetime":"2023-12-04 17:38:41","passenger_count":"1","trip_distance":"6.14","RatecodeID":"1","store_and_fwd_flag":"N","PULocationID":"163","DOLocationID":"42","payment_type":"1","fare_amount":"21.5","extra":"0","mta_tax":"0.5","tip_amount":"4.46","tolls_amount":"0","improvement_surcharge":"0.3","total_amount":"26.76","congestion_surcharge":"","tripId":"a6b80c9a-471f-407e-9295-62060b80b852"},{"VendorID":"2","tpep_pickup_datetime":"2023-03-10 17:29:26","tpep_dropoff_datetime":"2023-01-27 17:32:45","passenger_count":"2","trip_distance":".64","RatecodeID":"1","store_and_fwd_flag":"N","PULocationID":"237","DOLocationID":"237","payment_type":"1","fare_amount":"4.5","extra":"0","mta_tax":"0.5","tip_amount":"1.06","tolls_amount":"0","improvement_surcharge":"0.3","total_amount":"6.36","congestion_surcharge":"","tripId":"f16699e8-1fd4-4aa0-9118-48f9e81ca517"},{"VendorID":"2","tpep_pickup_datetime":"2023-07-10 17:56:00","tpep_dropoff_datetime":"2023-01-13 18:05:37","passenger_count":"1","trip_distance":"2.16","RatecodeID":"1","store_and_fwd_flag":"N","PULocationID":"161","DOLocationID":"107","payment_type":"2","fare_amount":"9","extra":"0","mta_tax":"0.5","tip_amount":"0","tolls_amount":"0","improvement_surcharge":"0.3","total_amount":"9.8","congestion_surcharge":"","tripId":"8feee03a-aadd-4401-b72b-813fb0b7f353"},{"VendorID":"2","tpep_pickup_datetime":"2023-05-21 17:07:06","tpep_dropoff_datetime":"2023-10-20 17:11:50","passenger_count":"1","trip_distance":"1.40","RatecodeID":"1","store_and_fwd_flag":"N","PULocationID":"237","DOLocationID":"263","payment_type":"1","fare_amount":"6","extra":"0","mta_tax":"0.5","tip_amount":"1.36","tolls_amount":"0","improvement_surcharge":"0.3","total_amount":"8.16","congestion_surcharge":"","tripId":"eeec0efe-e4aa-40ee-8746-b97e48b3b099"},{"VendorID":"2","tpep_pickup_datetime":"2023-03-05 17:38:57","tpep_dropoff_datetime":"2023-05-27 17:50:57","passenger_count":"1","trip_distance":"2.42","RatecodeID":"1","store_and_fwd_flag":"N","PULocationID":"79","DOLocationID":"186","payment_type":"1","fare_amount":"10.5","extra":"0","mta_tax":"0.5","tip_amount":"1.88","tolls_amount":"0","improvement_surcharge":"0.3","total_amount":"13.18","congestion_surcharge":"","tripId":"941939fd-4abd-4a81-b1df-ca5bc378978e"},{"VendorID":"2","tpep_pickup_datetime":"2023-07-08 17:09:34","tpep_dropoff_datetime":"2023-07-19 17:13:23","passenger_count":"1","trip_distance":".70","RatecodeID":"1","store_and_fwd_flag":"N","PULocationID":"158","DOLocationID":"90","payment_type":"2","fare_amount":"4.5","extra":"0","mta_tax":"0.5","tip_amount":"0","tolls_amount":"0","improvement_surcharge":"0.3","total_amount":"5.3","congestion_surcharge":"","tripId":"1c342e70-60b2-4fb7-bd26-6e0113a56d88"},{"VendorID":"2","tpep_pickup_datetime":"2023-06-10 17:25:20","tpep_dropoff_datetime":"2024-01-10 17:36:25","passenger_count":"1","trip_distance":"2.08","RatecodeID":"1","store_and_fwd_flag":"N","PULocationID":"211","DOLocationID":"137","payment_type":"2","fare_amount":"9.5","extra":"0","mta_tax":"0.5","tip_amount":"0","tolls_amount":"0","improvement_surcharge":"0.3","total_amount":"10.3","congestion_surcharge":"","tripId":"dc7c5c71-6dfb-428c-afe7-381b8e45d5b5"},{"VendorID":"2","tpep_pickup_datetime":"2023-11-19 17:40:27","tpep_dropoff_datetime":"2023-11-02 17:45:02","passenger_count":"1","trip_distance":".58","RatecodeID":"1","store_and_fwd_flag":"N","PULocationID":"107","DOLocationID":"4","payment_type":"2","fare_amount":"5","extra":"0","mta_tax":"0.5","tip_amount":"0","tolls_amount":"0","improvement_surcharge":"0.3","total_amount":"5.8","congestion_surcharge":"","tripId":"5843f074-7651-43c2-855a-32929fc7aafa"},{"VendorID":"2","tpep_pickup_datetime":"2023-11-02 17:35:02","tpep_dropoff_datetime":"2023-12-21 17:43:28","passenger_count":"1","trip_distance":"1.68","RatecodeID":"1","store_and_fwd_flag":"N","PULocationID":"236","DOLocationID":"141","payment_type":"2","fare_amount":"8","extra":"0","mta_tax":"0.5","tip_amount":"0","tolls_amount":"0","improvement_surcharge":"0.3","total_amount":"8.8","congestion_surcharge":"","tripId":"dc2ec0d6-8c8d-4884-91fc-9d16c38eb37d"},{"VendorID":"2","tpep_pickup_datetime":"2023-12-29 17:49:06","tpep_dropoff_datetime":"2023-05-25 18:04:00","passenger_count":"1","trip_distance":"3.86","RatecodeID":"1","store_and_fwd_flag":"N","PULocationID":"141","DOLocationID":"42","payment_type":"1","fare_amount":"13.5","extra":"0","mta_tax":"0.5","tip_amount":"0","tolls_amount":"0","improvement_surcharge":"0.3","total_amount":"14.3","congestion_surcharge":"","tripId":"f295bd78-23b4-45e5-a3f8-7f32eff7ecc1"},{"VendorID":"2","tpep_pickup_datetime":"2024-01-12 17:38:58","tpep_dropoff_datetime":"2023-01-10 18:15:40","passenger_count":"1","trip_distance":"17.51","RatecodeID":"2","store_and_fwd_flag":"N","PULocationID":"132","DOLocationID":"79","payment_type":"1","fare_amount":"52","extra":"0","mta_tax":"0.5","tip_amount":"14.64","tolls_amount":"5.76","improvement_surcharge":"0.3","total_amount":"73.2","congestion_surcharge":"","tripId":"1bcdc3ed-670f-48c3-8137-8729a6826b65"},{"VendorID":"2","tpep_pickup_datetime":"2024-01-20 17:18:57","tpep_dropoff_datetime":"2023-04-12 17:36:31","passenger_count":"6","trip_distance":"2.05","RatecodeID":"1","store_and_fwd_flag":"N","PULocationID":"164","DOLocationID":"48","payment_type":"2","fare_amount":"12.5","extra":"0","mta_tax":"0.5","tip_amount":"0","tolls_amount":"0","improvement_surcharge":"0.3","total_amount":"13.3","congestion_surcharge":"","tripId":"e0b06a8e-ffca-4440-8227-641fa2d5bcb4"},{"VendorID":"2","tpep_pickup_datetime":"2023-07-25 17:42:28","tpep_dropoff_datetime":"2024-01-31 18:00:47","passenger_count":"6","trip_distance":"2.30","RatecodeID":"1","store_and_fwd_flag":"N","PULocationID":"230","DOLocationID":"113","payment_type":"2","fare_amount":"13","extra":"0","mta_tax":"0.5","tip_amount":"0","tolls_amount":"0","improvement_surcharge":"0.3","total_amount":"13.8","congestion_surcharge":"","tripId":"6c02912a-e8f0-49ef-84c3-978bc264050b"},{"VendorID":"1","tpep_pickup_datetime":"2023-03-05 17:15:25","tpep_dropoff_datetime":"2023-12-17 17:24:13","passenger_count":"1","trip_distance":"1.00","RatecodeID":"1","store_and_fwd_flag":"N","PULocationID":"230","DOLocationID":"68","payment_type":"2","fare_amount":"7.5","extra":"0","mta_tax":"0.5","tip_amount":"0","tolls_amount":"0","improvement_surcharge":"0.3","total_amount":"8.3","congestion_surcharge":"","tripId":"42cc28d1-448f-4b71-9aed-382787235f00"},{"VendorID":"1","tpep_pickup_datetime":"2023-03-19 17:28:22","tpep_dropoff_datetime":"2023-06-12 17:36:12","passenger_count":"1","trip_distance":"1.10","RatecodeID":"1","store_and_fwd_flag":"N","PULocationID":"186","DOLocationID":"170","payment_type":"1","fare_amount":"7","extra":"0","mta_tax":"0.5","tip_amount":"1.55","tolls_amount":"0","improvement_surcharge":"0.3","total_amount":"9.35","congestion_surcharge":"","tripId":"7a7091a5-bde2-4403-996a-3e2c3593d740"},{"VendorID":"1","tpep_pickup_datetime":"2023-12-30 17:38:48","tpep_dropoff_datetime":"2023-05-31 17:44:10","passenger_count":"1","trip_distance":"1.10","RatecodeID":"1","store_and_fwd_flag":"N","PULocationID":"170","DOLocationID":"113","payment_type":"1","fare_amount":"6","extra":"0","mta_tax":"0.5","tip_amount":"1","tolls_amount":"0","improvement_surcharge":"0.3","total_amount":"7.8","congestion_surcharge":"","tripId":"b166a8a6-39fa-4c54-a6b6-4d683b5133cc"},{"VendorID":"1","tpep_pickup_datetime":"2023-09-02 17:50:37","tpep_dropoff_datetime":"2023-08-27 17:56:12","passenger_count":"1","trip_distance":"1.10","RatecodeID":"1","store_and_fwd_flag":"N","PULocationID":"144","DOLocationID":"79","payment_type":"2","fare_amount":"6","extra":"0","mta_tax":"0.5","tip_amount":"0","tolls_amount":"0","improvement_surcharge":"0.3","total_amount":"6.8","congestion_surcharge":"","tripId":"50b3d9d2-af38-430a-a6c0-25338c430112"},{"VendorID":"1","tpep_pickup_datetime":"2024-01-28 17:58:56","tpep_dropoff_datetime":"2023-03-18 18:07:09","passenger_count":"1","trip_distance":"1.30","RatecodeID":"1","store_and_fwd_flag":"N","PULocationID":"79","DOLocationID":"234","payment_type":"2","fare_amount":"7.5","extra":"0","mta_tax":"0.5","tip_amount":"0","tolls_amount":"0","improvement_surcharge":"0.3","total_amount":"8.3","congestion_surcharge":"","tripId":"89a81b12-723c-4a69-9fb9-46a0102cf77d"},{"VendorID":"2","tpep_pickup_datetime":"2023-09-05 17:29:54","tpep_dropoff_datetime":"2023-12-08 17:48:03","passenger_count":"1","trip_distance":"7.75","RatecodeID":"1","store_and_fwd_flag":"N","PULocationID":"132","DOLocationID":"76","payment_type":"2","fare_amount":"23","extra":"0","mta_tax":"0.5","tip_amount":"0","tolls_amount":"0","improvement_surcharge":"0.3","total_amount":"23.8","congestion_surcharge":"","tripId":"7bad092a-03e7-43ad-a6d3-055bf8e0650c"},{"VendorID":"2","tpep_pickup_datetime":"2023-04-17 17:12:28","tpep_dropoff_datetime":"2024-01-18 17:18:33","passenger_count":"5","trip_distance":".64","RatecodeID":"1","store_and_fwd_flag":"N","PULocationID":"162","DOLocationID":"230","payment_type":"1","fare_amount":"5.5","extra":"0","mta_tax":"0.5","tip_amount":"1.26","tolls_amount":"0","improvement_surcharge":"0.3","total_amount":"7.56","congestion_surcharge":"","tripId":"6d839d4f-cb36-4210-874d-3cf0e105a4dc"},{"VendorID":"2","tpep_pickup_datetime":"2023-01-03 17:20:29","tpep_dropoff_datetime":"2023-03-09 17:34:21","passenger_count":"5","trip_distance":"1.20","RatecodeID":"1","store_and_fwd_flag":"N","PULocationID":"230","DOLocationID":"48","payment_type":"2","fare_amount":"10","extra":"0","mta_tax":"0.5","tip_amount":"0","tolls_amount":"0","improvement_surcharge":"0.3","total_amount":"10.8","congestion_surcharge":"","tripId":"cace6e55-a20a-40dc-85be-3d108d25780d"},{"VendorID":"2","tpep_pickup_datetime":"2023-04-29 17:36:30","tpep_dropoff_datetime":"2023-08-04 17:47:52","passenger_count":"5","trip_distance":".85","RatecodeID":"1","store_and_fwd_flag":"N","PULocationID":"68","DOLocationID":"230","payment_type":"1","fare_amount":"8.5","extra":"0","mta_tax":"0.5","tip_amount":"1.86","tolls_amount":"0","improvement_surcharge":"0.3","total_amount":"11.16","congestion_surcharge":"","tripId":"9c3d907e-97a8-4d09-8cb2-21f57241a1f0"},{"VendorID":"2","tpep_pickup_datetime":"2024-01-26 17:54:37","tpep_dropoff_datetime":"2023-05-27 17:54:58","passenger_count":"5","trip_distance":".00","RatecodeID":"2","store_and_fwd_flag":"N","PULocationID":"186","DOLocationID":"186","payment_type":"2","fare_amount":"52","extra":"0","mta_tax":"0.5","tip_amount":"0","tolls_amount":"0","improvement_surcharge":"0.3","total_amount":"52.8","congestion_surcharge":"","tripId":"f0e99725-1750-4f5d-8027-792f1f6dca43"},{"VendorID":"2","tpep_pickup_datetime":"2023-01-08 17:55:04","tpep_dropoff_datetime":"2023-03-01 19:16:47","passenger_count":"5","trip_distance":"69.04","RatecodeID":"3","store_and_fwd_flag":"N","PULocationID":"186","DOLocationID":"265","payment_type":"1","fare_amount":"197","extra":"0","mta_tax":"0","tip_amount":"0","tolls_amount":"43.5","improvement_surcharge":"0.3","total_amount":"240.8","congestion_surcharge":"","tripId":"d35222bb-73af-4826-98e6-f4c3c0d894c1"},{"VendorID":"2","tpep_pickup_datetime":"2023-01-08 17:09:50","tpep_dropoff_datetime":"2023-10-01 17:29:03","passenger_count":"6","trip_distance":"4.33","RatecodeID":"1","store_and_fwd_flag":"N","PULocationID":"90","DOLocationID":"97","payment_type":"1","fare_amount":"16","extra":"0","mta_tax":"0.5","tip_amount":"0","tolls_amount":"0","improvement_surcharge":"0.3","total_amount":"16.8","congestion_surcharge":"","tripId":"c80e841c-0bf4-4a4a-8da5-fba81a897ec7"},{"VendorID":"1","tpep_pickup_datetime":"2023-02-21 17:15:26","tpep_dropoff_datetime":"2023-04-09 17:38:17","passenger_count":"1","trip_distance":"10.90","RatecodeID":"1","store_and_fwd_flag":"N","PULocationID":"138","DOLocationID":"33","payment_type":"1","fare_amount":"31","extra":"0","mta_tax":"0.5","tip_amount":"6.35","tolls_amount":"0","improvement_surcharge":"0.3","total_amount":"38.15","congestion_surcharge":"","tripId":"71b1d8d1-12dc-4917-b8aa-78f6690ceb96"},{"VendorID":"1","tpep_pickup_datetime":"2023-11-13 17:36:03","tpep_dropoff_datetime":"2023-12-21 17:41:37","passenger_count":"1","trip_distance":".70","RatecodeID":"1","store_and_fwd_flag":"N","PULocationID":"263","DOLocationID":"262","payment_type":"1","fare_amount":"5.5","extra":"0","mta_tax":"0.5","tip_amount":"1.55","tolls_amount":"0","improvement_surcharge":"0.3","total_amount":"7.85","congestion_surcharge":"","tripId":"58a37138-058c-4558-a1b4-4fb90b67af4c"},{"VendorID":"2","tpep_pickup_datetime":"2023-02-15 17:32:20","tpep_dropoff_datetime":"2023-07-05 17:35:25","passenger_count":"5","trip_distance":".78","RatecodeID":"1","store_and_fwd_flag":"N","PULocationID":"143","DOLocationID":"238","payment_type":"2","fare_amount":"4.5","extra":"0","mta_tax":"0.5","tip_amount":"0","tolls_amount":"0","improvement_surcharge":"0.3","total_amount":"5.3","congestion_surcharge":"","tripId":"313f8e24-6dd5-45ae-89f1-dde7a3173605"},{"VendorID":"2","tpep_pickup_datetime":"2023-07-06 17:47:06","tpep_dropoff_datetime":"2023-11-22 18:04:15","passenger_count":"1","trip_distance":"3.36","RatecodeID":"1","store_and_fwd_flag":"N","PULocationID":"239","DOLocationID":"164","payment_type":"1","fare_amount":"14.5","extra":"0","mta_tax":"0.5","tip_amount":"3.06","tolls_amount":"0","improvement_surcharge":"0.3","total_amount":"18.36","congestion_surcharge":"","tripId":"c6e96e13-2df4-4354-86ec-ac9c47d02750"},{"VendorID":"2","tpep_pickup_datetime":"2023-11-10 17:01:53","tpep_dropoff_datetime":"2023-09-27 17:16:14","passenger_count":"1","trip_distance":"1.65","RatecodeID":"1","store_and_fwd_flag":"N","PULocationID":"163","DOLocationID":"186","payment_type":"1","fare_amount":"10.5","extra":"0","mta_tax":"0.5","tip_amount":"2.26","tolls_amount":"0","improvement_surcharge":"0.3","total_amount":"13.56","congestion_surcharge":"","tripId":"be91f706-2737-4d66-9da5-fb078bc33f4a"},{"VendorID":"2","tpep_pickup_datetime":"2024-01-17 17:20:49","tpep_dropoff_datetime":"2023-08-10 17:29:03","passenger_count":"6","trip_distance":"2.62","RatecodeID":"1","store_and_fwd_flag":"N","PULocationID":"186","DOLocationID":"231","payment_type":"1","fare_amount":"9.5","extra":"0","mta_tax":"0.5","tip_amount":"2.06","tolls_amount":"0","improvement_surcharge":"0.3","total_amount":"12.36","congestion_surcharge":"","tripId":"902b9029-72be-4a1f-af79-ba7abcdb496b"},{"VendorID":"2","tpep_pickup_datetime":"2023-07-16 17:31:14","tpep_dropoff_datetime":"2023-02-26 17:38:15","passenger_count":"1","trip_distance":".58","RatecodeID":"1","store_and_fwd_flag":"N","PULocationID":"231","DOLocationID":"231","payment_type":"2","fare_amount":"6","extra":"0","mta_tax":"0.5","tip_amount":"0","tolls_amount":"0","improvement_surcharge":"0.3","total_amount":"6.8","congestion_surcharge":"","tripId":"aa637bc9-d6cf-497e-9954-0130e5f614d1"},{"VendorID":"2","tpep_pickup_datetime":"2023-06-27 17:44:03","tpep_dropoff_datetime":"2023-01-16 17:54:57","passenger_count":"6","trip_distance":"1.97","RatecodeID":"1","store_and_fwd_flag":"N","PULocationID":"125","DOLocationID":"186","payment_type":"2","fare_amount":"9.5","extra":"0","mta_tax":"0.5","tip_amount":"0","tolls_amount":"0","improvement_surcharge":"0.3","total_amount":"10.3","congestion_surcharge":"","tripId":"2ba64ac1-c6fd-4d22-b0de-f4bed42d5b4a"},{"VendorID":"2","tpep_pickup_datetime":"2023-08-02 17:58:30","tpep_dropoff_datetime":"2023-04-24 18:07:36","passenger_count":"1","trip_distance":"1.55","RatecodeID":"1","store_and_fwd_flag":"N","PULocationID":"186","DOLocationID":"162","payment_type":"1","fare_amount":"8","extra":"0","mta_tax":"0.5","tip_amount":"1.76","tolls_amount":"0","improvement_surcharge":"0.3","total_amount":"10.56","congestion_surcharge":"","tripId":"8fe6c515-3331-4f9e-b86c-48272afb9ac0"},{"VendorID":"1","tpep_pickup_datetime":"2023-08-31 17:03:50","tpep_dropoff_datetime":"2023-02-08 17:10:36","passenger_count":"1","trip_distance":"1.30","RatecodeID":"1","store_and_fwd_flag":"N","PULocationID":"107","DOLocationID":"186","payment_type":"2","fare_amount":"7","extra":"0","mta_tax":"0.5","tip_amount":"0","tolls_amount":"0","improvement_surcharge":"0.3","total_amount":"7.8","congestion_surcharge":"","tripId":"00a7ba64-5065-4719-89b7-f1250344af15"},{"VendorID":"1","tpep_pickup_datetime":"2023-10-17 17:22:08","tpep_dropoff_datetime":"2023-02-12 17:41:30","passenger_count":"2","trip_distance":"4.30","RatecodeID":"1","store_and_fwd_flag":"N","PULocationID":"68","DOLocationID":"13","payment_type":"2","fare_amount":"17","extra":"0","mta_tax":"0.5","tip_amount":"0","tolls_amount":"0","improvement_surcharge":"0.3","total_amount":"17.8","congestion_surcharge":"","tripId":"8bdabdfb-3b5e-45fd-a8f8-d36cd032dfaf"},{"VendorID":"1","tpep_pickup_datetime":"2024-01-29 17:17:54","tpep_dropoff_datetime":"2024-01-07 17:25:36","passenger_count":"1","trip_distance":"1.50","RatecodeID":"1","store_and_fwd_flag":"N","PULocationID":"264","DOLocationID":"264","payment_type":"2","fare_amount":"7.5","extra":"1","mta_tax":"0.5","tip_amount":"0","tolls_amount":"0","improvement_surcharge":"0.3","total_amount":"9.3","congestion_surcharge":"","tripId":"71d9e267-461c-4fdd-8062-1aeaa01c708f"},{"VendorID":"1","tpep_pickup_datetime":"2023-02-23 17:28:54","tpep_dropoff_datetime":"2024-02-01 17:40:30","passenger_count":"1","trip_distance":"1.70","RatecodeID":"1","store_and_fwd_flag":"N","PULocationID":"264","DOLocationID":"264","payment_type":"1","fare_amount":"9.5","extra":"1","mta_tax":"0.5","tip_amount":"2.25","tolls_amount":"0","improvement_surcharge":"0.3","total_amount":"13.55","congestion_surcharge":"","tripId":"e6a0c55d-09da-4101-a09a-44d7c5537747"},{"VendorID":"1","tpep_pickup_datetime":"2023-11-06 17:56:56","tpep_dropoff_datetime":"2023-06-19 18:07:34","passenger_count":"1","trip_distance":"1.90","RatecodeID":"1","store_and_fwd_flag":"N","PULocationID":"264","DOLocationID":"264","payment_type":"2","fare_amount":"9","extra":"1","mta_tax":"0.5","tip_amount":"0","tolls_amount":"0","improvement_surcharge":"0.3","total_amount":"10.8","congestion_surcharge":"","tripId":"24493e07-5bb0-4bcb-9e97-8f9951d216ba"},{"VendorID":"2","tpep_pickup_datetime":"2023-12-22 16:58:36","tpep_dropoff_datetime":"2023-09-06 17:02:44","passenger_count":"1","trip_distance":"1.15","RatecodeID":"1","store_and_fwd_flag":"N","PULocationID":"107","DOLocationID":"162","payment_type":"1","fare_amount":"5.5","extra":"0","mta_tax":"0.5","tip_amount":"1.26","tolls_amount":"0","improvement_surcharge":"0.3","total_amount":"7.56","congestion_surcharge":"","tripId":"59fb6cdf-e6d6-42ea-971a-ad75843d75ac"},{"VendorID":"2","tpep_pickup_datetime":"2023-03-08 17:10:47","tpep_dropoff_datetime":"2023-09-28 17:39:27","passenger_count":"1","trip_distance":"6.28","RatecodeID":"1","store_and_fwd_flag":"N","PULocationID":"137","DOLocationID":"225","payment_type":"2","fare_amount":"23","extra":"0","mta_tax":"0.5","tip_amount":"0","tolls_amount":"0","improvement_surcharge":"0.3","total_amount":"23.8","congestion_surcharge":"","tripId":"c9055f7a-8552-4397-b9c7-3da430e9bbce"},{"VendorID":"2","tpep_pickup_datetime":"2023-08-29 17:01:59","tpep_dropoff_datetime":"2023-07-16 17:21:15","passenger_count":"4","trip_distance":"7.18","RatecodeID":"1","store_and_fwd_flag":"N","PULocationID":"181","DOLocationID":"261","payment_type":"2","fare_amount":"21.5","extra":"0","mta_tax":"0.5","tip_amount":"0","tolls_amount":"0","improvement_surcharge":"0.3","total_amount":"22.3","congestion_surcharge":"","tripId":"08c7b62d-1dff-4021-89da-41bd3ce885a2"},{"VendorID":"2","tpep_pickup_datetime":"2024-02-01 17:22:23","tpep_dropoff_datetime":"2023-04-15 17:27:05","passenger_count":"3","trip_distance":".90","RatecodeID":"1","store_and_fwd_flag":"N","PULocationID":"261","DOLocationID":"231","payment_type":"2","fare_amount":"5.5","extra":"0","mta_tax":"0.5","tip_amount":"0","tolls_amount":"0","improvement_surcharge":"0.3","total_amount":"6.3","congestion_surcharge":"","tripId":"454eaf1e-618e-4c82-9c2e-688408dbcae1"},{"VendorID":"2","tpep_pickup_datetime":"2023-01-14 17:32:32","tpep_dropoff_datetime":"2023-02-13 17:45:35","passenger_count":"4","trip_distance":"3.05","RatecodeID":"1","store_and_fwd_flag":"N","PULocationID":"231","DOLocationID":"100","payment_type":"1","fare_amount":"11.5","extra":"0","mta_tax":"0.5","tip_amount":"2.46","tolls_amount":"0","improvement_surcharge":"0.3","total_amount":"14.76","congestion_surcharge":"","tripId":"74658170-a7c3-4a63-b526-51168afebb2d"},{"VendorID":"2","tpep_pickup_datetime":"2023-03-26 17:50:26","tpep_dropoff_datetime":"2024-01-11 17:55:48","passenger_count":"3","trip_distance":".91","RatecodeID":"1","store_and_fwd_flag":"N","PULocationID":"186","DOLocationID":"107","payment_type":"2","fare_amount":"5.5","extra":"0","mta_tax":"0.5","tip_amount":"0","tolls_amount":"0","improvement_surcharge":"0.3","total_amount":"6.3","congestion_surcharge":"","tripId":"20bf1481-05fc-42c7-a6f5-15145405cc76"},{"VendorID":"1","tpep_pickup_datetime":"2023-03-26 17:08:04","tpep_dropoff_datetime":"2023-12-13 17:13:54","passenger_count":"1","trip_distance":"1.20","RatecodeID":"1","store_and_fwd_flag":"N","PULocationID":"234","DOLocationID":"230","payment_type":"2","fare_amount":"6.5","extra":"1","mta_tax":"0.5","tip_amount":"0","tolls_amount":"0","improvement_surcharge":"0.3","total_amount":"8.3","congestion_surcharge":"","tripId":"240cd345-ac6f-4d09-9026-a40395a99735"},{"VendorID":"1","tpep_pickup_datetime":"2023-01-03 17:19:21","tpep_dropoff_datetime":"2023-06-02 17:52:26","passenger_count":"1","trip_distance":"2.60","RatecodeID":"1","store_and_fwd_flag":"N","PULocationID":"163","DOLocationID":"163","payment_type":"2","fare_amount":"20","extra":"1","mta_tax":"0.5","tip_amount":"0","tolls_amount":"0","improvement_surcharge":"0.3","total_amount":"21.8","congestion_surcharge":"","tripId":"efaa577e-70d1-4c4a-94de-5345859f2c56"},{"VendorID":"2","tpep_pickup_datetime":"2023-07-13 17:12:16","tpep_dropoff_datetime":"2023-06-03 17:18:48","passenger_count":"1","trip_distance":".94","RatecodeID":"1","store_and_fwd_flag":"N","PULocationID":"137","DOLocationID":"79","payment_type":"1","fare_amount":"5","extra":"0","mta_tax":"0.5","tip_amount":"1.16","tolls_amount":"0","improvement_surcharge":"0.3","total_amount":"6.96","congestion_surcharge":"","tripId":"8c347951-cc35-4e40-975a-f87762438a00"},{"VendorID":"2","tpep_pickup_datetime":"2023-09-04 17:20:43","tpep_dropoff_datetime":"2023-03-06 17:33:22","passenger_count":"1","trip_distance":"5.00","RatecodeID":"1","store_and_fwd_flag":"N","PULocationID":"79","DOLocationID":"226","payment_type":"1","fare_amount":"15.5","extra":"0","mta_tax":"0.5","tip_amount":"2.45","tolls_amount":"0","improvement_surcharge":"0.3","total_amount":"18.75","congestion_surcharge":"","tripId":"770678dc-5175-4850-a000-1beec1199b47"},{"VendorID":"1","tpep_pickup_datetime":"2023-09-27 17:04:09","tpep_dropoff_datetime":"2023-11-10 17:08:26","passenger_count":"1","trip_distance":"1.40","RatecodeID":"1","store_and_fwd_flag":"N","PULocationID":"50","DOLocationID":"239","payment_type":"1","fare_amount":"6.5","extra":"0","mta_tax":"0.5","tip_amount":"1.8","tolls_amount":"0","improvement_surcharge":"0.3","total_amount":"9.1","congestion_surcharge":"","tripId":"a1b5912f-9898-42a4-922a-0668d41f4e4f"},{"VendorID":"1","tpep_pickup_datetime":"2023-10-22 17:15:09","tpep_dropoff_datetime":"2024-01-15 17:26:32","passenger_count":"2","trip_distance":"1.80","RatecodeID":"1","store_and_fwd_flag":"N","PULocationID":"142","DOLocationID":"162","payment_type":"1","fare_amount":"9","extra":"0","mta_tax":"0.5","tip_amount":"1","tolls_amount":"0","improvement_surcharge":"0.3","total_amount":"10.8","congestion_surcharge":"","tripId":"7d21d807-6498-44f9-8e36-b3a72ff39ea2"},{"VendorID":"1","tpep_pickup_datetime":"2023-11-26 17:36:50","tpep_dropoff_datetime":"2023-10-17 17:40:46","passenger_count":"1","trip_distance":"1.20","RatecodeID":"1","store_and_fwd_flag":"N","PULocationID":"141","DOLocationID":"236","payment_type":"1","fare_amount":"5.5","extra":"0","mta_tax":"0.5","tip_amount":"1","tolls_amount":"0","improvement_surcharge":"0.3","total_amount":"7.3","congestion_surcharge":"","tripId":"73117b57-0858-4aa1-be12-127af13de667"},{"VendorID":"2","tpep_pickup_datetime":"2023-03-25 17:19:18","tpep_dropoff_datetime":"2023-09-10 17:27:39","passenger_count":"3","trip_distance":"1.34","RatecodeID":"1","store_and_fwd_flag":"N","PULocationID":"142","DOLocationID":"48","payment_type":"2","fare_amount":"7.5","extra":"0","mta_tax":"0.5","tip_amount":"0","tolls_amount":"0","improvement_surcharge":"0.3","total_amount":"8.3","congestion_surcharge":"","tripId":"c329191f-0710-49f9-b85a-9d8153ddb5e6"},{"VendorID":"2","tpep_pickup_datetime":"2023-10-30 17:33:16","tpep_dropoff_datetime":"2023-02-14 17:39:51","passenger_count":"1","trip_distance":"1.31","RatecodeID":"1","store_and_fwd_flag":"N","PULocationID":"142","DOLocationID":"238","payment_type":"2","fare_amount":"7","extra":"0","mta_tax":"0.5","tip_amount":"0","tolls_amount":"0","improvement_surcharge":"0.3","total_amount":"7.8","congestion_surcharge":"","tripId":"7e214760-f747-4da8-93ca-dd23aac8c532"},{"VendorID":"2","tpep_pickup_datetime":"2023-05-31 17:45:24","tpep_dropoff_datetime":"2023-12-31 17:50:41","passenger_count":"2","trip_distance":".89","RatecodeID":"1","store_and_fwd_flag":"N","PULocationID":"239","DOLocationID":"143","payment_type":"2","fare_amount":"5.5","extra":"0","mta_tax":"0.5","tip_amount":"0","tolls_amount":"0","improvement_surcharge":"0.3","total_amount":"6.3","congestion_surcharge":"","tripId":"04aa1e3d-4da4-4acd-8d2c-e3763036c76b"},{"VendorID":"2","tpep_pickup_datetime":"2023-09-21 17:54:12","tpep_dropoff_datetime":"2024-01-15 18:01:49","passenger_count":"1","trip_distance":"1.53","RatecodeID":"1","store_and_fwd_flag":"N","PULocationID":"143","DOLocationID":"237","payment_type":"1","fare_amount":"7.5","extra":"0","mta_tax":"0.5","tip_amount":"1","tolls_amount":"0","improvement_surcharge":"0.3","total_amount":"9.3","congestion_surcharge":"","tripId":"0c134647-a4e7-435f-8fe2-6ee6c27070c7"},{"VendorID":"2","tpep_pickup_datetime":"2023-01-07 17:08:46","tpep_dropoff_datetime":"2023-11-19 17:30:30","passenger_count":"2","trip_distance":"4.54","RatecodeID":"1","store_and_fwd_flag":"N","PULocationID":"230","DOLocationID":"231","payment_type":"1","fare_amount":"17","extra":"0","mta_tax":"0.5","tip_amount":"2","tolls_amount":"0","improvement_surcharge":"0.3","total_amount":"19.8","congestion_surcharge":"","tripId":"65371b0b-fda1-4309-9320-fe44d3c5dadd"},{"VendorID":"2","tpep_pickup_datetime":"2023-04-05 17:37:59","tpep_dropoff_datetime":"2023-10-06 17:48:58","passenger_count":"1","trip_distance":"1.71","RatecodeID":"1","store_and_fwd_flag":"N","PULocationID":"249","DOLocationID":"164","payment_type":"2","fare_amount":"8.5","extra":"0","mta_tax":"0.5","tip_amount":"0","tolls_amount":"0","improvement_surcharge":"0.3","total_amount":"9.3","congestion_surcharge":"","tripId":"caf56930-4abc-4588-b4c4-6163d4922e74"},{"VendorID":"2","tpep_pickup_datetime":"2023-12-20 17:56:25","tpep_dropoff_datetime":"2023-11-26 18:03:50","passenger_count":"2","trip_distance":"1.36","RatecodeID":"1","store_and_fwd_flag":"N","PULocationID":"186","DOLocationID":"158","payment_type":"2","fare_amount":"7","extra":"0","mta_tax":"0.5","tip_amount":"0","tolls_amount":"0","improvement_surcharge":"0.3","total_amount":"7.8","congestion_surcharge":"","tripId":"bb525d3f-e056-40b3-adbf-88d59b211881"},{"VendorID":"2","tpep_pickup_datetime":"2023-07-27 17:02:03","tpep_dropoff_datetime":"2023-10-02 17:16:16","passenger_count":"1","trip_distance":"4.20","RatecodeID":"1","store_and_fwd_flag":"N","PULocationID":"209","DOLocationID":"234","payment_type":"1","fare_amount":"15","extra":"0","mta_tax":"0.5","tip_amount":"3","tolls_amount":"0","improvement_surcharge":"0.3","total_amount":"18.8","congestion_surcharge":"","tripId":"17f0f865-cc75-4580-a1dc-b9bc0c915d42"},{"VendorID":"2","tpep_pickup_datetime":"2023-03-12 17:17:12","tpep_dropoff_datetime":"2023-11-21 17:23:25","passenger_count":"1","trip_distance":".99","RatecodeID":"1","store_and_fwd_flag":"N","PULocationID":"234","DOLocationID":"224","payment_type":"2","fare_amount":"6","extra":"0","mta_tax":"0.5","tip_amount":"0","tolls_amount":"0","improvement_surcharge":"0.3","total_amount":"6.8","congestion_surcharge":"","tripId":"08d0b809-ecb1-4d52-bea8-3f0b531ea40c"},{"VendorID":"2","tpep_pickup_datetime":"2023-01-23 17:46:26","tpep_dropoff_datetime":"2023-07-23 17:54:28","passenger_count":"1","trip_distance":"2.78","RatecodeID":"1","store_and_fwd_flag":"N","PULocationID":"137","DOLocationID":"263","payment_type":"1","fare_amount":"9.5","extra":"0","mta_tax":"0.5","tip_amount":"2.06","tolls_amount":"0","improvement_surcharge":"0.3","total_amount":"12.36","congestion_surcharge":"","tripId":"a8e41e5c-8251-452d-8456-29491673d885"},{"VendorID":"2","tpep_pickup_datetime":"2023-03-07 17:56:11","tpep_dropoff_datetime":"2023-01-23 17:59:01","passenger_count":"1","trip_distance":".60","RatecodeID":"1","store_and_fwd_flag":"N","PULocationID":"263","DOLocationID":"237","payment_type":"2","fare_amount":"4","extra":"0","mta_tax":"0.5","tip_amount":"0","tolls_amount":"0","improvement_surcharge":"0.3","total_amount":"4.8","congestion_surcharge":"","tripId":"d043f721-3311-4b62-8f80-fe74344ddeec"},{"VendorID":"2","tpep_pickup_datetime":"2023-10-27 17:00:45","tpep_dropoff_datetime":"2023-12-03 17:09:04","passenger_count":"5","trip_distance":"1.57","RatecodeID":"1","store_and_fwd_flag":"N","PULocationID":"114","DOLocationID":"249","payment_type":"1","fare_amount":"8","extra":"0","mta_tax":"0.5","tip_amount":"1.76","tolls_amount":"0","improvement_surcharge":"0.3","total_amount":"10.56","congestion_surcharge":"","tripId":"44db8a59-5644-4240-9c9b-a3d07b6faa3a"},{"VendorID":"2","tpep_pickup_datetime":"2023-03-04 17:24:11","tpep_dropoff_datetime":"2023-12-18 17:34:20","passenger_count":"5","trip_distance":"1.31","RatecodeID":"1","store_and_fwd_flag":"N","PULocationID":"68","DOLocationID":"158","payment_type":"2","fare_amount":"7.5","extra":"0","mta_tax":"0.5","tip_amount":"0","tolls_amount":"0","improvement_surcharge":"0.3","total_amount":"8.3","congestion_surcharge":"","tripId":"462b27ba-f341-435a-abcd-c2f200f02c65"},{"VendorID":"2","tpep_pickup_datetime":"2023-12-16 17:44:03","tpep_dropoff_datetime":"2023-08-12 17:59:44","passenger_count":"5","trip_distance":"2.14","RatecodeID":"1","store_and_fwd_flag":"N","PULocationID":"249","DOLocationID":"48","payment_type":"1","fare_amount":"12","extra":"0","mta_tax":"0.5","tip_amount":"2.56","tolls_amount":"0","improvement_surcharge":"0.3","total_amount":"15.36","congestion_surcharge":"","tripId":"847e5d7a-55ea-4958-a6d9-ccb2d358735b"},{"VendorID":"2","tpep_pickup_datetime":"2023-07-14 17:29:42","tpep_dropoff_datetime":"2023-07-12 18:11:31","passenger_count":"1","trip_distance":"20.28","RatecodeID":"2","store_and_fwd_flag":"N","PULocationID":"132","DOLocationID":"239","payment_type":"1","fare_amount":"52","extra":"0","mta_tax":"0.5","tip_amount":"17.57","tolls_amount":"5.76","improvement_surcharge":"0.3","total_amount":"76.13","congestion_surcharge":"","tripId":"28bc2d8b-d750-4c2c-bff1-e5fb9257cd9b"},{"VendorID":"2","tpep_pickup_datetime":"2023-05-01 17:57:21","tpep_dropoff_datetime":"2024-01-11 18:01:29","passenger_count":"1","trip_distance":".54","RatecodeID":"1","store_and_fwd_flag":"N","PULocationID":"161","DOLocationID":"170","payment_type":"2","fare_amount":"4.5","extra":"0","mta_tax":"0.5","tip_amount":"0","tolls_amount":"0","improvement_surcharge":"0.3","total_amount":"5.3","congestion_surcharge":"","tripId":"7d0b37b2-9908-403c-8863-2abf74d1dd24"},{"VendorID":"1","tpep_pickup_datetime":"2023-07-07 17:32:29","tpep_dropoff_datetime":"2023-07-10 17:34:45","passenger_count":"1","trip_distance":".40","RatecodeID":"1","store_and_fwd_flag":"N","PULocationID":"263","DOLocationID":"263","payment_type":"1","fare_amount":"4","extra":"0","mta_tax":"0.5","tip_amount":"0.95","tolls_amount":"0","improvement_surcharge":"0.3","total_amount":"5.75","congestion_surcharge":"","tripId":"671100cf-2540-4f1f-a7f9-fc4eaf3623f6"},{"VendorID":"1","tpep_pickup_datetime":"2023-05-30 17:36:28","tpep_dropoff_datetime":"2023-08-13 17:43:20","passenger_count":"1","trip_distance":"1.70","RatecodeID":"1","store_and_fwd_flag":"N","PULocationID":"263","DOLocationID":"238","payment_type":"2","fare_amount":"7.5","extra":"0","mta_tax":"0.5","tip_amount":"0","tolls_amount":"0","improvement_surcharge":"0.3","total_amount":"8.3","congestion_surcharge":"","tripId":"9ca00b42-540e-4519-a7a3-a4288d0657d6"},{"VendorID":"1","tpep_pickup_datetime":"2023-02-17 17:46:12","tpep_dropoff_datetime":"2023-01-11 17:52:21","passenger_count":"2","trip_distance":"1.70","RatecodeID":"1","store_and_fwd_flag":"N","PULocationID":"239","DOLocationID":"24","payment_type":"1","fare_amount":"7","extra":"0","mta_tax":"0.5","tip_amount":"1","tolls_amount":"0","improvement_surcharge":"0.3","total_amount":"8.8","congestion_surcharge":"","tripId":"a68bd9e1-9403-45c9-a2cb-636aec88341d"},{"VendorID":"1","tpep_pickup_datetime":"2023-09-26 17:59:22","tpep_dropoff_datetime":"2023-07-06 18:02:40","passenger_count":"2","trip_distance":".70","RatecodeID":"1","store_and_fwd_flag":"N","PULocationID":"238","DOLocationID":"151","payment_type":"2","fare_amount":"5","extra":"0","mta_tax":"0.5","tip_amount":"0","tolls_amount":"0","improvement_surcharge":"0.3","total_amount":"5.8","congestion_surcharge":"","tripId":"1a53fcf8-6aec-48f4-b1e4-8e82140eec6c"},{"VendorID":"2","tpep_pickup_datetime":"2023-10-14 17:17:05","tpep_dropoff_datetime":"2023-10-23 17:21:51","passenger_count":"1","trip_distance":"1.20","RatecodeID":"1","store_and_fwd_flag":"N","PULocationID":"263","DOLocationID":"237","payment_type":"1","fare_amount":"6","extra":"0","mta_tax":"0.5","tip_amount":"1","tolls_amount":"0","improvement_surcharge":"0.3","total_amount":"7.8","congestion_surcharge":"","tripId":"2924189c-f734-4e78-802b-c361c655ef56"},{"VendorID":"2","tpep_pickup_datetime":"2023-04-12 17:32:50","tpep_dropoff_datetime":"2023-06-29 17:38:09","passenger_count":"1","trip_distance":"1.02","RatecodeID":"1","store_and_fwd_flag":"N","PULocationID":"263","DOLocationID":"140","payment_type":"1","fare_amount":"6","extra":"0","mta_tax":"0.5","tip_amount":"1.36","tolls_amount":"0","improvement_surcharge":"0.3","total_amount":"8.16","congestion_surcharge":"","tripId":"9b2970b2-56eb-40f5-a649-c506acf9d8d9"},{"VendorID":"2","tpep_pickup_datetime":"2023-11-09 17:47:29","tpep_dropoff_datetime":"2023-04-02 18:06:23","passenger_count":"1","trip_distance":"7.91","RatecodeID":"1","store_and_fwd_flag":"N","PULocationID":"262","DOLocationID":"13","payment_type":"1","fare_amount":"24.5","extra":"0","mta_tax":"0.5","tip_amount":"5.06","tolls_amount":"0","improvement_surcharge":"0.3","total_amount":"30.36","congestion_surcharge":"","tripId":"8968813c-08d5-46fd-aa2a-61fa5aacdf8f"},{"VendorID":"2","tpep_pickup_datetime":"2023-05-26 17:02:56","tpep_dropoff_datetime":"2023-03-09 17:14:46","passenger_count":"3","trip_distance":"2.21","RatecodeID":"1","store_and_fwd_flag":"N","PULocationID":"142","DOLocationID":"140","payment_type":"1","fare_amount":"10.5","extra":"0","mta_tax":"0.5","tip_amount":"3.39","tolls_amount":"0","improvement_surcharge":"0.3","total_amount":"14.69","congestion_surcharge":"","tripId":"497f91c4-b16f-4db3-8d46-e15d4dd71a7a"},{"VendorID":"2","tpep_pickup_datetime":"2023-05-10 17:20:58","tpep_dropoff_datetime":"2024-01-13 17:21:03","passenger_count":"2","trip_distance":".00","RatecodeID":"1","store_and_fwd_flag":"N","PULocationID":"140","DOLocationID":"264","payment_type":"2","fare_amount":"2.5","extra":"0","mta_tax":"0.5","tip_amount":"0","tolls_amount":"0","improvement_surcharge":"0.3","total_amount":"3.3","congestion_surcharge":"","tripId":"3db1c25e-30f9-4eac-96a2-c5ed67229274"},{"VendorID":"2","tpep_pickup_datetime":"2023-08-08 17:28:58","tpep_dropoff_datetime":"2024-01-06 17:31:06","passenger_count":"1","trip_distance":".40","RatecodeID":"1","store_and_fwd_flag":"N","PULocationID":"141","DOLocationID":"237","payment_type":"2","fare_amount":"3.5","extra":"0","mta_tax":"0.5","tip_amount":"0","tolls_amount":"0","improvement_surcharge":"0.3","total_amount":"4.3","congestion_surcharge":"","tripId":"2937177e-38d0-470e-9127-098111d16e2b"},{"VendorID":"2","tpep_pickup_datetime":"2023-08-19 17:42:30","tpep_dropoff_datetime":"2023-01-12 17:57:41","passenger_count":"2","trip_distance":"1.91","RatecodeID":"1","store_and_fwd_flag":"N","PULocationID":"239","DOLocationID":"230","payment_type":"2","fare_amount":"11.5","extra":"0","mta_tax":"0.5","tip_amount":"0","tolls_amount":"0","improvement_surcharge":"0.3","total_amount":"12.3","congestion_surcharge":"","tripId":"55dc8293-4c18-453c-947f-f5704bc7d3eb"},{"VendorID":"2","tpep_pickup_datetime":"2023-01-17 17:09:27","tpep_dropoff_datetime":"2023-05-24 17:50:50","passenger_count":"2","trip_distance":"13.02","RatecodeID":"1","store_and_fwd_flag":"N","PULocationID":"142","DOLocationID":"22","payment_type":"1","fare_amount":"41.5","extra":"0","mta_tax":"0.5","tip_amount":"0","tolls_amount":"5.76","improvement_surcharge":"0.3","total_amount":"48.06","congestion_surcharge":"","tripId":"f7b84ccb-de2e-4cc3-a700-db51f2455a08"},{"VendorID":"2","tpep_pickup_datetime":"2023-05-08 16:58:25","tpep_dropoff_datetime":"2023-12-16 17:29:52","passenger_count":"5","trip_distance":"15.79","RatecodeID":"1","store_and_fwd_flag":"N","PULocationID":"132","DOLocationID":"255","payment_type":"1","fare_amount":"43","extra":"0","mta_tax":"0.5","tip_amount":"8.76","tolls_amount":"0","improvement_surcharge":"0.3","total_amount":"52.56","congestion_surcharge":"","tripId":"798b4fbd-1f39-40d9-9cc5-58face25461f"},{"VendorID":"1","tpep_pickup_datetime":"2023-09-06 17:26:57","tpep_dropoff_datetime":"2023-01-07 17:32:57","passenger_count":"3","trip_distance":".80","RatecodeID":"1","store_and_fwd_flag":"N","PULocationID":"264","DOLocationID":"264","payment_type":"2","fare_amount":"6","extra":"0","mta_tax":"0.5","tip_amount":"0","tolls_amount":"0","improvement_surcharge":"0.3","total_amount":"6.8","congestion_surcharge":"","tripId":"bc4c5682-86d3-41f8-ae3a-5b2201d41fcf"},{"VendorID":"1","tpep_pickup_datetime":"2023-02-24 17:34:19","tpep_dropoff_datetime":"2023-05-06 17:44:01","passenger_count":"3","trip_distance":"1.50","RatecodeID":"1","store_and_fwd_flag":"N","PULocationID":"264","DOLocationID":"264","payment_type":"2","fare_amount":"8","extra":"0","mta_tax":"0.5","tip_amount":"0","tolls_amount":"0","improvement_surcharge":"0.3","total_amount":"8.8","congestion_surcharge":"","tripId":"cab8881d-8d6e-4afd-a09a-83fb04b7e137"},{"VendorID":"1","tpep_pickup_datetime":"2023-05-26 17:47:42","tpep_dropoff_datetime":"2023-07-02 17:51:01","passenger_count":"3","trip_distance":"1.00","RatecodeID":"1","store_and_fwd_flag":"N","PULocationID":"264","DOLocationID":"264","payment_type":"2","fare_amount":"5","extra":"0","mta_tax":"0.5","tip_amount":"0","tolls_amount":"0","improvement_surcharge":"0.3","total_amount":"5.8","congestion_surcharge":"","tripId":"9fb59744-e37e-45e3-8e30-121547774d95"},{"VendorID":"1","tpep_pickup_datetime":"2023-12-07 17:52:18","tpep_dropoff_datetime":"2023-04-24 17:55:14","passenger_count":"4","trip_distance":".70","RatecodeID":"1","store_and_fwd_flag":"N","PULocationID":"264","DOLocationID":"264","payment_type":"1","fare_amount":"4","extra":"0","mta_tax":"0.5","tip_amount":"0.95","tolls_amount":"0","improvement_surcharge":"0.3","total_amount":"5.75","congestion_surcharge":"","tripId":"2ac503fb-4510-4ef4-a9d2-6cd9d55c324c"},{"VendorID":"2","tpep_pickup_datetime":"2024-02-02 17:03:26","tpep_dropoff_datetime":"2023-01-13 17:15:49","passenger_count":"2","trip_distance":"1.45","RatecodeID":"1","store_and_fwd_flag":"N","PULocationID":"237","DOLocationID":"164","payment_type":"1","fare_amount":"9.5","extra":"0","mta_tax":"0.5","tip_amount":"1","tolls_amount":"0","improvement_surcharge":"0.3","total_amount":"11.3","congestion_surcharge":"","tripId":"6726e433-54a8-4edb-9f87-9536c85e2163"},{"VendorID":"2","tpep_pickup_datetime":"2023-03-18 17:20:58","tpep_dropoff_datetime":"2023-04-18 17:32:14","passenger_count":"2","trip_distance":"2.05","RatecodeID":"1","store_and_fwd_flag":"N","PULocationID":"113","DOLocationID":"87","payment_type":"1","fare_amount":"9.5","extra":"0","mta_tax":"0.5","tip_amount":"2.06","tolls_amount":"0","improvement_surcharge":"0.3","total_amount":"12.36","congestion_surcharge":"","tripId":"0b38c86a-b2ef-453e-976a-6723ef82c5fc"},{"VendorID":"2","tpep_pickup_datetime":"2023-12-29 17:39:30","tpep_dropoff_datetime":"2023-12-22 18:01:11","passenger_count":"2","trip_distance":"5.61","RatecodeID":"1","store_and_fwd_flag":"N","PULocationID":"261","DOLocationID":"142","payment_type":"2","fare_amount":"20.5","extra":"0","mta_tax":"0.5","tip_amount":"0","tolls_amount":"0","improvement_surcharge":"0.3","total_amount":"21.3","congestion_surcharge":"","tripId":"213cf8dd-3f47-40bc-b1f8-5a478b3499e0"},{"VendorID":"2","tpep_pickup_datetime":"2023-10-31 17:22:28","tpep_dropoff_datetime":"2023-04-20 17:59:49","passenger_count":"1","trip_distance":"17.95","RatecodeID":"2","store_and_fwd_flag":"N","PULocationID":"132","DOLocationID":"90","payment_type":"1","fare_amount":"52","extra":"0","mta_tax":"0.5","tip_amount":"11.71","tolls_amount":"5.76","improvement_surcharge":"0.3","total_amount":"70.27","congestion_surcharge":"","tripId":"2a5bd491-2e5d-493f-a51a-05daabd2601d"},{"VendorID":"2","tpep_pickup_datetime":"2023-11-20 17:18:55","tpep_dropoff_datetime":"2023-12-07 17:32:39","passenger_count":"1","trip_distance":"3.09","RatecodeID":"1","store_and_fwd_flag":"N","PULocationID":"261","DOLocationID":"100","payment_type":"1","fare_amount":"12.5","extra":"0","mta_tax":"0.5","tip_amount":"2.66","tolls_amount":"0","improvement_surcharge":"0.3","total_amount":"15.96","congestion_surcharge":"","tripId":"9c6eed62-71a1-4d6e-83ca-db02cfacbcaf"},{"VendorID":"2","tpep_pickup_datetime":"2023-07-14 17:38:54","tpep_dropoff_datetime":"2023-08-05 17:46:47","passenger_count":"1","trip_distance":"1.49","RatecodeID":"1","store_and_fwd_flag":"N","PULocationID":"90","DOLocationID":"79","payment_type":"1","fare_amount":"7.5","extra":"0","mta_tax":"0.5","tip_amount":"1.66","tolls_amount":"0","improvement_surcharge":"0.3","total_amount":"9.96","congestion_surcharge":"","tripId":"586658dd-2bb0-4412-897e-7c6412f2b99b"},{"VendorID":"2","tpep_pickup_datetime":"2023-01-31 17:35:07","tpep_dropoff_datetime":"2023-03-14 17:41:07","passenger_count":"5","trip_distance":"2.07","RatecodeID":"1","store_and_fwd_flag":"N","PULocationID":"140","DOLocationID":"233","payment_type":"1","fare_amount":"8","extra":"0","mta_tax":"0.5","tip_amount":"1.76","tolls_amount":"0","improvement_surcharge":"0.3","total_amount":"10.56","congestion_surcharge":"","tripId":"517b2fe9-0fa5-4e5f-861b-9d4a31e534f9"},{"VendorID":"2","tpep_pickup_datetime":"2023-04-30 17:49:17","tpep_dropoff_datetime":"2024-01-25 17:52:24","passenger_count":"5","trip_distance":"1.05","RatecodeID":"1","store_and_fwd_flag":"N","PULocationID":"140","DOLocationID":"141","payment_type":"1","fare_amount":"5","extra":"0","mta_tax":"0.5","tip_amount":"1.16","tolls_amount":"0","improvement_surcharge":"0.3","total_amount":"6.96","congestion_surcharge":"","tripId":"e0ed46e1-4de4-49fe-a38e-2f8fb1090043"},{"VendorID":"2","tpep_pickup_datetime":"2024-01-02 17:53:59","tpep_dropoff_datetime":"2023-08-17 17:54:46","passenger_count":"5","trip_distance":".36","RatecodeID":"1","store_and_fwd_flag":"N","PULocationID":"236","DOLocationID":"263","payment_type":"2","fare_amount":"3","extra":"0","mta_tax":"0.5","tip_amount":"0","tolls_amount":"0","improvement_surcharge":"0.3","total_amount":"3.8","congestion_surcharge":"","tripId":"7937c0e5-c881-43d4-a026-f5fdbcac08b7"},{"VendorID":"1","tpep_pickup_datetime":"2023-12-27 17:17:59","tpep_dropoff_datetime":"2023-11-23 17:30:45","passenger_count":"1","trip_distance":"3.50","RatecodeID":"1","store_and_fwd_flag":"N","PULocationID":"48","DOLocationID":"125","payment_type":"2","fare_amount":"13","extra":"1","mta_tax":"0.5","tip_amount":"0","tolls_amount":"0","improvement_surcharge":"0.3","total_amount":"14.8","congestion_surcharge":"","tripId":"b087e4d8-4f83-4c1b-bc70-6bc5ba1f3940"},{"VendorID":"1","tpep_pickup_datetime":"2023-05-14 17:38:46","tpep_dropoff_datetime":"2023-04-09 17:40:57","passenger_count":"2","trip_distance":".30","RatecodeID":"1","store_and_fwd_flag":"N","PULocationID":"211","DOLocationID":"114","payment_type":"2","fare_amount":"3.5","extra":"1","mta_tax":"0.5","tip_amount":"0","tolls_amount":"0","improvement_surcharge":"0.3","total_amount":"5.3","congestion_surcharge":"","tripId":"dd5c906f-fe33-43dc-bcac-b181f546761c"},{"VendorID":"1","tpep_pickup_datetime":"2023-04-12 17:45:22","tpep_dropoff_datetime":"2023-01-24 18:05:34","passenger_count":"2","trip_distance":"3.30","RatecodeID":"1","store_and_fwd_flag":"N","PULocationID":"211","DOLocationID":"230","payment_type":"2","fare_amount":"15","extra":"1","mta_tax":"0.5","tip_amount":"0","tolls_amount":"0","improvement_surcharge":"0.3","total_amount":"16.8","congestion_surcharge":"","tripId":"64eca2c2-4971-4f67-9ad3-7ff64c5fda51"},{"VendorID":"2","tpep_pickup_datetime":"2023-08-27 17:23:34","tpep_dropoff_datetime":"2023-03-23 17:32:12","passenger_count":"1","trip_distance":".72","RatecodeID":"1","store_and_fwd_flag":"N","PULocationID":"237","DOLocationID":"229","payment_type":"1","fare_amount":"7","extra":"0","mta_tax":"0.5","tip_amount":"1.56","tolls_amount":"0","improvement_surcharge":"0.3","total_amount":"9.36","congestion_surcharge":"","tripId":"20526ee8-4d93-4c86-9a66-2146f0e4879f"},{"VendorID":"1","tpep_pickup_datetime":"2023-09-10 17:32:44","tpep_dropoff_datetime":"2023-06-14 17:39:47","passenger_count":"1","trip_distance":"1.00","RatecodeID":"1","store_and_fwd_flag":"N","PULocationID":"144","DOLocationID":"79","payment_type":"1","fare_amount":"6.5","extra":"0","mta_tax":"0.5","tip_amount":"1.45","tolls_amount":"0","improvement_surcharge":"0.3","total_amount":"8.75","congestion_surcharge":"","tripId":"ba3cfebb-3092-46b4-93b1-8cbc7d6aa324"},{"VendorID":"2","tpep_pickup_datetime":"2024-01-04 17:48:58","tpep_dropoff_datetime":"2023-05-15 18:10:54","passenger_count":"2","trip_distance":"10.10","RatecodeID":"1","store_and_fwd_flag":"N","PULocationID":"138","DOLocationID":"90","payment_type":"1","fare_amount":"29.5","extra":"0","mta_tax":"0.5","tip_amount":"7.21","tolls_amount":"5.76","improvement_surcharge":"0.3","total_amount":"43.27","congestion_surcharge":"","tripId":"355ea8d6-244d-457a-ad99-895f96d85673"},{"VendorID":"2","tpep_pickup_datetime":"2023-10-04 17:27:43","tpep_dropoff_datetime":"2023-01-20 17:49:02","passenger_count":"1","trip_distance":"4.00","RatecodeID":"1","store_and_fwd_flag":"N","PULocationID":"231","DOLocationID":"230","payment_type":"1","fare_amount":"16.5","extra":"0","mta_tax":"0.5","tip_amount":"0","tolls_amount":"0","improvement_surcharge":"0.3","total_amount":"17.3","congestion_surcharge":"","tripId":"d9963e3b-143a-46b3-9302-1fc9ae276059"},{"VendorID":"2","tpep_pickup_datetime":"2023-01-01 17:52:22","tpep_dropoff_datetime":"2023-06-12 17:57:57","passenger_count":"1","trip_distance":".95","RatecodeID":"1","store_and_fwd_flag":"N","PULocationID":"163","DOLocationID":"50","payment_type":"1","fare_amount":"6","extra":"0","mta_tax":"0.5","tip_amount":"2.04","tolls_amount":"0","improvement_surcharge":"0.3","total_amount":"8.84","congestion_surcharge":"","tripId":"8e8273cf-0433-468d-a3eb-73f90b54716a"},{"VendorID":"2","tpep_pickup_datetime":"2023-06-04 17:14:24","tpep_dropoff_datetime":"2023-05-01 17:51:11","passenger_count":"1","trip_distance":"19.77","RatecodeID":"2","store_and_fwd_flag":"N","PULocationID":"132","DOLocationID":"140","payment_type":"1","fare_amount":"52","extra":"0","mta_tax":"0.5","tip_amount":"5.86","tolls_amount":"5.76","improvement_surcharge":"0.3","total_amount":"64.42","congestion_surcharge":"","tripId":"5a0aad68-20c4-4cad-a117-5bdd1406f05c"},{"VendorID":"2","tpep_pickup_datetime":"2023-06-27 17:22:41","tpep_dropoff_datetime":"2023-02-11 17:28:49","passenger_count":"1","trip_distance":"1.17","RatecodeID":"1","store_and_fwd_flag":"N","PULocationID":"170","DOLocationID":"229","payment_type":"1","fare_amount":"6.5","extra":"0","mta_tax":"0.5","tip_amount":"2.19","tolls_amount":"0","improvement_surcharge":"0.3","total_amount":"9.49","congestion_surcharge":"","tripId":"0ebc0aad-86cc-4dc7-8fb2-f0a33192ccf2"},{"VendorID":"2","tpep_pickup_datetime":"2023-02-14 17:46:33","tpep_dropoff_datetime":"2023-08-02 17:51:42","passenger_count":"1","trip_distance":".97","RatecodeID":"1","store_and_fwd_flag":"N","PULocationID":"262","DOLocationID":"263","payment_type":"1","fare_amount":"5.5","extra":"0","mta_tax":"0.5","tip_amount":"0","tolls_amount":"0","improvement_surcharge":"0.3","total_amount":"6.3","congestion_surcharge":"","tripId":"b42cdb75-ba64-4c7c-9952-183058a20665"},{"VendorID":"2","tpep_pickup_datetime":"2023-07-23 17:11:35","tpep_dropoff_datetime":"2023-10-25 17:34:07","passenger_count":"6","trip_distance":"10.46","RatecodeID":"1","store_and_fwd_flag":"N","PULocationID":"138","DOLocationID":"33","payment_type":"1","fare_amount":"29.5","extra":"0","mta_tax":"0.5","tip_amount":"5","tolls_amount":"0","improvement_surcharge":"0.3","total_amount":"35.3","congestion_surcharge":"","tripId":"ddc99e4f-5661-4e7c-83a0-8d066544f1e6"},{"VendorID":"2","tpep_pickup_datetime":"2023-05-17 16:26:25","tpep_dropoff_datetime":"2023-06-21 16:50:22","passenger_count":"1","trip_distance":"1.95","RatecodeID":"1","store_and_fwd_flag":"N","PULocationID":"161","DOLocationID":"142","payment_type":"2","fare_amount":"14","extra":"0","mta_tax":"0.5","tip_amount":"0","tolls_amount":"0","improvement_surcharge":"0.3","total_amount":"14.8","congestion_surcharge":"","tripId":"847b8644-c3dd-45e4-9d3e-8a4c116fb974"},{"VendorID":"2","tpep_pickup_datetime":"2024-01-16 16:52:55","tpep_dropoff_datetime":"2023-10-05 16:57:29","passenger_count":"1","trip_distance":".56","RatecodeID":"1","store_and_fwd_flag":"N","PULocationID":"142","DOLocationID":"163","payment_type":"2","fare_amount":"5","extra":"0","mta_tax":"0.5","tip_amount":"0","tolls_amount":"0","improvement_surcharge":"0.3","total_amount":"5.8","congestion_surcharge":"","tripId":"de9a170b-a19e-46eb-bcae-adefd6d618d4"},{"VendorID":"2","tpep_pickup_datetime":"2023-10-15 16:58:23","tpep_dropoff_datetime":"2023-06-17 17:01:57","passenger_count":"1","trip_distance":".41","RatecodeID":"1","store_and_fwd_flag":"N","PULocationID":"163","DOLocationID":"230","payment_type":"2","fare_amount":"4","extra":"0","mta_tax":"0.5","tip_amount":"0","tolls_amount":"0","improvement_surcharge":"0.3","total_amount":"4.8","congestion_surcharge":"","tripId":"1eafe17a-30a6-4664-8871-0137da874ab9"},{"VendorID":"2","tpep_pickup_datetime":"2024-01-02 17:04:16","tpep_dropoff_datetime":"2023-03-19 17:10:51","passenger_count":"1","trip_distance":".87","RatecodeID":"1","store_and_fwd_flag":"N","PULocationID":"230","DOLocationID":"186","payment_type":"1","fare_amount":"6","extra":"0","mta_tax":"0.5","tip_amount":"1.36","tolls_amount":"0","improvement_surcharge":"0.3","total_amount":"8.16","congestion_surcharge":"","tripId":"fc0b752e-b2d1-444b-85de-8c054cb8d4fd"},{"VendorID":"1","tpep_pickup_datetime":"2023-11-30 17:08:50","tpep_dropoff_datetime":"2023-08-06 17:11:10","passenger_count":"1","trip_distance":".50","RatecodeID":"1","store_and_fwd_flag":"N","PULocationID":"74","DOLocationID":"74","payment_type":"2","fare_amount":"4","extra":"0","mta_tax":"0.5","tip_amount":"0","tolls_amount":"0","improvement_surcharge":"0.3","total_amount":"4.8","congestion_surcharge":"","tripId":"ac3ccce5-253e-4366-b907-d29ff90d0d71"},{"VendorID":"1","tpep_pickup_datetime":"2023-04-07 17:12:10","tpep_dropoff_datetime":"2023-12-06 17:32:55","passenger_count":"1","trip_distance":"3.70","RatecodeID":"1","store_and_fwd_flag":"N","PULocationID":"74","DOLocationID":"161","payment_type":"1","fare_amount":"16","extra":"0","mta_tax":"0.5","tip_amount":"0","tolls_amount":"0","improvement_surcharge":"0.3","total_amount":"16.8","congestion_surcharge":"","tripId":"9c15f6ec-2765-4d7b-8970-4e5c129213ab"},{"VendorID":"1","tpep_pickup_datetime":"2023-08-19 17:48:25","tpep_dropoff_datetime":"2023-09-10 17:59:36","passenger_count":"1","trip_distance":"1.90","RatecodeID":"1","store_and_fwd_flag":"N","PULocationID":"186","DOLocationID":"79","payment_type":"2","fare_amount":"9","extra":"0","mta_tax":"0.5","tip_amount":"0","tolls_amount":"0","improvement_surcharge":"0.3","total_amount":"9.8","congestion_surcharge":"","tripId":"e28691d1-4751-4330-9191-07fe5b02afea"},{"VendorID":"2","tpep_pickup_datetime":"2023-05-18 17:22:59","tpep_dropoff_datetime":"2023-10-13 17:29:33","passenger_count":"3","trip_distance":"1.32","RatecodeID":"1","store_and_fwd_flag":"N","PULocationID":"237","DOLocationID":"142","payment_type":"2","fare_amount":"7","extra":"0","mta_tax":"0.5","tip_amount":"0","tolls_amount":"0","improvement_surcharge":"0.3","total_amount":"7.8","congestion_surcharge":"","tripId":"ba8c949b-4e0c-4fcb-8eb7-ae7fc769a4f1"},{"VendorID":"2","tpep_pickup_datetime":"2024-01-28 17:05:15","tpep_dropoff_datetime":"2023-09-17 17:26:34","passenger_count":"1","trip_distance":"8.42","RatecodeID":"1","store_and_fwd_flag":"N","PULocationID":"263","DOLocationID":"138","payment_type":"1","fare_amount":"25.5","extra":"0","mta_tax":"0.5","tip_amount":"6.41","tolls_amount":"5.76","improvement_surcharge":"0.3","total_amount":"38.47","congestion_surcharge":"","tripId":"a5066189-d208-48c5-8065-44182fbf4a0d"},{"VendorID":"2","tpep_pickup_datetime":"2023-01-24 17:02:29","tpep_dropoff_datetime":"2023-11-10 17:40:05","passenger_count":"1","trip_distance":"17.59","RatecodeID":"2","store_and_fwd_flag":"N","PULocationID":"114","DOLocationID":"132","payment_type":"1","fare_amount":"52","extra":"0","mta_tax":"0.5","tip_amount":"10.56","tolls_amount":"0","improvement_surcharge":"0.3","total_amount":"63.36","congestion_surcharge":"","tripId":"3f6db1b7-02ef-4c37-9ebb-291a26376104"},{"VendorID":"2","tpep_pickup_datetime":"2023-02-08 17:01:05","tpep_dropoff_datetime":"2023-10-07 17:08:20","passenger_count":"3","trip_distance":"1.97","RatecodeID":"1","store_and_fwd_flag":"N","PULocationID":"75","DOLocationID":"140","payment_type":"1","fare_amount":"8","extra":"0","mta_tax":"0.5","tip_amount":"1.76","tolls_amount":"0","improvement_surcharge":"0.3","total_amount":"10.56","congestion_surcharge":"","tripId":"2f68261e-a73a-47c1-ac29-0697ea911452"},{"VendorID":"2","tpep_pickup_datetime":"2023-03-04 17:15:45","tpep_dropoff_datetime":"2023-04-29 17:20:41","passenger_count":"3","trip_distance":".72","RatecodeID":"1","store_and_fwd_flag":"N","PULocationID":"229","DOLocationID":"237","payment_type":"1","fare_amount":"5","extra":"0","mta_tax":"0.5","tip_amount":"0.58","tolls_amount":"0","improvement_surcharge":"0.3","total_amount":"6.38","congestion_surcharge":"","tripId":"a5407e52-208e-4681-809a-dce939e2a06b"},{"VendorID":"2","tpep_pickup_datetime":"2023-04-07 17:23:32","tpep_dropoff_datetime":"2023-05-18 17:34:31","passenger_count":"3","trip_distance":"1.74","RatecodeID":"1","store_and_fwd_flag":"N","PULocationID":"237","DOLocationID":"164","payment_type":"1","fare_amount":"9","extra":"0","mta_tax":"0.5","tip_amount":"1.96","tolls_amount":"0","improvement_surcharge":"0.3","total_amount":"11.76","congestion_surcharge":"","tripId":"f190ab9e-d916-4027-ad1a-aed4b0b58fd8"},{"VendorID":"2","tpep_pickup_datetime":"2023-02-28 17:40:12","tpep_dropoff_datetime":"2023-10-03 17:55:37","passenger_count":"3","trip_distance":"1.70","RatecodeID":"1","store_and_fwd_flag":"N","PULocationID":"164","DOLocationID":"162","payment_type":"1","fare_amount":"10.5","extra":"0","mta_tax":"0.5","tip_amount":"1.5","tolls_amount":"0","improvement_surcharge":"0.3","total_amount":"12.8","congestion_surcharge":"","tripId":"761f780a-e093-4bf9-902e-ebbb370739c3"},{"VendorID":"2","tpep_pickup_datetime":"2023-11-11 15:02:55","tpep_dropoff_datetime":"2023-08-08 15:14:44","passenger_count":"1","trip_distance":"2.53","RatecodeID":"1","store_and_fwd_flag":"N","PULocationID":"79","DOLocationID":"246","payment_type":"1","fare_amount":"10.5","extra":"0","mta_tax":"0.5","tip_amount":"2","tolls_amount":"0","improvement_surcharge":"0.3","total_amount":"13.3","congestion_surcharge":"","tripId":"88250b53-28d4-47ff-bad8-57bea67b3def"},{"VendorID":"2","tpep_pickup_datetime":"2023-04-03 15:45:17","tpep_dropoff_datetime":"2023-06-14 15:02:58","passenger_count":"1","trip_distance":"2.10","RatecodeID":"1","store_and_fwd_flag":"N","PULocationID":"163","DOLocationID":"249","payment_type":"1","fare_amount":"12.5","extra":"0","mta_tax":"0.5","tip_amount":"2.66","tolls_amount":"0","improvement_surcharge":"0.3","total_amount":"15.96","congestion_surcharge":"","tripId":"e8a36db8-b19f-4a9c-b4a7-800511a8b6c3"},{"VendorID":"2","tpep_pickup_datetime":"2023-05-07 17:12:20","tpep_dropoff_datetime":"2023-02-08 17:14:32","passenger_count":"1","trip_distance":".51","RatecodeID":"1","store_and_fwd_flag":"N","PULocationID":"262","DOLocationID":"263","payment_type":"2","fare_amount":"3.5","extra":"0","mta_tax":"0.5","tip_amount":"0","tolls_amount":"0","improvement_surcharge":"0.3","total_amount":"4.3","congestion_surcharge":"","tripId":"c164aa48-17f1-4397-bf1c-1bc2339413e5"},{"VendorID":"2","tpep_pickup_datetime":"2023-10-20 17:23:10","tpep_dropoff_datetime":"2024-01-26 17:28:28","passenger_count":"1","trip_distance":"1.19","RatecodeID":"1","store_and_fwd_flag":"N","PULocationID":"237","DOLocationID":"237","payment_type":"2","fare_amount":"6","extra":"0","mta_tax":"0.5","tip_amount":"0","tolls_amount":"0","improvement_surcharge":"0.3","total_amount":"6.8","congestion_surcharge":"","tripId":"9dfe1cb3-91ac-4cf8-86ec-4df9d959460d"},{"VendorID":"1","tpep_pickup_datetime":"2023-10-31 17:13:59","tpep_dropoff_datetime":"2023-02-10 17:20:22","passenger_count":"1","trip_distance":"1.40","RatecodeID":"1","store_and_fwd_flag":"N","PULocationID":"264","DOLocationID":"264","payment_type":"2","fare_amount":"6.5","extra":"0","mta_tax":"0.5","tip_amount":"0","tolls_amount":"0","improvement_surcharge":"0.3","total_amount":"7.3","congestion_surcharge":"","tripId":"6339d730-ff14-4f9d-baf5-ba2156b62d46"},{"VendorID":"1","tpep_pickup_datetime":"2023-07-28 17:38:01","tpep_dropoff_datetime":"2023-07-23 17:50:49","passenger_count":"0","trip_distance":"2.20","RatecodeID":"1","store_and_fwd_flag":"N","PULocationID":"264","DOLocationID":"264","payment_type":"1","fare_amount":"10","extra":"0","mta_tax":"0.5","tip_amount":"0","tolls_amount":"0","improvement_surcharge":"0.3","total_amount":"10.8","congestion_surcharge":"","tripId":"3bb272ba-a552-41bb-a395-35ea71cb6e3d"},{"VendorID":"2","tpep_pickup_datetime":"2023-11-10 17:11:25","tpep_dropoff_datetime":"2023-12-27 17:19:42","passenger_count":"1","trip_distance":"1.24","RatecodeID":"1","store_and_fwd_flag":"N","PULocationID":"144","DOLocationID":"261","payment_type":"2","fare_amount":"7","extra":"0","mta_tax":"0.5","tip_amount":"0","tolls_amount":"0","improvement_surcharge":"0.3","total_amount":"7.8","congestion_surcharge":"","tripId":"99a09400-4b58-471e-be2f-ce88e94b9e96"},{"VendorID":"2","tpep_pickup_datetime":"2023-06-27 17:20:39","tpep_dropoff_datetime":"2023-06-12 17:40:39","passenger_count":"1","trip_distance":"3.88","RatecodeID":"1","store_and_fwd_flag":"N","PULocationID":"261","DOLocationID":"230","payment_type":"2","fare_amount":"16","extra":"0","mta_tax":"0.5","tip_amount":"0","tolls_amount":"0","improvement_surcharge":"0.3","total_amount":"16.8","congestion_surcharge":"","tripId":"c5e80447-33af-4980-918b-cb260c80b3c1"},{"VendorID":"2","tpep_pickup_datetime":"2023-06-25 17:52:21","tpep_dropoff_datetime":"2023-09-17 17:56:57","passenger_count":"1","trip_distance":"1.32","RatecodeID":"1","store_and_fwd_flag":"N","PULocationID":"68","DOLocationID":"50","payment_type":"1","fare_amount":"6","extra":"0","mta_tax":"0.5","tip_amount":"1","tolls_amount":"0","improvement_surcharge":"0.3","total_amount":"7.8","congestion_surcharge":"","tripId":"c0df0ad3-9953-4f7e-b60b-533f312feaac"},{"VendorID":"1","tpep_pickup_datetime":"2023-02-27 17:28:13","tpep_dropoff_datetime":"2023-08-30 17:43:32","passenger_count":"3","trip_distance":"2.10","RatecodeID":"1","store_and_fwd_flag":"N","PULocationID":"239","DOLocationID":"48","payment_type":"2","fare_amount":"11.5","extra":"0","mta_tax":"0.5","tip_amount":"0","tolls_amount":"0","improvement_surcharge":"0.3","total_amount":"12.3","congestion_surcharge":"","tripId":"7036cbd4-27a7-4eb2-bf3f-ffc67f24009d"},{"VendorID":"1","tpep_pickup_datetime":"2023-12-14 17:55:20","tpep_dropoff_datetime":"2023-12-16 18:05:07","passenger_count":"1","trip_distance":"1.20","RatecodeID":"1","store_and_fwd_flag":"N","PULocationID":"100","DOLocationID":"50","payment_type":"1","fare_amount":"7.5","extra":"0","mta_tax":"0.5","tip_amount":"3","tolls_amount":"0","improvement_surcharge":"0.3","total_amount":"11.3","congestion_surcharge":"","tripId":"e25e46d2-e764-4082-a1b8-0e046ae2663c"},{"VendorID":"1","tpep_pickup_datetime":"2023-02-15 17:43:17","tpep_dropoff_datetime":"2023-07-21 17:55:53","passenger_count":"1","trip_distance":"3.00","RatecodeID":"1","store_and_fwd_flag":"N","PULocationID":"229","DOLocationID":"144","payment_type":"1","fare_amount":"11.5","extra":"0","mta_tax":"0.5","tip_amount":"2.45","tolls_amount":"0","improvement_surcharge":"0.3","total_amount":"14.75","congestion_surcharge":"","tripId":"824832b0-5717-49cb-96d3-31738671dec2"},{"VendorID":"1","tpep_pickup_datetime":"2023-08-01 17:57:57","tpep_dropoff_datetime":"2023-03-25 18:09:21","passenger_count":"1","trip_distance":"2.30","RatecodeID":"1","store_and_fwd_flag":"N","PULocationID":"144","DOLocationID":"68","payment_type":"1","fare_amount":"10.5","extra":"0","mta_tax":"0.5","tip_amount":"2.25","tolls_amount":"0","improvement_surcharge":"0.3","total_amount":"13.55","congestion_surcharge":"","tripId":"7fbc89ea-2e0e-41d1-a80f-9498eba10de9"},{"VendorID":"1","tpep_pickup_datetime":"2023-05-18 17:01:15","tpep_dropoff_datetime":"2023-11-02 17:16:39","passenger_count":"4","trip_distance":"2.60","RatecodeID":"1","store_and_fwd_flag":"N","PULocationID":"264","DOLocationID":"264","payment_type":"2","fare_amount":"12.5","extra":"0","mta_tax":"0.5","tip_amount":"0","tolls_amount":"0","improvement_surcharge":"0.3","total_amount":"13.3","congestion_surcharge":"","tripId":"e4e52aa7-6101-45c1-b9a4-af8ac694cd7a"},{"VendorID":"1","tpep_pickup_datetime":"2023-07-30 17:18:48","tpep_dropoff_datetime":"2023-05-02 17:26:09","passenger_count":"2","trip_distance":".40","RatecodeID":"1","store_and_fwd_flag":"N","PULocationID":"264","DOLocationID":"264","payment_type":"1","fare_amount":"6","extra":"0","mta_tax":"0.5","tip_amount":"1.35","tolls_amount":"0","improvement_surcharge":"0.3","total_amount":"8.15","congestion_surcharge":"","tripId":"cd893e85-18d0-43d5-b847-7fbdef521af3"},{"VendorID":"1","tpep_pickup_datetime":"2023-04-22 17:29:26","tpep_dropoff_datetime":"2023-10-26 17:37:37","passenger_count":"4","trip_distance":"1.00","RatecodeID":"1","store_and_fwd_flag":"N","PULocationID":"264","DOLocationID":"264","payment_type":"2","fare_amount":"7","extra":"0","mta_tax":"0.5","tip_amount":"0","tolls_amount":"0","improvement_surcharge":"0.3","total_amount":"7.8","congestion_surcharge":"","tripId":"c38e53a1-f1b2-4155-8bc7-fa0e5dc08ca6"},{"VendorID":"2","tpep_pickup_datetime":"2023-03-28 17:12:29","tpep_dropoff_datetime":"2023-02-11 17:24:35","passenger_count":"6","trip_distance":"3.56","RatecodeID":"1","store_and_fwd_flag":"N","PULocationID":"79","DOLocationID":"237","payment_type":"1","fare_amount":"12.5","extra":"0","mta_tax":"0.5","tip_amount":"1","tolls_amount":"0","improvement_surcharge":"0.3","total_amount":"14.3","congestion_surcharge":"","tripId":"ae85113f-afde-4496-804d-36375f385974"},{"VendorID":"2","tpep_pickup_datetime":"2023-04-19 17:27:26","tpep_dropoff_datetime":"2023-07-12 17:29:57","passenger_count":"6","trip_distance":".42","RatecodeID":"1","store_and_fwd_flag":"N","PULocationID":"237","DOLocationID":"236","payment_type":"1","fare_amount":"3.5","extra":"0","mta_tax":"0.5","tip_amount":"0.86","tolls_amount":"0","improvement_surcharge":"0.3","total_amount":"5.16","congestion_surcharge":"","tripId":"30bfe62c-c423-4030-b863-4cf9af367ce0"},{"VendorID":"2","tpep_pickup_datetime":"2023-01-19 17:33:02","tpep_dropoff_datetime":"2023-11-03 17:44:01","passenger_count":"6","trip_distance":"1.77","RatecodeID":"1","store_and_fwd_flag":"N","PULocationID":"236","DOLocationID":"140","payment_type":"1","fare_amount":"9","extra":"0","mta_tax":"0.5","tip_amount":"1.96","tolls_amount":"0","improvement_surcharge":"0.3","total_amount":"11.76","congestion_surcharge":"","tripId":"51a7825f-75ba-4834-8af6-4c4f1d6b0773"},{"VendorID":"2","tpep_pickup_datetime":"2023-10-03 17:46:27","tpep_dropoff_datetime":"2024-01-16 17:50:12","passenger_count":"6","trip_distance":".50","RatecodeID":"1","store_and_fwd_flag":"N","PULocationID":"141","DOLocationID":"229","payment_type":"1","fare_amount":"4.5","extra":"0","mta_tax":"0.5","tip_amount":"1.06","tolls_amount":"0","improvement_surcharge":"0.3","total_amount":"6.36","congestion_surcharge":"","tripId":"4a41ede0-a4e7-40fe-a6ef-d4ea814d4534"},{"VendorID":"2","tpep_pickup_datetime":"2023-01-11 17:51:47","tpep_dropoff_datetime":"2023-09-17 17:56:26","passenger_count":"6","trip_distance":".80","RatecodeID":"1","store_and_fwd_flag":"N","PULocationID":"229","DOLocationID":"163","payment_type":"2","fare_amount":"5","extra":"0","mta_tax":"0.5","tip_amount":"0","tolls_amount":"0","improvement_surcharge":"0.3","total_amount":"5.8","congestion_surcharge":"","tripId":"80002a9d-9485-4b7b-adbd-32bf05e5a335"},{"VendorID":"2","tpep_pickup_datetime":"2023-12-15 17:25:52","tpep_dropoff_datetime":"2023-10-17 17:45:35","passenger_count":"1","trip_distance":"4.59","RatecodeID":"1","store_and_fwd_flag":"N","PULocationID":"211","DOLocationID":"142","payment_type":"1","fare_amount":"18","extra":"1","mta_tax":"0.5","tip_amount":"3.96","tolls_amount":"0","improvement_surcharge":"0.3","total_amount":"23.76","congestion_surcharge":"","tripId":"45f5925b-e4df-4e72-abc9-3e1cd2a0817f"},{"VendorID":"2","tpep_pickup_datetime":"2023-06-22 17:52:13","tpep_dropoff_datetime":"2023-05-12 18:08:33","passenger_count":"1","trip_distance":"3.47","RatecodeID":"1","store_and_fwd_flag":"N","PULocationID":"163","DOLocationID":"211","payment_type":"1","fare_amount":"14","extra":"1","mta_tax":"0.5","tip_amount":"3.16","tolls_amount":"0","improvement_surcharge":"0.3","total_amount":"18.96","congestion_surcharge":"","tripId":"a29f0ff0-e5a4-417b-bd27-20142b0dd88e"},{"VendorID":"2","tpep_pickup_datetime":"2023-10-30 17:01:56","tpep_dropoff_datetime":"2023-09-03 17:40:44","passenger_count":"1","trip_distance":"19.39","RatecodeID":"2","store_and_fwd_flag":"N","PULocationID":"132","DOLocationID":"79","payment_type":"1","fare_amount":"52","extra":"0","mta_tax":"0.5","tip_amount":"10.56","tolls_amount":"0","improvement_surcharge":"0.3","total_amount":"63.36","congestion_surcharge":"","tripId":"29b463e0-804f-49c6-8c21-3fa797d1d901"},{"VendorID":"2","tpep_pickup_datetime":"2023-10-17 17:46:25","tpep_dropoff_datetime":"2023-04-26 17:52:23","passenger_count":"1","trip_distance":"1.70","RatecodeID":"1","store_and_fwd_flag":"N","PULocationID":"233","DOLocationID":"141","payment_type":"1","fare_amount":"7","extra":"0","mta_tax":"0.5","tip_amount":"2.34","tolls_amount":"0","improvement_surcharge":"0.3","total_amount":"10.14","congestion_surcharge":"","tripId":"8a3e8d38-b8a7-4b8e-a814-5d3ca64eedbe"},{"VendorID":"2","tpep_pickup_datetime":"2023-12-21 17:10:45","tpep_dropoff_datetime":"2023-10-25 17:27:01","passenger_count":"1","trip_distance":"3.98","RatecodeID":"1","store_and_fwd_flag":"N","PULocationID":"90","DOLocationID":"236","payment_type":"2","fare_amount":"15","extra":"0","mta_tax":"0.5","tip_amount":"0","tolls_amount":"0","improvement_surcharge":"0.3","total_amount":"15.8","congestion_surcharge":"","tripId":"f7ffd53a-91a2-4568-8ebe-f0ee420907ee"},{"VendorID":"2","tpep_pickup_datetime":"2023-06-07 17:29:07","tpep_dropoff_datetime":"2023-12-14 17:34:11","passenger_count":"1","trip_distance":".94","RatecodeID":"1","store_and_fwd_flag":"N","PULocationID":"236","DOLocationID":"75","payment_type":"2","fare_amount":"6","extra":"0","mta_tax":"0.5","tip_amount":"0","tolls_amount":"0","improvement_surcharge":"0.3","total_amount":"6.8","congestion_surcharge":"","tripId":"23d47eb7-b611-4bbe-9235-c268bf71c6ec"},{"VendorID":"2","tpep_pickup_datetime":"2023-06-03 17:41:32","tpep_dropoff_datetime":"2023-06-18 17:50:21","passenger_count":"1","trip_distance":"2.20","RatecodeID":"1","store_and_fwd_flag":"N","PULocationID":"236","DOLocationID":"142","payment_type":"2","fare_amount":"9","extra":"0","mta_tax":"0.5","tip_amount":"0","tolls_amount":"0","improvement_surcharge":"0.3","total_amount":"9.8","congestion_surcharge":"","tripId":"af43c72e-817c-410e-b3e8-393f823ef640"},{"VendorID":"2","tpep_pickup_datetime":"2023-01-15 17:55:42","tpep_dropoff_datetime":"2023-07-19 18:05:01","passenger_count":"1","trip_distance":"2.41","RatecodeID":"1","store_and_fwd_flag":"N","PULocationID":"143","DOLocationID":"263","payment_type":"1","fare_amount":"10","extra":"0","mta_tax":"0.5","tip_amount":"2.16","tolls_amount":"0","improvement_surcharge":"0.3","total_amount":"12.96","congestion_surcharge":"","tripId":"d27b9bd2-0ab9-466a-93bf-fedf364b76c8"},{"VendorID":"2","tpep_pickup_datetime":"2023-01-01 17:06:27","tpep_dropoff_datetime":"2023-03-20 17:24:09","passenger_count":"1","trip_distance":"8.66","RatecodeID":"1","store_and_fwd_flag":"N","PULocationID":"138","DOLocationID":"140","payment_type":"1","fare_amount":"25","extra":"0","mta_tax":"0.5","tip_amount":"6.31","tolls_amount":"5.76","improvement_surcharge":"0.3","total_amount":"37.87","congestion_surcharge":"","tripId":"bfdec510-df1d-4c69-a2a8-fd8a2c139954"},{"VendorID":"1","tpep_pickup_datetime":"2023-01-25 17:13:07","tpep_dropoff_datetime":"2023-11-14 17:34:11","passenger_count":"1","trip_distance":"6.50","RatecodeID":"1","store_and_fwd_flag":"N","PULocationID":"43","DOLocationID":"209","payment_type":"1","fare_amount":"22.5","extra":"0","mta_tax":"0.5","tip_amount":"4.65","tolls_amount":"0","improvement_surcharge":"0.3","total_amount":"27.95","congestion_surcharge":"","tripId":"3e437d4d-464d-498e-8069-0cbc01d55fcd"},{"VendorID":"1","tpep_pickup_datetime":"2024-01-25 17:46:48","tpep_dropoff_datetime":"2023-11-16 17:49:11","passenger_count":"1","trip_distance":".40","RatecodeID":"1","store_and_fwd_flag":"N","PULocationID":"68","DOLocationID":"90","payment_type":"2","fare_amount":"3.5","extra":"0","mta_tax":"0.5","tip_amount":"0","tolls_amount":"0","improvement_surcharge":"0.3","total_amount":"4.3","congestion_surcharge":"","tripId":"a02117dc-7949-414d-b66a-1063340e641f"},{"VendorID":"1","tpep_pickup_datetime":"2023-12-02 17:53:39","tpep_dropoff_datetime":"2023-09-28 17:55:51","passenger_count":"1","trip_distance":".30","RatecodeID":"1","store_and_fwd_flag":"N","PULocationID":"186","DOLocationID":"100","payment_type":"2","fare_amount":"3.5","extra":"0","mta_tax":"0.5","tip_amount":"0","tolls_amount":"0","improvement_surcharge":"0.3","total_amount":"4.3","congestion_surcharge":"","tripId":"9f3a13eb-d332-44b4-b365-07c47c8a61d2"},{"VendorID":"2","tpep_pickup_datetime":"2023-06-30 17:00:51","tpep_dropoff_datetime":"2024-01-22 17:04:04","passenger_count":"1","trip_distance":"1.11","RatecodeID":"1","store_and_fwd_flag":"N","PULocationID":"263","DOLocationID":"141","payment_type":"2","fare_amount":"5","extra":"0","mta_tax":"0.5","tip_amount":"0","tolls_amount":"0","improvement_surcharge":"0.3","total_amount":"5.8","congestion_surcharge":"","tripId":"228f9850-0f30-44a8-bedd-3a8c460f1e01"},{"VendorID":"2","tpep_pickup_datetime":"2023-10-20 17:08:46","tpep_dropoff_datetime":"2023-12-15 17:12:55","passenger_count":"1","trip_distance":".38","RatecodeID":"1","store_and_fwd_flag":"N","PULocationID":"237","DOLocationID":"237","payment_type":"2","fare_amount":"4.5","extra":"0","mta_tax":"0.5","tip_amount":"0","tolls_amount":"0","improvement_surcharge":"0.3","total_amount":"5.3","congestion_surcharge":"","tripId":"f6d5e920-4195-4f19-a544-49e64a70543e"},{"VendorID":"2","tpep_pickup_datetime":"2023-01-03 17:17:04","tpep_dropoff_datetime":"2023-04-02 17:28:23","passenger_count":"1","trip_distance":".85","RatecodeID":"1","store_and_fwd_flag":"N","PULocationID":"163","DOLocationID":"230","payment_type":"2","fare_amount":"8","extra":"0","mta_tax":"0.5","tip_amount":"0","tolls_amount":"0","improvement_surcharge":"0.3","total_amount":"8.8","congestion_surcharge":"","tripId":"729e8b9b-0078-46fa-ab1d-8315230924cd"},{"VendorID":"2","tpep_pickup_datetime":"2023-08-15 17:35:05","tpep_dropoff_datetime":"2023-07-31 17:47:56","passenger_count":"2","trip_distance":"1.54","RatecodeID":"1","store_and_fwd_flag":"N","PULocationID":"163","DOLocationID":"164","payment_type":"1","fare_amount":"10","extra":"0","mta_tax":"0.5","tip_amount":"2.16","tolls_amount":"0","improvement_surcharge":"0.3","total_amount":"12.96","congestion_surcharge":"","tripId":"7c395111-9206-4fe2-a3c6-013facf0f35e"},{"VendorID":"2","tpep_pickup_datetime":"2023-06-07 17:12:22","tpep_dropoff_datetime":"2023-09-24 17:20:41","passenger_count":"2","trip_distance":"3.15","RatecodeID":"1","store_and_fwd_flag":"N","PULocationID":"163","DOLocationID":"41","payment_type":"1","fare_amount":"10.5","extra":"0","mta_tax":"0.5","tip_amount":"1.5","tolls_amount":"0","improvement_surcharge":"0.3","total_amount":"12.8","congestion_surcharge":"","tripId":"bf5ed1cc-556e-440f-a232-f0429d6a89c2"},{"VendorID":"1","tpep_pickup_datetime":"2023-02-13 17:12:19","tpep_dropoff_datetime":"2023-10-19 17:29:16","passenger_count":"1","trip_distance":"3.70","RatecodeID":"1","store_and_fwd_flag":"N","PULocationID":"144","DOLocationID":"230","payment_type":"1","fare_amount":"14.5","extra":"0","mta_tax":"0.5","tip_amount":"3.05","tolls_amount":"0","improvement_surcharge":"0.3","total_amount":"18.35","congestion_surcharge":"","tripId":"7142584e-c25b-42b4-a17d-8b2d9a5f5016"},{"VendorID":"1","tpep_pickup_datetime":"2023-06-11 17:43:34","tpep_dropoff_datetime":"2023-06-27 17:49:20","passenger_count":"1","trip_distance":"1.10","RatecodeID":"1","store_and_fwd_flag":"N","PULocationID":"142","DOLocationID":"239","payment_type":"2","fare_amount":"6.5","extra":"0","mta_tax":"0.5","tip_amount":"0","tolls_amount":"0","improvement_surcharge":"0.3","total_amount":"7.3","congestion_surcharge":"","tripId":"7f051861-cf5d-4d85-af97-c3af66169410"},{"VendorID":"2","tpep_pickup_datetime":"2023-06-21 16:59:07","tpep_dropoff_datetime":"2023-01-04 17:10:59","passenger_count":"2","trip_distance":"2.15","RatecodeID":"1","store_and_fwd_flag":"N","PULocationID":"7","DOLocationID":"145","payment_type":"2","fare_amount":"10","extra":"0","mta_tax":"0.5","tip_amount":"0","tolls_amount":"0","improvement_surcharge":"0.3","total_amount":"10.8","congestion_surcharge":"","tripId":"c5370b42-fee7-42d7-93c9-5401f1aafe20"},{"VendorID":"2","tpep_pickup_datetime":"2023-10-17 17:13:47","tpep_dropoff_datetime":"2023-02-16 17:28:01","passenger_count":"3","trip_distance":"3.96","RatecodeID":"1","store_and_fwd_flag":"N","PULocationID":"145","DOLocationID":"161","payment_type":"1","fare_amount":"14","extra":"0","mta_tax":"0.5","tip_amount":"2.96","tolls_amount":"0","improvement_surcharge":"0.3","total_amount":"17.76","congestion_surcharge":"","tripId":"fb70dc9e-f42f-4683-aa92-ccd14d03e7df"},{"VendorID":"2","tpep_pickup_datetime":"2023-10-27 17:49:50","tpep_dropoff_datetime":"2023-07-16 17:52:15","passenger_count":"3","trip_distance":".59","RatecodeID":"1","store_and_fwd_flag":"N","PULocationID":"263","DOLocationID":"236","payment_type":"1","fare_amount":"4","extra":"0","mta_tax":"0.5","tip_amount":"2","tolls_amount":"0","improvement_surcharge":"0.3","total_amount":"6.8","congestion_surcharge":"","tripId":"e594861d-cffd-451b-89a1-536bd5ad5daf"},{"VendorID":"1","tpep_pickup_datetime":"2023-01-14 17:34:44","tpep_dropoff_datetime":"2024-01-21 17:58:51","passenger_count":"2","trip_distance":"12.30","RatecodeID":"1","store_and_fwd_flag":"N","PULocationID":"162","DOLocationID":"121","payment_type":"2","fare_amount":"34.5","extra":"0","mta_tax":"0.5","tip_amount":"0","tolls_amount":"5.76","improvement_surcharge":"0.3","total_amount":"41.06","congestion_surcharge":"","tripId":"dff5009a-fe46-4364-8cff-3e4e38e9967e"},{"VendorID":"1","tpep_pickup_datetime":"2023-09-19 17:19:07","tpep_dropoff_datetime":"2023-04-21 17:39:02","passenger_count":"3","trip_distance":"7.00","RatecodeID":"1","store_and_fwd_flag":"N","PULocationID":"234","DOLocationID":"129","payment_type":"1","fare_amount":"22.5","extra":"0","mta_tax":"0.5","tip_amount":"5.8","tolls_amount":"5.76","improvement_surcharge":"0.3","total_amount":"34.86","congestion_surcharge":"","tripId":"8cdd7296-3bc7-416f-8a02-8ab51a839262"},{"VendorID":"1","tpep_pickup_datetime":"2023-12-18 17:48:44","tpep_dropoff_datetime":"2023-04-11 17:54:06","passenger_count":"1","trip_distance":".70","RatecodeID":"1","store_and_fwd_flag":"N","PULocationID":"129","DOLocationID":"129","payment_type":"2","fare_amount":"5","extra":"0","mta_tax":"0.5","tip_amount":"0","tolls_amount":"0","improvement_surcharge":"0.3","total_amount":"5.8","congestion_surcharge":"","tripId":"c2d3daa8-0eec-4a53-9948-c1ea8aa78a4b"},{"VendorID":"1","tpep_pickup_datetime":"2024-02-01 17:51:10","tpep_dropoff_datetime":"2023-09-01 17:56:30","passenger_count":"1","trip_distance":".70","RatecodeID":"1","store_and_fwd_flag":"N","PULocationID":"170","DOLocationID":"107","payment_type":"1","fare_amount":"5","extra":"0","mta_tax":"0.5","tip_amount":"1.15","tolls_amount":"0","improvement_surcharge":"0.3","total_amount":"6.95","congestion_surcharge":"","tripId":"ec0ebb78-2d27-4900-ae4e-c3734d181022"},{"VendorID":"1","tpep_pickup_datetime":"2023-11-01 17:04:10","tpep_dropoff_datetime":"2023-04-24 17:10:51","passenger_count":"0","trip_distance":"1.60","RatecodeID":"1","store_and_fwd_flag":"N","PULocationID":"239","DOLocationID":"75","payment_type":"1","fare_amount":"7.5","extra":"0","mta_tax":"0.5","tip_amount":"1.65","tolls_amount":"0","improvement_surcharge":"0.3","total_amount":"9.95","congestion_surcharge":"","tripId":"a6580653-f9b4-4574-9bfe-5e073b22c70b"},{"VendorID":"1","tpep_pickup_datetime":"2023-01-13 17:20:37","tpep_dropoff_datetime":"2023-05-28 17:35:43","passenger_count":"0","trip_distance":"1.80","RatecodeID":"1","store_and_fwd_flag":"N","PULocationID":"239","DOLocationID":"161","payment_type":"1","fare_amount":"11.5","extra":"0","mta_tax":"0.5","tip_amount":"2.45","tolls_amount":"0","improvement_surcharge":"0.3","total_amount":"14.75","congestion_surcharge":"","tripId":"5bb0680f-3e34-43cc-9822-7b0016b68c2c"},{"VendorID":"1","tpep_pickup_datetime":"2023-05-11 17:43:08","tpep_dropoff_datetime":"2023-04-07 17:55:32","passenger_count":"0","trip_distance":"2.00","RatecodeID":"1","store_and_fwd_flag":"N","PULocationID":"237","DOLocationID":"164","payment_type":"2","fare_amount":"10","extra":"0","mta_tax":"0.5","tip_amount":"0","tolls_amount":"0","improvement_surcharge":"0.3","total_amount":"10.8","congestion_surcharge":"","tripId":"94773954-6b43-4e5d-b328-12676f013328"},{"VendorID":"1","tpep_pickup_datetime":"2023-09-18 17:19:09","tpep_dropoff_datetime":"2024-01-25 17:35:27","passenger_count":"2","trip_distance":"3.70","RatecodeID":"1","store_and_fwd_flag":"N","PULocationID":"261","DOLocationID":"48","payment_type":"2","fare_amount":"14","extra":"0","mta_tax":"0.5","tip_amount":"0","tolls_amount":"0","improvement_surcharge":"0.3","total_amount":"14.8","congestion_surcharge":"","tripId":"cd506975-5af5-446f-99cd-368c2d681edf"}]