[{"VendorID":"2","tpep_pickup_datetime":"2023-11-01 16:45:16","tpep_dropoff_datetime":"2024-01-20 16:59:48","passenger_count":"1","trip_distance":"1.66","RatecodeID":"1","store_and_fwd_flag":"N","PULocationID":"234","DOLocationID":"230","payment_type":"1","fare_amount":"10.5","extra":"1","mta_tax":"0.5","tip_amount":"2.46","tolls_amount":"0","improvement_surcharge":"0.3","total_amount":"14.76","congestion_surcharge":""},{"VendorID":"2","tpep_pickup_datetime":"2023-12-27 12:15:34","tpep_dropoff_datetime":"2023-04-23 12:23:16","passenger_count":"1","trip_distance":"1.14","RatecodeID":"1","store_and_fwd_flag":"N","PULocationID":"237","DOLocationID":"239","payment_type":"1","fare_amount":"7","extra":"1","mta_tax":"0.5","tip_amount":"1.76","tolls_amount":"0","improvement_surcharge":"0.3","total_amount":"10.56","congestion_surcharge":""},{"VendorID":"2","tpep_pickup_datetime":"2023-03-01 12:34:30","tpep_dropoff_datetime":"2023-03-03 11:41:00","passenger_count":"1","trip_distance":".87","RatecodeID":"1","store_and_fwd_flag":"N","PULocationID":"142","DOLocationID":"48","payment_type":"1","fare_amount":"6","extra":"1","mta_tax":"0.5","tip_amount":"1.56","tolls_amount":"0","improvement_surcharge":"0.3","total_amount":"9.36","congestion_surcharge":""},{"VendorID":"1","tpep_pickup_datetime":"2023-03-27 16:08:36","tpep_dropoff_datetime":"2023-04-30 16:19:58","passenger_count":"1","trip_distance":"1.20","RatecodeID":"1","store_and_fwd_flag":"N","PULocationID":"264","DOLocationID":"264","payment_type":"1","fare_amount":"8.5","extra":"1","mta_tax":"0.5","tip_amount":"2.05","tolls_amount":"0","improvement_surcharge":"0.3","total_amount":"12.35","congestion_surcharge":""},{"VendorID":"1","tpep_pickup_datetime":"2023-03-25 16:36:48","tpep_dropoff_datetime":"2024-01-18 17:00:11","passenger_count":"1","trip_distance":"3.50","RatecodeID":"1","store_and_fwd_flag":"N","PULocationID":"264","DOLocationID":"264","payment_type":"2","fare_amount":"16.5","extra":"1","mta_tax":"0.5","tip_amount":"0","tolls_amount":"0","improvement_surcharge":"0.3","total_amount":"18.3","congestion_surcharge":""},{"VendorID":"4","tpep_pickup_datetime":"2023-03-21 16:05:10","tpep_dropoff_datetime":"2023-10-20 16:10:29","passenger_count":"1","trip_distance":".73","RatecodeID":"1","store_and_fwd_flag":"N","PULocationID":"113","DOLocationID":"107","payment_type":"2","fare_amount":"5.5","extra":"1","mta_tax":"0.5","tip_amount":"0","tolls_amount":"0","improvement_surcharge":"0.3","total_amount":"7.3","congestion_surcharge":""},{"VendorID":"4","tpep_pickup_datetime":"2023-05-24 16:19:37","tpep_dropoff_datetime":"2024-02-02 16:25:52","passenger_count":"1","trip_distance":".86","RatecodeID":"1","store_and_fwd_flag":"N","PULocationID":"79","DOLocationID":"148","payment_type":"1","fare_amount":"6","extra":"1","mta_tax":"0.5","tip_amount":"1","tolls_amount":"0","improvement_surcharge":"0.3","total_amount":"8.8","congestion_surcharge":""},{"VendorID":"1","tpep_pickup_datetime":"2024-01-25 16:06:02","tpep_dropoff_datetime":"2024-01-30 16:12:44","passenger_count":"1","trip_distance":"1.00","RatecodeID":"1","store_and_fwd_flag":"N","PULocationID":"41","DOLocationID":"151","payment_type":"2","fare_amount":"6.5","extra":"1","mta_tax":"0.5","tip_amount":"0","tolls_amount":"0","improvement_surcharge":"0.3","total_amount":"8.3","congestion_surcharge":""},{"VendorID":"2","tpep_pickup_datetime":"2023-03-13 16:49:24","tpep_dropoff_datetime":"2023-03-30 17:59:15","passenger_count":"2","trip_distance":"15.73","RatecodeID":"1","store_and_fwd_flag":"N","PULocationID":"170","DOLocationID":"91","payment_type":"1","fare_amount":"55","extra":"1","mta_tax":"0.5","tip_amount":"0","tolls_amount":"5.76","improvement_surcharge":"0.3","total_amount":"62.56","congestion_surcharge":""},{"VendorID":"2","tpep_pickup_datetime":"2023-03-13 16:25:02","tpep_dropoff_datetime":"2023-07-22 16:54:26","passenger_count":"2","trip_distance":"9.40","RatecodeID":"1","store_and_fwd_flag":"N","PULocationID":"264","DOLocationID":"264","payment_type":"1","fare_amount":"31","extra":"1","mta_tax":"0.5","tip_amount":"0","tolls_amount":"5.76","improvement_surcharge":"0.3","total_amount":"38.56","congestion_surcharge":""},{"VendorID":"1","tpep_pickup_datetime":"2023-10-02 16:19:47","tpep_dropoff_datetime":"2023-08-16 16:34:02","passenger_count":"2","trip_distance":"3.90","RatecodeID":"1","store_and_fwd_flag":"N","PULocationID":"162","DOLocationID":"74","payment_type":"2","fare_amount":"14","extra":"1","mta_tax":"0.5","tip_amount":"0","tolls_amount":"0","improvement_surcharge":"0.3","total_amount":"15.8","congestion_surcharge":""},{"VendorID":"1","tpep_pickup_datetime":"2023-04-25 16:51:21","tpep_dropoff_datetime":"2023-03-26 17:06:40","passenger_count":"3","trip_distance":"1.90","RatecodeID":"1","store_and_fwd_flag":"N","PULocationID":"43","DOLocationID":"162","payment_type":"1","fare_amount":"11.5","extra":"1","mta_tax":"0.5","tip_amount":"2.65","tolls_amount":"0","improvement_surcharge":"0.3","total_amount":"15.95","congestion_surcharge":""},{"VendorID":"2","tpep_pickup_datetime":"2023-11-16 16:26:42","tpep_dropoff_datetime":"2023-08-30 16:41:25","passenger_count":"1","trip_distance":"3.02","RatecodeID":"1","store_and_fwd_flag":"N","PULocationID":"230","DOLocationID":"263","payment_type":"1","fare_amount":"12","extra":"1","mta_tax":"0.5","tip_amount":"2.76","tolls_amount":"0","improvement_surcharge":"0.3","total_amount":"16.56","congestion_surcharge":""},{"VendorID":"2","tpep_pickup_datetime":"2023-06-05 16:44:57","tpep_dropoff_datetime":"2023-08-25 16:53:20","passenger_count":"1","trip_distance":"1.36","RatecodeID":"1","store_and_fwd_flag":"N","PULocationID":"262","DOLocationID":"237","payment_type":"1","fare_amount":"7.5","extra":"1","mta_tax":"0.5","tip_amount":"1.86","tolls_amount":"0","improvement_surcharge":"0.3","total_amount":"11.16","congestion_surcharge":""},{"VendorID":"2","tpep_pickup_datetime":"2023-06-27 16:59:38","tpep_dropoff_datetime":"2023-11-07 17:15:02","passenger_count":"1","trip_distance":"1.76","RatecodeID":"1","store_and_fwd_flag":"N","PULocationID":"236","DOLocationID":"162","payment_type":"1","fare_amount":"11","extra":"1","mta_tax":"0.5","tip_amount":"1","tolls_amount":"0","improvement_surcharge":"0.3","total_amount":"13.8","congestion_surcharge":""},{"VendorID":"2","tpep_pickup_datetime":"2023-12-30 15:58:48","tpep_dropoff_datetime":"2023-05-16 16:11:38","passenger_count":"1","trip_distance":"1.85","RatecodeID":"1","store_and_fwd_flag":"N","PULocationID":"43","DOLocationID":"142","payment_type":"1","fare_amount":"10.5","extra":"1","mta_tax":"0.5","tip_amount":"3.08","tolls_amount":"0","improvement_surcharge":"0.3","total_amount":"15.38","congestion_surcharge":""},{"VendorID":"2","tpep_pickup_datetime":"2023-06-29 16:00:39","tpep_dropoff_datetime":"2024-01-30 16:42:52","passenger_count":"1","trip_distance":"11.99","RatecodeID":"1","store_and_fwd_flag":"N","PULocationID":"132","DOLocationID":"61","payment_type":"1","fare_amount":"39.5","extra":"1","mta_tax":"0.5","tip_amount":"8.26","tolls_amount":"0","improvement_surcharge":"0.3","total_amount":"49.56","congestion_surcharge":""},{"VendorID":"2","tpep_pickup_datetime":"2023-04-06 16:08:01","tpep_dropoff_datetime":"2023-10-22 16:10:01","passenger_count":"1","trip_distance":".25","RatecodeID":"1","store_and_fwd_flag":"N","PULocationID":"87","DOLocationID":"209","payment_type":"2","fare_amount":"3.5","extra":"1","mta_tax":"0.5","tip_amount":"0","tolls_amount":"0","improvement_surcharge":"0.3","total_amount":"5.3","congestion_surcharge":""},{"VendorID":"2","tpep_pickup_datetime":"2023-02-25 16:10:42","tpep_dropoff_datetime":"2023-05-28 16:20:59","passenger_count":"1","trip_distance":"4.71","RatecodeID":"1","store_and_fwd_flag":"N","PULocationID":"209","DOLocationID":"162","payment_type":"2","fare_amount":"15","extra":"1","mta_tax":"0.5","tip_amount":"0","tolls_amount":"0","improvement_surcharge":"0.3","total_amount":"16.8","congestion_surcharge":""},{"VendorID":"2","tpep_pickup_datetime":"2023-02-03 16:52:45","tpep_dropoff_datetime":"2023-10-01 17:19:55","passenger_count":"1","trip_distance":"9.74","RatecodeID":"1","store_and_fwd_flag":"N","PULocationID":"138","DOLocationID":"239","payment_type":"1","fare_amount":"30.5","extra":"1","mta_tax":"0.5","tip_amount":"7.61","tolls_amount":"5.76","improvement_surcharge":"0.3","total_amount":"45.67","congestion_surcharge":""},{"VendorID":"1","tpep_pickup_datetime":"2023-06-11 16:22:23","tpep_dropoff_datetime":"2023-12-25 16:48:56","passenger_count":"1","trip_distance":"8.80","RatecodeID":"1","store_and_fwd_flag":"N","PULocationID":"239","DOLocationID":"200","payment_type":"1","fare_amount":"28","extra":"1","mta_tax":"0.5","tip_amount":"12","tolls_amount":"2.64","improvement_surcharge":"0.3","total_amount":"44.44","congestion_surcharge":""},{"VendorID":"1","tpep_pickup_datetime":"2023-03-06 16:13:59","tpep_dropoff_datetime":"2023-07-05 16:21:40","passenger_count":"0","trip_distance":".70","RatecodeID":"1","store_and_fwd_flag":"N","PULocationID":"237","DOLocationID":"237","payment_type":"1","fare_amount":"6.5","extra":"1","mta_tax":"0.5","tip_amount":"1.65","tolls_amount":"0","improvement_surcharge":"0.3","total_amount":"9.95","congestion_surcharge":""},{"VendorID":"1","tpep_pickup_datetime":"2023-06-22 16:59:36","tpep_dropoff_datetime":"2023-09-21 17:05:03","passenger_count":"1","trip_distance":".60","RatecodeID":"1","store_and_fwd_flag":"N","PULocationID":"74","DOLocationID":"74","payment_type":"2","fare_amount":"5.5","extra":"1","mta_tax":"0.5","tip_amount":"0","tolls_amount":"0","improvement_surcharge":"0.3","total_amount":"7.3","congestion_surcharge":""},{"VendorID":"1","tpep_pickup_datetime":"2023-05-23 16:36:25","tpep_dropoff_datetime":"2023-07-07 17:03:44","passenger_count":"1","trip_distance":"4.90","RatecodeID":"1","store_and_fwd_flag":"N","PULocationID":"48","DOLocationID":"74","payment_type":"2","fare_amount":"20.5","extra":"1","mta_tax":"0.5","tip_amount":"0","tolls_amount":"0","improvement_surcharge":"0.3","total_amount":"22.3","congestion_surcharge":""},{"VendorID":"2","tpep_pickup_datetime":"2023-05-10 16:26:53","tpep_dropoff_datetime":"2023-11-25 16:34:03","passenger_count":"1","trip_distance":"1.35","RatecodeID":"1","store_and_fwd_flag":"N","PULocationID":"68","DOLocationID":"48","payment_type":"2","fare_amount":"7","extra":"1","mta_tax":"0.5","tip_amount":"0","tolls_amount":"0","improvement_surcharge":"0.3","total_amount":"8.8","congestion_surcharge":""},{"VendorID":"2","tpep_pickup_datetime":"2023-05-05 16:05:18","tpep_dropoff_datetime":"2023-03-21 16:21:48","passenger_count":"2","trip_distance":"2.94","RatecodeID":"1","store_and_fwd_flag":"N","PULocationID":"238","DOLocationID":"161","payment_type":"1","fare_amount":"13.5","extra":"1","mta_tax":"0.5","tip_amount":"3.06","tolls_amount":"0","improvement_surcharge":"0.3","total_amount":"18.36","congestion_surcharge":""},{"VendorID":"2","tpep_pickup_datetime":"2023-04-14 16:04:33","tpep_dropoff_datetime":"2023-01-15 16:12:02","passenger_count":"2","trip_distance":".91","RatecodeID":"1","store_and_fwd_flag":"N","PULocationID":"170","DOLocationID":"233","payment_type":"2","fare_amount":"6.5","extra":"1","mta_tax":"0.5","tip_amount":"0","tolls_amount":"0","improvement_surcharge":"0.3","total_amount":"8.3","congestion_surcharge":""},{"VendorID":"2","tpep_pickup_datetime":"2023-06-20 16:13:34","tpep_dropoff_datetime":"2024-01-21 16:27:26","passenger_count":"2","trip_distance":"1.90","RatecodeID":"1","store_and_fwd_flag":"N","PULocationID":"229","DOLocationID":"164","payment_type":"1","fare_amount":"10.5","extra":"1","mta_tax":"0.5","tip_amount":"2.46","tolls_amount":"0","improvement_surcharge":"0.3","total_amount":"14.76","congestion_surcharge":""},{"VendorID":"2","tpep_pickup_datetime":"2023-08-24 16:30:35","tpep_dropoff_datetime":"2023-09-18 16:34:37","passenger_count":"2","trip_distance":".61","RatecodeID":"1","store_and_fwd_flag":"N","PULocationID":"234","DOLocationID":"107","payment_type":"1","fare_amount":"4.5","extra":"1","mta_tax":"0.5","tip_amount":"1","tolls_amount":"0","improvement_surcharge":"0.3","total_amount":"7.3","congestion_surcharge":""},{"VendorID":"2","tpep_pickup_datetime":"2023-03-13 16:36:37","tpep_dropoff_datetime":"2023-11-30 16:48:09","passenger_count":"1","trip_distance":"1.72","RatecodeID":"1","store_and_fwd_flag":"N","PULocationID":"137","DOLocationID":"249","payment_type":"1","fare_amount":"9","extra":"1","mta_tax":"0.5","tip_amount":"2.16","tolls_amount":"0","improvement_surcharge":"0.3","total_amount":"12.96","congestion_surcharge":""},{"VendorID":"2","tpep_pickup_datetime":"2023-01-06 16:57:42","tpep_dropoff_datetime":"2023-12-16 17:00:47","passenger_count":"1","trip_distance":".31","RatecodeID":"1","store_and_fwd_flag":"N","PULocationID":"234","DOLocationID":"107","payment_type":"1","fare_amount":"4","extra":"1","mta_tax":"0.5","tip_amount":"1.74","tolls_amount":"0","improvement_surcharge":"0.3","total_amount":"7.54","congestion_surcharge":""},{"VendorID":"2","tpep_pickup_datetime":"2023-08-15 16:00:53","tpep_dropoff_datetime":"2023-03-08 16:21:45","passenger_count":"2","trip_distance":"2.87","RatecodeID":"1","store_and_fwd_flag":"N","PULocationID":"236","DOLocationID":"48","payment_type":"1","fare_amount":"15","extra":"1","mta_tax":"0.5","tip_amount":"3.36","tolls_amount":"0","improvement_surcharge":"0.3","total_amount":"20.16","congestion_surcharge":""},{"VendorID":"2","tpep_pickup_datetime":"2023-11-16 16:28:18","tpep_dropoff_datetime":"2023-05-18 16:36:38","passenger_count":"1","trip_distance":"1.75","RatecodeID":"1","store_and_fwd_flag":"N","PULocationID":"48","DOLocationID":"239","payment_type":"2","fare_amount":"8","extra":"1","mta_tax":"0.5","tip_amount":"0","tolls_amount":"0","improvement_surcharge":"0.3","total_amount":"9.8","congestion_surcharge":""},{"VendorID":"2","tpep_pickup_datetime":"2023-08-20 16:47:02","tpep_dropoff_datetime":"2023-02-08 17:58:11","passenger_count":"1","trip_distance":"21.20","RatecodeID":"2","store_and_fwd_flag":"N","PULocationID":"239","DOLocationID":"132","payment_type":"2","fare_amount":"52","extra":"4.5","mta_tax":"0.5","tip_amount":"0","tolls_amount":"5.76","improvement_surcharge":"0.3","total_amount":"63.06","congestion_surcharge":""},{"VendorID":"2","tpep_pickup_datetime":"2023-12-28 16:01:05","tpep_dropoff_datetime":"2023-11-09 16:02:37","passenger_count":"1","trip_distance":".20","RatecodeID":"1","store_and_fwd_flag":"N","PULocationID":"162","DOLocationID":"162","payment_type":"2","fare_amount":"3","extra":"1","mta_tax":"0.5","tip_amount":"0","tolls_amount":"0","improvement_surcharge":"0.3","total_amount":"4.8","congestion_surcharge":""},{"VendorID":"2","tpep_pickup_datetime":"2024-01-27 16:20:34","tpep_dropoff_datetime":"2023-02-08 16:27:48","passenger_count":"1","trip_distance":".43","RatecodeID":"1","store_and_fwd_flag":"N","PULocationID":"162","DOLocationID":"162","payment_type":"2","fare_amount":"6","extra":"1","mta_tax":"0.5","tip_amount":"0","tolls_amount":"0","improvement_surcharge":"0.3","total_amount":"7.8","congestion_surcharge":""},{"VendorID":"2","tpep_pickup_datetime":"2023-09-25 16:30:42","tpep_dropoff_datetime":"2023-02-11 16:43:44","passenger_count":"1","trip_distance":".98","RatecodeID":"1","store_and_fwd_flag":"N","PULocationID":"162","DOLocationID":"162","payment_type":"2","fare_amount":"9","extra":"1","mta_tax":"0.5","tip_amount":"0","tolls_amount":"0","improvement_surcharge":"0.3","total_amount":"10.8","congestion_surcharge":""},{"VendorID":"2","tpep_pickup_datetime":"2023-01-08 16:47:07","tpep_dropoff_datetime":"2023-09-27 17:01:39","passenger_count":"1","trip_distance":"1.50","RatecodeID":"1","store_and_fwd_flag":"N","PULocationID":"162","DOLocationID":"162","payment_type":"2","fare_amount":"10.5","extra":"1","mta_tax":"0.5","tip_amount":"0","tolls_amount":"0","improvement_surcharge":"0.3","total_amount":"12.3","congestion_surcharge":""},{"VendorID":"2","tpep_pickup_datetime":"2023-04-13 16:05:19","tpep_dropoff_datetime":"2023-09-25 16:18:03","passenger_count":"1","trip_distance":"1.32","RatecodeID":"1","store_and_fwd_flag":"N","PULocationID":"230","DOLocationID":"186","payment_type":"2","fare_amount":"9","extra":"1","mta_tax":"0.5","tip_amount":"0","tolls_amount":"0","improvement_surcharge":"0.3","total_amount":"10.8","congestion_surcharge":""},{"VendorID":"2","tpep_pickup_datetime":"2023-03-30 16:21:56","tpep_dropoff_datetime":"2023-12-01 16:54:09","passenger_count":"1","trip_distance":"4.89","RatecodeID":"1","store_and_fwd_flag":"N","PULocationID":"186","DOLocationID":"7","payment_type":"1","fare_amount":"23","extra":"1","mta_tax":"0.5","tip_amount":"6.11","tolls_amount":"5.76","improvement_surcharge":"0.3","total_amount":"36.67","congestion_surcharge":""},{"VendorID":"2","tpep_pickup_datetime":"2023-10-02 16:06:47","tpep_dropoff_datetime":"2023-06-24 16:13:05","passenger_count":"1","trip_distance":".85","RatecodeID":"1","store_and_fwd_flag":"N","PULocationID":"142","DOLocationID":"143","payment_type":"1","fare_amount":"6","extra":"1","mta_tax":"0.5","tip_amount":"1.56","tolls_amount":"0","improvement_surcharge":"0.3","total_amount":"9.36","congestion_surcharge":""},{"VendorID":"2","tpep_pickup_datetime":"2023-03-08 16:17:32","tpep_dropoff_datetime":"2023-11-11 16:33:40","passenger_count":"1","trip_distance":"3.43","RatecodeID":"1","store_and_fwd_flag":"N","PULocationID":"143","DOLocationID":"90","payment_type":"1","fare_amount":"14","extra":"1","mta_tax":"0.5","tip_amount":"3.2","tolls_amount":"0","improvement_surcharge":"0.3","total_amount":"19","congestion_surcharge":""},{"VendorID":"2","tpep_pickup_datetime":"2023-07-30 16:43:31","tpep_dropoff_datetime":"2023-09-09 16:51:48","passenger_count":"1","trip_distance":"1.68","RatecodeID":"1","store_and_fwd_flag":"N","PULocationID":"90","DOLocationID":"231","payment_type":"2","fare_amount":"8","extra":"1","mta_tax":"0.5","tip_amount":"0","tolls_amount":"0","improvement_surcharge":"0.3","total_amount":"9.8","congestion_surcharge":""},{"VendorID":"2","tpep_pickup_datetime":"2023-10-18 16:15:17","tpep_dropoff_datetime":"2023-02-05 16:23:19","passenger_count":"5","trip_distance":"1.50","RatecodeID":"1","store_and_fwd_flag":"N","PULocationID":"142","DOLocationID":"239","payment_type":"1","fare_amount":"7.5","extra":"1","mta_tax":"0.5","tip_amount":"1.86","tolls_amount":"0","improvement_surcharge":"0.3","total_amount":"11.16","congestion_surcharge":""},{"VendorID":"2","tpep_pickup_datetime":"2023-12-20 16:28:06","tpep_dropoff_datetime":"2023-08-03 16:52:57","passenger_count":"1","trip_distance":"8.87","RatecodeID":"1","store_and_fwd_flag":"N","PULocationID":"138","DOLocationID":"236","payment_type":"1","fare_amount":"28.5","extra":"1","mta_tax":"0.5","tip_amount":"5.41","tolls_amount":"5.76","improvement_surcharge":"0.3","total_amount":"41.47","congestion_surcharge":""},{"VendorID":"2","tpep_pickup_datetime":"2024-01-03 16:14:16","tpep_dropoff_datetime":"2023-10-29 16:25:04","passenger_count":"1","trip_distance":"1.45","RatecodeID":"1","store_and_fwd_flag":"N","PULocationID":"234","DOLocationID":"161","payment_type":"1","fare_amount":"8.5","extra":"1","mta_tax":"0.5","tip_amount":"2.06","tolls_amount":"0","improvement_surcharge":"0.3","total_amount":"12.36","congestion_surcharge":""},{"VendorID":"2","tpep_pickup_datetime":"2023-05-02 16:42:20","tpep_dropoff_datetime":"2023-12-01 16:48:12","passenger_count":"3","trip_distance":".79","RatecodeID":"1","store_and_fwd_flag":"N","PULocationID":"234","DOLocationID":"68","payment_type":"1","fare_amount":"5.5","extra":"1","mta_tax":"0.5","tip_amount":"1.46","tolls_amount":"0","improvement_surcharge":"0.3","total_amount":"8.76","congestion_surcharge":""},{"VendorID":"2","tpep_pickup_datetime":"2023-12-02 16:53:08","tpep_dropoff_datetime":"2023-01-15 16:57:21","passenger_count":"1","trip_distance":"1.31","RatecodeID":"1","store_and_fwd_flag":"N","PULocationID":"68","DOLocationID":"50","payment_type":"1","fare_amount":"6","extra":"1","mta_tax":"0.5","tip_amount":"1","tolls_amount":"0","improvement_surcharge":"0.3","total_amount":"8.8","congestion_surcharge":""},{"VendorID":"1","tpep_pickup_datetime":"2023-05-03 16:04:53","tpep_dropoff_datetime":"2023-02-09 16:13:58","passenger_count":"1","trip_distance":"1.60","RatecodeID":"1","store_and_fwd_flag":"N","PULocationID":"158","DOLocationID":"211","payment_type":"2","fare_amount":"7.5","extra":"1","mta_tax":"0.5","tip_amount":"0","tolls_amount":"0","improvement_surcharge":"0.3","total_amount":"9.3","congestion_surcharge":""},{"VendorID":"1","tpep_pickup_datetime":"2024-01-11 16:14:46","tpep_dropoff_datetime":"2024-01-19 16:36:07","passenger_count":"2","trip_distance":"3.30","RatecodeID":"1","store_and_fwd_flag":"N","PULocationID":"211","DOLocationID":"163","payment_type":"2","fare_amount":"15","extra":"1","mta_tax":"0.5","tip_amount":"0","tolls_amount":"0","improvement_surcharge":"0.3","total_amount":"16.8","congestion_surcharge":""},{"VendorID":"1","tpep_pickup_datetime":"2023-07-31 16:37:02","tpep_dropoff_datetime":"2023-11-30 16:42:09","passenger_count":"1","trip_distance":".50","RatecodeID":"1","store_and_fwd_flag":"N","PULocationID":"43","DOLocationID":"163","payment_type":"1","fare_amount":"5","extra":"1","mta_tax":"0.5","tip_amount":"1","tolls_amount":"0","improvement_surcharge":"0.3","total_amount":"7.8","congestion_surcharge":""},{"VendorID":"1","tpep_pickup_datetime":"2023-05-26 16:54:11","tpep_dropoff_datetime":"2023-08-12 18:06:38","passenger_count":"1","trip_distance":"25.10","RatecodeID":"1","store_and_fwd_flag":"N","PULocationID":"230","DOLocationID":"155","payment_type":"1","fare_amount":"76","extra":"1","mta_tax":"0.5","tip_amount":"0","tolls_amount":"5.76","improvement_surcharge":"0.3","total_amount":"83.56","congestion_surcharge":""},{"VendorID":"2","tpep_pickup_datetime":"2023-06-08 16:44:29","tpep_dropoff_datetime":"2023-11-13 17:19:59","passenger_count":"1","trip_distance":"16.47","RatecodeID":"1","store_and_fwd_flag":"N","PULocationID":"132","DOLocationID":"112","payment_type":"1","fare_amount":"46","extra":"1","mta_tax":"0.5","tip_amount":"14.34","tolls_amount":"0","improvement_surcharge":"0.3","total_amount":"62.14","congestion_surcharge":""},{"VendorID":"2","tpep_pickup_datetime":"2023-05-13 16:10:15","tpep_dropoff_datetime":"2023-12-30 16:19:43","passenger_count":"5","trip_distance":"1.78","RatecodeID":"1","store_and_fwd_flag":"N","PULocationID":"162","DOLocationID":"113","payment_type":"1","fare_amount":"8.5","extra":"1","mta_tax":"0.5","tip_amount":"2.06","tolls_amount":"0","improvement_surcharge":"0.3","total_amount":"12.36","congestion_surcharge":""},{"VendorID":"2","tpep_pickup_datetime":"2023-07-13 16:06:10","tpep_dropoff_datetime":"2023-10-16 16:09:29","passenger_count":"1","trip_distance":".85","RatecodeID":"1","store_and_fwd_flag":"N","PULocationID":"107","DOLocationID":"113","payment_type":"1","fare_amount":"5","extra":"1","mta_tax":"0.5","tip_amount":"1.36","tolls_amount":"0","improvement_surcharge":"0.3","total_amount":"8.16","congestion_surcharge":""},{"VendorID":"2","tpep_pickup_datetime":"2023-09-13 16:16:49","tpep_dropoff_datetime":"2023-12-26 16:26:07","passenger_count":"1","trip_distance":"1.31","RatecodeID":"1","store_and_fwd_flag":"N","PULocationID":"107","DOLocationID":"164","payment_type":"1","fare_amount":"8","extra":"1","mta_tax":"0.5","tip_amount":"1.96","tolls_amount":"0","improvement_surcharge":"0.3","total_amount":"11.76","congestion_surcharge":""},{"VendorID":"2","tpep_pickup_datetime":"2023-06-03 16:01:16","tpep_dropoff_datetime":"2023-12-16 15:55:34","passenger_count":"1","trip_distance":".92","RatecodeID":"1","store_and_fwd_flag":"N","PULocationID":"42","DOLocationID":"166","payment_type":"2","fare_amount":"6","extra":"1","mta_tax":"0.5","tip_amount":"0","tolls_amount":"0","improvement_surcharge":"0.3","total_amount":"7.8","congestion_surcharge":""},{"VendorID":"2","tpep_pickup_datetime":"2023-06-17 16:17:26","tpep_dropoff_datetime":"2023-09-26 16:50:24","passenger_count":"1","trip_distance":"5.42","RatecodeID":"1","store_and_fwd_flag":"N","PULocationID":"24","DOLocationID":"234","payment_type":"1","fare_amount":"24","extra":"1","mta_tax":"0.5","tip_amount":"5.16","tolls_amount":"0","improvement_surcharge":"0.3","total_amount":"30.96","congestion_surcharge":""},{"VendorID":"2","tpep_pickup_datetime":"2023-03-03 16:55:22","tpep_dropoff_datetime":"2024-01-13 17:00:21","passenger_count":"1","trip_distance":"1.05","RatecodeID":"1","store_and_fwd_flag":"N","PULocationID":"113","DOLocationID":"164","payment_type":"1","fare_amount":"5.5","extra":"1","mta_tax":"0.5","tip_amount":"1.46","tolls_amount":"0","improvement_surcharge":"0.3","total_amount":"8.76","congestion_surcharge":""},{"VendorID":"2","tpep_pickup_datetime":"2024-01-20 16:23:17","tpep_dropoff_datetime":"2024-01-31 17:09:54","passenger_count":"2","trip_distance":"11.00","RatecodeID":"1","store_and_fwd_flag":"N","PULocationID":"264","DOLocationID":"264","payment_type":"1","fare_amount":"38","extra":"1","mta_tax":"0.5","tip_amount":"7.96","tolls_amount":"0","improvement_surcharge":"0.3","total_amount":"47.76","congestion_surcharge":""},{"VendorID":"1","tpep_pickup_datetime":"2023-10-12 16:25:02","tpep_dropoff_datetime":"2024-01-26 16:38:57","passenger_count":"1","trip_distance":"2.90","RatecodeID":"1","store_and_fwd_flag":"N","PULocationID":"161","DOLocationID":"79","payment_type":"1","fare_amount":"11.5","extra":"1","mta_tax":"0.5","tip_amount":"2.65","tolls_amount":"0","improvement_surcharge":"0.3","total_amount":"15.95","congestion_surcharge":""},{"VendorID":"1","tpep_pickup_datetime":"2023-09-16 16:40:23","tpep_dropoff_datetime":"2023-08-09 16:45:49","passenger_count":"1","trip_distance":".70","RatecodeID":"1","store_and_fwd_flag":"N","PULocationID":"79","DOLocationID":"234","payment_type":"2","fare_amount":"5.5","extra":"1","mta_tax":"0.5","tip_amount":"0","tolls_amount":"0","improvement_surcharge":"0.3","total_amount":"7.3","congestion_surcharge":""},{"VendorID":"1","tpep_pickup_datetime":"2023-09-26 16:48:29","tpep_dropoff_datetime":"2023-05-27 16:53:31","passenger_count":"1","trip_distance":".90","RatecodeID":"1","store_and_fwd_flag":"N","PULocationID":"234","DOLocationID":"107","payment_type":"1","fare_amount":"5","extra":"1","mta_tax":"0.5","tip_amount":"1.35","tolls_amount":"0","improvement_surcharge":"0.3","total_amount":"8.15","congestion_surcharge":""},{"VendorID":"1","tpep_pickup_datetime":"2023-01-16 16:55:42","tpep_dropoff_datetime":"2023-09-29 17:14:04","passenger_count":"1","trip_distance":"4.30","RatecodeID":"1","store_and_fwd_flag":"N","PULocationID":"107","DOLocationID":"88","payment_type":"1","fare_amount":"16","extra":"1","mta_tax":"0.5","tip_amount":"2.5","tolls_amount":"0","improvement_surcharge":"0.3","total_amount":"20.3","congestion_surcharge":""},{"VendorID":"2","tpep_pickup_datetime":"2023-06-30 16:51:42","tpep_dropoff_datetime":"2024-01-03 17:05:03","passenger_count":"1","trip_distance":"1.26","RatecodeID":"1","store_and_fwd_flag":"N","PULocationID":"162","DOLocationID":"48","payment_type":"1","fare_amount":"9.5","extra":"1","mta_tax":"0.5","tip_amount":"3","tolls_amount":"0","improvement_surcharge":"0.3","total_amount":"14.3","congestion_surcharge":""},{"VendorID":"2","tpep_pickup_datetime":"2023-08-23 16:21:56","tpep_dropoff_datetime":"2023-12-18 14:48:39","passenger_count":"1","trip_distance":"4.47","RatecodeID":"1","store_and_fwd_flag":"N","PULocationID":"261","DOLocationID":"48","payment_type":"2","fare_amount":"17","extra":"1","mta_tax":"0.5","tip_amount":"0","tolls_amount":"0","improvement_surcharge":"0.3","total_amount":"18.8","congestion_surcharge":""},{"VendorID":"2","tpep_pickup_datetime":"2023-02-22 16:41:38","tpep_dropoff_datetime":"2023-04-10 16:51:37","passenger_count":"1","trip_distance":".63","RatecodeID":"1","store_and_fwd_flag":"N","PULocationID":"48","DOLocationID":"230","payment_type":"2","fare_amount":"7.5","extra":"1","mta_tax":"0.5","tip_amount":"0","tolls_amount":"0","improvement_surcharge":"0.3","total_amount":"9.3","congestion_surcharge":""},{"VendorID":"2","tpep_pickup_datetime":"2023-11-26 16:55:00","tpep_dropoff_datetime":"2023-12-10 17:05:50","passenger_count":"1","trip_distance":".76","RatecodeID":"1","store_and_fwd_flag":"N","PULocationID":"161","DOLocationID":"186","payment_type":"1","fare_amount":"8","extra":"1","mta_tax":"0.5","tip_amount":"2.94","tolls_amount":"0","improvement_surcharge":"0.3","total_amount":"12.74","congestion_surcharge":""},{"VendorID":"1","tpep_pickup_datetime":"2023-11-28 16:20:45","tpep_dropoff_datetime":"2023-11-06 16:38:48","passenger_count":"1","trip_distance":"2.90","RatecodeID":"1","store_and_fwd_flag":"N","PULocationID":"249","DOLocationID":"163","payment_type":"1","fare_amount":"13.5","extra":"1","mta_tax":"0.5","tip_amount":"3.05","tolls_amount":"0","improvement_surcharge":"0.3","total_amount":"18.35","congestion_surcharge":""},{"VendorID":"2","tpep_pickup_datetime":"2023-03-12 16:03:55","tpep_dropoff_datetime":"2023-03-24 16:12:34","passenger_count":"1","trip_distance":"1.66","RatecodeID":"1","store_and_fwd_flag":"N","PULocationID":"75","DOLocationID":"151","payment_type":"2","fare_amount":"8.5","extra":"1","mta_tax":"0.5","tip_amount":"0","tolls_amount":"0","improvement_surcharge":"0.3","total_amount":"10.3","congestion_surcharge":""},{"VendorID":"2","tpep_pickup_datetime":"2023-04-02 16:17:02","tpep_dropoff_datetime":"2023-04-19 16:24:16","passenger_count":"1","trip_distance":".86","RatecodeID":"1","store_and_fwd_flag":"N","PULocationID":"142","DOLocationID":"163","payment_type":"1","fare_amount":"6.5","extra":"1","mta_tax":"0.5","tip_amount":"1.66","tolls_amount":"0","improvement_surcharge":"0.3","total_amount":"9.96","congestion_surcharge":""},{"VendorID":"2","tpep_pickup_datetime":"2023-04-04 16:39:38","tpep_dropoff_datetime":"2023-06-23 16:48:11","passenger_count":"1","trip_distance":".96","RatecodeID":"1","store_and_fwd_flag":"N","PULocationID":"90","DOLocationID":"107","payment_type":"1","fare_amount":"7","extra":"1","mta_tax":"0.5","tip_amount":"1.32","tolls_amount":"0","improvement_surcharge":"0.3","total_amount":"10.12","congestion_surcharge":""},{"VendorID":"2","tpep_pickup_datetime":"2023-11-20 16:48:47","tpep_dropoff_datetime":"2023-01-21 16:56:55","passenger_count":"1","trip_distance":"1.46","RatecodeID":"1","store_and_fwd_flag":"N","PULocationID":"107","DOLocationID":"170","payment_type":"1","fare_amount":"7.5","extra":"1","mta_tax":"0.5","tip_amount":"1.86","tolls_amount":"0","improvement_surcharge":"0.3","total_amount":"11.16","congestion_surcharge":""},{"VendorID":"2","tpep_pickup_datetime":"2023-07-30 16:05:17","tpep_dropoff_datetime":"2023-12-25 16:16:51","passenger_count":"1","trip_distance":"1.31","RatecodeID":"1","store_and_fwd_flag":"N","PULocationID":"239","DOLocationID":"236","payment_type":"1","fare_amount":"9","extra":"1","mta_tax":"0.5","tip_amount":"1.62","tolls_amount":"0","improvement_surcharge":"0.3","total_amount":"12.42","congestion_surcharge":""},{"VendorID":"2","tpep_pickup_datetime":"2023-12-08 16:15:03","tpep_dropoff_datetime":"2023-08-23 16:18:09","passenger_count":"2","trip_distance":".69","RatecodeID":"1","store_and_fwd_flag":"N","PULocationID":"90","DOLocationID":"249","payment_type":"1","fare_amount":"4.5","extra":"1","mta_tax":"0.5","tip_amount":"1.26","tolls_amount":"0","improvement_surcharge":"0.3","total_amount":"7.56","congestion_surcharge":""},{"VendorID":"2","tpep_pickup_datetime":"2023-05-08 16:26:55","tpep_dropoff_datetime":"2023-07-09 16:30:41","passenger_count":"1","trip_distance":".59","RatecodeID":"1","store_and_fwd_flag":"N","PULocationID":"234","DOLocationID":"234","payment_type":"1","fare_amount":"4.5","extra":"1","mta_tax":"0.5","tip_amount":"1.26","tolls_amount":"0","improvement_surcharge":"0.3","total_amount":"7.56","congestion_surcharge":""},{"VendorID":"2","tpep_pickup_datetime":"2023-06-15 16:33:06","tpep_dropoff_datetime":"2023-05-02 16:38:24","passenger_count":"2","trip_distance":"1.00","RatecodeID":"1","store_and_fwd_flag":"N","PULocationID":"234","DOLocationID":"249","payment_type":"2","fare_amount":"5.5","extra":"1","mta_tax":"0.5","tip_amount":"0","tolls_amount":"0","improvement_surcharge":"0.3","total_amount":"7.3","congestion_surcharge":""},{"VendorID":"1","tpep_pickup_datetime":"2023-05-17 16:18:36","tpep_dropoff_datetime":"2023-09-29 16:30:19","passenger_count":"1","trip_distance":"1.40","RatecodeID":"1","store_and_fwd_flag":"N","PULocationID":"97","DOLocationID":"66","payment_type":"1","fare_amount":"9","extra":"1","mta_tax":"0.5","tip_amount":"2.15","tolls_amount":"0","improvement_surcharge":"0.3","total_amount":"12.95","congestion_surcharge":""},{"VendorID":"1","tpep_pickup_datetime":"2023-10-31 16:43:08","tpep_dropoff_datetime":"2023-07-10 17:01:47","passenger_count":"1","trip_distance":"2.90","RatecodeID":"1","store_and_fwd_flag":"N","PULocationID":"231","DOLocationID":"100","payment_type":"1","fare_amount":"13.5","extra":"1","mta_tax":"0.5","tip_amount":"5","tolls_amount":"0","improvement_surcharge":"0.3","total_amount":"20.3","congestion_surcharge":""},{"VendorID":"2","tpep_pickup_datetime":"2024-01-30 07:07:33","tpep_dropoff_datetime":"2023-12-18 07:14:52","passenger_count":"1","trip_distance":".94","RatecodeID":"1","store_and_fwd_flag":"N","PULocationID":"162","DOLocationID":"237","payment_type":"1","fare_amount":"6.5","extra":"1","mta_tax":"0.5","tip_amount":"1.66","tolls_amount":"0","improvement_surcharge":"0.3","total_amount":"9.96","congestion_surcharge":""},{"VendorID":"1","tpep_pickup_datetime":"2023-03-03 16:01:47","tpep_dropoff_datetime":"2023-02-12 16:09:29","passenger_count":"1","trip_distance":".80","RatecodeID":"1","store_and_fwd_flag":"N","PULocationID":"234","DOLocationID":"90","payment_type":"2","fare_amount":"6.5","extra":"1","mta_tax":"0.5","tip_amount":"0","tolls_amount":"0","improvement_surcharge":"0.3","total_amount":"8.3","congestion_surcharge":""},{"VendorID":"1","tpep_pickup_datetime":"2023-01-13 16:45:24","tpep_dropoff_datetime":"2023-04-09 16:53:55","passenger_count":"2","trip_distance":".80","RatecodeID":"1","store_and_fwd_flag":"N","PULocationID":"68","DOLocationID":"113","payment_type":"2","fare_amount":"7","extra":"1","mta_tax":"0.5","tip_amount":"0","tolls_amount":"0","improvement_surcharge":"0.3","total_amount":"8.8","congestion_surcharge":""},{"VendorID":"2","tpep_pickup_datetime":"2024-01-10 16:10:15","tpep_dropoff_datetime":"2023-08-04 16:20:18","passenger_count":"1","trip_distance":"1.46","RatecodeID":"1","store_and_fwd_flag":"N","PULocationID":"43","DOLocationID":"162","payment_type":"2","fare_amount":"8.5","extra":"1","mta_tax":"0.5","tip_amount":"0","tolls_amount":"0","improvement_surcharge":"0.3","total_amount":"10.3","congestion_surcharge":""},{"VendorID":"2","tpep_pickup_datetime":"2023-02-20 16:29:36","tpep_dropoff_datetime":"2024-01-29 16:51:21","passenger_count":"1","trip_distance":"3.42","RatecodeID":"1","store_and_fwd_flag":"N","PULocationID":"237","DOLocationID":"90","payment_type":"2","fare_amount":"16","extra":"1","mta_tax":"0.5","tip_amount":"0","tolls_amount":"0","improvement_surcharge":"0.3","total_amount":"17.8","congestion_surcharge":""},{"VendorID":"1","tpep_pickup_datetime":"2023-03-11 16:53:16","tpep_dropoff_datetime":"2023-02-19 17:29:38","passenger_count":"1","trip_distance":"5.70","RatecodeID":"1","store_and_fwd_flag":"N","PULocationID":"211","DOLocationID":"33","payment_type":"1","fare_amount":"25","extra":"1","mta_tax":"0.5","tip_amount":"5","tolls_amount":"0","improvement_surcharge":"0.3","total_amount":"31.8","congestion_surcharge":""},{"VendorID":"2","tpep_pickup_datetime":"2023-11-09 16:09:27","tpep_dropoff_datetime":"2023-08-17 16:28:35","passenger_count":"1","trip_distance":"2.26","RatecodeID":"1","store_and_fwd_flag":"N","PULocationID":"234","DOLocationID":"230","payment_type":"1","fare_amount":"13.5","extra":"1","mta_tax":"0.5","tip_amount":"3.82","tolls_amount":"0","improvement_surcharge":"0.3","total_amount":"19.12","congestion_surcharge":""},{"VendorID":"2","tpep_pickup_datetime":"2023-12-05 16:41:54","tpep_dropoff_datetime":"2023-08-16 16:48:42","passenger_count":"1","trip_distance":"1.06","RatecodeID":"1","store_and_fwd_flag":"N","PULocationID":"236","DOLocationID":"263","payment_type":"1","fare_amount":"6.5","extra":"1","mta_tax":"0.5","tip_amount":"1.66","tolls_amount":"0","improvement_surcharge":"0.3","total_amount":"9.96","congestion_surcharge":""},{"VendorID":"2","tpep_pickup_datetime":"2023-06-26 16:00:25","tpep_dropoff_datetime":"2023-04-03 16:09:00","passenger_count":"3","trip_distance":"1.36","RatecodeID":"1","store_and_fwd_flag":"N","PULocationID":"163","DOLocationID":"236","payment_type":"1","fare_amount":"7.5","extra":"1","mta_tax":"0.5","tip_amount":"1.86","tolls_amount":"0","improvement_surcharge":"0.3","total_amount":"11.16","congestion_surcharge":""},{"VendorID":"2","tpep_pickup_datetime":"2023-04-07 16:11:51","tpep_dropoff_datetime":"2024-02-03 16:20:05","passenger_count":"3","trip_distance":"1.68","RatecodeID":"1","store_and_fwd_flag":"N","PULocationID":"43","DOLocationID":"151","payment_type":"1","fare_amount":"7.5","extra":"1","mta_tax":"0.5","tip_amount":"1.86","tolls_amount":"0","improvement_surcharge":"0.3","total_amount":"11.16","congestion_surcharge":""},{"VendorID":"2","tpep_pickup_datetime":"2023-07-08 16:27:15","tpep_dropoff_datetime":"2023-09-30 16:36:32","passenger_count":"3","trip_distance":"1.49","RatecodeID":"1","store_and_fwd_flag":"N","PULocationID":"151","DOLocationID":"74","payment_type":"2","fare_amount":"8","extra":"1","mta_tax":"0.5","tip_amount":"0","tolls_amount":"0","improvement_surcharge":"0.3","total_amount":"9.8","congestion_surcharge":""},{"VendorID":"2","tpep_pickup_datetime":"2023-10-18 16:46:25","tpep_dropoff_datetime":"2023-09-14 16:49:43","passenger_count":"3","trip_distance":".61","RatecodeID":"1","store_and_fwd_flag":"N","PULocationID":"75","DOLocationID":"74","payment_type":"2","fare_amount":"4","extra":"1","mta_tax":"0.5","tip_amount":"0","tolls_amount":"0","improvement_surcharge":"0.3","total_amount":"5.8","congestion_surcharge":""},{"VendorID":"2","tpep_pickup_datetime":"2023-06-14 16:19:07","tpep_dropoff_datetime":"2023-11-20 16:24:07","passenger_count":"1","trip_distance":"1.25","RatecodeID":"1","store_and_fwd_flag":"N","PULocationID":"237","DOLocationID":"236","payment_type":"1","fare_amount":"6","extra":"1","mta_tax":"0.5","tip_amount":"1.95","tolls_amount":"0","improvement_surcharge":"0.3","total_amount":"9.75","congestion_surcharge":""},{"VendorID":"2","tpep_pickup_datetime":"2023-09-12 16:33:33","tpep_dropoff_datetime":"2023-11-19 16:38:53","passenger_count":"1","trip_distance":"1.13","RatecodeID":"1","store_and_fwd_flag":"N","PULocationID":"43","DOLocationID":"142","payment_type":"1","fare_amount":"6","extra":"1","mta_tax":"0.5","tip_amount":"2.34","tolls_amount":"0","improvement_surcharge":"0.3","total_amount":"10.14","congestion_surcharge":""},{"VendorID":"1","tpep_pickup_datetime":"2024-02-03 16:25:07","tpep_dropoff_datetime":"2023-01-26 16:45:03","passenger_count":"2","trip_distance":"3.20","RatecodeID":"1","store_and_fwd_flag":"N","PULocationID":"261","DOLocationID":"100","payment_type":"1","fare_amount":"15","extra":"1","mta_tax":"0.5","tip_amount":"3.35","tolls_amount":"0","improvement_surcharge":"0.3","total_amount":"20.15","congestion_surcharge":""},{"VendorID":"1","tpep_pickup_datetime":"2023-07-30 16:47:43","tpep_dropoff_datetime":"2023-03-25 16:55:27","passenger_count":"1","trip_distance":"1.50","RatecodeID":"1","store_and_fwd_flag":"N","PULocationID":"164","DOLocationID":"113","payment_type":"2","fare_amount":"7.5","extra":"1","mta_tax":"0.5","tip_amount":"0","tolls_amount":"0","improvement_surcharge":"0.3","total_amount":"9.3","congestion_surcharge":""},{"VendorID":"1","tpep_pickup_datetime":"2023-02-23 16:09:12","tpep_dropoff_datetime":"2024-01-29 16:16:37","passenger_count":"1","trip_distance":"1.10","RatecodeID":"1","store_and_fwd_flag":"N","PULocationID":"107","DOLocationID":"113","payment_type":"1","fare_amount":"7","extra":"1","mta_tax":"0.5","tip_amount":"1.32","tolls_amount":"0","improvement_surcharge":"0.3","total_amount":"10.12","congestion_surcharge":""},{"VendorID":"1","tpep_pickup_datetime":"2023-12-06 16:20:06","tpep_dropoff_datetime":"2023-12-20 16:24:24","passenger_count":"1","trip_distance":".70","RatecodeID":"1","store_and_fwd_flag":"N","PULocationID":"114","DOLocationID":"79","payment_type":"3","fare_amount":"5","extra":"1","mta_tax":"0.5","tip_amount":"0","tolls_amount":"0","improvement_surcharge":"0.3","total_amount":"6.8","congestion_surcharge":""},{"VendorID":"1","tpep_pickup_datetime":"2023-03-11 16:25:18","tpep_dropoff_datetime":"2023-10-30 16:31:33","passenger_count":"1","trip_distance":"1.20","RatecodeID":"1","store_and_fwd_flag":"N","PULocationID":"79","DOLocationID":"107","payment_type":"2","fare_amount":"6.5","extra":"1","mta_tax":"0.5","tip_amount":"0","tolls_amount":"0","improvement_surcharge":"0.3","total_amount":"8.3","congestion_surcharge":""},{"VendorID":"1","tpep_pickup_datetime":"2023-03-01 16:12:23","tpep_dropoff_datetime":"2023-05-28 16:19:53","passenger_count":"2","trip_distance":"1.10","RatecodeID":"1","store_and_fwd_flag":"N","PULocationID":"68","DOLocationID":"48","payment_type":"1","fare_amount":"7","extra":"1","mta_tax":"0.5","tip_amount":"2","tolls_amount":"0","improvement_surcharge":"0.3","total_amount":"10.8","congestion_surcharge":""},{"VendorID":"1","tpep_pickup_datetime":"2023-12-23 16:25:25","tpep_dropoff_datetime":"2023-05-25 16:32:42","passenger_count":"1","trip_distance":"1.50","RatecodeID":"1","store_and_fwd_flag":"N","PULocationID":"48","DOLocationID":"143","payment_type":"1","fare_amount":"7.5","extra":"1","mta_tax":"0.5","tip_amount":"1.85","tolls_amount":"0","improvement_surcharge":"0.3","total_amount":"11.15","congestion_surcharge":""},{"VendorID":"2","tpep_pickup_datetime":"2023-06-04 16:02:31","tpep_dropoff_datetime":"2023-04-04 16:06:10","passenger_count":"1","trip_distance":".39","RatecodeID":"1","store_and_fwd_flag":"N","PULocationID":"236","DOLocationID":"263","payment_type":"2","fare_amount":"4","extra":"1","mta_tax":"0.5","tip_amount":"0","tolls_amount":"0","improvement_surcharge":"0.3","total_amount":"5.8","congestion_surcharge":""},{"VendorID":"2","tpep_pickup_datetime":"2023-07-31 16:06:36","tpep_dropoff_datetime":"2023-10-23 16:23:26","passenger_count":"1","trip_distance":"2.58","RatecodeID":"1","store_and_fwd_flag":"N","PULocationID":"263","DOLocationID":"142","payment_type":"1","fare_amount":"12.5","extra":"1","mta_tax":"0.5","tip_amount":"2.86","tolls_amount":"0","improvement_surcharge":"0.3","total_amount":"17.16","congestion_surcharge":""},{"VendorID":"2","tpep_pickup_datetime":"2023-08-03 16:34:24","tpep_dropoff_datetime":"2023-11-25 16:52:52","passenger_count":"1","trip_distance":"3.07","RatecodeID":"1","store_and_fwd_flag":"N","PULocationID":"48","DOLocationID":"144","payment_type":"2","fare_amount":"13.5","extra":"1","mta_tax":"0.5","tip_amount":"0","tolls_amount":"0","improvement_surcharge":"0.3","total_amount":"15.3","congestion_surcharge":""},{"VendorID":"1","tpep_pickup_datetime":"2023-06-04 16:39:06","tpep_dropoff_datetime":"2023-09-24 17:09:14","passenger_count":"4","trip_distance":"9.90","RatecodeID":"1","store_and_fwd_flag":"N","PULocationID":"138","DOLocationID":"161","payment_type":"1","fare_amount":"32.5","extra":"1","mta_tax":"0.5","tip_amount":"6","tolls_amount":"5.76","improvement_surcharge":"0.3","total_amount":"46.06","congestion_surcharge":""},{"VendorID":"2","tpep_pickup_datetime":"2023-07-13 16:00:52","tpep_dropoff_datetime":"2023-06-30 16:09:28","passenger_count":"5","trip_distance":".70","RatecodeID":"1","store_and_fwd_flag":"N","PULocationID":"237","DOLocationID":"141","payment_type":"1","fare_amount":"7","extra":"1","mta_tax":"0.5","tip_amount":"1.76","tolls_amount":"0","improvement_surcharge":"0.3","total_amount":"10.56","congestion_surcharge":""},{"VendorID":"2","tpep_pickup_datetime":"2023-03-02 16:11:10","tpep_dropoff_datetime":"2024-01-17 16:19:02","passenger_count":"5","trip_distance":"1.51","RatecodeID":"1","store_and_fwd_flag":"N","PULocationID":"229","DOLocationID":"262","payment_type":"1","fare_amount":"7.5","extra":"1","mta_tax":"0.5","tip_amount":"1.86","tolls_amount":"0","improvement_surcharge":"0.3","total_amount":"11.16","congestion_surcharge":""},{"VendorID":"2","tpep_pickup_datetime":"2023-01-21 16:31:32","tpep_dropoff_datetime":"2023-04-30 16:51:48","passenger_count":"5","trip_distance":"2.90","RatecodeID":"1","store_and_fwd_flag":"N","PULocationID":"236","DOLocationID":"100","payment_type":"1","fare_amount":"14.5","extra":"1","mta_tax":"0.5","tip_amount":"3.26","tolls_amount":"0","improvement_surcharge":"0.3","total_amount":"19.56","congestion_surcharge":""},{"VendorID":"2","tpep_pickup_datetime":"2023-04-21 16:12:37","tpep_dropoff_datetime":"2023-01-19 16:38:22","passenger_count":"1","trip_distance":"4.83","RatecodeID":"1","store_and_fwd_flag":"N","PULocationID":"87","DOLocationID":"100","payment_type":"2","fare_amount":"21","extra":"1","mta_tax":"0.5","tip_amount":"0","tolls_amount":"0","improvement_surcharge":"0.3","total_amount":"22.8","congestion_surcharge":""},{"VendorID":"2","tpep_pickup_datetime":"2023-10-12 16:46:51","tpep_dropoff_datetime":"2024-01-30 16:54:20","passenger_count":"1","trip_distance":"1.21","RatecodeID":"1","store_and_fwd_flag":"N","PULocationID":"163","DOLocationID":"100","payment_type":"1","fare_amount":"6.5","extra":"1","mta_tax":"0.5","tip_amount":"1.66","tolls_amount":"0","improvement_surcharge":"0.3","total_amount":"9.96","congestion_surcharge":""},{"VendorID":"1","tpep_pickup_datetime":"2023-11-23 16:18:15","tpep_dropoff_datetime":"2023-09-27 16:36:28","passenger_count":"1","trip_distance":"2.40","RatecodeID":"1","store_and_fwd_flag":"N","PULocationID":"68","DOLocationID":"4","payment_type":"1","fare_amount":"13","extra":"1","mta_tax":"0.5","tip_amount":"1.5","tolls_amount":"0","improvement_surcharge":"0.3","total_amount":"16.3","congestion_surcharge":""},{"VendorID":"1","tpep_pickup_datetime":"2023-08-26 16:39:13","tpep_dropoff_datetime":"2023-05-17 16:45:10","passenger_count":"1","trip_distance":".90","RatecodeID":"1","store_and_fwd_flag":"N","PULocationID":"79","DOLocationID":"79","payment_type":"2","fare_amount":"6","extra":"1","mta_tax":"0.5","tip_amount":"0","tolls_amount":"0","improvement_surcharge":"0.3","total_amount":"7.8","congestion_surcharge":""},{"VendorID":"1","tpep_pickup_datetime":"2023-08-25 16:48:20","tpep_dropoff_datetime":"2023-09-09 16:56:54","passenger_count":"1","trip_distance":"1.30","RatecodeID":"1","store_and_fwd_flag":"N","PULocationID":"234","DOLocationID":"233","payment_type":"2","fare_amount":"7.5","extra":"1","mta_tax":"0.5","tip_amount":"0","tolls_amount":"0","improvement_surcharge":"0.3","total_amount":"9.3","congestion_surcharge":""},{"VendorID":"2","tpep_pickup_datetime":"2023-05-14 16:12:26","tpep_dropoff_datetime":"2023-04-17 17:15:53","passenger_count":"2","trip_distance":"21.61","RatecodeID":"2","store_and_fwd_flag":"N","PULocationID":"142","DOLocationID":"132","payment_type":"2","fare_amount":"52","extra":"4.5","mta_tax":"0.5","tip_amount":"0","tolls_amount":"5.76","improvement_surcharge":"0.3","total_amount":"63.06","congestion_surcharge":""},{"VendorID":"1","tpep_pickup_datetime":"2023-01-29 16:25:23","tpep_dropoff_datetime":"2024-01-18 16:37:50","passenger_count":"1","trip_distance":"2.50","RatecodeID":"1","store_and_fwd_flag":"N","PULocationID":"144","DOLocationID":"261","payment_type":"2","fare_amount":"10.5","extra":"1","mta_tax":"0.5","tip_amount":"0","tolls_amount":"0","improvement_surcharge":"0.3","total_amount":"12.3","congestion_surcharge":""},{"VendorID":"2","tpep_pickup_datetime":"2023-10-02 16:00:26","tpep_dropoff_datetime":"2023-03-20 16:10:18","passenger_count":"1","trip_distance":"1.66","RatecodeID":"1","store_and_fwd_flag":"N","PULocationID":"236","DOLocationID":"75","payment_type":"2","fare_amount":"8.5","extra":"1","mta_tax":"0.5","tip_amount":"0","tolls_amount":"0","improvement_surcharge":"0.3","total_amount":"10.3","congestion_surcharge":""},{"VendorID":"1","tpep_pickup_datetime":"2023-06-18 16:01:22","tpep_dropoff_datetime":"2023-07-11 16:04:46","passenger_count":"1","trip_distance":"1.00","RatecodeID":"1","store_and_fwd_flag":"N","PULocationID":"238","DOLocationID":"142","payment_type":"1","fare_amount":"5","extra":"0","mta_tax":"0.5","tip_amount":"1.5","tolls_amount":"0","improvement_surcharge":"0.3","total_amount":"7.3","congestion_surcharge":""},{"VendorID":"1","tpep_pickup_datetime":"2023-07-19 16:24:17","tpep_dropoff_datetime":"2023-08-24 16:34:56","passenger_count":"1","trip_distance":"1.50","RatecodeID":"1","store_and_fwd_flag":"N","PULocationID":"162","DOLocationID":"234","payment_type":"2","fare_amount":"9","extra":"1","mta_tax":"0.5","tip_amount":"0","tolls_amount":"0","improvement_surcharge":"0.3","total_amount":"10.8","congestion_surcharge":""},{"VendorID":"1","tpep_pickup_datetime":"2023-03-26 16:41:20","tpep_dropoff_datetime":"2024-01-19 17:02:00","passenger_count":"1","trip_distance":"4.20","RatecodeID":"1","store_and_fwd_flag":"N","PULocationID":"186","DOLocationID":"75","payment_type":"2","fare_amount":"17","extra":"1","mta_tax":"0.5","tip_amount":"0","tolls_amount":"0","improvement_surcharge":"0.3","total_amount":"18.8","congestion_surcharge":""},{"VendorID":"2","tpep_pickup_datetime":"2023-10-10 16:17:29","tpep_dropoff_datetime":"2023-10-19 16:23:26","passenger_count":"1","trip_distance":"1.62","RatecodeID":"1","store_and_fwd_flag":"N","PULocationID":"43","DOLocationID":"238","payment_type":"2","fare_amount":"7","extra":"1","mta_tax":"0.5","tip_amount":"0","tolls_amount":"0","improvement_surcharge":"0.3","total_amount":"8.8","congestion_surcharge":""},{"VendorID":"1","tpep_pickup_datetime":"2023-02-22 16:05:34","tpep_dropoff_datetime":"2023-08-26 16:08:59","passenger_count":"1","trip_distance":".60","RatecodeID":"1","store_and_fwd_flag":"N","PULocationID":"262","DOLocationID":"141","payment_type":"1","fare_amount":"4.5","extra":"1","mta_tax":"0.5","tip_amount":"1","tolls_amount":"0","improvement_surcharge":"0.3","total_amount":"7.3","congestion_surcharge":""},{"VendorID":"1","tpep_pickup_datetime":"2024-01-12 16:12:30","tpep_dropoff_datetime":"2023-12-10 16:16:41","passenger_count":"1","trip_distance":".50","RatecodeID":"1","store_and_fwd_flag":"N","PULocationID":"263","DOLocationID":"236","payment_type":"1","fare_amount":"5","extra":"1","mta_tax":"0.5","tip_amount":"1.35","tolls_amount":"0","improvement_surcharge":"0.3","total_amount":"8.15","congestion_surcharge":""},{"VendorID":"1","tpep_pickup_datetime":"2024-02-02 16:21:30","tpep_dropoff_datetime":"2023-02-11 16:47:34","passenger_count":"1","trip_distance":"5.30","RatecodeID":"1","store_and_fwd_flag":"N","PULocationID":"236","DOLocationID":"236","payment_type":"1","fare_amount":"21","extra":"1","mta_tax":"0.5","tip_amount":"3","tolls_amount":"0","improvement_surcharge":"0.3","total_amount":"25.8","congestion_surcharge":""},{"VendorID":"1","tpep_pickup_datetime":"2023-12-30 16:53:10","tpep_dropoff_datetime":"2023-05-31 16:56:41","passenger_count":"1","trip_distance":".60","RatecodeID":"1","store_and_fwd_flag":"N","PULocationID":"263","DOLocationID":"141","payment_type":"1","fare_amount":"4.5","extra":"1","mta_tax":"0.5","tip_amount":"1.55","tolls_amount":"0","improvement_surcharge":"0.3","total_amount":"7.85","congestion_surcharge":""},{"VendorID":"1","tpep_pickup_datetime":"2024-02-03 16:58:02","tpep_dropoff_datetime":"2023-02-23 17:15:12","passenger_count":"1","trip_distance":"4.00","RatecodeID":"1","store_and_fwd_flag":"N","PULocationID":"141","DOLocationID":"234","payment_type":"1","fare_amount":"16","extra":"1","mta_tax":"0.5","tip_amount":"3.55","tolls_amount":"0","improvement_surcharge":"0.3","total_amount":"21.35","congestion_surcharge":""},{"VendorID":"1","tpep_pickup_datetime":"2023-09-26 16:35:24","tpep_dropoff_datetime":"2023-12-08 17:08:59","passenger_count":"2","trip_distance":"5.50","RatecodeID":"1","store_and_fwd_flag":"N","PULocationID":"161","DOLocationID":"42","payment_type":"1","fare_amount":"24","extra":"1","mta_tax":"0.5","tip_amount":"6.45","tolls_amount":"0","improvement_surcharge":"0.3","total_amount":"32.25","congestion_surcharge":""},{"VendorID":"2","tpep_pickup_datetime":"2023-03-17 16:21:59","tpep_dropoff_datetime":"2023-09-21 17:17:50","passenger_count":"1","trip_distance":"16.85","RatecodeID":"2","store_and_fwd_flag":"N","PULocationID":"161","DOLocationID":"132","payment_type":"2","fare_amount":"52","extra":"4.5","mta_tax":"0.5","tip_amount":"0","tolls_amount":"5.76","improvement_surcharge":"0.3","total_amount":"63.06","congestion_surcharge":""},{"VendorID":"4","tpep_pickup_datetime":"2023-03-18 16:46:15","tpep_dropoff_datetime":"2023-05-17 17:24:11","passenger_count":"1","trip_distance":"13.97","RatecodeID":"1","store_and_fwd_flag":"N","PULocationID":"138","DOLocationID":"45","payment_type":"1","fare_amount":"41","extra":"1","mta_tax":"0.5","tip_amount":"9.71","tolls_amount":"5.76","improvement_surcharge":"0.3","total_amount":"58.27","congestion_surcharge":""},{"VendorID":"1","tpep_pickup_datetime":"2023-05-27 16:21:05","tpep_dropoff_datetime":"2023-03-03 17:03:55","passenger_count":"2","trip_distance":"20.20","RatecodeID":"2","store_and_fwd_flag":"N","PULocationID":"132","DOLocationID":"141","payment_type":"1","fare_amount":"52","extra":"4.5","mta_tax":"0.5","tip_amount":"12.6","tolls_amount":"5.76","improvement_surcharge":"0.3","total_amount":"75.66","congestion_surcharge":""},{"VendorID":"1","tpep_pickup_datetime":"2023-06-04 16:04:52","tpep_dropoff_datetime":"2023-05-26 16:16:24","passenger_count":"1","trip_distance":"3.20","RatecodeID":"1","store_and_fwd_flag":"N","PULocationID":"137","DOLocationID":"263","payment_type":"2","fare_amount":"11.5","extra":"1","mta_tax":"0.5","tip_amount":"0","tolls_amount":"0","improvement_surcharge":"0.3","total_amount":"13.3","congestion_surcharge":""},{"VendorID":"1","tpep_pickup_datetime":"2023-04-20 16:29:25","tpep_dropoff_datetime":"2023-07-28 16:55:57","passenger_count":"3","trip_distance":"4.00","RatecodeID":"1","store_and_fwd_flag":"N","PULocationID":"236","DOLocationID":"68","payment_type":"1","fare_amount":"18.5","extra":"1","mta_tax":"0.5","tip_amount":"2","tolls_amount":"0","improvement_surcharge":"0.3","total_amount":"22.3","congestion_surcharge":""},{"VendorID":"1","tpep_pickup_datetime":"2023-02-15 16:57:58","tpep_dropoff_datetime":"2024-02-04 17:18:32","passenger_count":"4","trip_distance":"2.40","RatecodeID":"1","store_and_fwd_flag":"N","PULocationID":"68","DOLocationID":"161","payment_type":"2","fare_amount":"14","extra":"1","mta_tax":"0.5","tip_amount":"0","tolls_amount":"0","improvement_surcharge":"0.3","total_amount":"15.8","congestion_surcharge":""},{"VendorID":"2","tpep_pickup_datetime":"2023-02-19 16:03:19","tpep_dropoff_datetime":"2023-12-02 16:22:43","passenger_count":"1","trip_distance":"7.91","RatecodeID":"1","store_and_fwd_flag":"N","PULocationID":"138","DOLocationID":"75","payment_type":"2","fare_amount":"24.5","extra":"1","mta_tax":"0.5","tip_amount":"0","tolls_amount":"5.76","improvement_surcharge":"0.3","total_amount":"32.06","congestion_surcharge":""},{"VendorID":"1","tpep_pickup_datetime":"2023-04-23 16:39:23","tpep_dropoff_datetime":"2023-05-12 16:45:25","passenger_count":"0","trip_distance":".60","RatecodeID":"1","store_and_fwd_flag":"N","PULocationID":"223","DOLocationID":"7","payment_type":"2","fare_amount":"5.5","extra":"1","mta_tax":"0.5","tip_amount":"0","tolls_amount":"0","improvement_surcharge":"0.3","total_amount":"7.3","congestion_surcharge":""},{"VendorID":"2","tpep_pickup_datetime":"2023-07-19 16:05:59","tpep_dropoff_datetime":"2023-12-30 16:13:49","passenger_count":"1","trip_distance":"1.01","RatecodeID":"1","store_and_fwd_flag":"N","PULocationID":"263","DOLocationID":"237","payment_type":"1","fare_amount":"7","extra":"1","mta_tax":"0.5","tip_amount":"1.76","tolls_amount":"0","improvement_surcharge":"0.3","total_amount":"10.56","congestion_surcharge":""},{"VendorID":"2","tpep_pickup_datetime":"2023-09-26 16:22:52","tpep_dropoff_datetime":"2023-09-25 16:33:59","passenger_count":"1","trip_distance":"5.29","RatecodeID":"1","store_and_fwd_flag":"N","PULocationID":"134","DOLocationID":"132","payment_type":"1","fare_amount":"15.5","extra":"1","mta_tax":"0.5","tip_amount":"1.5","tolls_amount":"0","improvement_surcharge":"0.3","total_amount":"18.8","congestion_surcharge":""},{"VendorID":"2","tpep_pickup_datetime":"2023-05-06 16:51:31","tpep_dropoff_datetime":"2023-09-29 17:41:21","passenger_count":"1","trip_distance":"20.31","RatecodeID":"2","store_and_fwd_flag":"N","PULocationID":"132","DOLocationID":"239","payment_type":"2","fare_amount":"52","extra":"4.5","mta_tax":"0.5","tip_amount":"0","tolls_amount":"5.76","improvement_surcharge":"0.3","total_amount":"63.06","congestion_surcharge":""},{"VendorID":"2","tpep_pickup_datetime":"2023-04-11 16:30:11","tpep_dropoff_datetime":"2023-09-21 17:02:42","passenger_count":"1","trip_distance":"5.28","RatecodeID":"1","store_and_fwd_flag":"N","PULocationID":"79","DOLocationID":"13","payment_type":"1","fare_amount":"23","extra":"1","mta_tax":"0.5","tip_amount":"4.96","tolls_amount":"0","improvement_surcharge":"0.3","total_amount":"29.76","congestion_surcharge":""},{"VendorID":"2","tpep_pickup_datetime":"2023-07-25 16:03:09","tpep_dropoff_datetime":"2024-01-28 16:15:07","passenger_count":"2","trip_distance":"1.43","RatecodeID":"1","store_and_fwd_flag":"N","PULocationID":"237","DOLocationID":"142","payment_type":"1","fare_amount":"9.5","extra":"1","mta_tax":"0.5","tip_amount":"2.26","tolls_amount":"0","improvement_surcharge":"0.3","total_amount":"13.56","congestion_surcharge":""},{"VendorID":"1","tpep_pickup_datetime":"2023-10-22 16:21:41","tpep_dropoff_datetime":"2023-12-30 16:30:53","passenger_count":"1","trip_distance":"1.80","RatecodeID":"1","store_and_fwd_flag":"N","PULocationID":"161","DOLocationID":"236","payment_type":"1","fare_amount":"8.5","extra":"1","mta_tax":"0.5","tip_amount":"2.05","tolls_amount":"0","improvement_surcharge":"0.3","total_amount":"12.35","congestion_surcharge":""},{"VendorID":"1","tpep_pickup_datetime":"2023-12-08 16:34:24","tpep_dropoff_datetime":"2023-05-07 16:39:20","passenger_count":"1","trip_distance":".80","RatecodeID":"1","store_and_fwd_flag":"N","PULocationID":"236","DOLocationID":"237","payment_type":"2","fare_amount":"5.5","extra":"1","mta_tax":"0.5","tip_amount":"0","tolls_amount":"0","improvement_surcharge":"0.3","total_amount":"7.3","congestion_surcharge":""},{"VendorID":"1","tpep_pickup_datetime":"2023-04-11 16:41:54","tpep_dropoff_datetime":"2023-03-17 16:44:34","passenger_count":"1","trip_distance":".50","RatecodeID":"1","store_and_fwd_flag":"N","PULocationID":"237","DOLocationID":"236","payment_type":"1","fare_amount":"4","extra":"1","mta_tax":"0.5","tip_amount":"1.15","tolls_amount":"0","improvement_surcharge":"0.3","total_amount":"6.95","congestion_surcharge":""},{"VendorID":"1","tpep_pickup_datetime":"2024-01-15 16:58:08","tpep_dropoff_datetime":"2023-05-10 17:05:22","passenger_count":"1","trip_distance":"1.50","RatecodeID":"1","store_and_fwd_flag":"N","PULocationID":"236","DOLocationID":"142","payment_type":"1","fare_amount":"7.5","extra":"1","mta_tax":"0.5","tip_amount":"1.85","tolls_amount":"0","improvement_surcharge":"0.3","total_amount":"11.15","congestion_surcharge":""},{"VendorID":"1","tpep_pickup_datetime":"2023-05-02 16:21:54","tpep_dropoff_datetime":"2023-08-08 16:31:34","passenger_count":"1","trip_distance":"1.80","RatecodeID":"1","store_and_fwd_flag":"N","PULocationID":"142","DOLocationID":"43","payment_type":"2","fare_amount":"8","extra":"1","mta_tax":"0.5","tip_amount":"0","tolls_amount":"0","improvement_surcharge":"0.3","total_amount":"9.8","congestion_surcharge":""},{"VendorID":"1","tpep_pickup_datetime":"2023-11-03 16:40:54","tpep_dropoff_datetime":"2023-05-29 16:49:58","passenger_count":"1","trip_distance":"1.80","RatecodeID":"1","store_and_fwd_flag":"N","PULocationID":"239","DOLocationID":"50","payment_type":"1","fare_amount":"8.5","extra":"1","mta_tax":"0.5","tip_amount":"2","tolls_amount":"0","improvement_surcharge":"0.3","total_amount":"12.3","congestion_surcharge":""},{"VendorID":"2","tpep_pickup_datetime":"2023-09-19 16:23:59","tpep_dropoff_datetime":"2023-08-29 16:28:33","passenger_count":"1","trip_distance":".67","RatecodeID":"1","store_and_fwd_flag":"N","PULocationID":"237","DOLocationID":"236","payment_type":"1","fare_amount":"5","extra":"1","mta_tax":"0.5","tip_amount":"1","tolls_amount":"0","improvement_surcharge":"0.3","total_amount":"7.8","congestion_surcharge":""},{"VendorID":"2","tpep_pickup_datetime":"2023-04-23 16:30:05","tpep_dropoff_datetime":"2023-01-28 16:36:53","passenger_count":"1","trip_distance":"2.44","RatecodeID":"1","store_and_fwd_flag":"N","PULocationID":"263","DOLocationID":"229","payment_type":"1","fare_amount":"9","extra":"1","mta_tax":"0.5","tip_amount":"1","tolls_amount":"0","improvement_surcharge":"0.3","total_amount":"11.8","congestion_surcharge":""},{"VendorID":"1","tpep_pickup_datetime":"2023-10-29 16:41:55","tpep_dropoff_datetime":"2023-03-19 16:51:51","passenger_count":"1","trip_distance":".80","RatecodeID":"1","store_and_fwd_flag":"N","PULocationID":"170","DOLocationID":"230","payment_type":"2","fare_amount":"7.5","extra":"1","mta_tax":"0.5","tip_amount":"0","tolls_amount":"0","improvement_surcharge":"0.3","total_amount":"9.3","congestion_surcharge":""},{"VendorID":"1","tpep_pickup_datetime":"2023-08-16 16:55:15","tpep_dropoff_datetime":"2023-08-31 16:58:57","passenger_count":"1","trip_distance":".40","RatecodeID":"1","store_and_fwd_flag":"N","PULocationID":"48","DOLocationID":"48","payment_type":"2","fare_amount":"4.5","extra":"1","mta_tax":"0.5","tip_amount":"0","tolls_amount":"0","improvement_surcharge":"0.3","total_amount":"6.3","congestion_surcharge":""},{"VendorID":"2","tpep_pickup_datetime":"2023-04-15 16:05:58","tpep_dropoff_datetime":"2023-12-01 16:18:35","passenger_count":"1","trip_distance":"2.05","RatecodeID":"1","store_and_fwd_flag":"N","PULocationID":"186","DOLocationID":"125","payment_type":"2","fare_amount":"10","extra":"1","mta_tax":"0.5","tip_amount":"0","tolls_amount":"0","improvement_surcharge":"0.3","total_amount":"11.8","congestion_surcharge":""},{"VendorID":"2","tpep_pickup_datetime":"2023-09-01 16:29:23","tpep_dropoff_datetime":"2023-02-10 16:47:38","passenger_count":"1","trip_distance":"3.76","RatecodeID":"1","store_and_fwd_flag":"N","PULocationID":"231","DOLocationID":"246","payment_type":"2","fare_amount":"16.5","extra":"1","mta_tax":"0.5","tip_amount":"0","tolls_amount":"0","improvement_surcharge":"0.3","total_amount":"18.3","congestion_surcharge":""},{"VendorID":"4","tpep_pickup_datetime":"2023-11-05 16:04:12","tpep_dropoff_datetime":"2023-07-10 16:14:01","passenger_count":"1","trip_distance":"1.36","RatecodeID":"1","store_and_fwd_flag":"N","PULocationID":"230","DOLocationID":"163","payment_type":"1","fare_amount":"8","extra":"1","mta_tax":"0.5","tip_amount":"1.96","tolls_amount":"0","improvement_surcharge":"0.3","total_amount":"11.76","congestion_surcharge":""},{"VendorID":"1","tpep_pickup_datetime":"2023-11-09 16:00:20","tpep_dropoff_datetime":"2023-02-02 16:16:57","passenger_count":"3","trip_distance":"1.80","RatecodeID":"1","store_and_fwd_flag":"N","PULocationID":"237","DOLocationID":"100","payment_type":"2","fare_amount":"11.5","extra":"0","mta_tax":"0.5","tip_amount":"0","tolls_amount":"0","improvement_surcharge":"0.3","total_amount":"12.3","congestion_surcharge":""},{"VendorID":"2","tpep_pickup_datetime":"2023-11-06 16:13:27","tpep_dropoff_datetime":"2023-09-24 16:26:14","passenger_count":"1","trip_distance":".80","RatecodeID":"1","store_and_fwd_flag":"N","PULocationID":"186","DOLocationID":"230","payment_type":"2","fare_amount":"8","extra":"1","mta_tax":"0.5","tip_amount":"0","tolls_amount":"0","improvement_surcharge":"0.3","total_amount":"9.8","congestion_surcharge":""},{"VendorID":"2","tpep_pickup_datetime":"2023-10-08 16:39:58","tpep_dropoff_datetime":"2023-12-14 16:55:21","passenger_count":"1","trip_distance":"1.65","RatecodeID":"1","store_and_fwd_flag":"N","PULocationID":"186","DOLocationID":"107","payment_type":"2","fare_amount":"10.5","extra":"1","mta_tax":"0.5","tip_amount":"0","tolls_amount":"0","improvement_surcharge":"0.3","total_amount":"12.3","congestion_surcharge":""},{"VendorID":"1","tpep_pickup_datetime":"2023-09-13 16:06:29","tpep_dropoff_datetime":"2023-07-06 16:24:42","passenger_count":"1","trip_distance":"2.60","RatecodeID":"1","store_and_fwd_flag":"N","PULocationID":"140","DOLocationID":"163","payment_type":"2","fare_amount":"13.5","extra":"1","mta_tax":"0.5","tip_amount":"0","tolls_amount":"0","improvement_surcharge":"0.3","total_amount":"15.3","congestion_surcharge":""},{"VendorID":"1","tpep_pickup_datetime":"2024-01-28 16:34:21","tpep_dropoff_datetime":"2023-07-20 16:52:41","passenger_count":"1","trip_distance":"1.70","RatecodeID":"1","store_and_fwd_flag":"N","PULocationID":"237","DOLocationID":"262","payment_type":"2","fare_amount":"13","extra":"1","mta_tax":"0.5","tip_amount":"0","tolls_amount":"0","improvement_surcharge":"0.3","total_amount":"14.8","congestion_surcharge":""},{"VendorID":"1","tpep_pickup_datetime":"2023-09-24 16:08:49","tpep_dropoff_datetime":"2024-01-31 16:18:44","passenger_count":"3","trip_distance":"1.20","RatecodeID":"1","store_and_fwd_flag":"N","PULocationID":"236","DOLocationID":"237","payment_type":"2","fare_amount":"8","extra":"1","mta_tax":"0.5","tip_amount":"0","tolls_amount":"0","improvement_surcharge":"0.3","total_amount":"9.8","congestion_surcharge":""},{"VendorID":"2","tpep_pickup_datetime":"2023-02-16 15:52:33","tpep_dropoff_datetime":"2023-02-15 15:57:49","passenger_count":"2","trip_distance":"1.23","RatecodeID":"1","store_and_fwd_flag":"N","PULocationID":"237","DOLocationID":"236","payment_type":"1","fare_amount":"6","extra":"1","mta_tax":"0.5","tip_amount":"1.95","tolls_amount":"0","improvement_surcharge":"0.3","total_amount":"9.75","congestion_surcharge":""},{"VendorID":"2","tpep_pickup_datetime":"2023-01-17 15:59:55","tpep_dropoff_datetime":"2023-07-27 16:18:20","passenger_count":"2","trip_distance":"2.08","RatecodeID":"1","store_and_fwd_flag":"N","PULocationID":"43","DOLocationID":"229","payment_type":"1","fare_amount":"12.5","extra":"1","mta_tax":"0.5","tip_amount":"2.86","tolls_amount":"0","improvement_surcharge":"0.3","total_amount":"17.16","congestion_surcharge":""},{"VendorID":"2","tpep_pickup_datetime":"2023-07-09 16:22:35","tpep_dropoff_datetime":"2023-10-21 17:17:40","passenger_count":"3","trip_distance":"18.58","RatecodeID":"2","store_and_fwd_flag":"N","PULocationID":"132","DOLocationID":"230","payment_type":"1","fare_amount":"52","extra":"4.5","mta_tax":"0.5","tip_amount":"12.61","tolls_amount":"5.76","improvement_surcharge":"0.3","total_amount":"75.67","congestion_surcharge":""},{"VendorID":"2","tpep_pickup_datetime":"2023-09-08 16:12:03","tpep_dropoff_datetime":"2023-02-07 16:45:05","passenger_count":"1","trip_distance":"8.32","RatecodeID":"1","store_and_fwd_flag":"N","PULocationID":"161","DOLocationID":"244","payment_type":"1","fare_amount":"28.5","extra":"1","mta_tax":"0.5","tip_amount":"0","tolls_amount":"0","improvement_surcharge":"0.3","total_amount":"30.3","congestion_surcharge":""},{"VendorID":"2","tpep_pickup_datetime":"2023-09-22 16:59:11","tpep_dropoff_datetime":"2023-10-13 17:12:10","passenger_count":"1","trip_distance":"2.17","RatecodeID":"1","store_and_fwd_flag":"N","PULocationID":"116","DOLocationID":"41","payment_type":"2","fare_amount":"10.5","extra":"1","mta_tax":"0.5","tip_amount":"0","tolls_amount":"0","improvement_surcharge":"0.3","total_amount":"12.3","congestion_surcharge":""},{"VendorID":"1","tpep_pickup_datetime":"2023-05-23 16:22:14","tpep_dropoff_datetime":"2023-10-19 16:35:18","passenger_count":"0","trip_distance":"1.60","RatecodeID":"1","store_and_fwd_flag":"N","PULocationID":"79","DOLocationID":"87","payment_type":"1","fare_amount":"10","extra":"1","mta_tax":"0.5","tip_amount":"2.95","tolls_amount":"0","improvement_surcharge":"0.3","total_amount":"14.75","congestion_surcharge":""},{"VendorID":"1","tpep_pickup_datetime":"2023-02-12 16:51:47","tpep_dropoff_datetime":"2023-09-24 17:07:47","passenger_count":"0","trip_distance":"5.00","RatecodeID":"1","store_and_fwd_flag":"N","PULocationID":"87","DOLocationID":"162","payment_type":"1","fare_amount":"18","extra":"1","mta_tax":"0.5","tip_amount":"4.95","tolls_amount":"0","improvement_surcharge":"0.3","total_amount":"24.75","congestion_surcharge":""},{"VendorID":"2","tpep_pickup_datetime":"2023-12-10 16:54:03","tpep_dropoff_datetime":"2024-01-07 17:18:55","passenger_count":"1","trip_distance":"4.71","RatecodeID":"1","store_and_fwd_flag":"N","PULocationID":"42","DOLocationID":"75","payment_type":"1","fare_amount":"19","extra":"1","mta_tax":"0.5","tip_amount":"0","tolls_amount":"0","improvement_surcharge":"0.3","total_amount":"20.8","congestion_surcharge":""},{"VendorID":"2","tpep_pickup_datetime":"2023-04-18 16:36:02","tpep_dropoff_datetime":"2023-05-29 17:15:05","passenger_count":"1","trip_distance":"19.34","RatecodeID":"2","store_and_fwd_flag":"N","PULocationID":"132","DOLocationID":"263","payment_type":"1","fare_amount":"52","extra":"4.5","mta_tax":"0.5","tip_amount":"8","tolls_amount":"5.76","improvement_surcharge":"0.3","total_amount":"71.06","congestion_surcharge":""},{"VendorID":"2","tpep_pickup_datetime":"2023-09-27 16:16:42","tpep_dropoff_datetime":"2023-11-12 16:22:29","passenger_count":"3","trip_distance":".84","RatecodeID":"1","store_and_fwd_flag":"N","PULocationID":"141","DOLocationID":"140","payment_type":"1","fare_amount":"5.5","extra":"1","mta_tax":"0.5","tip_amount":"1.46","tolls_amount":"0","improvement_surcharge":"0.3","total_amount":"8.76","congestion_surcharge":""},{"VendorID":"2","tpep_pickup_datetime":"2023-08-27 16:25:32","tpep_dropoff_datetime":"2023-07-21 16:40:17","passenger_count":"3","trip_distance":"2.58","RatecodeID":"1","store_and_fwd_flag":"N","PULocationID":"140","DOLocationID":"239","payment_type":"1","fare_amount":"12","extra":"1","mta_tax":"0.5","tip_amount":"3.45","tolls_amount":"0","improvement_surcharge":"0.3","total_amount":"17.25","congestion_surcharge":""},{"VendorID":"2","tpep_pickup_datetime":"2023-10-09 16:50:38","tpep_dropoff_datetime":"2023-09-16 16:58:03","passenger_count":"3","trip_distance":"1.95","RatecodeID":"1","store_and_fwd_flag":"N","PULocationID":"163","DOLocationID":"236","payment_type":"1","fare_amount":"8","extra":"1","mta_tax":"0.5","tip_amount":"2.45","tolls_amount":"0","improvement_surcharge":"0.3","total_amount":"12.25","congestion_surcharge":""},{"VendorID":"1","tpep_pickup_datetime":"2023-11-10 16:08:19","tpep_dropoff_datetime":"2024-01-16 16:59:26","passenger_count":"1","trip_distance":"9.60","RatecodeID":"1","store_and_fwd_flag":"N","PULocationID":"186","DOLocationID":"71","payment_type":"1","fare_amount":"37.5","extra":"1","mta_tax":"0.5","tip_amount":"30","tolls_amount":"0","improvement_surcharge":"0.3","total_amount":"69.3","congestion_surcharge":""},{"VendorID":"2","tpep_pickup_datetime":"2023-08-03 06:04:25","tpep_dropoff_datetime":"2023-09-25 06:23:52","passenger_count":"6","trip_distance":"2.18","RatecodeID":"1","store_and_fwd_flag":"N","PULocationID":"170","DOLocationID":"141","payment_type":"1","fare_amount":"13.5","extra":"1","mta_tax":"0.5","tip_amount":"4.59","tolls_amount":"0","improvement_surcharge":"0.3","total_amount":"19.89","congestion_surcharge":""},{"VendorID":"2","tpep_pickup_datetime":"2023-07-26 16:05:31","tpep_dropoff_datetime":"2023-01-02 16:17:33","passenger_count":"1","trip_distance":"2.28","RatecodeID":"1","store_and_fwd_flag":"N","PULocationID":"236","DOLocationID":"151","payment_type":"2","fare_amount":"10.5","extra":"1","mta_tax":"0.5","tip_amount":"0","tolls_amount":"0","improvement_surcharge":"0.3","total_amount":"12.3","congestion_surcharge":""},{"VendorID":"2","tpep_pickup_datetime":"2023-10-05 16:28:27","tpep_dropoff_datetime":"2023-02-15 16:41:10","passenger_count":"1","trip_distance":"1.93","RatecodeID":"1","store_and_fwd_flag":"N","PULocationID":"166","DOLocationID":"239","payment_type":"2","fare_amount":"10","extra":"1","mta_tax":"0.5","tip_amount":"0","tolls_amount":"0","improvement_surcharge":"0.3","total_amount":"11.8","congestion_surcharge":""},{"VendorID":"2","tpep_pickup_datetime":"2023-10-03 16:56:00","tpep_dropoff_datetime":"2023-03-16 17:00:01","passenger_count":"1","trip_distance":".64","RatecodeID":"1","store_and_fwd_flag":"N","PULocationID":"238","DOLocationID":"151","payment_type":"1","fare_amount":"4.5","extra":"1","mta_tax":"0.5","tip_amount":"1.58","tolls_amount":"0","improvement_surcharge":"0.3","total_amount":"7.88","congestion_surcharge":""},{"VendorID":"1","tpep_pickup_datetime":"2024-01-06 16:55:36","tpep_dropoff_datetime":"2023-12-22 18:12:08","passenger_count":"2","trip_distance":"14.50","RatecodeID":"1","store_and_fwd_flag":"N","PULocationID":"140","DOLocationID":"76","payment_type":"2","fare_amount":"54","extra":"1","mta_tax":"0.5","tip_amount":"0","tolls_amount":"0","improvement_surcharge":"0.3","total_amount":"55.8","congestion_surcharge":""},{"VendorID":"2","tpep_pickup_datetime":"2023-09-28 16:30:01","tpep_dropoff_datetime":"2023-05-28 16:31:02","passenger_count":"1","trip_distance":".00","RatecodeID":"2","store_and_fwd_flag":"N","PULocationID":"162","DOLocationID":"162","payment_type":"1","fare_amount":"52","extra":"4.5","mta_tax":"0.5","tip_amount":"10","tolls_amount":"5.76","improvement_surcharge":"0.3","total_amount":"73.06","congestion_surcharge":""},{"VendorID":"2","tpep_pickup_datetime":"2023-10-16 16:34:06","tpep_dropoff_datetime":"2023-09-17 16:56:47","passenger_count":"1","trip_distance":"3.28","RatecodeID":"1","store_and_fwd_flag":"N","PULocationID":"162","DOLocationID":"249","payment_type":"1","fare_amount":"16","extra":"1","mta_tax":"0.5","tip_amount":"3.56","tolls_amount":"0","improvement_surcharge":"0.3","total_amount":"21.36","congestion_surcharge":""},{"VendorID":"1","tpep_pickup_datetime":"2023-05-02 16:27:17","tpep_dropoff_datetime":"2023-09-13 16:34:59","passenger_count":"1","trip_distance":"1.30","RatecodeID":"1","store_and_fwd_flag":"N","PULocationID":"237","DOLocationID":"239","payment_type":"1","fare_amount":"7","extra":"1","mta_tax":"0.5","tip_amount":"1.75","tolls_amount":"0","improvement_surcharge":"0.3","total_amount":"10.55","congestion_surcharge":""},{"VendorID":"1","tpep_pickup_datetime":"2023-04-04 16:47:54","tpep_dropoff_datetime":"2023-02-08 17:03:37","passenger_count":"1","trip_distance":"1.10","RatecodeID":"1","store_and_fwd_flag":"N","PULocationID":"161","DOLocationID":"164","payment_type":"2","fare_amount":"10.5","extra":"1","mta_tax":"0.5","tip_amount":"0","tolls_amount":"0","improvement_surcharge":"0.3","total_amount":"12.3","congestion_surcharge":""},{"VendorID":"1","tpep_pickup_datetime":"2023-06-06 16:12:46","tpep_dropoff_datetime":"2023-07-17 16:23:25","passenger_count":"1","trip_distance":"1.20","RatecodeID":"1","store_and_fwd_flag":"N","PULocationID":"237","DOLocationID":"161","payment_type":"1","fare_amount":"8.5","extra":"1","mta_tax":"0.5","tip_amount":"2.05","tolls_amount":"0","improvement_surcharge":"0.3","total_amount":"12.35","congestion_surcharge":""},{"VendorID":"1","tpep_pickup_datetime":"2023-03-16 16:32:22","tpep_dropoff_datetime":"2023-09-26 16:56:36","passenger_count":"4","trip_distance":"5.90","RatecodeID":"1","store_and_fwd_flag":"N","PULocationID":"161","DOLocationID":"88","payment_type":"2","fare_amount":"21","extra":"1","mta_tax":"0.5","tip_amount":"0","tolls_amount":"0","improvement_surcharge":"0.3","total_amount":"22.8","congestion_surcharge":""},{"VendorID":"1","tpep_pickup_datetime":"2023-05-22 16:15:48","tpep_dropoff_datetime":"2023-10-03 16:40:25","passenger_count":"1","trip_distance":"3.00","RatecodeID":"1","store_and_fwd_flag":"N","PULocationID":"264","DOLocationID":"264","payment_type":"1","fare_amount":"16.5","extra":"1","mta_tax":"0.5","tip_amount":"5.45","tolls_amount":"0","improvement_surcharge":"0.3","total_amount":"23.75","congestion_surcharge":""},{"VendorID":"1","tpep_pickup_datetime":"2023-10-27 16:43:38","tpep_dropoff_datetime":"2023-11-12 16:49:49","passenger_count":"1","trip_distance":".60","RatecodeID":"1","store_and_fwd_flag":"N","PULocationID":"264","DOLocationID":"264","payment_type":"2","fare_amount":"6","extra":"1","mta_tax":"0.5","tip_amount":"0","tolls_amount":"0","improvement_surcharge":"0.3","total_amount":"7.8","congestion_surcharge":""},{"VendorID":"1","tpep_pickup_datetime":"2023-07-28 16:55:37","tpep_dropoff_datetime":"2024-02-02 17:03:01","passenger_count":"1","trip_distance":".80","RatecodeID":"1","store_and_fwd_flag":"N","PULocationID":"264","DOLocationID":"264","payment_type":"1","fare_amount":"6.5","extra":"1","mta_tax":"0.5","tip_amount":"2.05","tolls_amount":"0","improvement_surcharge":"0.3","total_amount":"10.35","congestion_surcharge":""},{"VendorID":"2","tpep_pickup_datetime":"2023-11-08 16:29:56","tpep_dropoff_datetime":"2023-08-19 16:33:20","passenger_count":"1","trip_distance":".50","RatecodeID":"1","store_and_fwd_flag":"N","PULocationID":"143","DOLocationID":"143","payment_type":"1","fare_amount":"4.5","extra":"1","mta_tax":"0.5","tip_amount":"1.58","tolls_amount":"0","improvement_surcharge":"0.3","total_amount":"7.88","congestion_surcharge":""},{"VendorID":"2","tpep_pickup_datetime":"2023-07-27 16:51:42","tpep_dropoff_datetime":"2023-09-03 16:57:57","passenger_count":"1","trip_distance":".91","RatecodeID":"1","store_and_fwd_flag":"N","PULocationID":"163","DOLocationID":"48","payment_type":"1","fare_amount":"6","extra":"1","mta_tax":"0.5","tip_amount":"2.34","tolls_amount":"0","improvement_surcharge":"0.3","total_amount":"10.14","congestion_surcharge":""},{"VendorID":"2","tpep_pickup_datetime":"2023-12-24 16:34:48","tpep_dropoff_datetime":"2023-09-20 16:45:35","passenger_count":"1","trip_distance":"1.96","RatecodeID":"1","store_and_fwd_flag":"N","PULocationID":"230","DOLocationID":"43","payment_type":"1","fare_amount":"9","extra":"1","mta_tax":"0.5","tip_amount":"1","tolls_amount":"0","improvement_surcharge":"0.3","total_amount":"11.8","congestion_surcharge":""},{"VendorID":"2","tpep_pickup_datetime":"2023-07-19 16:05:43","tpep_dropoff_datetime":"2023-06-09 16:28:00","passenger_count":"2","trip_distance":"3.55","RatecodeID":"1","store_and_fwd_flag":"N","PULocationID":"264","DOLocationID":"264","payment_type":"1","fare_amount":"16","extra":"1","mta_tax":"0.5","tip_amount":"0","tolls_amount":"0","improvement_surcharge":"0.3","total_amount":"17.8","congestion_surcharge":""},{"VendorID":"2","tpep_pickup_datetime":"2023-04-23 16:33:41","tpep_dropoff_datetime":"2023-03-02 16:44:21","passenger_count":"2","trip_distance":".76","RatecodeID":"1","store_and_fwd_flag":"N","PULocationID":"264","DOLocationID":"264","payment_type":"1","fare_amount":"8","extra":"1","mta_tax":"0.5","tip_amount":"1.5","tolls_amount":"0","improvement_surcharge":"0.3","total_amount":"11.3","congestion_surcharge":""},{"VendorID":"2","tpep_pickup_datetime":"2023-02-13 16:50:07","tpep_dropoff_datetime":"2023-08-06 17:16:06","passenger_count":"2","trip_distance":"1.58","RatecodeID":"1","store_and_fwd_flag":"N","PULocationID":"264","DOLocationID":"264","payment_type":"1","fare_amount":"16","extra":"1","mta_tax":"0.5","tip_amount":"3.56","tolls_amount":"0","improvement_surcharge":"0.3","total_amount":"21.36","congestion_surcharge":""},{"VendorID":"2","tpep_pickup_datetime":"2023-04-02 16:14:05","tpep_dropoff_datetime":"2023-12-17 16:39:23","passenger_count":"1","trip_distance":"6.49","RatecodeID":"1","store_and_fwd_flag":"N","PULocationID":"132","DOLocationID":"203","payment_type":"2","fare_amount":"23.5","extra":"1","mta_tax":"0.5","tip_amount":"0","tolls_amount":"0","improvement_surcharge":"0.3","total_amount":"25.3","congestion_surcharge":""},{"VendorID":"1","tpep_pickup_datetime":"2023-11-20 16:30:00","tpep_dropoff_datetime":"2023-02-16 16:42:20","passenger_count":"1","trip_distance":"2.10","RatecodeID":"1","store_and_fwd_flag":"N","PULocationID":"146","DOLocationID":"229","payment_type":"1","fare_amount":"9.5","extra":"1","mta_tax":"0.5","tip_amount":"2.25","tolls_amount":"0","improvement_surcharge":"0.3","total_amount":"13.55","congestion_surcharge":""},{"VendorID":"1","tpep_pickup_datetime":"2024-01-21 16:48:45","tpep_dropoff_datetime":"2023-03-10 17:01:07","passenger_count":"1","trip_distance":"1.70","RatecodeID":"1","store_and_fwd_flag":"N","PULocationID":"170","DOLocationID":"90","payment_type":"1","fare_amount":"9.5","extra":"1","mta_tax":"0.5","tip_amount":"1.22","tolls_amount":"0","improvement_surcharge":"0.3","total_amount":"12.52","congestion_surcharge":""},{"VendorID":"2","tpep_pickup_datetime":"2023-03-31 16:28:01","tpep_dropoff_datetime":"2023-04-05 16:30:39","passenger_count":"1","trip_distance":".56","RatecodeID":"1","store_and_fwd_flag":"N","PULocationID":"237","DOLocationID":"236","payment_type":"1","fare_amount":"4","extra":"1","mta_tax":"0.5","tip_amount":"1.16","tolls_amount":"0","improvement_surcharge":"0.3","total_amount":"6.96","congestion_surcharge":""},{"VendorID":"2","tpep_pickup_datetime":"2023-09-23 16:40:12","tpep_dropoff_datetime":"2023-07-08 16:45:00","passenger_count":"1","trip_distance":"1.35","RatecodeID":"1","store_and_fwd_flag":"N","PULocationID":"237","DOLocationID":"43","payment_type":"2","fare_amount":"6","extra":"1","mta_tax":"0.5","tip_amount":"0","tolls_amount":"0","improvement_surcharge":"0.3","total_amount":"7.8","congestion_surcharge":""},{"VendorID":"2","tpep_pickup_datetime":"2023-05-30 16:04:53","tpep_dropoff_datetime":"2023-11-26 16:09:32","passenger_count":"2","trip_distance":".58","RatecodeID":"1","store_and_fwd_flag":"N","PULocationID":"161","DOLocationID":"161","payment_type":"2","fare_amount":"5","extra":"1","mta_tax":"0.5","tip_amount":"0","tolls_amount":"0","improvement_surcharge":"0.3","total_amount":"6.8","congestion_surcharge":""},{"VendorID":"2","tpep_pickup_datetime":"2023-01-31 16:11:54","tpep_dropoff_datetime":"2023-08-31 16:13:42","passenger_count":"2","trip_distance":".38","RatecodeID":"1","store_and_fwd_flag":"N","PULocationID":"163","DOLocationID":"162","payment_type":"2","fare_amount":"3.5","extra":"1","mta_tax":"0.5","tip_amount":"0","tolls_amount":"0","improvement_surcharge":"0.3","total_amount":"5.3","congestion_surcharge":""},{"VendorID":"2","tpep_pickup_datetime":"2023-06-26 16:22:32","tpep_dropoff_datetime":"2023-03-14 16:30:15","passenger_count":"3","trip_distance":"1.06","RatecodeID":"1","store_and_fwd_flag":"N","PULocationID":"162","DOLocationID":"229","payment_type":"2","fare_amount":"7","extra":"1","mta_tax":"0.5","tip_amount":"0","tolls_amount":"0","improvement_surcharge":"0.3","total_amount":"8.8","congestion_surcharge":""},{"VendorID":"2","tpep_pickup_datetime":"2023-02-06 16:47:11","tpep_dropoff_datetime":"2023-10-09 16:59:02","passenger_count":"2","trip_distance":"1.24","RatecodeID":"1","store_and_fwd_flag":"N","PULocationID":"230","DOLocationID":"186","payment_type":"2","fare_amount":"9","extra":"1","mta_tax":"0.5","tip_amount":"0","tolls_amount":"0","improvement_surcharge":"0.3","total_amount":"10.8","congestion_surcharge":""},{"VendorID":"2","tpep_pickup_datetime":"2023-12-14 16:06:40","tpep_dropoff_datetime":"2023-05-29 16:12:29","passenger_count":"1","trip_distance":".96","RatecodeID":"1","store_and_fwd_flag":"N","PULocationID":"263","DOLocationID":"236","payment_type":"1","fare_amount":"6","extra":"1","mta_tax":"0.5","tip_amount":"1.56","tolls_amount":"0","improvement_surcharge":"0.3","total_amount":"9.36","congestion_surcharge":""}]