[{"VendorID":"1","tpep_pickup_datetime":"2023-06-25 12:36:19","tpep_dropoff_datetime":"2024-01-29 12:56:12","passenger_count":"1","trip_distance":"3.50","RatecodeID":"1","store_and_fwd_flag":"N","PULocationID":"170","DOLocationID":"231","payment_type":"1","fare_amount":"16","extra":"0","mta_tax":"0.5","tip_amount":"4.2","tolls_amount":"0","improvement_surcharge":"0.3","total_amount":"21","congestion_surcharge":""},{"VendorID":"2","tpep_pickup_datetime":"2023-02-20 12:03:44","tpep_dropoff_datetime":"2023-05-02 12:05:09","passenger_count":"1","trip_distance":".38","RatecodeID":"1","store_and_fwd_flag":"N","PULocationID":"24","DOLocationID":"151","payment_type":"2","fare_amount":"3.5","extra":"0","mta_tax":"0.5","tip_amount":"0","tolls_amount":"0","improvement_surcharge":"0.3","total_amount":"4.3","congestion_surcharge":""},{"VendorID":"2","tpep_pickup_datetime":"2024-01-11 12:31:54","tpep_dropoff_datetime":"2023-08-12 12:34:56","passenger_count":"1","trip_distance":"1.11","RatecodeID":"1","store_and_fwd_flag":"N","PULocationID":"90","DOLocationID":"125","payment_type":"1","fare_amount":"5","extra":"0","mta_tax":"0.5","tip_amount":"1.45","tolls_amount":"0","improvement_surcharge":"0.3","total_amount":"7.25","congestion_surcharge":""},{"VendorID":"2","tpep_pickup_datetime":"2023-11-12 12:50:38","tpep_dropoff_datetime":"2023-04-29 13:04:51","passenger_count":"1","trip_distance":"1.69","RatecodeID":"1","store_and_fwd_flag":"N","PULocationID":"211","DOLocationID":"148","payment_type":"2","fare_amount":"10.5","extra":"0","mta_tax":"0.5","tip_amount":"0","tolls_amount":"0","improvement_surcharge":"0.3","total_amount":"11.3","congestion_surcharge":""},{"VendorID":"2","tpep_pickup_datetime":"2023-08-07 12:04:59","tpep_dropoff_datetime":"2023-04-05 12:25:10","passenger_count":"2","trip_distance":"6.74","RatecodeID":"1","store_and_fwd_flag":"N","PULocationID":"68","DOLocationID":"116","payment_type":"2","fare_amount":"22.5","extra":"0","mta_tax":"0.5","tip_amount":"0","tolls_amount":"0","improvement_surcharge":"0.3","total_amount":"23.3","congestion_surcharge":""},{"VendorID":"2","tpep_pickup_datetime":"2023-07-13 12:27:04","tpep_dropoff_datetime":"2023-06-23 12:37:15","passenger_count":"2","trip_distance":"1.70","RatecodeID":"1","store_and_fwd_flag":"N","PULocationID":"116","DOLocationID":"74","payment_type":"1","fare_amount":"8.5","extra":"0","mta_tax":"0.5","tip_amount":"0.93","tolls_amount":"0","improvement_surcharge":"0.3","total_amount":"10.23","congestion_surcharge":""},{"VendorID":"2","tpep_pickup_datetime":"2023-03-05 12:49:30","tpep_dropoff_datetime":"2023-09-08 12:51:51","passenger_count":"2","trip_distance":".58","RatecodeID":"1","store_and_fwd_flag":"N","PULocationID":"24","DOLocationID":"151","payment_type":"1","fare_amount":"4","extra":"0","mta_tax":"0.5","tip_amount":"0.96","tolls_amount":"0","improvement_surcharge":"0.3","total_amount":"5.76","congestion_surcharge":""},{"VendorID":"2","tpep_pickup_datetime":"2023-04-09 12:52:42","tpep_dropoff_datetime":"2023-11-29 12:59:39","passenger_count":"2","trip_distance":"1.57","RatecodeID":"1","store_and_fwd_flag":"N","PULocationID":"238","DOLocationID":"142","payment_type":"1","fare_amount":"7","extra":"0","mta_tax":"0.5","tip_amount":"1.56","tolls_amount":"0","improvement_surcharge":"0.3","total_amount":"9.36","congestion_surcharge":""},{"VendorID":"1","tpep_pickup_datetime":"2023-01-25 12:13:52","tpep_dropoff_datetime":"2023-07-26 12:31:09","passenger_count":"1","trip_distance":"2.80","RatecodeID":"1","store_and_fwd_flag":"N","PULocationID":"230","DOLocationID":"43","payment_type":"2","fare_amount":"13.5","extra":"0","mta_tax":"0.5","tip_amount":"0","tolls_amount":"0","improvement_surcharge":"0.3","total_amount":"14.3","congestion_surcharge":""},{"VendorID":"1","tpep_pickup_datetime":"2023-03-25 12:33:32","tpep_dropoff_datetime":"2024-01-04 12:40:11","passenger_count":"1","trip_distance":"1.30","RatecodeID":"1","store_and_fwd_flag":"N","PULocationID":"43","DOLocationID":"142","payment_type":"2","fare_amount":"7","extra":"0","mta_tax":"0.5","tip_amount":"0","tolls_amount":"0","improvement_surcharge":"0.3","total_amount":"7.8","congestion_surcharge":""},{"VendorID":"1","tpep_pickup_datetime":"2023-10-07 12:41:11","tpep_dropoff_datetime":"2023-11-12 12:49:26","passenger_count":"1","trip_distance":"1.60","RatecodeID":"1","store_and_fwd_flag":"N","PULocationID":"142","DOLocationID":"236","payment_type":"1","fare_amount":"8","extra":"0","mta_tax":"0.5","tip_amount":"1.76","tolls_amount":"0","improvement_surcharge":"0.3","total_amount":"10.56","congestion_surcharge":""},{"VendorID":"1","tpep_pickup_datetime":"2023-10-27 12:58:58","tpep_dropoff_datetime":"2023-03-21 13:12:39","passenger_count":"1","trip_distance":"2.60","RatecodeID":"1","store_and_fwd_flag":"N","PULocationID":"43","DOLocationID":"48","payment_type":"1","fare_amount":"11.5","extra":"0","mta_tax":"0.5","tip_amount":"2.45","tolls_amount":"0","improvement_surcharge":"0.3","total_amount":"14.75","congestion_surcharge":""},{"VendorID":"2","tpep_pickup_datetime":"2023-08-21 12:11:11","tpep_dropoff_datetime":"2023-10-04 12:34:50","passenger_count":"1","trip_distance":"3.76","RatecodeID":"1","store_and_fwd_flag":"N","PULocationID":"186","DOLocationID":"236","payment_type":"1","fare_amount":"17.5","extra":"0","mta_tax":"0.5","tip_amount":"3.66","tolls_amount":"0","improvement_surcharge":"0.3","total_amount":"21.96","congestion_surcharge":""},{"VendorID":"2","tpep_pickup_datetime":"2023-02-23 12:55:14","tpep_dropoff_datetime":"2023-07-10 13:09:04","passenger_count":"1","trip_distance":"1.79","RatecodeID":"1","store_and_fwd_flag":"N","PULocationID":"163","DOLocationID":"186","payment_type":"2","fare_amount":"10","extra":"0","mta_tax":"0.5","tip_amount":"0","tolls_amount":"0","improvement_surcharge":"0.3","total_amount":"10.8","congestion_surcharge":""},{"VendorID":"2","tpep_pickup_datetime":"2023-10-26 12:08:15","tpep_dropoff_datetime":"2023-03-01 12:19:59","passenger_count":"1","trip_distance":"3.02","RatecodeID":"1","store_and_fwd_flag":"N","PULocationID":"229","DOLocationID":"4","payment_type":"2","fare_amount":"11","extra":"0","mta_tax":"0.5","tip_amount":"0","tolls_amount":"0","improvement_surcharge":"0.3","total_amount":"11.8","congestion_surcharge":""},{"VendorID":"2","tpep_pickup_datetime":"2023-07-06 12:30:17","tpep_dropoff_datetime":"2023-01-26 12:40:34","passenger_count":"1","trip_distance":"1.00","RatecodeID":"1","store_and_fwd_flag":"N","PULocationID":"224","DOLocationID":"234","payment_type":"1","fare_amount":"8","extra":"0","mta_tax":"0.5","tip_amount":"1.76","tolls_amount":"0","improvement_surcharge":"0.3","total_amount":"10.56","congestion_surcharge":""},{"VendorID":"2","tpep_pickup_datetime":"2023-04-01 12:41:41","tpep_dropoff_datetime":"2024-01-08 12:51:06","passenger_count":"1","trip_distance":"1.18","RatecodeID":"1","store_and_fwd_flag":"N","PULocationID":"234","DOLocationID":"246","payment_type":"1","fare_amount":"8","extra":"0","mta_tax":"0.5","tip_amount":"1.5","tolls_amount":"0","improvement_surcharge":"0.3","total_amount":"10.3","congestion_surcharge":""},{"VendorID":"2","tpep_pickup_datetime":"2023-02-27 12:53:01","tpep_dropoff_datetime":"2023-03-02 12:57:49","passenger_count":"1","trip_distance":".69","RatecodeID":"1","store_and_fwd_flag":"N","PULocationID":"48","DOLocationID":"246","payment_type":"2","fare_amount":"5","extra":"0","mta_tax":"0.5","tip_amount":"0","tolls_amount":"0","improvement_surcharge":"0.3","total_amount":"5.8","congestion_surcharge":""},{"VendorID":"1","tpep_pickup_datetime":"2023-02-03 12:08:54","tpep_dropoff_datetime":"2023-06-15 12:28:08","passenger_count":"1","trip_distance":"2.90","RatecodeID":"1","store_and_fwd_flag":"N","PULocationID":"186","DOLocationID":"239","payment_type":"1","fare_amount":"14","extra":"0","mta_tax":"0.5","tip_amount":"3.7","tolls_amount":"0","improvement_surcharge":"0.3","total_amount":"18.5","congestion_surcharge":""},{"VendorID":"1","tpep_pickup_datetime":"2023-08-28 12:34:42","tpep_dropoff_datetime":"2023-10-05 13:03:06","passenger_count":"1","trip_distance":"16.70","RatecodeID":"3","store_and_fwd_flag":"N","PULocationID":"142","DOLocationID":"1","payment_type":"1","fare_amount":"62.5","extra":"0","mta_tax":"0","tip_amount":"15.05","tolls_amount":"12.5","improvement_surcharge":"0.3","total_amount":"90.35","congestion_surcharge":""},{"VendorID":"2","tpep_pickup_datetime":"2023-06-21 12:19:53","tpep_dropoff_datetime":"2023-11-18 12:26:20","passenger_count":"2","trip_distance":".69","RatecodeID":"1","store_and_fwd_flag":"N","PULocationID":"43","DOLocationID":"142","payment_type":"2","fare_amount":"5.5","extra":"0","mta_tax":"0.5","tip_amount":"0","tolls_amount":"0","improvement_surcharge":"0.3","total_amount":"6.3","congestion_surcharge":""},{"VendorID":"2","tpep_pickup_datetime":"2024-01-17 12:33:20","tpep_dropoff_datetime":"2023-07-27 12:38:19","passenger_count":"2","trip_distance":"1.30","RatecodeID":"1","store_and_fwd_flag":"N","PULocationID":"48","DOLocationID":"68","payment_type":"1","fare_amount":"6","extra":"0","mta_tax":"0.5","tip_amount":"1","tolls_amount":"0","improvement_surcharge":"0.3","total_amount":"7.8","congestion_surcharge":""},{"VendorID":"2","tpep_pickup_datetime":"2023-10-02 12:53:07","tpep_dropoff_datetime":"2023-02-22 13:00:38","passenger_count":"2","trip_distance":".92","RatecodeID":"1","store_and_fwd_flag":"N","PULocationID":"158","DOLocationID":"249","payment_type":"2","fare_amount":"6.5","extra":"0","mta_tax":"0.5","tip_amount":"0","tolls_amount":"0","improvement_surcharge":"0.3","total_amount":"7.3","congestion_surcharge":""},{"VendorID":"2","tpep_pickup_datetime":"2023-11-19 12:09:12","tpep_dropoff_datetime":"2023-05-14 12:22:48","passenger_count":"1","trip_distance":"2.03","RatecodeID":"1","store_and_fwd_flag":"N","PULocationID":"239","DOLocationID":"230","payment_type":"1","fare_amount":"10.5","extra":"0","mta_tax":"0.5","tip_amount":"2.26","tolls_amount":"0","improvement_surcharge":"0.3","total_amount":"13.56","congestion_surcharge":""},{"VendorID":"2","tpep_pickup_datetime":"2023-09-07 12:29:29","tpep_dropoff_datetime":"2023-03-29 12:35:52","passenger_count":"1","trip_distance":".51","RatecodeID":"1","store_and_fwd_flag":"N","PULocationID":"48","DOLocationID":"48","payment_type":"2","fare_amount":"5.5","extra":"0","mta_tax":"0.5","tip_amount":"0","tolls_amount":"0","improvement_surcharge":"0.3","total_amount":"6.3","congestion_surcharge":""},{"VendorID":"2","tpep_pickup_datetime":"2023-07-27 12:37:17","tpep_dropoff_datetime":"2023-09-12 12:53:13","passenger_count":"1","trip_distance":"2.16","RatecodeID":"1","store_and_fwd_flag":"N","PULocationID":"48","DOLocationID":"141","payment_type":"1","fare_amount":"12","extra":"0","mta_tax":"0.5","tip_amount":"2.56","tolls_amount":"0","improvement_surcharge":"0.3","total_amount":"15.36","congestion_surcharge":""},{"VendorID":"2","tpep_pickup_datetime":"2023-11-26 12:55:29","tpep_dropoff_datetime":"2023-12-30 13:03:16","passenger_count":"1","trip_distance":".64","RatecodeID":"1","store_and_fwd_flag":"N","PULocationID":"262","DOLocationID":"236","payment_type":"1","fare_amount":"6.5","extra":"0","mta_tax":"0.5","tip_amount":"1.82","tolls_amount":"0","improvement_surcharge":"0.3","total_amount":"9.12","congestion_surcharge":""},{"VendorID":"1","tpep_pickup_datetime":"2023-07-15 12:16:24","tpep_dropoff_datetime":"2023-05-08 12:22:28","passenger_count":"1","trip_distance":"1.00","RatecodeID":"1","store_and_fwd_flag":"N","PULocationID":"144","DOLocationID":"232","payment_type":"1","fare_amount":"6.5","extra":"0","mta_tax":"0.5","tip_amount":"1.46","tolls_amount":"0","improvement_surcharge":"0.3","total_amount":"8.76","congestion_surcharge":""},{"VendorID":"1","tpep_pickup_datetime":"2023-07-23 12:40:49","tpep_dropoff_datetime":"2023-07-18 12:54:52","passenger_count":"2","trip_distance":"1.80","RatecodeID":"1","store_and_fwd_flag":"N","PULocationID":"162","DOLocationID":"229","payment_type":"2","fare_amount":"10.5","extra":"0","mta_tax":"0.5","tip_amount":"0","tolls_amount":"0","improvement_surcharge":"0.3","total_amount":"11.3","congestion_surcharge":""},{"VendorID":"2","tpep_pickup_datetime":"2023-02-25 12:37:19","tpep_dropoff_datetime":"2023-07-26 12:43:42","passenger_count":"1","trip_distance":".96","RatecodeID":"1","store_and_fwd_flag":"N","PULocationID":"24","DOLocationID":"238","payment_type":"1","fare_amount":"6","extra":"0","mta_tax":"0.5","tip_amount":"0.34","tolls_amount":"0","improvement_surcharge":"0.3","total_amount":"7.14","congestion_surcharge":""},{"VendorID":"2","tpep_pickup_datetime":"2023-12-30 12:44:47","tpep_dropoff_datetime":"2023-02-20 12:59:50","passenger_count":"1","trip_distance":"2.36","RatecodeID":"1","store_and_fwd_flag":"N","PULocationID":"238","DOLocationID":"262","payment_type":"1","fare_amount":"12","extra":"0","mta_tax":"0.5","tip_amount":"1","tolls_amount":"0","improvement_surcharge":"0.3","total_amount":"13.8","congestion_surcharge":""},{"VendorID":"2","tpep_pickup_datetime":"2023-08-27 12:05:43","tpep_dropoff_datetime":"2023-10-29 12:18:41","passenger_count":"2","trip_distance":"1.45","RatecodeID":"1","store_and_fwd_flag":"N","PULocationID":"186","DOLocationID":"233","payment_type":"1","fare_amount":"9.5","extra":"0","mta_tax":"0.5","tip_amount":"2.06","tolls_amount":"0","improvement_surcharge":"0.3","total_amount":"12.36","congestion_surcharge":""},{"VendorID":"2","tpep_pickup_datetime":"2023-08-01 12:27:59","tpep_dropoff_datetime":"2023-08-09 12:32:43","passenger_count":"2","trip_distance":".44","RatecodeID":"1","store_and_fwd_flag":"N","PULocationID":"170","DOLocationID":"161","payment_type":"2","fare_amount":"4.5","extra":"0","mta_tax":"0.5","tip_amount":"0","tolls_amount":"0","improvement_surcharge":"0.3","total_amount":"5.3","congestion_surcharge":""},{"VendorID":"2","tpep_pickup_datetime":"2023-07-27 12:36:09","tpep_dropoff_datetime":"2023-12-26 12:49:10","passenger_count":"2","trip_distance":"2.02","RatecodeID":"1","store_and_fwd_flag":"N","PULocationID":"100","DOLocationID":"113","payment_type":"1","fare_amount":"10.5","extra":"0","mta_tax":"0.5","tip_amount":"1","tolls_amount":"0","improvement_surcharge":"0.3","total_amount":"12.3","congestion_surcharge":""},{"VendorID":"2","tpep_pickup_datetime":"2023-04-25 12:53:53","tpep_dropoff_datetime":"2023-04-03 13:01:02","passenger_count":"2","trip_distance":"1.17","RatecodeID":"1","store_and_fwd_flag":"N","PULocationID":"113","DOLocationID":"79","payment_type":"1","fare_amount":"6.5","extra":"0","mta_tax":"0.5","tip_amount":"1.46","tolls_amount":"0","improvement_surcharge":"0.3","total_amount":"8.76","congestion_surcharge":""},{"VendorID":"1","tpep_pickup_datetime":"2023-07-22 12:50:52","tpep_dropoff_datetime":"2023-09-08 13:03:26","passenger_count":"1","trip_distance":"1.90","RatecodeID":"1","store_and_fwd_flag":"N","PULocationID":"246","DOLocationID":"113","payment_type":"1","fare_amount":"9.5","extra":"0","mta_tax":"0.5","tip_amount":"2.05","tolls_amount":"0","improvement_surcharge":"0.3","total_amount":"12.35","congestion_surcharge":""},{"VendorID":"2","tpep_pickup_datetime":"2023-06-09 12:13:07","tpep_dropoff_datetime":"2023-05-24 12:19:52","passenger_count":"1","trip_distance":".73","RatecodeID":"1","store_and_fwd_flag":"N","PULocationID":"237","DOLocationID":"161","payment_type":"1","fare_amount":"6","extra":"0","mta_tax":"0.5","tip_amount":"1.02","tolls_amount":"0","improvement_surcharge":"0.3","total_amount":"7.82","congestion_surcharge":""},{"VendorID":"2","tpep_pickup_datetime":"2023-01-28 12:30:51","tpep_dropoff_datetime":"2023-09-25 12:33:57","passenger_count":"1","trip_distance":".75","RatecodeID":"1","store_and_fwd_flag":"N","PULocationID":"249","DOLocationID":"158","payment_type":"1","fare_amount":"4.5","extra":"0","mta_tax":"0.5","tip_amount":"1.59","tolls_amount":"0","improvement_surcharge":"0.3","total_amount":"6.89","congestion_surcharge":""},{"VendorID":"2","tpep_pickup_datetime":"2023-05-03 12:00:36","tpep_dropoff_datetime":"2023-10-11 12:13:41","passenger_count":"1","trip_distance":"1.72","RatecodeID":"1","store_and_fwd_flag":"N","PULocationID":"233","DOLocationID":"186","payment_type":"1","fare_amount":"10","extra":"0","mta_tax":"0.5","tip_amount":"2.16","tolls_amount":"0","improvement_surcharge":"0.3","total_amount":"12.96","congestion_surcharge":""},{"VendorID":"2","tpep_pickup_datetime":"2023-12-15 12:16:02","tpep_dropoff_datetime":"2023-07-08 12:38:34","passenger_count":"1","trip_distance":"3.45","RatecodeID":"1","store_and_fwd_flag":"N","PULocationID":"186","DOLocationID":"141","payment_type":"2","fare_amount":"16.5","extra":"0","mta_tax":"0.5","tip_amount":"0","tolls_amount":"0","improvement_surcharge":"0.3","total_amount":"17.3","congestion_surcharge":""},{"VendorID":"2","tpep_pickup_datetime":"2023-04-08 12:42:12","tpep_dropoff_datetime":"2023-05-30 12:44:28","passenger_count":"1","trip_distance":".59","RatecodeID":"1","store_and_fwd_flag":"N","PULocationID":"141","DOLocationID":"263","payment_type":"1","fare_amount":"4","extra":"0","mta_tax":"0.5","tip_amount":"1.2","tolls_amount":"0","improvement_surcharge":"0.3","total_amount":"6","congestion_surcharge":""},{"VendorID":"2","tpep_pickup_datetime":"2023-07-05 12:46:42","tpep_dropoff_datetime":"2023-01-11 12:59:42","passenger_count":"1","trip_distance":"1.53","RatecodeID":"1","store_and_fwd_flag":"N","PULocationID":"263","DOLocationID":"43","payment_type":"1","fare_amount":"9.5","extra":"0","mta_tax":"0.5","tip_amount":"2.06","tolls_amount":"0","improvement_surcharge":"0.3","total_amount":"12.36","congestion_surcharge":""},{"VendorID":"2","tpep_pickup_datetime":"2023-07-25 12:14:50","tpep_dropoff_datetime":"2023-05-14 12:20:39","passenger_count":"1","trip_distance":"1.42","RatecodeID":"1","store_and_fwd_flag":"N","PULocationID":"41","DOLocationID":"238","payment_type":"1","fare_amount":"6.5","extra":"0","mta_tax":"0.5","tip_amount":"1.46","tolls_amount":"0","improvement_surcharge":"0.3","total_amount":"8.76","congestion_surcharge":""},{"VendorID":"2","tpep_pickup_datetime":"2023-11-09 12:28:12","tpep_dropoff_datetime":"2023-03-30 12:38:21","passenger_count":"1","trip_distance":"1.76","RatecodeID":"1","store_and_fwd_flag":"N","PULocationID":"143","DOLocationID":"237","payment_type":"1","fare_amount":"9","extra":"0","mta_tax":"0.5","tip_amount":"1.96","tolls_amount":"0","improvement_surcharge":"0.3","total_amount":"11.76","congestion_surcharge":""},{"VendorID":"2","tpep_pickup_datetime":"2023-11-04 12:54:15","tpep_dropoff_datetime":"2023-01-26 13:05:32","passenger_count":"6","trip_distance":"1.22","RatecodeID":"1","store_and_fwd_flag":"N","PULocationID":"43","DOLocationID":"230","payment_type":"2","fare_amount":"8.5","extra":"0","mta_tax":"0.5","tip_amount":"0","tolls_amount":"0","improvement_surcharge":"0.3","total_amount":"9.3","congestion_surcharge":""},{"VendorID":"2","tpep_pickup_datetime":"2023-09-07 12:13:40","tpep_dropoff_datetime":"2023-02-05 12:20:04","passenger_count":"5","trip_distance":"1.24","RatecodeID":"1","store_and_fwd_flag":"N","PULocationID":"161","DOLocationID":"237","payment_type":"1","fare_amount":"7","extra":"0","mta_tax":"0.5","tip_amount":"1.2","tolls_amount":"0","improvement_surcharge":"0.3","total_amount":"9","congestion_surcharge":""},{"VendorID":"2","tpep_pickup_datetime":"2023-11-07 12:46:23","tpep_dropoff_datetime":"2023-11-01 13:14:11","passenger_count":"1","trip_distance":"9.92","RatecodeID":"1","store_and_fwd_flag":"N","PULocationID":"138","DOLocationID":"238","payment_type":"1","fare_amount":"31.5","extra":"0","mta_tax":"0.5","tip_amount":"7.61","tolls_amount":"5.76","improvement_surcharge":"0.3","total_amount":"45.67","congestion_surcharge":""},{"VendorID":"2","tpep_pickup_datetime":"2023-08-15 12:23:39","tpep_dropoff_datetime":"2023-10-07 12:52:54","passenger_count":"1","trip_distance":"10.80","RatecodeID":"1","store_and_fwd_flag":"N","PULocationID":"132","DOLocationID":"61","payment_type":"1","fare_amount":"33","extra":"0","mta_tax":"0.5","tip_amount":"4","tolls_amount":"0","improvement_surcharge":"0.3","total_amount":"37.8","congestion_surcharge":""},{"VendorID":"2","tpep_pickup_datetime":"2023-06-28 12:23:27","tpep_dropoff_datetime":"2023-10-17 12:39:37","passenger_count":"1","trip_distance":"3.70","RatecodeID":"1","store_and_fwd_flag":"N","PULocationID":"264","DOLocationID":"264","payment_type":"1","fare_amount":"15","extra":"0","mta_tax":"0.5","tip_amount":"3.95","tolls_amount":"0","improvement_surcharge":"0.3","total_amount":"19.75","congestion_surcharge":""},{"VendorID":"2","tpep_pickup_datetime":"2023-08-26 12:48:06","tpep_dropoff_datetime":"2023-09-02 12:53:31","passenger_count":"1","trip_distance":"1.05","RatecodeID":"1","store_and_fwd_flag":"N","PULocationID":"264","DOLocationID":"264","payment_type":"1","fare_amount":"6","extra":"0","mta_tax":"0.5","tip_amount":"1","tolls_amount":"0","improvement_surcharge":"0.3","total_amount":"7.8","congestion_surcharge":""},{"VendorID":"2","tpep_pickup_datetime":"2023-11-20 12:59:09","tpep_dropoff_datetime":"2024-01-20 13:01:41","passenger_count":"1","trip_distance":".50","RatecodeID":"1","store_and_fwd_flag":"N","PULocationID":"264","DOLocationID":"264","payment_type":"1","fare_amount":"4","extra":"0","mta_tax":"0.5","tip_amount":"0.96","tolls_amount":"0","improvement_surcharge":"0.3","total_amount":"5.76","congestion_surcharge":""},{"VendorID":"1","tpep_pickup_datetime":"2023-10-30 12:26:21","tpep_dropoff_datetime":"2023-08-08 12:37:17","passenger_count":"1","trip_distance":"1.80","RatecodeID":"1","store_and_fwd_flag":"N","PULocationID":"90","DOLocationID":"48","payment_type":"1","fare_amount":"9.5","extra":"0","mta_tax":"0.5","tip_amount":"2.06","tolls_amount":"0","improvement_surcharge":"0.3","total_amount":"12.36","congestion_surcharge":""},{"VendorID":"2","tpep_pickup_datetime":"2023-11-03 12:59:00","tpep_dropoff_datetime":"2023-06-05 13:09:08","passenger_count":"1","trip_distance":"2.06","RatecodeID":"1","store_and_fwd_flag":"N","PULocationID":"114","DOLocationID":"261","payment_type":"1","fare_amount":"9","extra":"0","mta_tax":"0.5","tip_amount":"1.96","tolls_amount":"0","improvement_surcharge":"0.3","total_amount":"11.76","congestion_surcharge":""},{"VendorID":"1","tpep_pickup_datetime":"2023-09-25 12:14:24","tpep_dropoff_datetime":"2023-12-12 12:21:22","passenger_count":"1","trip_distance":"1.60","RatecodeID":"1","store_and_fwd_flag":"N","PULocationID":"162","DOLocationID":"234","payment_type":"1","fare_amount":"7.5","extra":"0","mta_tax":"0.5","tip_amount":"1.65","tolls_amount":"0","improvement_surcharge":"0.3","total_amount":"9.95","congestion_surcharge":""},{"VendorID":"1","tpep_pickup_datetime":"2023-08-29 12:23:37","tpep_dropoff_datetime":"2023-03-08 12:31:02","passenger_count":"1","trip_distance":"1.40","RatecodeID":"1","store_and_fwd_flag":"N","PULocationID":"90","DOLocationID":"230","payment_type":"1","fare_amount":"7","extra":"0","mta_tax":"0.5","tip_amount":"0.94","tolls_amount":"0","improvement_surcharge":"0.3","total_amount":"8.74","congestion_surcharge":""},{"VendorID":"2","tpep_pickup_datetime":"2023-11-08 11:55:02","tpep_dropoff_datetime":"2023-08-09 11:57:24","passenger_count":"1","trip_distance":".49","RatecodeID":"1","store_and_fwd_flag":"N","PULocationID":"233","DOLocationID":"170","payment_type":"1","fare_amount":"4","extra":"0","mta_tax":"0.5","tip_amount":"0.96","tolls_amount":"0","improvement_surcharge":"0.3","total_amount":"5.76","congestion_surcharge":""},{"VendorID":"2","tpep_pickup_datetime":"2023-09-15 12:25:47","tpep_dropoff_datetime":"2023-11-22 12:29:39","passenger_count":"1","trip_distance":".72","RatecodeID":"1","store_and_fwd_flag":"N","PULocationID":"113","DOLocationID":"90","payment_type":"2","fare_amount":"5","extra":"0","mta_tax":"0.5","tip_amount":"0","tolls_amount":"0","improvement_surcharge":"0.3","total_amount":"5.8","congestion_surcharge":""},{"VendorID":"2","tpep_pickup_datetime":"2024-01-23 12:50:04","tpep_dropoff_datetime":"2023-02-10 12:55:49","passenger_count":"1","trip_distance":"1.08","RatecodeID":"1","store_and_fwd_flag":"N","PULocationID":"163","DOLocationID":"143","payment_type":"1","fare_amount":"6","extra":"0","mta_tax":"0.5","tip_amount":"1","tolls_amount":"0","improvement_surcharge":"0.3","total_amount":"7.8","congestion_surcharge":""},{"VendorID":"2","tpep_pickup_datetime":"2023-03-06 12:25:22","tpep_dropoff_datetime":"2023-04-08 12:32:52","passenger_count":"1","trip_distance":"1.39","RatecodeID":"1","store_and_fwd_flag":"N","PULocationID":"263","DOLocationID":"141","payment_type":"2","fare_amount":"7","extra":"0","mta_tax":"0.5","tip_amount":"0","tolls_amount":"0","improvement_surcharge":"0.3","total_amount":"7.8","congestion_surcharge":""},{"VendorID":"2","tpep_pickup_datetime":"2023-10-26 12:37:24","tpep_dropoff_datetime":"2023-04-25 12:43:10","passenger_count":"1","trip_distance":"1.73","RatecodeID":"1","store_and_fwd_flag":"N","PULocationID":"229","DOLocationID":"236","payment_type":"1","fare_amount":"7","extra":"0","mta_tax":"0.5","tip_amount":"1","tolls_amount":"0","improvement_surcharge":"0.3","total_amount":"8.8","congestion_surcharge":""},{"VendorID":"2","tpep_pickup_datetime":"2023-04-16 12:09:37","tpep_dropoff_datetime":"2023-10-14 12:09:39","passenger_count":"2","trip_distance":".00","RatecodeID":"5","store_and_fwd_flag":"N","PULocationID":"265","DOLocationID":"265","payment_type":"1","fare_amount":"160","extra":"0","mta_tax":"0","tip_amount":"0","tolls_amount":"0","improvement_surcharge":"0.3","total_amount":"160.3","congestion_surcharge":""},{"VendorID":"2","tpep_pickup_datetime":"2024-01-04 12:16:46","tpep_dropoff_datetime":"2023-04-08 12:20:54","passenger_count":"1","trip_distance":".58","RatecodeID":"1","store_and_fwd_flag":"N","PULocationID":"162","DOLocationID":"162","payment_type":"1","fare_amount":"5","extra":"0","mta_tax":"0.5","tip_amount":"1.16","tolls_amount":"0","improvement_surcharge":"0.3","total_amount":"6.96","congestion_surcharge":""},{"VendorID":"2","tpep_pickup_datetime":"2023-03-29 12:25:47","tpep_dropoff_datetime":"2023-12-06 12:32:07","passenger_count":"1","trip_distance":"1.20","RatecodeID":"1","store_and_fwd_flag":"N","PULocationID":"162","DOLocationID":"107","payment_type":"1","fare_amount":"6.5","extra":"0","mta_tax":"0.5","tip_amount":"1.82","tolls_amount":"0","improvement_surcharge":"0.3","total_amount":"9.12","congestion_surcharge":""},{"VendorID":"2","tpep_pickup_datetime":"2024-01-27 12:34:16","tpep_dropoff_datetime":"2023-05-11 12:41:35","passenger_count":"1","trip_distance":"1.06","RatecodeID":"1","store_and_fwd_flag":"N","PULocationID":"107","DOLocationID":"113","payment_type":"1","fare_amount":"6.5","extra":"0","mta_tax":"0.5","tip_amount":"1.82","tolls_amount":"0","improvement_surcharge":"0.3","total_amount":"9.12","congestion_surcharge":""},{"VendorID":"2","tpep_pickup_datetime":"2023-04-18 12:43:27","tpep_dropoff_datetime":"2023-11-15 12:55:46","passenger_count":"1","trip_distance":"1.83","RatecodeID":"1","store_and_fwd_flag":"N","PULocationID":"113","DOLocationID":"231","payment_type":"1","fare_amount":"9.5","extra":"0","mta_tax":"0.5","tip_amount":"1.54","tolls_amount":"0","improvement_surcharge":"0.3","total_amount":"11.84","congestion_surcharge":""},{"VendorID":"2","tpep_pickup_datetime":"2023-06-26 12:38:22","tpep_dropoff_datetime":"2023-07-17 12:54:42","passenger_count":"1","trip_distance":"2.70","RatecodeID":"1","store_and_fwd_flag":"N","PULocationID":"65","DOLocationID":"181","payment_type":"1","fare_amount":"13","extra":"0","mta_tax":"0.5","tip_amount":"2.76","tolls_amount":"0","improvement_surcharge":"0.3","total_amount":"16.56","congestion_surcharge":""},{"VendorID":"2","tpep_pickup_datetime":"2023-11-27 12:08:27","tpep_dropoff_datetime":"2023-04-07 12:27:47","passenger_count":"1","trip_distance":"4.17","RatecodeID":"1","store_and_fwd_flag":"N","PULocationID":"144","DOLocationID":"25","payment_type":"2","fare_amount":"17","extra":"0","mta_tax":"0.5","tip_amount":"0","tolls_amount":"0","improvement_surcharge":"0.3","total_amount":"17.8","congestion_surcharge":""},{"VendorID":"2","tpep_pickup_datetime":"2023-04-25 12:37:11","tpep_dropoff_datetime":"2023-03-21 12:43:40","passenger_count":"2","trip_distance":"1.20","RatecodeID":"1","store_and_fwd_flag":"N","PULocationID":"41","DOLocationID":"151","payment_type":"2","fare_amount":"6.5","extra":"0","mta_tax":"0.5","tip_amount":"0","tolls_amount":"0","improvement_surcharge":"0.3","total_amount":"7.3","congestion_surcharge":""},{"VendorID":"1","tpep_pickup_datetime":"2023-08-08 12:00:30","tpep_dropoff_datetime":"2023-07-02 12:24:17","passenger_count":"1","trip_distance":"1.90","RatecodeID":"1","store_and_fwd_flag":"N","PULocationID":"186","DOLocationID":"163","payment_type":"1","fare_amount":"15","extra":"0","mta_tax":"0.5","tip_amount":"3.15","tolls_amount":"0","improvement_surcharge":"0.3","total_amount":"18.95","congestion_surcharge":""},{"VendorID":"1","tpep_pickup_datetime":"2023-02-01 12:30:30","tpep_dropoff_datetime":"2023-12-04 12:43:36","passenger_count":"1","trip_distance":"1.60","RatecodeID":"1","store_and_fwd_flag":"N","PULocationID":"163","DOLocationID":"100","payment_type":"2","fare_amount":"10","extra":"0","mta_tax":"0.5","tip_amount":"0","tolls_amount":"0","improvement_surcharge":"0.3","total_amount":"10.8","congestion_surcharge":""},{"VendorID":"1","tpep_pickup_datetime":"2023-07-14 12:46:04","tpep_dropoff_datetime":"2023-12-13 13:04:31","passenger_count":"1","trip_distance":"1.80","RatecodeID":"1","store_and_fwd_flag":"N","PULocationID":"186","DOLocationID":"142","payment_type":"2","fare_amount":"13","extra":"0","mta_tax":"0.5","tip_amount":"0","tolls_amount":"0","improvement_surcharge":"0.3","total_amount":"13.8","congestion_surcharge":""},{"VendorID":"2","tpep_pickup_datetime":"2023-11-26 12:21:20","tpep_dropoff_datetime":"2023-10-28 12:42:28","passenger_count":"2","trip_distance":"6.96","RatecodeID":"1","store_and_fwd_flag":"N","PULocationID":"13","DOLocationID":"255","payment_type":"2","fare_amount":"23.5","extra":"0","mta_tax":"0.5","tip_amount":"0","tolls_amount":"0","improvement_surcharge":"0.3","total_amount":"24.3","congestion_surcharge":""},{"VendorID":"2","tpep_pickup_datetime":"2023-07-17 12:11:34","tpep_dropoff_datetime":"2023-09-22 12:17:47","passenger_count":"1","trip_distance":".67","RatecodeID":"1","store_and_fwd_flag":"N","PULocationID":"230","DOLocationID":"162","payment_type":"2","fare_amount":"5.5","extra":"0","mta_tax":"0.5","tip_amount":"0","tolls_amount":"0","improvement_surcharge":"0.3","total_amount":"6.3","congestion_surcharge":""},{"VendorID":"2","tpep_pickup_datetime":"2023-12-18 12:34:11","tpep_dropoff_datetime":"2023-01-10 12:47:18","passenger_count":"1","trip_distance":"3.61","RatecodeID":"1","store_and_fwd_flag":"N","PULocationID":"186","DOLocationID":"13","payment_type":"1","fare_amount":"13","extra":"0","mta_tax":"0.5","tip_amount":"2.76","tolls_amount":"0","improvement_surcharge":"0.3","total_amount":"16.56","congestion_surcharge":""},{"VendorID":"2","tpep_pickup_datetime":"2023-04-27 13:00:21","tpep_dropoff_datetime":"2023-02-13 13:05:25","passenger_count":"1","trip_distance":".88","RatecodeID":"1","store_and_fwd_flag":"N","PULocationID":"211","DOLocationID":"114","payment_type":"2","fare_amount":"5.5","extra":"0","mta_tax":"0.5","tip_amount":"0","tolls_amount":"0","improvement_surcharge":"0.3","total_amount":"6.3","congestion_surcharge":""},{"VendorID":"2","tpep_pickup_datetime":"2023-04-14 12:07:56","tpep_dropoff_datetime":"2024-02-03 12:17:32","passenger_count":"1","trip_distance":"1.84","RatecodeID":"1","store_and_fwd_flag":"N","PULocationID":"263","DOLocationID":"239","payment_type":"2","fare_amount":"8.5","extra":"0","mta_tax":"0.5","tip_amount":"0","tolls_amount":"0","improvement_surcharge":"0.3","total_amount":"9.3","congestion_surcharge":""},{"VendorID":"2","tpep_pickup_datetime":"2023-03-26 12:19:13","tpep_dropoff_datetime":"2023-07-03 12:24:50","passenger_count":"1","trip_distance":".82","RatecodeID":"1","store_and_fwd_flag":"N","PULocationID":"239","DOLocationID":"239","payment_type":"1","fare_amount":"5.5","extra":"0","mta_tax":"0.5","tip_amount":"1.26","tolls_amount":"0","improvement_surcharge":"0.3","total_amount":"7.56","congestion_surcharge":""},{"VendorID":"2","tpep_pickup_datetime":"2023-07-10 12:26:11","tpep_dropoff_datetime":"2023-02-27 12:32:13","passenger_count":"1","trip_distance":".96","RatecodeID":"1","store_and_fwd_flag":"N","PULocationID":"239","DOLocationID":"143","payment_type":"1","fare_amount":"6","extra":"0","mta_tax":"0.5","tip_amount":"1.36","tolls_amount":"0","improvement_surcharge":"0.3","total_amount":"8.16","congestion_surcharge":""},{"VendorID":"2","tpep_pickup_datetime":"2023-03-12 12:48:57","tpep_dropoff_datetime":"2023-09-29 12:54:39","passenger_count":"1","trip_distance":".86","RatecodeID":"1","store_and_fwd_flag":"N","PULocationID":"43","DOLocationID":"236","payment_type":"1","fare_amount":"6","extra":"0","mta_tax":"0.5","tip_amount":"0.68","tolls_amount":"0","improvement_surcharge":"0.3","total_amount":"7.48","congestion_surcharge":""},{"VendorID":"2","tpep_pickup_datetime":"2023-04-29 12:43:04","tpep_dropoff_datetime":"2023-10-17 12:51:40","passenger_count":"1","trip_distance":"1.29","RatecodeID":"1","store_and_fwd_flag":"N","PULocationID":"43","DOLocationID":"142","payment_type":"1","fare_amount":"8","extra":"0","mta_tax":"0.5","tip_amount":"2.2","tolls_amount":"0","improvement_surcharge":"0.3","total_amount":"11","congestion_surcharge":""},{"VendorID":"2","tpep_pickup_datetime":"2023-02-05 12:56:28","tpep_dropoff_datetime":"2023-01-26 13:07:32","passenger_count":"1","trip_distance":"1.55","RatecodeID":"1","store_and_fwd_flag":"N","PULocationID":"163","DOLocationID":"186","payment_type":"2","fare_amount":"9","extra":"0","mta_tax":"0.5","tip_amount":"0","tolls_amount":"0","improvement_surcharge":"0.3","total_amount":"9.8","congestion_surcharge":""},{"VendorID":"2","tpep_pickup_datetime":"2023-09-23 12:12:39","tpep_dropoff_datetime":"2023-11-23 12:17:16","passenger_count":"1","trip_distance":".88","RatecodeID":"1","store_and_fwd_flag":"N","PULocationID":"162","DOLocationID":"237","payment_type":"1","fare_amount":"5","extra":"0","mta_tax":"0.5","tip_amount":"1.16","tolls_amount":"0","improvement_surcharge":"0.3","total_amount":"6.96","congestion_surcharge":""},{"VendorID":"2","tpep_pickup_datetime":"2024-01-18 12:18:41","tpep_dropoff_datetime":"2023-08-24 12:31:29","passenger_count":"1","trip_distance":"1.90","RatecodeID":"1","store_and_fwd_flag":"N","PULocationID":"237","DOLocationID":"239","payment_type":"1","fare_amount":"10","extra":"0","mta_tax":"0.5","tip_amount":"2.16","tolls_amount":"0","improvement_surcharge":"0.3","total_amount":"12.96","congestion_surcharge":""},{"VendorID":"1","tpep_pickup_datetime":"2023-03-18 12:32:09","tpep_dropoff_datetime":"2023-08-25 12:55:19","passenger_count":"1","trip_distance":"10.20","RatecodeID":"1","store_and_fwd_flag":"N","PULocationID":"43","DOLocationID":"138","payment_type":"1","fare_amount":"30.5","extra":"0","mta_tax":"0.5","tip_amount":"7.8","tolls_amount":"0","improvement_surcharge":"0.3","total_amount":"39.1","congestion_surcharge":""},{"VendorID":"1","tpep_pickup_datetime":"2023-07-19 12:01:57","tpep_dropoff_datetime":"2023-02-08 12:22:44","passenger_count":"1","trip_distance":"4.30","RatecodeID":"1","store_and_fwd_flag":"N","PULocationID":"144","DOLocationID":"142","payment_type":"1","fare_amount":"16.5","extra":"0","mta_tax":"0.5","tip_amount":"4.3","tolls_amount":"0","improvement_surcharge":"0.3","total_amount":"21.6","congestion_surcharge":""},{"VendorID":"1","tpep_pickup_datetime":"2023-11-07 12:31:34","tpep_dropoff_datetime":"2023-02-05 12:34:54","passenger_count":"1","trip_distance":".70","RatecodeID":"1","store_and_fwd_flag":"N","PULocationID":"48","DOLocationID":"68","payment_type":"2","fare_amount":"4.5","extra":"0","mta_tax":"0.5","tip_amount":"0","tolls_amount":"0","improvement_surcharge":"0.3","total_amount":"5.3","congestion_surcharge":""},{"VendorID":"1","tpep_pickup_datetime":"2023-06-20 12:16:04","tpep_dropoff_datetime":"2023-11-19 12:25:35","passenger_count":"1","trip_distance":".90","RatecodeID":"1","store_and_fwd_flag":"N","PULocationID":"186","DOLocationID":"230","payment_type":"2","fare_amount":"7.5","extra":"0","mta_tax":"0.5","tip_amount":"0","tolls_amount":"0","improvement_surcharge":"0.3","total_amount":"8.3","congestion_surcharge":""},{"VendorID":"1","tpep_pickup_datetime":"2023-05-20 12:30:27","tpep_dropoff_datetime":"2023-03-06 12:41:49","passenger_count":"1","trip_distance":"1.30","RatecodeID":"1","store_and_fwd_flag":"N","PULocationID":"230","DOLocationID":"186","payment_type":"1","fare_amount":"9","extra":"0","mta_tax":"0.5","tip_amount":"1.95","tolls_amount":"0","improvement_surcharge":"0.3","total_amount":"11.75","congestion_surcharge":""},{"VendorID":"1","tpep_pickup_datetime":"2023-11-15 12:43:28","tpep_dropoff_datetime":"2023-08-16 12:53:00","passenger_count":"1","trip_distance":"1.50","RatecodeID":"1","store_and_fwd_flag":"N","PULocationID":"186","DOLocationID":"114","payment_type":"1","fare_amount":"8","extra":"0","mta_tax":"0.5","tip_amount":"1.75","tolls_amount":"0","improvement_surcharge":"0.3","total_amount":"10.55","congestion_surcharge":""},{"VendorID":"1","tpep_pickup_datetime":"2023-12-06 12:54:28","tpep_dropoff_datetime":"2023-03-09 13:04:41","passenger_count":"1","trip_distance":"1.80","RatecodeID":"1","store_and_fwd_flag":"N","PULocationID":"114","DOLocationID":"100","payment_type":"2","fare_amount":"9","extra":"0","mta_tax":"0.5","tip_amount":"0","tolls_amount":"0","improvement_surcharge":"0.3","total_amount":"9.8","congestion_surcharge":""},{"VendorID":"2","tpep_pickup_datetime":"2023-12-17 12:03:59","tpep_dropoff_datetime":"2023-01-02 12:12:00","passenger_count":"1","trip_distance":"1.04","RatecodeID":"1","store_and_fwd_flag":"N","PULocationID":"161","DOLocationID":"186","payment_type":"1","fare_amount":"7","extra":"0","mta_tax":"0.5","tip_amount":"1.56","tolls_amount":"0","improvement_surcharge":"0.3","total_amount":"9.36","congestion_surcharge":""},{"VendorID":"2","tpep_pickup_datetime":"2023-06-22 12:14:55","tpep_dropoff_datetime":"2023-03-03 12:32:14","passenger_count":"1","trip_distance":"2.22","RatecodeID":"1","store_and_fwd_flag":"N","PULocationID":"186","DOLocationID":"79","payment_type":"2","fare_amount":"12","extra":"0","mta_tax":"0.5","tip_amount":"0","tolls_amount":"0","improvement_surcharge":"0.3","total_amount":"12.8","congestion_surcharge":""},{"VendorID":"2","tpep_pickup_datetime":"2024-01-15 12:26:14","tpep_dropoff_datetime":"2023-07-12 12:58:45","passenger_count":"1","trip_distance":"16.58","RatecodeID":"2","store_and_fwd_flag":"N","PULocationID":"161","DOLocationID":"132","payment_type":"2","fare_amount":"52","extra":"0","mta_tax":"0.5","tip_amount":"0","tolls_amount":"7.2","improvement_surcharge":"0.3","total_amount":"60","congestion_surcharge":""},{"VendorID":"2","tpep_pickup_datetime":"2023-05-03 12:39:37","tpep_dropoff_datetime":"2023-12-22 13:04:22","passenger_count":"1","trip_distance":"10.82","RatecodeID":"1","store_and_fwd_flag":"N","PULocationID":"138","DOLocationID":"161","payment_type":"1","fare_amount":"32","extra":"0","mta_tax":"0.5","tip_amount":"3.86","tolls_amount":"5.76","improvement_surcharge":"0.3","total_amount":"42.42","congestion_surcharge":""},{"VendorID":"2","tpep_pickup_datetime":"2023-05-23 12:02:23","tpep_dropoff_datetime":"2024-01-12 12:18:05","passenger_count":"2","trip_distance":"1.26","RatecodeID":"1","store_and_fwd_flag":"N","PULocationID":"161","DOLocationID":"164","payment_type":"2","fare_amount":"10.5","extra":"0","mta_tax":"0.5","tip_amount":"0","tolls_amount":"0","improvement_surcharge":"0.3","total_amount":"11.3","congestion_surcharge":""},{"VendorID":"2","tpep_pickup_datetime":"2023-06-06 12:19:06","tpep_dropoff_datetime":"2023-04-13 12:36:30","passenger_count":"2","trip_distance":"2.97","RatecodeID":"1","store_and_fwd_flag":"N","PULocationID":"164","DOLocationID":"231","payment_type":"2","fare_amount":"13","extra":"0","mta_tax":"0.5","tip_amount":"0","tolls_amount":"0","improvement_surcharge":"0.3","total_amount":"13.8","congestion_surcharge":""},{"VendorID":"2","tpep_pickup_datetime":"2023-12-07 12:38:43","tpep_dropoff_datetime":"2023-06-11 12:49:32","passenger_count":"2","trip_distance":"1.59","RatecodeID":"1","store_and_fwd_flag":"N","PULocationID":"231","DOLocationID":"211","payment_type":"1","fare_amount":"9","extra":"0","mta_tax":"0.5","tip_amount":"1.47","tolls_amount":"0","improvement_surcharge":"0.3","total_amount":"11.27","congestion_surcharge":""},{"VendorID":"2","tpep_pickup_datetime":"2023-12-20 12:53:47","tpep_dropoff_datetime":"2023-10-29 13:04:51","passenger_count":"2","trip_distance":"2.21","RatecodeID":"1","store_and_fwd_flag":"N","PULocationID":"211","DOLocationID":"246","payment_type":"1","fare_amount":"10.5","extra":"0","mta_tax":"0.5","tip_amount":"2.26","tolls_amount":"0","improvement_surcharge":"0.3","total_amount":"13.56","congestion_surcharge":""},{"VendorID":"2","tpep_pickup_datetime":"2023-12-06 12:14:40","tpep_dropoff_datetime":"2023-12-02 12:26:04","passenger_count":"5","trip_distance":"2.48","RatecodeID":"1","store_and_fwd_flag":"N","PULocationID":"162","DOLocationID":"158","payment_type":"2","fare_amount":"10","extra":"0","mta_tax":"0.5","tip_amount":"0","tolls_amount":"0","improvement_surcharge":"0.3","total_amount":"10.8","congestion_surcharge":""},{"VendorID":"2","tpep_pickup_datetime":"2023-03-16 12:53:06","tpep_dropoff_datetime":"2023-03-26 12:59:51","passenger_count":"3","trip_distance":"1.09","RatecodeID":"1","store_and_fwd_flag":"N","PULocationID":"236","DOLocationID":"141","payment_type":"1","fare_amount":"6.5","extra":"0","mta_tax":"0.5","tip_amount":"1.82","tolls_amount":"0","improvement_surcharge":"0.3","total_amount":"9.12","congestion_surcharge":""},{"VendorID":"2","tpep_pickup_datetime":"2024-01-16 12:38:21","tpep_dropoff_datetime":"2023-02-16 12:47:36","passenger_count":"1","trip_distance":"1.29","RatecodeID":"1","store_and_fwd_flag":"N","PULocationID":"143","DOLocationID":"230","payment_type":"2","fare_amount":"7.5","extra":"0","mta_tax":"0.5","tip_amount":"0","tolls_amount":"0","improvement_surcharge":"0.3","total_amount":"8.3","congestion_surcharge":""},{"VendorID":"2","tpep_pickup_datetime":"2023-02-15 12:48:22","tpep_dropoff_datetime":"2023-09-06 12:59:20","passenger_count":"1","trip_distance":"1.80","RatecodeID":"1","store_and_fwd_flag":"N","PULocationID":"230","DOLocationID":"170","payment_type":"1","fare_amount":"9","extra":"0","mta_tax":"0.5","tip_amount":"1.76","tolls_amount":"0","improvement_surcharge":"0.3","total_amount":"11.56","congestion_surcharge":""},{"VendorID":"1","tpep_pickup_datetime":"2024-01-11 12:11:51","tpep_dropoff_datetime":"2023-02-06 12:13:52","passenger_count":"1","trip_distance":".50","RatecodeID":"1","store_and_fwd_flag":"N","PULocationID":"238","DOLocationID":"24","payment_type":"1","fare_amount":"3.5","extra":"0","mta_tax":"0.5","tip_amount":"0.85","tolls_amount":"0","improvement_surcharge":"0.3","total_amount":"5.15","congestion_surcharge":""},{"VendorID":"1","tpep_pickup_datetime":"2023-01-12 12:17:07","tpep_dropoff_datetime":"2023-08-23 12:20:55","passenger_count":"1","trip_distance":"1.10","RatecodeID":"1","store_and_fwd_flag":"N","PULocationID":"151","DOLocationID":"238","payment_type":"1","fare_amount":"5.5","extra":"0","mta_tax":"0.5","tip_amount":"0","tolls_amount":"0","improvement_surcharge":"0.3","total_amount":"6.3","congestion_surcharge":""},{"VendorID":"1","tpep_pickup_datetime":"2023-11-03 12:54:56","tpep_dropoff_datetime":"2023-05-04 13:03:30","passenger_count":"1","trip_distance":"1.40","RatecodeID":"1","store_and_fwd_flag":"N","PULocationID":"142","DOLocationID":"141","payment_type":"1","fare_amount":"8","extra":"0","mta_tax":"0.5","tip_amount":"1.75","tolls_amount":"0","improvement_surcharge":"0.3","total_amount":"10.55","congestion_surcharge":""},{"VendorID":"1","tpep_pickup_datetime":"2023-11-14 12:08:47","tpep_dropoff_datetime":"2023-07-04 12:12:56","passenger_count":"1","trip_distance":"1.00","RatecodeID":"1","store_and_fwd_flag":"N","PULocationID":"263","DOLocationID":"141","payment_type":"1","fare_amount":"5","extra":"0","mta_tax":"0.5","tip_amount":"1.15","tolls_amount":"0","improvement_surcharge":"0.3","total_amount":"6.95","congestion_surcharge":""},{"VendorID":"1","tpep_pickup_datetime":"2023-01-03 12:31:28","tpep_dropoff_datetime":"2023-05-31 12:35:06","passenger_count":"1","trip_distance":".40","RatecodeID":"1","store_and_fwd_flag":"N","PULocationID":"170","DOLocationID":"137","payment_type":"1","fare_amount":"4.5","extra":"0","mta_tax":"0.5","tip_amount":"0.79","tolls_amount":"0","improvement_surcharge":"0.3","total_amount":"6.09","congestion_surcharge":""},{"VendorID":"1","tpep_pickup_datetime":"2023-01-26 12:48:25","tpep_dropoff_datetime":"2023-09-10 13:12:46","passenger_count":"1","trip_distance":"16.00","RatecodeID":"2","store_and_fwd_flag":"N","PULocationID":"170","DOLocationID":"132","payment_type":"1","fare_amount":"52","extra":"0","mta_tax":"0.5","tip_amount":"10","tolls_amount":"5.76","improvement_surcharge":"0.3","total_amount":"68.56","congestion_surcharge":""},{"VendorID":"2","tpep_pickup_datetime":"2023-03-12 11:59:36","tpep_dropoff_datetime":"2023-03-13 12:23:19","passenger_count":"3","trip_distance":"4.32","RatecodeID":"1","store_and_fwd_flag":"N","PULocationID":"229","DOLocationID":"151","payment_type":"2","fare_amount":"18.5","extra":"0","mta_tax":"0.5","tip_amount":"0","tolls_amount":"0","improvement_surcharge":"0.3","total_amount":"19.3","congestion_surcharge":""},{"VendorID":"2","tpep_pickup_datetime":"2024-01-30 12:33:52","tpep_dropoff_datetime":"2023-08-18 12:42:31","passenger_count":"3","trip_distance":".87","RatecodeID":"1","store_and_fwd_flag":"N","PULocationID":"24","DOLocationID":"41","payment_type":"1","fare_amount":"7","extra":"0","mta_tax":"0.5","tip_amount":"1.56","tolls_amount":"0","improvement_surcharge":"0.3","total_amount":"9.36","congestion_surcharge":""},{"VendorID":"1","tpep_pickup_datetime":"2023-04-15 12:34:03","tpep_dropoff_datetime":"2023-05-19 12:46:44","passenger_count":"1","trip_distance":"1.20","RatecodeID":"1","store_and_fwd_flag":"N","PULocationID":"114","DOLocationID":"148","payment_type":"1","fare_amount":"9","extra":"0","mta_tax":"0.5","tip_amount":"2","tolls_amount":"0","improvement_surcharge":"0.3","total_amount":"11.8","congestion_surcharge":""},{"VendorID":"1","tpep_pickup_datetime":"2023-02-24 12:03:39","tpep_dropoff_datetime":"2024-02-02 12:12:07","passenger_count":"1","trip_distance":".80","RatecodeID":"1","store_and_fwd_flag":"N","PULocationID":"238","DOLocationID":"151","payment_type":"2","fare_amount":"5.5","extra":"0","mta_tax":"0.5","tip_amount":"0","tolls_amount":"0","improvement_surcharge":"0.3","total_amount":"6.3","congestion_surcharge":""},{"VendorID":"1","tpep_pickup_datetime":"2023-05-30 12:14:29","tpep_dropoff_datetime":"2023-10-17 12:18:42","passenger_count":"1","trip_distance":".40","RatecodeID":"1","store_and_fwd_flag":"N","PULocationID":"151","DOLocationID":"238","payment_type":"1","fare_amount":"4.5","extra":"0","mta_tax":"0.5","tip_amount":"1.06","tolls_amount":"0","improvement_surcharge":"0.3","total_amount":"6.36","congestion_surcharge":""},{"VendorID":"1","tpep_pickup_datetime":"2023-04-09 12:20:55","tpep_dropoff_datetime":"2023-02-15 12:25:13","passenger_count":"1","trip_distance":".50","RatecodeID":"1","store_and_fwd_flag":"N","PULocationID":"238","DOLocationID":"238","payment_type":"1","fare_amount":"4.5","extra":"0","mta_tax":"0.5","tip_amount":"1.05","tolls_amount":"0","improvement_surcharge":"0.3","total_amount":"6.35","congestion_surcharge":""},{"VendorID":"1","tpep_pickup_datetime":"2024-01-19 12:26:14","tpep_dropoff_datetime":"2023-05-02 12:30:31","passenger_count":"1","trip_distance":".60","RatecodeID":"1","store_and_fwd_flag":"N","PULocationID":"238","DOLocationID":"238","payment_type":"1","fare_amount":"4.5","extra":"0","mta_tax":"0.5","tip_amount":"1.06","tolls_amount":"0","improvement_surcharge":"0.3","total_amount":"6.36","congestion_surcharge":""},{"VendorID":"1","tpep_pickup_datetime":"2023-06-03 12:33:55","tpep_dropoff_datetime":"2023-06-09 12:43:21","passenger_count":"3","trip_distance":"1.80","RatecodeID":"1","store_and_fwd_flag":"N","PULocationID":"151","DOLocationID":"236","payment_type":"1","fare_amount":"8.5","extra":"0","mta_tax":"0.5","tip_amount":"1.86","tolls_amount":"0","improvement_surcharge":"0.3","total_amount":"11.16","congestion_surcharge":""},{"VendorID":"1","tpep_pickup_datetime":"2023-03-26 12:45:57","tpep_dropoff_datetime":"2024-02-02 13:01:36","passenger_count":"1","trip_distance":"5.40","RatecodeID":"1","store_and_fwd_flag":"N","PULocationID":"236","DOLocationID":"4","payment_type":"1","fare_amount":"18","extra":"0","mta_tax":"0.5","tip_amount":"3.75","tolls_amount":"0","improvement_surcharge":"0.3","total_amount":"22.55","congestion_surcharge":""},{"VendorID":"1","tpep_pickup_datetime":"2023-11-23 12:17:04","tpep_dropoff_datetime":"2023-03-07 12:30:46","passenger_count":"1","trip_distance":"1.80","RatecodeID":"1","store_and_fwd_flag":"N","PULocationID":"170","DOLocationID":"68","payment_type":"1","fare_amount":"10.5","extra":"0","mta_tax":"0.5","tip_amount":"2.25","tolls_amount":"0","improvement_surcharge":"0.3","total_amount":"13.55","congestion_surcharge":""},{"VendorID":"1","tpep_pickup_datetime":"2023-05-07 12:39:23","tpep_dropoff_datetime":"2023-10-02 12:40:17","passenger_count":"1","trip_distance":".00","RatecodeID":"1","store_and_fwd_flag":"N","PULocationID":"48","DOLocationID":"48","payment_type":"2","fare_amount":"2.5","extra":"0","mta_tax":"0.5","tip_amount":"0","tolls_amount":"0","improvement_surcharge":"0.3","total_amount":"3.3","congestion_surcharge":""},{"VendorID":"1","tpep_pickup_datetime":"2023-07-07 12:45:49","tpep_dropoff_datetime":"2023-09-13 12:58:43","passenger_count":"1","trip_distance":"1.20","RatecodeID":"1","store_and_fwd_flag":"N","PULocationID":"48","DOLocationID":"142","payment_type":"1","fare_amount":"9.5","extra":"0","mta_tax":"0.5","tip_amount":"1.03","tolls_amount":"0","improvement_surcharge":"0.3","total_amount":"11.33","congestion_surcharge":""},{"VendorID":"2","tpep_pickup_datetime":"2023-11-05 12:02:21","tpep_dropoff_datetime":"2023-10-23 12:18:21","passenger_count":"1","trip_distance":"2.48","RatecodeID":"1","store_and_fwd_flag":"N","PULocationID":"236","DOLocationID":"161","payment_type":"1","fare_amount":"12.5","extra":"0","mta_tax":"0.5","tip_amount":"2.66","tolls_amount":"0","improvement_surcharge":"0.3","total_amount":"15.96","congestion_surcharge":""},{"VendorID":"2","tpep_pickup_datetime":"2023-11-11 12:30:07","tpep_dropoff_datetime":"2023-10-10 12:49:33","passenger_count":"1","trip_distance":"3.60","RatecodeID":"1","store_and_fwd_flag":"N","PULocationID":"230","DOLocationID":"144","payment_type":"2","fare_amount":"15","extra":"0","mta_tax":"0.5","tip_amount":"0","tolls_amount":"0","improvement_surcharge":"0.3","total_amount":"15.8","congestion_surcharge":""},{"VendorID":"2","tpep_pickup_datetime":"2024-01-26 11:47:14","tpep_dropoff_datetime":"2023-11-01 11:51:55","passenger_count":"2","trip_distance":".96","RatecodeID":"1","store_and_fwd_flag":"N","PULocationID":"24","DOLocationID":"238","payment_type":"1","fare_amount":"5.5","extra":"0","mta_tax":"0.5","tip_amount":"1.26","tolls_amount":"0","improvement_surcharge":"0.3","total_amount":"7.56","congestion_surcharge":""},{"VendorID":"2","tpep_pickup_datetime":"2023-05-20 12:20:46","tpep_dropoff_datetime":"2023-07-21 12:31:17","passenger_count":"2","trip_distance":"1.84","RatecodeID":"1","store_and_fwd_flag":"N","PULocationID":"142","DOLocationID":"43","payment_type":"1","fare_amount":"9","extra":"0","mta_tax":"0.5","tip_amount":"1.96","tolls_amount":"0","improvement_surcharge":"0.3","total_amount":"11.76","congestion_surcharge":""},{"VendorID":"2","tpep_pickup_datetime":"2023-09-24 12:42:58","tpep_dropoff_datetime":"2023-10-13 12:58:38","passenger_count":"2","trip_distance":"3.25","RatecodeID":"1","store_and_fwd_flag":"N","PULocationID":"43","DOLocationID":"90","payment_type":"2","fare_amount":"13.5","extra":"0","mta_tax":"0.5","tip_amount":"0","tolls_amount":"0","improvement_surcharge":"0.3","total_amount":"14.3","congestion_surcharge":""},{"VendorID":"2","tpep_pickup_datetime":"2023-08-12 12:04:10","tpep_dropoff_datetime":"2023-01-31 12:09:34","passenger_count":"1","trip_distance":"1.17","RatecodeID":"1","store_and_fwd_flag":"N","PULocationID":"141","DOLocationID":"140","payment_type":"1","fare_amount":"6","extra":"0","mta_tax":"0.5","tip_amount":"1.36","tolls_amount":"0","improvement_surcharge":"0.3","total_amount":"8.16","congestion_surcharge":""},{"VendorID":"2","tpep_pickup_datetime":"2023-08-17 12:11:38","tpep_dropoff_datetime":"2023-09-13 12:18:09","passenger_count":"1","trip_distance":"1.63","RatecodeID":"1","store_and_fwd_flag":"N","PULocationID":"140","DOLocationID":"229","payment_type":"1","fare_amount":"7.5","extra":"0","mta_tax":"0.5","tip_amount":"1.66","tolls_amount":"0","improvement_surcharge":"0.3","total_amount":"9.96","congestion_surcharge":""},{"VendorID":"2","tpep_pickup_datetime":"2023-02-06 12:22:05","tpep_dropoff_datetime":"2023-08-04 12:31:07","passenger_count":"1","trip_distance":"1.10","RatecodeID":"1","store_and_fwd_flag":"N","PULocationID":"162","DOLocationID":"43","payment_type":"1","fare_amount":"7.5","extra":"0","mta_tax":"0.5","tip_amount":"2.49","tolls_amount":"0","improvement_surcharge":"0.3","total_amount":"10.79","congestion_surcharge":""},{"VendorID":"2","tpep_pickup_datetime":"2023-08-02 12:47:07","tpep_dropoff_datetime":"2023-07-19 12:58:57","passenger_count":"1","trip_distance":"1.12","RatecodeID":"1","store_and_fwd_flag":"N","PULocationID":"186","DOLocationID":"161","payment_type":"1","fare_amount":"9","extra":"0","mta_tax":"0.5","tip_amount":"2.45","tolls_amount":"0","improvement_surcharge":"0.3","total_amount":"12.25","congestion_surcharge":""},{"VendorID":"4","tpep_pickup_datetime":"2023-10-29 12:12:13","tpep_dropoff_datetime":"2023-02-17 12:23:43","passenger_count":"1","trip_distance":"1.89","RatecodeID":"1","store_and_fwd_flag":"N","PULocationID":"170","DOLocationID":"246","payment_type":"1","fare_amount":"9.5","extra":"0","mta_tax":"0.5","tip_amount":"2.06","tolls_amount":"0","improvement_surcharge":"0.3","total_amount":"12.36","congestion_surcharge":""},{"VendorID":"4","tpep_pickup_datetime":"2024-01-19 12:25:11","tpep_dropoff_datetime":"2023-10-30 12:31:25","passenger_count":"1","trip_distance":"1.41","RatecodeID":"1","store_and_fwd_flag":"N","PULocationID":"246","DOLocationID":"48","payment_type":"1","fare_amount":"7","extra":"0","mta_tax":"0.5","tip_amount":"1.56","tolls_amount":"0","improvement_surcharge":"0.3","total_amount":"9.36","congestion_surcharge":""},{"VendorID":"2","tpep_pickup_datetime":"2023-01-17 12:29:08","tpep_dropoff_datetime":"2023-11-28 12:47:46","passenger_count":"1","trip_distance":"7.17","RatecodeID":"1","store_and_fwd_flag":"N","PULocationID":"138","DOLocationID":"42","payment_type":"1","fare_amount":"22.5","extra":"0","mta_tax":"0.5","tip_amount":"4","tolls_amount":"5.76","improvement_surcharge":"0.3","total_amount":"33.06","congestion_surcharge":""},{"VendorID":"2","tpep_pickup_datetime":"2023-09-25 12:53:51","tpep_dropoff_datetime":"2023-03-10 13:18:01","passenger_count":"1","trip_distance":"6.88","RatecodeID":"1","store_and_fwd_flag":"N","PULocationID":"41","DOLocationID":"164","payment_type":"1","fare_amount":"24","extra":"0","mta_tax":"0.5","tip_amount":"4.96","tolls_amount":"0","improvement_surcharge":"0.3","total_amount":"29.76","congestion_surcharge":""},{"VendorID":"2","tpep_pickup_datetime":"2024-01-26 12:03:40","tpep_dropoff_datetime":"2023-07-29 12:11:48","passenger_count":"1","trip_distance":"1.45","RatecodeID":"1","store_and_fwd_flag":"N","PULocationID":"237","DOLocationID":"170","payment_type":"1","fare_amount":"7.5","extra":"0","mta_tax":"0.5","tip_amount":"1.2","tolls_amount":"0","improvement_surcharge":"0.3","total_amount":"9.5","congestion_surcharge":""},{"VendorID":"2","tpep_pickup_datetime":"2023-02-01 12:31:36","tpep_dropoff_datetime":"2023-02-02 12:41:45","passenger_count":"1","trip_distance":"1.55","RatecodeID":"1","store_and_fwd_flag":"N","PULocationID":"230","DOLocationID":"142","payment_type":"1","fare_amount":"8.5","extra":"0","mta_tax":"0.5","tip_amount":"2.79","tolls_amount":"0","improvement_surcharge":"0.3","total_amount":"12.09","congestion_surcharge":""},{"VendorID":"1","tpep_pickup_datetime":"2023-11-13 12:26:11","tpep_dropoff_datetime":"2023-09-01 12:45:12","passenger_count":"1","trip_distance":"2.90","RatecodeID":"1","store_and_fwd_flag":"N","PULocationID":"125","DOLocationID":"170","payment_type":"1","fare_amount":"14","extra":"0","mta_tax":"0.5","tip_amount":"2.96","tolls_amount":"0","improvement_surcharge":"0.3","total_amount":"17.76","congestion_surcharge":""},{"VendorID":"1","tpep_pickup_datetime":"2023-09-11 12:53:56","tpep_dropoff_datetime":"2023-07-18 12:58:53","passenger_count":"1","trip_distance":"1.00","RatecodeID":"1","store_and_fwd_flag":"N","PULocationID":"234","DOLocationID":"164","payment_type":"1","fare_amount":"5.5","extra":"0","mta_tax":"0.5","tip_amount":"1.26","tolls_amount":"0","improvement_surcharge":"0.3","total_amount":"7.56","congestion_surcharge":""},{"VendorID":"2","tpep_pickup_datetime":"2023-01-23 12:42:02","tpep_dropoff_datetime":"2023-11-21 12:59:36","passenger_count":"1","trip_distance":"5.30","RatecodeID":"1","store_and_fwd_flag":"N","PULocationID":"261","DOLocationID":"80","payment_type":"1","fare_amount":"18","extra":"0","mta_tax":"0.5","tip_amount":"2","tolls_amount":"0","improvement_surcharge":"0.3","total_amount":"20.8","congestion_surcharge":""},{"VendorID":"2","tpep_pickup_datetime":"2023-04-25 12:17:27","tpep_dropoff_datetime":"2023-08-31 12:36:12","passenger_count":"1","trip_distance":"2.72","RatecodeID":"1","store_and_fwd_flag":"N","PULocationID":"162","DOLocationID":"143","payment_type":"1","fare_amount":"13.5","extra":"0","mta_tax":"0.5","tip_amount":"2.14","tolls_amount":"0","improvement_surcharge":"0.3","total_amount":"16.44","congestion_surcharge":""},{"VendorID":"2","tpep_pickup_datetime":"2024-01-15 12:43:20","tpep_dropoff_datetime":"2023-06-27 12:46:21","passenger_count":"1","trip_distance":".50","RatecodeID":"1","store_and_fwd_flag":"N","PULocationID":"239","DOLocationID":"142","payment_type":"1","fare_amount":"4","extra":"0","mta_tax":"0.5","tip_amount":"1.44","tolls_amount":"0","improvement_surcharge":"0.3","total_amount":"6.24","congestion_surcharge":""},{"VendorID":"2","tpep_pickup_datetime":"2023-12-19 12:06:51","tpep_dropoff_datetime":"2023-11-28 12:17:44","passenger_count":"6","trip_distance":"1.56","RatecodeID":"1","store_and_fwd_flag":"N","PULocationID":"141","DOLocationID":"230","payment_type":"1","fare_amount":"9","extra":"0","mta_tax":"0.5","tip_amount":"1.96","tolls_amount":"0","improvement_surcharge":"0.3","total_amount":"11.76","congestion_surcharge":""},{"VendorID":"2","tpep_pickup_datetime":"2023-10-09 11:55:05","tpep_dropoff_datetime":"2023-02-21 12:12:29","passenger_count":"1","trip_distance":"6.47","RatecodeID":"1","store_and_fwd_flag":"N","PULocationID":"164","DOLocationID":"261","payment_type":"1","fare_amount":"21.5","extra":"0","mta_tax":"0.5","tip_amount":"4.46","tolls_amount":"0","improvement_surcharge":"0.3","total_amount":"26.76","congestion_surcharge":""},{"VendorID":"2","tpep_pickup_datetime":"2023-12-09 12:49:24","tpep_dropoff_datetime":"2023-02-08 13:02:46","passenger_count":"1","trip_distance":"1.99","RatecodeID":"1","store_and_fwd_flag":"N","PULocationID":"13","DOLocationID":"144","payment_type":"1","fare_amount":"10.5","extra":"0","mta_tax":"0.5","tip_amount":"2.26","tolls_amount":"0","improvement_surcharge":"0.3","total_amount":"13.56","congestion_surcharge":""},{"VendorID":"4","tpep_pickup_datetime":"2023-10-25 12:05:24","tpep_dropoff_datetime":"2023-01-31 12:08:04","passenger_count":"1","trip_distance":".39","RatecodeID":"1","store_and_fwd_flag":"N","PULocationID":"236","DOLocationID":"237","payment_type":"2","fare_amount":"4","extra":"0","mta_tax":"0.5","tip_amount":"0","tolls_amount":"0","improvement_surcharge":"0.3","total_amount":"4.8","congestion_surcharge":""},{"VendorID":"4","tpep_pickup_datetime":"2023-04-06 12:14:05","tpep_dropoff_datetime":"2023-11-07 12:24:22","passenger_count":"1","trip_distance":"1.75","RatecodeID":"1","store_and_fwd_flag":"N","PULocationID":"237","DOLocationID":"234","payment_type":"1","fare_amount":"9","extra":"0","mta_tax":"0.5","tip_amount":"1.96","tolls_amount":"0","improvement_surcharge":"0.3","total_amount":"11.76","congestion_surcharge":""},{"VendorID":"4","tpep_pickup_datetime":"2023-12-24 12:40:38","tpep_dropoff_datetime":"2023-12-01 12:48:31","passenger_count":"1","trip_distance":".94","RatecodeID":"1","store_and_fwd_flag":"N","PULocationID":"170","DOLocationID":"186","payment_type":"1","fare_amount":"6.5","extra":"0","mta_tax":"0.5","tip_amount":"1.46","tolls_amount":"0","improvement_surcharge":"0.3","total_amount":"8.76","congestion_surcharge":""},{"VendorID":"4","tpep_pickup_datetime":"2023-10-21 12:50:17","tpep_dropoff_datetime":"2023-07-30 13:06:48","passenger_count":"1","trip_distance":"2.24","RatecodeID":"1","store_and_fwd_flag":"N","PULocationID":"186","DOLocationID":"229","payment_type":"1","fare_amount":"12.5","extra":"0","mta_tax":"0.5","tip_amount":"3.33","tolls_amount":"0","improvement_surcharge":"0.3","total_amount":"16.63","congestion_surcharge":""},{"VendorID":"1","tpep_pickup_datetime":"2023-04-20 12:18:34","tpep_dropoff_datetime":"2023-12-25 12:56:24","passenger_count":"3","trip_distance":"5.90","RatecodeID":"1","store_and_fwd_flag":"N","PULocationID":"236","DOLocationID":"209","payment_type":"1","fare_amount":"26","extra":"0","mta_tax":"0.5","tip_amount":"5.35","tolls_amount":"0","improvement_surcharge":"0.3","total_amount":"32.15","congestion_surcharge":""},{"VendorID":"1","tpep_pickup_datetime":"2023-06-13 12:58:08","tpep_dropoff_datetime":"2023-09-14 13:15:14","passenger_count":"3","trip_distance":"2.00","RatecodeID":"1","store_and_fwd_flag":"N","PULocationID":"87","DOLocationID":"148","payment_type":"1","fare_amount":"12","extra":"0","mta_tax":"0.5","tip_amount":"2.55","tolls_amount":"0","improvement_surcharge":"0.3","total_amount":"15.35","congestion_surcharge":""},{"VendorID":"1","tpep_pickup_datetime":"2023-12-02 12:12:35","tpep_dropoff_datetime":"2023-03-10 12:27:20","passenger_count":"1","trip_distance":"2.50","RatecodeID":"1","store_and_fwd_flag":"N","PULocationID":"162","DOLocationID":"234","payment_type":"1","fare_amount":"11","extra":"0","mta_tax":"0.5","tip_amount":"2.35","tolls_amount":"0","improvement_surcharge":"0.3","total_amount":"14.15","congestion_surcharge":""},{"VendorID":"1","tpep_pickup_datetime":"2023-02-17 12:35:19","tpep_dropoff_datetime":"2023-11-02 12:41:36","passenger_count":"0","trip_distance":".30","RatecodeID":"1","store_and_fwd_flag":"N","PULocationID":"107","DOLocationID":"107","payment_type":"1","fare_amount":"5.5","extra":"0","mta_tax":"0.5","tip_amount":"0","tolls_amount":"0","improvement_surcharge":"0.3","total_amount":"6.3","congestion_surcharge":""},{"VendorID":"1","tpep_pickup_datetime":"2023-01-27 12:51:35","tpep_dropoff_datetime":"2023-01-19 13:03:01","passenger_count":"0","trip_distance":"2.00","RatecodeID":"1","store_and_fwd_flag":"N","PULocationID":"162","DOLocationID":"107","payment_type":"1","fare_amount":"9.5","extra":"0","mta_tax":"0.5","tip_amount":"2.05","tolls_amount":"0","improvement_surcharge":"0.3","total_amount":"12.35","congestion_surcharge":""},{"VendorID":"1","tpep_pickup_datetime":"2023-11-25 12:03:52","tpep_dropoff_datetime":"2023-09-09 12:05:04","passenger_count":"1","trip_distance":".10","RatecodeID":"1","store_and_fwd_flag":"N","PULocationID":"263","DOLocationID":"262","payment_type":"2","fare_amount":"3","extra":"0","mta_tax":"0.5","tip_amount":"0","tolls_amount":"0","improvement_surcharge":"0.3","total_amount":"3.8","congestion_surcharge":""},{"VendorID":"1","tpep_pickup_datetime":"2023-05-20 12:08:07","tpep_dropoff_datetime":"2023-04-25 12:16:31","passenger_count":"3","trip_distance":"1.80","RatecodeID":"1","store_and_fwd_flag":"N","PULocationID":"262","DOLocationID":"229","payment_type":"1","fare_amount":"8.5","extra":"0","mta_tax":"0.5","tip_amount":"0.93","tolls_amount":"0","improvement_surcharge":"0.3","total_amount":"10.23","congestion_surcharge":""},{"VendorID":"1","tpep_pickup_datetime":"2023-01-17 12:22:33","tpep_dropoff_datetime":"2023-12-04 12:35:58","passenger_count":"1","trip_distance":"2.40","RatecodeID":"1","store_and_fwd_flag":"N","PULocationID":"141","DOLocationID":"186","payment_type":"1","fare_amount":"11","extra":"0","mta_tax":"0.5","tip_amount":"3.5","tolls_amount":"0","improvement_surcharge":"0.3","total_amount":"15.3","congestion_surcharge":""},{"VendorID":"1","tpep_pickup_datetime":"2023-10-07 12:22:23","tpep_dropoff_datetime":"2023-05-04 12:39:49","passenger_count":"1","trip_distance":"1.80","RatecodeID":"1","store_and_fwd_flag":"N","PULocationID":"137","DOLocationID":"48","payment_type":"1","fare_amount":"11.5","extra":"0","mta_tax":"0.5","tip_amount":"2.45","tolls_amount":"0","improvement_surcharge":"0.3","total_amount":"14.75","congestion_surcharge":""},{"VendorID":"1","tpep_pickup_datetime":"2023-09-04 12:59:38","tpep_dropoff_datetime":"2023-08-04 13:17:53","passenger_count":"1","trip_distance":"8.50","RatecodeID":"1","store_and_fwd_flag":"N","PULocationID":"264","DOLocationID":"264","payment_type":"2","fare_amount":"25.5","extra":"0","mta_tax":"0.5","tip_amount":"0","tolls_amount":"0","improvement_surcharge":"0.3","total_amount":"26.3","congestion_surcharge":""},{"VendorID":"2","tpep_pickup_datetime":"2023-10-18 12:15:49","tpep_dropoff_datetime":"2023-06-20 12:29:20","passenger_count":"1","trip_distance":"5.88","RatecodeID":"1","store_and_fwd_flag":"N","PULocationID":"140","DOLocationID":"42","payment_type":"1","fare_amount":"18.5","extra":"0","mta_tax":"0.5","tip_amount":"3.86","tolls_amount":"0","improvement_surcharge":"0.3","total_amount":"23.16","congestion_surcharge":""},{"VendorID":"2","tpep_pickup_datetime":"2023-01-17 12:33:34","tpep_dropoff_datetime":"2023-03-15 12:36:42","passenger_count":"1","trip_distance":".70","RatecodeID":"1","store_and_fwd_flag":"N","PULocationID":"42","DOLocationID":"41","payment_type":"1","fare_amount":"4.5","extra":"0","mta_tax":"0.5","tip_amount":"1.06","tolls_amount":"0","improvement_surcharge":"0.3","total_amount":"6.36","congestion_surcharge":""},{"VendorID":"2","tpep_pickup_datetime":"2023-05-23 12:37:54","tpep_dropoff_datetime":"2023-09-16 12:58:15","passenger_count":"1","trip_distance":"4.13","RatecodeID":"1","store_and_fwd_flag":"N","PULocationID":"166","DOLocationID":"230","payment_type":"2","fare_amount":"17","extra":"0","mta_tax":"0.5","tip_amount":"0","tolls_amount":"0","improvement_surcharge":"0.3","total_amount":"17.8","congestion_surcharge":""},{"VendorID":"2","tpep_pickup_datetime":"2023-03-23 12:14:52","tpep_dropoff_datetime":"2023-03-04 12:51:04","passenger_count":"1","trip_distance":"12.10","RatecodeID":"1","store_and_fwd_flag":"N","PULocationID":"91","DOLocationID":"234","payment_type":"1","fare_amount":"38","extra":"0","mta_tax":"0.5","tip_amount":"0","tolls_amount":"5.76","improvement_surcharge":"0.3","total_amount":"44.56","congestion_surcharge":""},{"VendorID":"2","tpep_pickup_datetime":"2023-12-29 12:55:02","tpep_dropoff_datetime":"2023-05-18 13:20:46","passenger_count":"2","trip_distance":"6.57","RatecodeID":"1","store_and_fwd_flag":"N","PULocationID":"234","DOLocationID":"65","payment_type":"1","fare_amount":"25","extra":"0","mta_tax":"0.5","tip_amount":"0","tolls_amount":"0","improvement_surcharge":"0.3","total_amount":"25.8","congestion_surcharge":""},{"VendorID":"1","tpep_pickup_datetime":"2023-09-03 12:47:05","tpep_dropoff_datetime":"2023-05-20 12:53:57","passenger_count":"1","trip_distance":"1.50","RatecodeID":"1","store_and_fwd_flag":"N","PULocationID":"237","DOLocationID":"262","payment_type":"1","fare_amount":"7","extra":"0","mta_tax":"0.5","tip_amount":"1.17","tolls_amount":"0","improvement_surcharge":"0.3","total_amount":"8.97","congestion_surcharge":""},{"VendorID":"2","tpep_pickup_datetime":"2023-12-25 12:09:03","tpep_dropoff_datetime":"2024-01-01 12:17:10","passenger_count":"1","trip_distance":"1.70","RatecodeID":"1","store_and_fwd_flag":"N","PULocationID":"43","DOLocationID":"142","payment_type":"2","fare_amount":"8","extra":"0","mta_tax":"0.5","tip_amount":"0","tolls_amount":"0","improvement_surcharge":"0.3","total_amount":"8.8","congestion_surcharge":""},{"VendorID":"2","tpep_pickup_datetime":"2023-02-10 12:18:03","tpep_dropoff_datetime":"2024-01-16 12:30:05","passenger_count":"1","trip_distance":"1.26","RatecodeID":"1","store_and_fwd_flag":"N","PULocationID":"142","DOLocationID":"48","payment_type":"2","fare_amount":"9","extra":"0","mta_tax":"0.5","tip_amount":"0","tolls_amount":"0","improvement_surcharge":"0.3","total_amount":"9.8","congestion_surcharge":""},{"VendorID":"2","tpep_pickup_datetime":"2023-05-11 12:36:26","tpep_dropoff_datetime":"2023-08-23 12:43:34","passenger_count":"1","trip_distance":".72","RatecodeID":"1","store_and_fwd_flag":"N","PULocationID":"142","DOLocationID":"230","payment_type":"1","fare_amount":"6","extra":"0","mta_tax":"0.5","tip_amount":"1.7","tolls_amount":"0","improvement_surcharge":"0.3","total_amount":"8.5","congestion_surcharge":""},{"VendorID":"1","tpep_pickup_datetime":"2023-03-13 12:56:33","tpep_dropoff_datetime":"2023-11-08 13:04:08","passenger_count":"1","trip_distance":"1.20","RatecodeID":"1","store_and_fwd_flag":"N","PULocationID":"162","DOLocationID":"68","payment_type":"1","fare_amount":"7","extra":"0","mta_tax":"0.5","tip_amount":"1.55","tolls_amount":"0","improvement_surcharge":"0.3","total_amount":"9.35","congestion_surcharge":""},{"VendorID":"4","tpep_pickup_datetime":"2023-09-21 12:04:06","tpep_dropoff_datetime":"2023-10-29 12:09:54","passenger_count":"1","trip_distance":".82","RatecodeID":"1","store_and_fwd_flag":"N","PULocationID":"142","DOLocationID":"163","payment_type":"1","fare_amount":"5.5","extra":"0","mta_tax":"0.5","tip_amount":"1.26","tolls_amount":"0","improvement_surcharge":"0.3","total_amount":"7.56","congestion_surcharge":""},{"VendorID":"4","tpep_pickup_datetime":"2023-03-11 12:12:16","tpep_dropoff_datetime":"2023-11-10 12:29:36","passenger_count":"1","trip_distance":"2.30","RatecodeID":"1","store_and_fwd_flag":"N","PULocationID":"163","DOLocationID":"151","payment_type":"1","fare_amount":"13","extra":"0","mta_tax":"0.5","tip_amount":"2.76","tolls_amount":"0","improvement_surcharge":"0.3","total_amount":"16.56","congestion_surcharge":""},{"VendorID":"4","tpep_pickup_datetime":"2023-09-23 12:38:17","tpep_dropoff_datetime":"2023-01-27 12:45:11","passenger_count":"1","trip_distance":".86","RatecodeID":"1","store_and_fwd_flag":"N","PULocationID":"238","DOLocationID":"239","payment_type":"1","fare_amount":"6.5","extra":"0","mta_tax":"0.5","tip_amount":"1","tolls_amount":"0","improvement_surcharge":"0.3","total_amount":"8.3","congestion_surcharge":""},{"VendorID":"1","tpep_pickup_datetime":"2023-07-21 12:43:46","tpep_dropoff_datetime":"2023-12-21 12:52:21","passenger_count":"1","trip_distance":"1.30","RatecodeID":"1","store_and_fwd_flag":"N","PULocationID":"168","DOLocationID":"168","payment_type":"2","fare_amount":"7.5","extra":"0","mta_tax":"0.5","tip_amount":"0","tolls_amount":"0","improvement_surcharge":"0.3","total_amount":"8.3","congestion_surcharge":""},{"VendorID":"2","tpep_pickup_datetime":"2023-04-01 11:53:32","tpep_dropoff_datetime":"2023-08-23 12:01:21","passenger_count":"1","trip_distance":"1.64","RatecodeID":"1","store_and_fwd_flag":"N","PULocationID":"48","DOLocationID":"158","payment_type":"2","fare_amount":"7.5","extra":"0","mta_tax":"0.5","tip_amount":"0","tolls_amount":"0","improvement_surcharge":"0.3","total_amount":"8.3","congestion_surcharge":""},{"VendorID":"2","tpep_pickup_datetime":"2023-01-19 12:09:22","tpep_dropoff_datetime":"2023-02-25 12:15:29","passenger_count":"1","trip_distance":".96","RatecodeID":"1","store_and_fwd_flag":"N","PULocationID":"249","DOLocationID":"68","payment_type":"1","fare_amount":"6","extra":"0","mta_tax":"0.5","tip_amount":"1.36","tolls_amount":"0","improvement_surcharge":"0.3","total_amount":"8.16","congestion_surcharge":""},{"VendorID":"2","tpep_pickup_datetime":"2023-08-11 12:27:25","tpep_dropoff_datetime":"2023-07-26 12:40:38","passenger_count":"1","trip_distance":"2.00","RatecodeID":"1","store_and_fwd_flag":"N","PULocationID":"100","DOLocationID":"246","payment_type":"2","fare_amount":"10","extra":"0","mta_tax":"0.5","tip_amount":"0","tolls_amount":"0","improvement_surcharge":"0.3","total_amount":"10.8","congestion_surcharge":""},{"VendorID":"2","tpep_pickup_datetime":"2024-01-08 12:42:18","tpep_dropoff_datetime":"2023-02-19 12:53:58","passenger_count":"1","trip_distance":"2.11","RatecodeID":"1","store_and_fwd_flag":"N","PULocationID":"246","DOLocationID":"249","payment_type":"1","fare_amount":"10","extra":"0","mta_tax":"0.5","tip_amount":"1","tolls_amount":"0","improvement_surcharge":"0.3","total_amount":"11.8","congestion_surcharge":""},{"VendorID":"1","tpep_pickup_datetime":"2023-05-31 12:32:49","tpep_dropoff_datetime":"2023-05-12 12:37:18","passenger_count":"1","trip_distance":".80","RatecodeID":"1","store_and_fwd_flag":"N","PULocationID":"141","DOLocationID":"162","payment_type":"1","fare_amount":"5","extra":"0","mta_tax":"0.5","tip_amount":"1.2","tolls_amount":"0","improvement_surcharge":"0.3","total_amount":"7","congestion_surcharge":""},{"VendorID":"2","tpep_pickup_datetime":"2024-01-16 12:02:20","tpep_dropoff_datetime":"2023-03-23 12:06:55","passenger_count":"2","trip_distance":".82","RatecodeID":"1","store_and_fwd_flag":"N","PULocationID":"162","DOLocationID":"162","payment_type":"2","fare_amount":"5","extra":"0","mta_tax":"0.5","tip_amount":"0","tolls_amount":"0","improvement_surcharge":"0.3","total_amount":"5.8","congestion_surcharge":""},{"VendorID":"2","tpep_pickup_datetime":"2023-03-02 12:25:49","tpep_dropoff_datetime":"2023-04-08 12:38:20","passenger_count":"2","trip_distance":"2.61","RatecodeID":"1","store_and_fwd_flag":"N","PULocationID":"161","DOLocationID":"249","payment_type":"1","fare_amount":"11","extra":"0","mta_tax":"0.5","tip_amount":"2.36","tolls_amount":"0","improvement_surcharge":"0.3","total_amount":"14.16","congestion_surcharge":""},{"VendorID":"2","tpep_pickup_datetime":"2023-07-01 12:44:54","tpep_dropoff_datetime":"2023-03-06 12:59:54","passenger_count":"3","trip_distance":"1.89","RatecodeID":"1","store_and_fwd_flag":"N","PULocationID":"90","DOLocationID":"163","payment_type":"1","fare_amount":"11.5","extra":"0","mta_tax":"0.5","tip_amount":"3.08","tolls_amount":"0","improvement_surcharge":"0.3","total_amount":"15.38","congestion_surcharge":""},{"VendorID":"1","tpep_pickup_datetime":"2023-10-15 12:01:51","tpep_dropoff_datetime":"2023-01-03 12:26:19","passenger_count":"1","trip_distance":"4.40","RatecodeID":"1","store_and_fwd_flag":"N","PULocationID":"114","DOLocationID":"142","payment_type":"1","fare_amount":"18.5","extra":"0","mta_tax":"0.5","tip_amount":"5.75","tolls_amount":"0","improvement_surcharge":"0.3","total_amount":"25.05","congestion_surcharge":""},{"VendorID":"1","tpep_pickup_datetime":"2023-06-21 12:36:37","tpep_dropoff_datetime":"2023-04-05 12:42:01","passenger_count":"1","trip_distance":"1.60","RatecodeID":"1","store_and_fwd_flag":"N","PULocationID":"237","DOLocationID":"142","payment_type":"1","fare_amount":"7","extra":"0","mta_tax":"0.5","tip_amount":"1.17","tolls_amount":"0","improvement_surcharge":"0.3","total_amount":"8.97","congestion_surcharge":""},{"VendorID":"1","tpep_pickup_datetime":"2023-11-09 12:44:27","tpep_dropoff_datetime":"2023-10-05 12:47:00","passenger_count":"1","trip_distance":".40","RatecodeID":"1","store_and_fwd_flag":"N","PULocationID":"142","DOLocationID":"142","payment_type":"2","fare_amount":"4","extra":"0","mta_tax":"0.5","tip_amount":"0","tolls_amount":"0","improvement_surcharge":"0.3","total_amount":"4.8","congestion_surcharge":""},{"VendorID":"1","tpep_pickup_datetime":"2023-06-19 12:12:53","tpep_dropoff_datetime":"2024-01-03 12:42:28","passenger_count":"2","trip_distance":"6.20","RatecodeID":"1","store_and_fwd_flag":"N","PULocationID":"261","DOLocationID":"141","payment_type":"2","fare_amount":"24.5","extra":"0","mta_tax":"0.5","tip_amount":"0","tolls_amount":"0","improvement_surcharge":"0.3","total_amount":"25.3","congestion_surcharge":""},{"VendorID":"1","tpep_pickup_datetime":"2023-10-12 12:45:15","tpep_dropoff_datetime":"2023-05-09 12:56:45","passenger_count":"2","trip_distance":"1.50","RatecodeID":"1","store_and_fwd_flag":"N","PULocationID":"141","DOLocationID":"230","payment_type":"1","fare_amount":"9","extra":"0","mta_tax":"0.5","tip_amount":"2.45","tolls_amount":"0","improvement_surcharge":"0.3","total_amount":"12.25","congestion_surcharge":""},{"VendorID":"1","tpep_pickup_datetime":"2024-01-05 12:04:42","tpep_dropoff_datetime":"2023-09-01 12:10:49","passenger_count":"1","trip_distance":"1.20","RatecodeID":"1","store_and_fwd_flag":"N","PULocationID":"162","DOLocationID":"141","payment_type":"1","fare_amount":"6.5","extra":"0","mta_tax":"0.5","tip_amount":"2","tolls_amount":"0","improvement_surcharge":"0.3","total_amount":"9.3","congestion_surcharge":""},{"VendorID":"1","tpep_pickup_datetime":"2023-11-08 12:20:47","tpep_dropoff_datetime":"2023-06-03 12:26:54","passenger_count":"0","trip_distance":".80","RatecodeID":"1","store_and_fwd_flag":"N","PULocationID":"162","DOLocationID":"163","payment_type":"1","fare_amount":"6","extra":"0","mta_tax":"0.5","tip_amount":"1.35","tolls_amount":"0","improvement_surcharge":"0.3","total_amount":"8.15","congestion_surcharge":""},{"VendorID":"1","tpep_pickup_datetime":"2023-01-29 12:30:49","tpep_dropoff_datetime":"2023-05-14 12:38:47","passenger_count":"0","trip_distance":"1.30","RatecodeID":"1","store_and_fwd_flag":"N","PULocationID":"43","DOLocationID":"48","payment_type":"1","fare_amount":"7","extra":"0","mta_tax":"0.5","tip_amount":"2","tolls_amount":"0","improvement_surcharge":"0.3","total_amount":"9.8","congestion_surcharge":""},{"VendorID":"1","tpep_pickup_datetime":"2023-02-01 12:53:04","tpep_dropoff_datetime":"2023-02-09 13:00:22","passenger_count":"0","trip_distance":"1.90","RatecodeID":"1","store_and_fwd_flag":"N","PULocationID":"163","DOLocationID":"236","payment_type":"1","fare_amount":"7.5","extra":"0","mta_tax":"0.5","tip_amount":"1.2","tolls_amount":"0","improvement_surcharge":"0.3","total_amount":"9.5","congestion_surcharge":""},{"VendorID":"2","tpep_pickup_datetime":"2023-02-16 12:04:29","tpep_dropoff_datetime":"2023-01-22 12:11:47","passenger_count":"1","trip_distance":"1.63","RatecodeID":"1","store_and_fwd_flag":"N","PULocationID":"231","DOLocationID":"68","payment_type":"1","fare_amount":"8","extra":"0","mta_tax":"0.5","tip_amount":"1","tolls_amount":"0","improvement_surcharge":"0.3","total_amount":"9.8","congestion_surcharge":""},{"VendorID":"2","tpep_pickup_datetime":"2023-06-22 12:55:00","tpep_dropoff_datetime":"2023-11-23 13:07:49","passenger_count":"1","trip_distance":"1.40","RatecodeID":"1","store_and_fwd_flag":"N","PULocationID":"68","DOLocationID":"170","payment_type":"1","fare_amount":"9.5","extra":"0","mta_tax":"0.5","tip_amount":"2.06","tolls_amount":"0","improvement_surcharge":"0.3","total_amount":"12.36","congestion_surcharge":""},{"VendorID":"2","tpep_pickup_datetime":"2023-07-25 12:32:39","tpep_dropoff_datetime":"2023-03-27 12:46:30","passenger_count":"1","trip_distance":"2.46","RatecodeID":"1","store_and_fwd_flag":"N","PULocationID":"231","DOLocationID":"234","payment_type":"1","fare_amount":"11","extra":"0","mta_tax":"0.5","tip_amount":"2.36","tolls_amount":"0","improvement_surcharge":"0.3","total_amount":"14.16","congestion_surcharge":""},{"VendorID":"2","tpep_pickup_datetime":"2023-12-04 12:50:23","tpep_dropoff_datetime":"2023-07-25 13:03:59","passenger_count":"1","trip_distance":"2.47","RatecodeID":"1","store_and_fwd_flag":"N","PULocationID":"186","DOLocationID":"239","payment_type":"2","fare_amount":"11.5","extra":"0","mta_tax":"0.5","tip_amount":"0","tolls_amount":"0","improvement_surcharge":"0.3","total_amount":"12.3","congestion_surcharge":""},{"VendorID":"2","tpep_pickup_datetime":"2023-09-03 12:11:58","tpep_dropoff_datetime":"2023-03-07 12:21:01","passenger_count":"1","trip_distance":"1.06","RatecodeID":"1","store_and_fwd_flag":"N","PULocationID":"249","DOLocationID":"211","payment_type":"1","fare_amount":"7.5","extra":"0","mta_tax":"0.5","tip_amount":"1.66","tolls_amount":"0","improvement_surcharge":"0.3","total_amount":"9.96","congestion_surcharge":""},{"VendorID":"2","tpep_pickup_datetime":"2023-09-17 12:30:16","tpep_dropoff_datetime":"2023-07-23 12:37:54","passenger_count":"1","trip_distance":"1.09","RatecodeID":"1","store_and_fwd_flag":"N","PULocationID":"234","DOLocationID":"68","payment_type":"1","fare_amount":"7","extra":"0","mta_tax":"0.5","tip_amount":"1.56","tolls_amount":"0","improvement_surcharge":"0.3","total_amount":"9.36","congestion_surcharge":""},{"VendorID":"2","tpep_pickup_datetime":"2024-01-11 12:40:01","tpep_dropoff_datetime":"2023-11-15 12:43:27","passenger_count":"1","trip_distance":".70","RatecodeID":"1","store_and_fwd_flag":"N","PULocationID":"158","DOLocationID":"249","payment_type":"2","fare_amount":"4.5","extra":"0","mta_tax":"0.5","tip_amount":"0","tolls_amount":"0","improvement_surcharge":"0.3","total_amount":"5.3","congestion_surcharge":""},{"VendorID":"2","tpep_pickup_datetime":"2023-08-01 12:52:16","tpep_dropoff_datetime":"2024-01-17 13:00:25","passenger_count":"1","trip_distance":".99","RatecodeID":"1","store_and_fwd_flag":"N","PULocationID":"113","DOLocationID":"211","payment_type":"1","fare_amount":"7","extra":"0","mta_tax":"0.5","tip_amount":"1","tolls_amount":"0","improvement_surcharge":"0.3","total_amount":"8.8","congestion_surcharge":""},{"VendorID":"2","tpep_pickup_datetime":"2023-12-23 12:00:04","tpep_dropoff_datetime":"2023-11-01 12:08:59","passenger_count":"1","trip_distance":"1.83","RatecodeID":"1","store_and_fwd_flag":"N","PULocationID":"236","DOLocationID":"238","payment_type":"1","fare_amount":"8.5","extra":"0","mta_tax":"0.5","tip_amount":"1.86","tolls_amount":"0","improvement_surcharge":"0.3","total_amount":"11.16","congestion_surcharge":""},{"VendorID":"2","tpep_pickup_datetime":"2023-07-18 12:27:04","tpep_dropoff_datetime":"2023-10-05 12:35:45","passenger_count":"4","trip_distance":"3.31","RatecodeID":"1","store_and_fwd_flag":"N","PULocationID":"87","DOLocationID":"79","payment_type":"1","fare_amount":"11.5","extra":"0","mta_tax":"0.5","tip_amount":"2.21","tolls_amount":"0","improvement_surcharge":"0.3","total_amount":"14.51","congestion_surcharge":""},{"VendorID":"2","tpep_pickup_datetime":"2023-06-12 11:58:02","tpep_dropoff_datetime":"2023-11-14 12:04:51","passenger_count":"1","trip_distance":"1.54","RatecodeID":"1","store_and_fwd_flag":"N","PULocationID":"143","DOLocationID":"50","payment_type":"1","fare_amount":"7.5","extra":"0","mta_tax":"0.5","tip_amount":"1.4","tolls_amount":"0","improvement_surcharge":"0.3","total_amount":"9.7","congestion_surcharge":""},{"VendorID":"2","tpep_pickup_datetime":"2023-01-11 12:23:46","tpep_dropoff_datetime":"2023-03-05 12:47:13","passenger_count":"1","trip_distance":"7.14","RatecodeID":"1","store_and_fwd_flag":"N","PULocationID":"186","DOLocationID":"66","payment_type":"2","fare_amount":"24","extra":"0","mta_tax":"0.5","tip_amount":"0","tolls_amount":"0","improvement_surcharge":"0.3","total_amount":"24.8","congestion_surcharge":""}]