[{"VendorID":"1","tpep_pickup_datetime":"2023-08-22 14:41:58","tpep_dropoff_datetime":"2023-04-11 14:49:31","passenger_count":"0","trip_distance":"1.40","RatecodeID":"1","store_and_fwd_flag":"N","PULocationID":"162","DOLocationID":"236","payment_type":"2","fare_amount":"7","extra":"0","mta_tax":"0.5","tip_amount":"0","tolls_amount":"0","improvement_surcharge":"0.3","total_amount":"7.8","congestion_surcharge":""},{"VendorID":"1","tpep_pickup_datetime":"2023-04-30 14:52:11","tpep_dropoff_datetime":"2023-03-06 15:14:41","passenger_count":"0","trip_distance":"2.90","RatecodeID":"1","store_and_fwd_flag":"N","PULocationID":"236","DOLocationID":"186","payment_type":"1","fare_amount":"16","extra":"0","mta_tax":"0.5","tip_amount":"3.35","tolls_amount":"0","improvement_surcharge":"0.3","total_amount":"20.15","congestion_surcharge":""},{"VendorID":"2","tpep_pickup_datetime":"2023-10-31 14:07:21","tpep_dropoff_datetime":"2023-02-09 14:24:58","passenger_count":"1","trip_distance":"2.29","RatecodeID":"1","store_and_fwd_flag":"N","PULocationID":"230","DOLocationID":"234","payment_type":"1","fare_amount":"12.5","extra":"0","mta_tax":"0.5","tip_amount":"2.66","tolls_amount":"0","improvement_surcharge":"0.3","total_amount":"15.96","congestion_surcharge":""},{"VendorID":"2","tpep_pickup_datetime":"2023-08-27 14:33:03","tpep_dropoff_datetime":"2023-07-01 14:47:39","passenger_count":"1","trip_distance":"2.33","RatecodeID":"1","store_and_fwd_flag":"N","PULocationID":"234","DOLocationID":"237","payment_type":"2","fare_amount":"11.5","extra":"0","mta_tax":"0.5","tip_amount":"0","tolls_amount":"0","improvement_surcharge":"0.3","total_amount":"12.3","congestion_surcharge":""},{"VendorID":"2","tpep_pickup_datetime":"2023-07-26 14:54:02","tpep_dropoff_datetime":"2023-03-25 15:00:15","passenger_count":"1","trip_distance":".93","RatecodeID":"1","store_and_fwd_flag":"N","PULocationID":"237","DOLocationID":"236","payment_type":"1","fare_amount":"6","extra":"0","mta_tax":"0.5","tip_amount":"1.36","tolls_amount":"0","improvement_surcharge":"0.3","total_amount":"8.16","congestion_surcharge":""},{"VendorID":"1","tpep_pickup_datetime":"2023-10-02 14:19:55","tpep_dropoff_datetime":"2023-05-03 14:33:33","passenger_count":"1","trip_distance":"1.60","RatecodeID":"1","store_and_fwd_flag":"N","PULocationID":"264","DOLocationID":"234","payment_type":"2","fare_amount":"10","extra":"0","mta_tax":"0.5","tip_amount":"0","tolls_amount":"0","improvement_surcharge":"0.3","total_amount":"10.8","congestion_surcharge":""},{"VendorID":"1","tpep_pickup_datetime":"2023-09-28 14:34:56","tpep_dropoff_datetime":"2023-02-28 14:43:07","passenger_count":"1","trip_distance":"1.10","RatecodeID":"1","store_and_fwd_flag":"N","PULocationID":"234","DOLocationID":"161","payment_type":"2","fare_amount":"7","extra":"0","mta_tax":"0.5","tip_amount":"0","tolls_amount":"0","improvement_surcharge":"0.3","total_amount":"7.8","congestion_surcharge":""},{"VendorID":"1","tpep_pickup_datetime":"2023-02-18 14:00:50","tpep_dropoff_datetime":"2023-06-12 14:03:24","passenger_count":"2","trip_distance":".50","RatecodeID":"1","store_and_fwd_flag":"N","PULocationID":"143","DOLocationID":"142","payment_type":"2","fare_amount":"4","extra":"0","mta_tax":"0.5","tip_amount":"0","tolls_amount":"0","improvement_surcharge":"0.3","total_amount":"4.8","congestion_surcharge":""},{"VendorID":"1","tpep_pickup_datetime":"2023-10-07 14:13:16","tpep_dropoff_datetime":"2023-10-03 14:47:37","passenger_count":"2","trip_distance":"17.80","RatecodeID":"3","store_and_fwd_flag":"N","PULocationID":"163","DOLocationID":"1","payment_type":"2","fare_amount":"67.5","extra":"0","mta_tax":"0","tip_amount":"0","tolls_amount":"14.82","improvement_surcharge":"0.3","total_amount":"82.62","congestion_surcharge":""},{"VendorID":"1","tpep_pickup_datetime":"2023-02-05 14:44:35","tpep_dropoff_datetime":"2023-01-25 15:13:44","passenger_count":"1","trip_distance":"7.60","RatecodeID":"1","store_and_fwd_flag":"N","PULocationID":"138","DOLocationID":"166","payment_type":"2","fare_amount":"27","extra":"0","mta_tax":"0.5","tip_amount":"0","tolls_amount":"5.76","improvement_surcharge":"0.3","total_amount":"33.56","congestion_surcharge":""},{"VendorID":"2","tpep_pickup_datetime":"2023-07-20 14:03:39","tpep_dropoff_datetime":"2023-05-10 14:07:27","passenger_count":"2","trip_distance":".69","RatecodeID":"1","store_and_fwd_flag":"N","PULocationID":"143","DOLocationID":"142","payment_type":"2","fare_amount":"4.5","extra":"0","mta_tax":"0.5","tip_amount":"0","tolls_amount":"0","improvement_surcharge":"0.3","total_amount":"5.3","congestion_surcharge":""},{"VendorID":"2","tpep_pickup_datetime":"2023-12-02 14:42:34","tpep_dropoff_datetime":"2023-07-19 15:01:15","passenger_count":"2","trip_distance":"2.83","RatecodeID":"1","store_and_fwd_flag":"N","PULocationID":"186","DOLocationID":"43","payment_type":"1","fare_amount":"14","extra":"0","mta_tax":"0.5","tip_amount":"2.96","tolls_amount":"0","improvement_surcharge":"0.3","total_amount":"17.76","congestion_surcharge":""},{"VendorID":"1","tpep_pickup_datetime":"2024-01-12 14:15:34","tpep_dropoff_datetime":"2023-07-25 14:23:06","passenger_count":"1","trip_distance":".80","RatecodeID":"1","store_and_fwd_flag":"N","PULocationID":"48","DOLocationID":"161","payment_type":"1","fare_amount":"6.5","extra":"0","mta_tax":"0.5","tip_amount":"1","tolls_amount":"0","improvement_surcharge":"0.3","total_amount":"8.3","congestion_surcharge":""},{"VendorID":"1","tpep_pickup_datetime":"2023-09-24 14:00:32","tpep_dropoff_datetime":"2023-10-04 14:37:09","passenger_count":"1","trip_distance":"17.20","RatecodeID":"2","store_and_fwd_flag":"N","PULocationID":"132","DOLocationID":"170","payment_type":"1","fare_amount":"52","extra":"0","mta_tax":"0.5","tip_amount":"6.5","tolls_amount":"5.76","improvement_surcharge":"0.3","total_amount":"65.06","congestion_surcharge":""},{"VendorID":"1","tpep_pickup_datetime":"2023-05-11 14:51:07","tpep_dropoff_datetime":"2024-01-06 14:54:18","passenger_count":"1","trip_distance":".60","RatecodeID":"1","store_and_fwd_flag":"N","PULocationID":"161","DOLocationID":"163","payment_type":"2","fare_amount":"4.5","extra":"0","mta_tax":"0.5","tip_amount":"0","tolls_amount":"0","improvement_surcharge":"0.3","total_amount":"5.3","congestion_surcharge":""},{"VendorID":"1","tpep_pickup_datetime":"2023-10-15 14:56:27","tpep_dropoff_datetime":"2024-01-05 15:04:35","passenger_count":"1","trip_distance":".80","RatecodeID":"1","store_and_fwd_flag":"N","PULocationID":"163","DOLocationID":"161","payment_type":"1","fare_amount":"7","extra":"0","mta_tax":"0.5","tip_amount":"1.55","tolls_amount":"0","improvement_surcharge":"0.3","total_amount":"9.35","congestion_surcharge":""},{"VendorID":"1","tpep_pickup_datetime":"2023-03-28 14:28:35","tpep_dropoff_datetime":"2023-04-21 14:47:31","passenger_count":"1","trip_distance":"1.50","RatecodeID":"1","store_and_fwd_flag":"N","PULocationID":"161","DOLocationID":"68","payment_type":"1","fare_amount":"12.5","extra":"0","mta_tax":"0.5","tip_amount":"1.33","tolls_amount":"0","improvement_surcharge":"0.3","total_amount":"14.63","congestion_surcharge":""},{"VendorID":"2","tpep_pickup_datetime":"2023-01-31 14:21:39","tpep_dropoff_datetime":"2023-05-03 14:38:41","passenger_count":"2","trip_distance":"2.31","RatecodeID":"1","store_and_fwd_flag":"N","PULocationID":"170","DOLocationID":"68","payment_type":"2","fare_amount":"12.5","extra":"0","mta_tax":"0.5","tip_amount":"0","tolls_amount":"0","improvement_surcharge":"0.3","total_amount":"13.3","congestion_surcharge":""},{"VendorID":"2","tpep_pickup_datetime":"2023-11-01 14:37:03","tpep_dropoff_datetime":"2023-11-28 14:41:35","passenger_count":"1","trip_distance":".80","RatecodeID":"1","store_and_fwd_flag":"N","PULocationID":"264","DOLocationID":"264","payment_type":"1","fare_amount":"5","extra":"0","mta_tax":"0.5","tip_amount":"1.16","tolls_amount":"0","improvement_surcharge":"0.3","total_amount":"6.96","congestion_surcharge":""},{"VendorID":"2","tpep_pickup_datetime":"2023-02-18 14:49:21","tpep_dropoff_datetime":"2023-01-11 14:56:46","passenger_count":"1","trip_distance":"1.39","RatecodeID":"1","store_and_fwd_flag":"N","PULocationID":"264","DOLocationID":"264","payment_type":"2","fare_amount":"7.5","extra":"0","mta_tax":"0.5","tip_amount":"0","tolls_amount":"0","improvement_surcharge":"0.3","total_amount":"8.3","congestion_surcharge":""},{"VendorID":"1","tpep_pickup_datetime":"2023-07-15 14:25:19","tpep_dropoff_datetime":"2023-01-03 14:36:23","passenger_count":"1","trip_distance":"2.00","RatecodeID":"1","store_and_fwd_flag":"N","PULocationID":"141","DOLocationID":"142","payment_type":"1","fare_amount":"9.5","extra":"0","mta_tax":"0.5","tip_amount":"2.06","tolls_amount":"0","improvement_surcharge":"0.3","total_amount":"12.36","congestion_surcharge":""},{"VendorID":"1","tpep_pickup_datetime":"2023-05-29 14:38:37","tpep_dropoff_datetime":"2023-01-07 14:48:03","passenger_count":"1","trip_distance":"1.50","RatecodeID":"1","store_and_fwd_flag":"N","PULocationID":"142","DOLocationID":"48","payment_type":"2","fare_amount":"8","extra":"0","mta_tax":"0.5","tip_amount":"0","tolls_amount":"0","improvement_surcharge":"0.3","total_amount":"8.8","congestion_surcharge":""},{"VendorID":"1","tpep_pickup_datetime":"2023-02-28 14:49:18","tpep_dropoff_datetime":"2023-07-15 14:57:00","passenger_count":"1","trip_distance":".60","RatecodeID":"1","store_and_fwd_flag":"N","PULocationID":"48","DOLocationID":"161","payment_type":"2","fare_amount":"6.5","extra":"0","mta_tax":"0.5","tip_amount":"0","tolls_amount":"0","improvement_surcharge":"0.3","total_amount":"7.3","congestion_surcharge":""},{"VendorID":"2","tpep_pickup_datetime":"2023-11-13 15:01:22","tpep_dropoff_datetime":"2023-03-30 15:12:33","passenger_count":"2","trip_distance":"1.38","RatecodeID":"1","store_and_fwd_flag":"N","PULocationID":"137","DOLocationID":"79","payment_type":"1","fare_amount":"9","extra":"0","mta_tax":"0.5","tip_amount":"2.45","tolls_amount":"0","improvement_surcharge":"0.3","total_amount":"12.25","congestion_surcharge":""},{"VendorID":"2","tpep_pickup_datetime":"2023-02-28 14:13:28","tpep_dropoff_datetime":"2023-09-23 14:24:13","passenger_count":"1","trip_distance":"1.60","RatecodeID":"1","store_and_fwd_flag":"N","PULocationID":"114","DOLocationID":"13","payment_type":"2","fare_amount":"9","extra":"0","mta_tax":"0.5","tip_amount":"0","tolls_amount":"0","improvement_surcharge":"0.3","total_amount":"9.8","congestion_surcharge":""},{"VendorID":"2","tpep_pickup_datetime":"2023-10-26 14:27:38","tpep_dropoff_datetime":"2023-11-06 14:33:57","passenger_count":"1","trip_distance":"1.81","RatecodeID":"1","store_and_fwd_flag":"N","PULocationID":"231","DOLocationID":"68","payment_type":"1","fare_amount":"8","extra":"0","mta_tax":"0.5","tip_amount":"1.76","tolls_amount":"0","improvement_surcharge":"0.3","total_amount":"10.56","congestion_surcharge":""},{"VendorID":"2","tpep_pickup_datetime":"2023-03-19 14:42:59","tpep_dropoff_datetime":"2023-07-03 14:53:05","passenger_count":"1","trip_distance":"1.86","RatecodeID":"1","store_and_fwd_flag":"N","PULocationID":"68","DOLocationID":"125","payment_type":"1","fare_amount":"9","extra":"0","mta_tax":"0.5","tip_amount":"2","tolls_amount":"0","improvement_surcharge":"0.3","total_amount":"11.8","congestion_surcharge":""},{"VendorID":"1","tpep_pickup_datetime":"2024-01-13 14:15:45","tpep_dropoff_datetime":"2023-01-18 14:24:16","passenger_count":"1","trip_distance":"2.90","RatecodeID":"1","store_and_fwd_flag":"N","PULocationID":"262","DOLocationID":"170","payment_type":"2","fare_amount":"10.5","extra":"0","mta_tax":"0.5","tip_amount":"0","tolls_amount":"0","improvement_surcharge":"0.3","total_amount":"11.3","congestion_surcharge":""},{"VendorID":"2","tpep_pickup_datetime":"2023-06-30 14:21:21","tpep_dropoff_datetime":"2023-11-27 14:32:51","passenger_count":"1","trip_distance":"2.10","RatecodeID":"1","store_and_fwd_flag":"N","PULocationID":"125","DOLocationID":"88","payment_type":"2","fare_amount":"10","extra":"0","mta_tax":"0.5","tip_amount":"0","tolls_amount":"0","improvement_surcharge":"0.3","total_amount":"10.8","congestion_surcharge":""},{"VendorID":"2","tpep_pickup_datetime":"2023-12-05 14:34:36","tpep_dropoff_datetime":"2023-02-02 14:51:07","passenger_count":"1","trip_distance":"2.88","RatecodeID":"1","store_and_fwd_flag":"N","PULocationID":"88","DOLocationID":"249","payment_type":"1","fare_amount":"13","extra":"0","mta_tax":"0.5","tip_amount":"2.76","tolls_amount":"0","improvement_surcharge":"0.3","total_amount":"16.56","congestion_surcharge":""},{"VendorID":"2","tpep_pickup_datetime":"2023-02-11 14:52:45","tpep_dropoff_datetime":"2024-01-22 15:09:37","passenger_count":"1","trip_distance":"2.19","RatecodeID":"1","store_and_fwd_flag":"N","PULocationID":"249","DOLocationID":"230","payment_type":"1","fare_amount":"12.5","extra":"0","mta_tax":"0.5","tip_amount":"2.66","tolls_amount":"0","improvement_surcharge":"0.3","total_amount":"15.96","congestion_surcharge":""},{"VendorID":"1","tpep_pickup_datetime":"2024-01-03 14:22:46","tpep_dropoff_datetime":"2023-04-14 14:28:06","passenger_count":"1","trip_distance":".80","RatecodeID":"1","store_and_fwd_flag":"N","PULocationID":"231","DOLocationID":"144","payment_type":"2","fare_amount":"5.5","extra":"0","mta_tax":"0.5","tip_amount":"0","tolls_amount":"0","improvement_surcharge":"0.3","total_amount":"6.3","congestion_surcharge":""},{"VendorID":"1","tpep_pickup_datetime":"2024-01-15 14:38:25","tpep_dropoff_datetime":"2023-02-13 14:44:44","passenger_count":"1","trip_distance":".70","RatecodeID":"1","store_and_fwd_flag":"N","PULocationID":"107","DOLocationID":"79","payment_type":"2","fare_amount":"6","extra":"0","mta_tax":"0.5","tip_amount":"0","tolls_amount":"0","improvement_surcharge":"0.3","total_amount":"6.8","congestion_surcharge":""},{"VendorID":"1","tpep_pickup_datetime":"2024-02-05 14:51:15","tpep_dropoff_datetime":"2023-11-23 15:03:27","passenger_count":"1","trip_distance":".90","RatecodeID":"1","store_and_fwd_flag":"N","PULocationID":"107","DOLocationID":"113","payment_type":"1","fare_amount":"9","extra":"0","mta_tax":"0.5","tip_amount":"1.5","tolls_amount":"0","improvement_surcharge":"0.3","total_amount":"11.3","congestion_surcharge":""},{"VendorID":"1","tpep_pickup_datetime":"2023-03-05 14:26:00","tpep_dropoff_datetime":"2023-10-12 14:30:09","passenger_count":"1","trip_distance":"1.00","RatecodeID":"1","store_and_fwd_flag":"N","PULocationID":"264","DOLocationID":"264","payment_type":"2","fare_amount":"5.5","extra":"0","mta_tax":"0.5","tip_amount":"0","tolls_amount":"0","improvement_surcharge":"0.3","total_amount":"6.3","congestion_surcharge":""},{"VendorID":"1","tpep_pickup_datetime":"2023-01-30 14:49:34","tpep_dropoff_datetime":"2023-01-22 14:50:35","passenger_count":"1","trip_distance":".30","RatecodeID":"1","store_and_fwd_flag":"N","PULocationID":"264","DOLocationID":"264","payment_type":"1","fare_amount":"3","extra":"0","mta_tax":"0.5","tip_amount":"1","tolls_amount":"0","improvement_surcharge":"0.3","total_amount":"4.8","congestion_surcharge":""},{"VendorID":"1","tpep_pickup_datetime":"2023-05-29 14:57:27","tpep_dropoff_datetime":"2023-06-18 15:16:57","passenger_count":"3","trip_distance":"2.70","RatecodeID":"1","store_and_fwd_flag":"N","PULocationID":"264","DOLocationID":"264","payment_type":"1","fare_amount":"14.5","extra":"0","mta_tax":"0.5","tip_amount":"3.05","tolls_amount":"0","improvement_surcharge":"0.3","total_amount":"18.35","congestion_surcharge":""},{"VendorID":"2","tpep_pickup_datetime":"2023-11-26 14:12:29","tpep_dropoff_datetime":"2023-08-12 14:18:42","passenger_count":"1","trip_distance":".69","RatecodeID":"1","store_and_fwd_flag":"N","PULocationID":"236","DOLocationID":"263","payment_type":"2","fare_amount":"5.5","extra":"0","mta_tax":"0.5","tip_amount":"0","tolls_amount":"0","improvement_surcharge":"0.3","total_amount":"6.3","congestion_surcharge":""},{"VendorID":"2","tpep_pickup_datetime":"2023-09-17 14:14:01","tpep_dropoff_datetime":"2023-07-12 14:18:28","passenger_count":"1","trip_distance":".83","RatecodeID":"1","store_and_fwd_flag":"N","PULocationID":"234","DOLocationID":"68","payment_type":"1","fare_amount":"5","extra":"0","mta_tax":"0.5","tip_amount":"1.16","tolls_amount":"0","improvement_surcharge":"0.3","total_amount":"6.96","congestion_surcharge":""},{"VendorID":"2","tpep_pickup_datetime":"2023-08-14 14:26:45","tpep_dropoff_datetime":"2023-06-16 14:32:11","passenger_count":"1","trip_distance":".79","RatecodeID":"1","store_and_fwd_flag":"N","PULocationID":"90","DOLocationID":"107","payment_type":"1","fare_amount":"5.5","extra":"0","mta_tax":"0.5","tip_amount":"1.26","tolls_amount":"0","improvement_surcharge":"0.3","total_amount":"7.56","congestion_surcharge":""},{"VendorID":"2","tpep_pickup_datetime":"2023-12-03 14:46:30","tpep_dropoff_datetime":"2023-12-19 15:46:35","passenger_count":"1","trip_distance":"15.42","RatecodeID":"2","store_and_fwd_flag":"N","PULocationID":"170","DOLocationID":"132","payment_type":"2","fare_amount":"52","extra":"0","mta_tax":"0.5","tip_amount":"0","tolls_amount":"0","improvement_surcharge":"0.3","total_amount":"52.8","congestion_surcharge":""},{"VendorID":"1","tpep_pickup_datetime":"2023-07-21 14:03:50","tpep_dropoff_datetime":"2023-12-31 14:07:56","passenger_count":"1","trip_distance":".50","RatecodeID":"1","store_and_fwd_flag":"N","PULocationID":"90","DOLocationID":"68","payment_type":"2","fare_amount":"4.5","extra":"0","mta_tax":"0.5","tip_amount":"0","tolls_amount":"0","improvement_surcharge":"0.3","total_amount":"5.3","congestion_surcharge":""},{"VendorID":"1","tpep_pickup_datetime":"2023-08-19 14:15:44","tpep_dropoff_datetime":"2023-12-11 14:17:56","passenger_count":"1","trip_distance":".30","RatecodeID":"1","store_and_fwd_flag":"N","PULocationID":"68","DOLocationID":"186","payment_type":"1","fare_amount":"3.5","extra":"0","mta_tax":"0.5","tip_amount":"0.85","tolls_amount":"0","improvement_surcharge":"0.3","total_amount":"5.15","congestion_surcharge":""},{"VendorID":"1","tpep_pickup_datetime":"2023-07-20 14:42:42","tpep_dropoff_datetime":"2023-01-08 14:52:06","passenger_count":"1","trip_distance":"1.90","RatecodeID":"1","store_and_fwd_flag":"N","PULocationID":"143","DOLocationID":"24","payment_type":"1","fare_amount":"8.5","extra":"0","mta_tax":"0.5","tip_amount":"2.3","tolls_amount":"0","improvement_surcharge":"0.3","total_amount":"11.6","congestion_surcharge":""},{"VendorID":"1","tpep_pickup_datetime":"2023-04-04 14:54:37","tpep_dropoff_datetime":"2023-11-27 14:56:55","passenger_count":"1","trip_distance":".70","RatecodeID":"1","store_and_fwd_flag":"N","PULocationID":"151","DOLocationID":"238","payment_type":"2","fare_amount":"4","extra":"0","mta_tax":"0.5","tip_amount":"0","tolls_amount":"0","improvement_surcharge":"0.3","total_amount":"4.8","congestion_surcharge":""},{"VendorID":"2","tpep_pickup_datetime":"2023-05-01 14:39:10","tpep_dropoff_datetime":"2023-11-14 15:07:54","passenger_count":"6","trip_distance":"4.49","RatecodeID":"1","store_and_fwd_flag":"N","PULocationID":"107","DOLocationID":"142","payment_type":"1","fare_amount":"20.5","extra":"0","mta_tax":"0.5","tip_amount":"4.2","tolls_amount":"0","improvement_surcharge":"0.3","total_amount":"25.5","congestion_surcharge":""},{"VendorID":"2","tpep_pickup_datetime":"2023-03-09 13:59:30","tpep_dropoff_datetime":"2023-07-10 14:06:20","passenger_count":"2","trip_distance":"1.28","RatecodeID":"1","store_and_fwd_flag":"N","PULocationID":"137","DOLocationID":"79","payment_type":"1","fare_amount":"6.5","extra":"0","mta_tax":"0.5","tip_amount":"2.19","tolls_amount":"0","improvement_surcharge":"0.3","total_amount":"9.49","congestion_surcharge":""},{"VendorID":"1","tpep_pickup_datetime":"2024-01-11 14:16:35","tpep_dropoff_datetime":"2024-01-31 14:31:07","passenger_count":"2","trip_distance":"2.30","RatecodeID":"1","store_and_fwd_flag":"N","PULocationID":"162","DOLocationID":"239","payment_type":"1","fare_amount":"11.5","extra":"0","mta_tax":"0.5","tip_amount":"2.45","tolls_amount":"0","improvement_surcharge":"0.3","total_amount":"14.75","congestion_surcharge":""},{"VendorID":"2","tpep_pickup_datetime":"2023-11-03 14:14:53","tpep_dropoff_datetime":"2024-01-10 14:31:04","passenger_count":"1","trip_distance":"2.66","RatecodeID":"1","store_and_fwd_flag":"N","PULocationID":"170","DOLocationID":"43","payment_type":"2","fare_amount":"13","extra":"0","mta_tax":"0.5","tip_amount":"0","tolls_amount":"0","improvement_surcharge":"0.3","total_amount":"13.8","congestion_surcharge":""},{"VendorID":"2","tpep_pickup_datetime":"2023-03-29 14:33:03","tpep_dropoff_datetime":"2023-09-27 14:39:47","passenger_count":"1","trip_distance":".64","RatecodeID":"1","store_and_fwd_flag":"N","PULocationID":"236","DOLocationID":"236","payment_type":"2","fare_amount":"6","extra":"0","mta_tax":"0.5","tip_amount":"0","tolls_amount":"0","improvement_surcharge":"0.3","total_amount":"6.8","congestion_surcharge":""},{"VendorID":"2","tpep_pickup_datetime":"2023-07-08 14:04:53","tpep_dropoff_datetime":"2023-04-27 14:11:46","passenger_count":"1","trip_distance":"1.02","RatecodeID":"1","store_and_fwd_flag":"N","PULocationID":"141","DOLocationID":"163","payment_type":"2","fare_amount":"6.5","extra":"0","mta_tax":"0.5","tip_amount":"0","tolls_amount":"0","improvement_surcharge":"0.3","total_amount":"7.3","congestion_surcharge":""},{"VendorID":"2","tpep_pickup_datetime":"2023-08-23 14:22:57","tpep_dropoff_datetime":"2023-05-17 14:28:24","passenger_count":"1","trip_distance":"1.12","RatecodeID":"1","store_and_fwd_flag":"N","PULocationID":"163","DOLocationID":"236","payment_type":"1","fare_amount":"6","extra":"0","mta_tax":"0.5","tip_amount":"1.36","tolls_amount":"0","improvement_surcharge":"0.3","total_amount":"8.16","congestion_surcharge":""},{"VendorID":"2","tpep_pickup_datetime":"2023-04-11 14:36:08","tpep_dropoff_datetime":"2023-09-26 14:42:25","passenger_count":"1","trip_distance":".87","RatecodeID":"1","store_and_fwd_flag":"N","PULocationID":"237","DOLocationID":"237","payment_type":"2","fare_amount":"6","extra":"0","mta_tax":"0.5","tip_amount":"0","tolls_amount":"0","improvement_surcharge":"0.3","total_amount":"6.8","congestion_surcharge":""},{"VendorID":"2","tpep_pickup_datetime":"2023-10-14 14:50:49","tpep_dropoff_datetime":"2023-06-19 14:54:29","passenger_count":"1","trip_distance":".74","RatecodeID":"1","store_and_fwd_flag":"N","PULocationID":"163","DOLocationID":"237","payment_type":"1","fare_amount":"4.5","extra":"0","mta_tax":"0.5","tip_amount":"1.06","tolls_amount":"0","improvement_surcharge":"0.3","total_amount":"6.36","congestion_surcharge":""},{"VendorID":"1","tpep_pickup_datetime":"2023-01-09 14:42:30","tpep_dropoff_datetime":"2023-05-29 14:54:05","passenger_count":"1","trip_distance":"2.00","RatecodeID":"1","store_and_fwd_flag":"N","PULocationID":"237","DOLocationID":"238","payment_type":"1","fare_amount":"9.5","extra":"0","mta_tax":"0.5","tip_amount":"2","tolls_amount":"0","improvement_surcharge":"0.3","total_amount":"12.3","congestion_surcharge":""},{"VendorID":"2","tpep_pickup_datetime":"2023-01-12 13:57:22","tpep_dropoff_datetime":"2023-12-08 14:27:24","passenger_count":"1","trip_distance":"10.54","RatecodeID":"1","store_and_fwd_flag":"N","PULocationID":"132","DOLocationID":"36","payment_type":"1","fare_amount":"32.5","extra":"0","mta_tax":"0.5","tip_amount":"6.66","tolls_amount":"0","improvement_surcharge":"0.3","total_amount":"39.96","congestion_surcharge":""},{"VendorID":"2","tpep_pickup_datetime":"2023-08-14 14:00:22","tpep_dropoff_datetime":"2024-01-26 14:07:11","passenger_count":"6","trip_distance":".91","RatecodeID":"1","store_and_fwd_flag":"N","PULocationID":"234","DOLocationID":"186","payment_type":"1","fare_amount":"6.5","extra":"0","mta_tax":"0.5","tip_amount":"2.19","tolls_amount":"0","improvement_surcharge":"0.3","total_amount":"9.49","congestion_surcharge":""},{"VendorID":"2","tpep_pickup_datetime":"2024-01-29 14:23:33","tpep_dropoff_datetime":"2023-10-23 14:36:54","passenger_count":"4","trip_distance":"1.73","RatecodeID":"1","store_and_fwd_flag":"N","PULocationID":"68","DOLocationID":"233","payment_type":"1","fare_amount":"10","extra":"0","mta_tax":"0.5","tip_amount":"2.7","tolls_amount":"0","improvement_surcharge":"0.3","total_amount":"13.5","congestion_surcharge":""},{"VendorID":"2","tpep_pickup_datetime":"2023-07-15 14:53:01","tpep_dropoff_datetime":"2023-01-24 15:26:03","passenger_count":"4","trip_distance":"4.17","RatecodeID":"1","store_and_fwd_flag":"N","PULocationID":"140","DOLocationID":"144","payment_type":"2","fare_amount":"22","extra":"0","mta_tax":"0.5","tip_amount":"0","tolls_amount":"0","improvement_surcharge":"0.3","total_amount":"22.8","congestion_surcharge":""},{"VendorID":"1","tpep_pickup_datetime":"2023-06-09 14:23:28","tpep_dropoff_datetime":"2023-03-27 14:29:43","passenger_count":"1","trip_distance":"1.30","RatecodeID":"1","store_and_fwd_flag":"N","PULocationID":"48","DOLocationID":"246","payment_type":"1","fare_amount":"6.5","extra":"0","mta_tax":"0.5","tip_amount":"0.7","tolls_amount":"0","improvement_surcharge":"0.3","total_amount":"8","congestion_surcharge":""},{"VendorID":"1","tpep_pickup_datetime":"2023-08-13 14:30:53","tpep_dropoff_datetime":"2023-08-03 14:44:46","passenger_count":"1","trip_distance":"1.30","RatecodeID":"1","store_and_fwd_flag":"N","PULocationID":"246","DOLocationID":"230","payment_type":"1","fare_amount":"10","extra":"0","mta_tax":"0.5","tip_amount":"3","tolls_amount":"0","improvement_surcharge":"0.3","total_amount":"13.8","congestion_surcharge":""},{"VendorID":"2","tpep_pickup_datetime":"2023-08-06 14:11:20","tpep_dropoff_datetime":"2023-12-24 14:14:01","passenger_count":"6","trip_distance":".41","RatecodeID":"1","store_and_fwd_flag":"N","PULocationID":"114","DOLocationID":"249","payment_type":"2","fare_amount":"4","extra":"0","mta_tax":"0.5","tip_amount":"0","tolls_amount":"0","improvement_surcharge":"0.3","total_amount":"4.8","congestion_surcharge":""},{"VendorID":"2","tpep_pickup_datetime":"2023-05-22 14:43:33","tpep_dropoff_datetime":"2023-08-12 14:51:53","passenger_count":"6","trip_distance":"1.38","RatecodeID":"1","store_and_fwd_flag":"N","PULocationID":"48","DOLocationID":"163","payment_type":"2","fare_amount":"8","extra":"0","mta_tax":"0.5","tip_amount":"0","tolls_amount":"0","improvement_surcharge":"0.3","total_amount":"8.8","congestion_surcharge":""},{"VendorID":"2","tpep_pickup_datetime":"2024-01-01 14:52:29","tpep_dropoff_datetime":"2023-02-09 15:04:34","passenger_count":"6","trip_distance":"2.00","RatecodeID":"1","store_and_fwd_flag":"N","PULocationID":"163","DOLocationID":"236","payment_type":"1","fare_amount":"10","extra":"0","mta_tax":"0.5","tip_amount":"1.62","tolls_amount":"0","improvement_surcharge":"0.3","total_amount":"12.42","congestion_surcharge":""},{"VendorID":"1","tpep_pickup_datetime":"2023-04-18 14:34:04","tpep_dropoff_datetime":"2023-01-31 14:51:21","passenger_count":"1","trip_distance":"8.10","RatecodeID":"1","store_and_fwd_flag":"N","PULocationID":"138","DOLocationID":"162","payment_type":"1","fare_amount":"24.5","extra":"0","mta_tax":"0.5","tip_amount":"5","tolls_amount":"5.76","improvement_surcharge":"0.3","total_amount":"36.06","congestion_surcharge":""},{"VendorID":"2","tpep_pickup_datetime":"2023-01-14 14:05:16","tpep_dropoff_datetime":"2023-09-07 14:16:21","passenger_count":"2","trip_distance":"2.67","RatecodeID":"1","store_and_fwd_flag":"N","PULocationID":"137","DOLocationID":"4","payment_type":"2","fare_amount":"11","extra":"0","mta_tax":"0.5","tip_amount":"0","tolls_amount":"0","improvement_surcharge":"0.3","total_amount":"11.8","congestion_surcharge":""},{"VendorID":"2","tpep_pickup_datetime":"2023-07-03 14:16:58","tpep_dropoff_datetime":"2023-05-31 14:28:23","passenger_count":"2","trip_distance":"2.01","RatecodeID":"1","store_and_fwd_flag":"N","PULocationID":"4","DOLocationID":"90","payment_type":"1","fare_amount":"9.5","extra":"0","mta_tax":"0.5","tip_amount":"2.06","tolls_amount":"0","improvement_surcharge":"0.3","total_amount":"12.36","congestion_surcharge":""},{"VendorID":"2","tpep_pickup_datetime":"2024-01-27 14:33:07","tpep_dropoff_datetime":"2023-07-15 14:38:48","passenger_count":"2","trip_distance":"1.05","RatecodeID":"1","store_and_fwd_flag":"N","PULocationID":"186","DOLocationID":"230","payment_type":"1","fare_amount":"6","extra":"0","mta_tax":"0.5","tip_amount":"1.36","tolls_amount":"0","improvement_surcharge":"0.3","total_amount":"8.16","congestion_surcharge":""},{"VendorID":"2","tpep_pickup_datetime":"2023-02-26 14:39:58","tpep_dropoff_datetime":"2023-12-17 14:51:43","passenger_count":"2","trip_distance":".69","RatecodeID":"1","store_and_fwd_flag":"N","PULocationID":"230","DOLocationID":"230","payment_type":"2","fare_amount":"8.5","extra":"0","mta_tax":"0.5","tip_amount":"0","tolls_amount":"0","improvement_surcharge":"0.3","total_amount":"9.3","congestion_surcharge":""},{"VendorID":"2","tpep_pickup_datetime":"2023-07-06 14:57:00","tpep_dropoff_datetime":"2023-01-21 15:05:48","passenger_count":"2","trip_distance":"1.07","RatecodeID":"1","store_and_fwd_flag":"N","PULocationID":"100","DOLocationID":"90","payment_type":"1","fare_amount":"7","extra":"0","mta_tax":"0.5","tip_amount":"1.56","tolls_amount":"0","improvement_surcharge":"0.3","total_amount":"9.36","congestion_surcharge":""},{"VendorID":"2","tpep_pickup_datetime":"2023-08-11 14:22:43","tpep_dropoff_datetime":"2023-03-25 14:38:46","passenger_count":"5","trip_distance":"2.14","RatecodeID":"1","store_and_fwd_flag":"N","PULocationID":"170","DOLocationID":"68","payment_type":"2","fare_amount":"11.5","extra":"0","mta_tax":"0.5","tip_amount":"0","tolls_amount":"0","improvement_surcharge":"0.3","total_amount":"12.3","congestion_surcharge":""},{"VendorID":"2","tpep_pickup_datetime":"2023-10-15 14:51:50","tpep_dropoff_datetime":"2023-12-15 14:56:29","passenger_count":"5","trip_distance":".79","RatecodeID":"1","store_and_fwd_flag":"N","PULocationID":"68","DOLocationID":"90","payment_type":"2","fare_amount":"5","extra":"0","mta_tax":"0.5","tip_amount":"0","tolls_amount":"0","improvement_surcharge":"0.3","total_amount":"5.8","congestion_surcharge":""},{"VendorID":"2","tpep_pickup_datetime":"2023-04-01 14:09:15","tpep_dropoff_datetime":"2023-04-23 14:15:47","passenger_count":"2","trip_distance":".85","RatecodeID":"1","store_and_fwd_flag":"N","PULocationID":"45","DOLocationID":"87","payment_type":"1","fare_amount":"6","extra":"0","mta_tax":"0.5","tip_amount":"2.04","tolls_amount":"0","improvement_surcharge":"0.3","total_amount":"8.84","congestion_surcharge":""},{"VendorID":"2","tpep_pickup_datetime":"2024-01-07 14:23:11","tpep_dropoff_datetime":"2023-08-19 14:52:42","passenger_count":"2","trip_distance":"4.12","RatecodeID":"1","store_and_fwd_flag":"N","PULocationID":"261","DOLocationID":"49","payment_type":"1","fare_amount":"20","extra":"0","mta_tax":"0.5","tip_amount":"4.16","tolls_amount":"0","improvement_surcharge":"0.3","total_amount":"24.96","congestion_surcharge":""},{"VendorID":"1","tpep_pickup_datetime":"2023-06-24 14:27:12","tpep_dropoff_datetime":"2023-07-23 15:03:26","passenger_count":"1","trip_distance":"6.50","RatecodeID":"1","store_and_fwd_flag":"N","PULocationID":"264","DOLocationID":"76","payment_type":"1","fare_amount":"27","extra":"0","mta_tax":"0.5","tip_amount":"0","tolls_amount":"0","improvement_surcharge":"0.3","total_amount":"27.8","congestion_surcharge":""},{"VendorID":"2","tpep_pickup_datetime":"2023-09-23 14:19:32","tpep_dropoff_datetime":"2024-01-13 14:35:57","passenger_count":"3","trip_distance":"2.23","RatecodeID":"1","store_and_fwd_flag":"N","PULocationID":"233","DOLocationID":"262","payment_type":"2","fare_amount":"11","extra":"0","mta_tax":"0.5","tip_amount":"0","tolls_amount":"0","improvement_surcharge":"0.3","total_amount":"11.8","congestion_surcharge":""},{"VendorID":"2","tpep_pickup_datetime":"2023-09-02 14:38:52","tpep_dropoff_datetime":"2023-04-11 14:48:32","passenger_count":"3","trip_distance":"1.48","RatecodeID":"1","store_and_fwd_flag":"N","PULocationID":"263","DOLocationID":"141","payment_type":"1","fare_amount":"8.5","extra":"0","mta_tax":"0.5","tip_amount":"1.86","tolls_amount":"0","improvement_surcharge":"0.3","total_amount":"11.16","congestion_surcharge":""},{"VendorID":"2","tpep_pickup_datetime":"2023-10-14 14:52:58","tpep_dropoff_datetime":"2023-11-05 15:00:16","passenger_count":"3","trip_distance":".66","RatecodeID":"1","store_and_fwd_flag":"N","PULocationID":"141","DOLocationID":"162","payment_type":"2","fare_amount":"5.5","extra":"0","mta_tax":"0.5","tip_amount":"0","tolls_amount":"0","improvement_surcharge":"0.3","total_amount":"6.3","congestion_surcharge":""},{"VendorID":"4","tpep_pickup_datetime":"2023-01-25 14:01:39","tpep_dropoff_datetime":"2023-06-18 14:16:05","passenger_count":"1","trip_distance":"2.48","RatecodeID":"1","store_and_fwd_flag":"N","PULocationID":"237","DOLocationID":"48","payment_type":"1","fare_amount":"11.5","extra":"0","mta_tax":"0.5","tip_amount":"3.08","tolls_amount":"0","improvement_surcharge":"0.3","total_amount":"15.38","congestion_surcharge":""},{"VendorID":"4","tpep_pickup_datetime":"2023-07-30 14:48:11","tpep_dropoff_datetime":"2023-01-10 15:04:29","passenger_count":"1","trip_distance":"2.09","RatecodeID":"1","store_and_fwd_flag":"N","PULocationID":"239","DOLocationID":"41","payment_type":"1","fare_amount":"12","extra":"0","mta_tax":"0.5","tip_amount":"2.56","tolls_amount":"0","improvement_surcharge":"0.3","total_amount":"15.36","congestion_surcharge":""},{"VendorID":"1","tpep_pickup_datetime":"2023-10-27 14:27:20","tpep_dropoff_datetime":"2023-03-10 14:42:14","passenger_count":"1","trip_distance":"2.40","RatecodeID":"1","store_and_fwd_flag":"N","PULocationID":"170","DOLocationID":"263","payment_type":"2","fare_amount":"11.5","extra":"0","mta_tax":"0.5","tip_amount":"0","tolls_amount":"0","improvement_surcharge":"0.3","total_amount":"12.3","congestion_surcharge":""},{"VendorID":"2","tpep_pickup_datetime":"2023-06-05 13:59:37","tpep_dropoff_datetime":"2024-01-12 14:03:07","passenger_count":"1","trip_distance":"1.02","RatecodeID":"1","store_and_fwd_flag":"N","PULocationID":"230","DOLocationID":"186","payment_type":"1","fare_amount":"5","extra":"0","mta_tax":"0.5","tip_amount":"1.74","tolls_amount":"0","improvement_surcharge":"0.3","total_amount":"7.54","congestion_surcharge":""},{"VendorID":"2","tpep_pickup_datetime":"2023-01-17 14:05:03","tpep_dropoff_datetime":"2023-08-03 14:36:28","passenger_count":"2","trip_distance":"5.79","RatecodeID":"1","store_and_fwd_flag":"N","PULocationID":"186","DOLocationID":"189","payment_type":"1","fare_amount":"23.5","extra":"0","mta_tax":"0.5","tip_amount":"4.86","tolls_amount":"0","improvement_surcharge":"0.3","total_amount":"29.16","congestion_surcharge":""},{"VendorID":"2","tpep_pickup_datetime":"2023-05-26 14:50:20","tpep_dropoff_datetime":"2024-01-18 15:05:22","passenger_count":"2","trip_distance":"2.01","RatecodeID":"1","store_and_fwd_flag":"N","PULocationID":"144","DOLocationID":"4","payment_type":"2","fare_amount":"11.5","extra":"0","mta_tax":"0.5","tip_amount":"0","tolls_amount":"0","improvement_surcharge":"0.3","total_amount":"12.3","congestion_surcharge":""},{"VendorID":"2","tpep_pickup_datetime":"2024-01-15 14:01:11","tpep_dropoff_datetime":"2023-02-03 14:31:55","passenger_count":"1","trip_distance":"5.39","RatecodeID":"1","store_and_fwd_flag":"N","PULocationID":"79","DOLocationID":"239","payment_type":"1","fare_amount":"22","extra":"0","mta_tax":"0.5","tip_amount":"4.56","tolls_amount":"0","improvement_surcharge":"0.3","total_amount":"27.36","congestion_surcharge":""},{"VendorID":"2","tpep_pickup_datetime":"2023-09-01 14:26:23","tpep_dropoff_datetime":"2023-10-18 14:31:38","passenger_count":"1","trip_distance":".83","RatecodeID":"1","store_and_fwd_flag":"N","PULocationID":"237","DOLocationID":"237","payment_type":"2","fare_amount":"5.5","extra":"0","mta_tax":"0.5","tip_amount":"0","tolls_amount":"0","improvement_surcharge":"0.3","total_amount":"6.3","congestion_surcharge":""},{"VendorID":"2","tpep_pickup_datetime":"2023-05-22 14:34:14","tpep_dropoff_datetime":"2023-12-23 14:39:10","passenger_count":"1","trip_distance":".47","RatecodeID":"1","store_and_fwd_flag":"N","PULocationID":"237","DOLocationID":"236","payment_type":"2","fare_amount":"4","extra":"0","mta_tax":"0.5","tip_amount":"0","tolls_amount":"0","improvement_surcharge":"0.3","total_amount":"4.8","congestion_surcharge":""},{"VendorID":"2","tpep_pickup_datetime":"2023-08-29 14:55:11","tpep_dropoff_datetime":"2023-06-06 14:59:43","passenger_count":"1","trip_distance":".60","RatecodeID":"1","store_and_fwd_flag":"N","PULocationID":"237","DOLocationID":"162","payment_type":"1","fare_amount":"5","extra":"0","mta_tax":"0.5","tip_amount":"0.5","tolls_amount":"0","improvement_surcharge":"0.3","total_amount":"6.3","congestion_surcharge":""},{"VendorID":"2","tpep_pickup_datetime":"2023-09-28 14:14:29","tpep_dropoff_datetime":"2023-04-24 14:29:51","passenger_count":"1","trip_distance":"2.77","RatecodeID":"1","store_and_fwd_flag":"N","PULocationID":"211","DOLocationID":"137","payment_type":"1","fare_amount":"13","extra":"0","mta_tax":"0.5","tip_amount":"2","tolls_amount":"0","improvement_surcharge":"0.3","total_amount":"15.8","congestion_surcharge":""},{"VendorID":"2","tpep_pickup_datetime":"2023-08-10 14:48:15","tpep_dropoff_datetime":"2023-11-11 14:53:05","passenger_count":"1","trip_distance":".68","RatecodeID":"1","store_and_fwd_flag":"N","PULocationID":"141","DOLocationID":"237","payment_type":"2","fare_amount":"4.5","extra":"0","mta_tax":"0.5","tip_amount":"0","tolls_amount":"0","improvement_surcharge":"0.3","total_amount":"5.3","congestion_surcharge":""},{"VendorID":"2","tpep_pickup_datetime":"2023-02-23 14:54:15","tpep_dropoff_datetime":"2023-11-22 15:01:43","passenger_count":"1","trip_distance":"1.23","RatecodeID":"1","store_and_fwd_flag":"N","PULocationID":"237","DOLocationID":"236","payment_type":"2","fare_amount":"7","extra":"0","mta_tax":"0.5","tip_amount":"0","tolls_amount":"0","improvement_surcharge":"0.3","total_amount":"7.8","congestion_surcharge":""},{"VendorID":"1","tpep_pickup_datetime":"2023-07-22 14:08:58","tpep_dropoff_datetime":"2023-04-17 14:27:01","passenger_count":"1","trip_distance":"1.80","RatecodeID":"1","store_and_fwd_flag":"N","PULocationID":"162","DOLocationID":"141","payment_type":"1","fare_amount":"12.5","extra":"0","mta_tax":"0.5","tip_amount":"3.3","tolls_amount":"0","improvement_surcharge":"0.3","total_amount":"16.6","congestion_surcharge":""},{"VendorID":"1","tpep_pickup_datetime":"2023-10-28 14:40:30","tpep_dropoff_datetime":"2023-05-20 14:44:13","passenger_count":"3","trip_distance":".70","RatecodeID":"1","store_and_fwd_flag":"N","PULocationID":"162","DOLocationID":"162","payment_type":"2","fare_amount":"4.5","extra":"0","mta_tax":"0.5","tip_amount":"0","tolls_amount":"0","improvement_surcharge":"0.3","total_amount":"5.3","congestion_surcharge":""},{"VendorID":"1","tpep_pickup_datetime":"2023-09-30 14:45:56","tpep_dropoff_datetime":"2023-02-08 15:00:45","passenger_count":"1","trip_distance":"4.70","RatecodeID":"1","store_and_fwd_flag":"N","PULocationID":"162","DOLocationID":"209","payment_type":"2","fare_amount":"16.5","extra":"0","mta_tax":"0.5","tip_amount":"0","tolls_amount":"0","improvement_surcharge":"0.3","total_amount":"17.3","congestion_surcharge":""},{"VendorID":"2","tpep_pickup_datetime":"2023-03-19 14:07:35","tpep_dropoff_datetime":"2023-12-18 14:31:46","passenger_count":"1","trip_distance":"3.59","RatecodeID":"1","store_and_fwd_flag":"N","PULocationID":"48","DOLocationID":"4","payment_type":"2","fare_amount":"17","extra":"0","mta_tax":"0.5","tip_amount":"0","tolls_amount":"0","improvement_surcharge":"0.3","total_amount":"17.8","congestion_surcharge":""},{"VendorID":"2","tpep_pickup_datetime":"2023-12-11 14:34:45","tpep_dropoff_datetime":"2023-06-04 14:42:31","passenger_count":"1","trip_distance":"1.65","RatecodeID":"1","store_and_fwd_flag":"N","PULocationID":"79","DOLocationID":"164","payment_type":"2","fare_amount":"7.5","extra":"0","mta_tax":"0.5","tip_amount":"0","tolls_amount":"0","improvement_surcharge":"0.3","total_amount":"8.3","congestion_surcharge":""},{"VendorID":"1","tpep_pickup_datetime":"2023-10-28 14:08:52","tpep_dropoff_datetime":"2023-07-25 14:13:45","passenger_count":"1","trip_distance":".60","RatecodeID":"1","store_and_fwd_flag":"N","PULocationID":"48","DOLocationID":"48","payment_type":"1","fare_amount":"5","extra":"0","mta_tax":"0.5","tip_amount":"1.4","tolls_amount":"0","improvement_surcharge":"0.3","total_amount":"7.2","congestion_surcharge":""},{"VendorID":"1","tpep_pickup_datetime":"2023-01-23 14:19:37","tpep_dropoff_datetime":"2023-12-30 14:30:53","passenger_count":"1","trip_distance":"2.10","RatecodeID":"1","store_and_fwd_flag":"N","PULocationID":"142","DOLocationID":"24","payment_type":"1","fare_amount":"10","extra":"0","mta_tax":"0.5","tip_amount":"1.08","tolls_amount":"0","improvement_surcharge":"0.3","total_amount":"11.88","congestion_surcharge":""},{"VendorID":"1","tpep_pickup_datetime":"2023-08-22 14:32:27","tpep_dropoff_datetime":"2023-02-28 14:48:45","passenger_count":"2","trip_distance":"3.80","RatecodeID":"1","store_and_fwd_flag":"N","PULocationID":"24","DOLocationID":"244","payment_type":"2","fare_amount":"14.5","extra":"0","mta_tax":"0.5","tip_amount":"0","tolls_amount":"0","improvement_surcharge":"0.3","total_amount":"15.3","congestion_surcharge":""},{"VendorID":"1","tpep_pickup_datetime":"2023-06-23 14:12:06","tpep_dropoff_datetime":"2024-02-01 14:35:10","passenger_count":"3","trip_distance":"5.40","RatecodeID":"1","store_and_fwd_flag":"N","PULocationID":"264","DOLocationID":"264","payment_type":"1","fare_amount":"20.5","extra":"0","mta_tax":"0.5","tip_amount":"4.26","tolls_amount":"0","improvement_surcharge":"0.3","total_amount":"25.56","congestion_surcharge":""},{"VendorID":"1","tpep_pickup_datetime":"2023-08-08 14:43:03","tpep_dropoff_datetime":"2023-11-12 14:58:35","passenger_count":"1","trip_distance":"1.60","RatecodeID":"1","store_and_fwd_flag":"N","PULocationID":"264","DOLocationID":"264","payment_type":"1","fare_amount":"11","extra":"0","mta_tax":"0.5","tip_amount":"2.35","tolls_amount":"0","improvement_surcharge":"0.3","total_amount":"14.15","congestion_surcharge":""},{"VendorID":"1","tpep_pickup_datetime":"2023-06-19 14:25:06","tpep_dropoff_datetime":"2024-02-05 14:41:07","passenger_count":"1","trip_distance":"1.50","RatecodeID":"1","store_and_fwd_flag":"N","PULocationID":"237","DOLocationID":"161","payment_type":"2","fare_amount":"11.5","extra":"0","mta_tax":"0.5","tip_amount":"0","tolls_amount":"0","improvement_surcharge":"0.3","total_amount":"12.3","congestion_surcharge":""},{"VendorID":"1","tpep_pickup_datetime":"2023-04-05 14:46:59","tpep_dropoff_datetime":"2024-01-14 15:26:09","passenger_count":"2","trip_distance":"13.80","RatecodeID":"2","store_and_fwd_flag":"N","PULocationID":"170","DOLocationID":"132","payment_type":"1","fare_amount":"52","extra":"0","mta_tax":"0.5","tip_amount":"7.03","tolls_amount":"5.76","improvement_surcharge":"0.3","total_amount":"65.59","congestion_surcharge":""},{"VendorID":"2","tpep_pickup_datetime":"2023-03-16 14:36:56","tpep_dropoff_datetime":"2023-08-06 14:46:50","passenger_count":"1","trip_distance":"1.71","RatecodeID":"1","store_and_fwd_flag":"N","PULocationID":"141","DOLocationID":"236","payment_type":"1","fare_amount":"8","extra":"0","mta_tax":"0.5","tip_amount":"1.5","tolls_amount":"0","improvement_surcharge":"0.3","total_amount":"10.3","congestion_surcharge":""},{"VendorID":"2","tpep_pickup_datetime":"2023-10-20 14:38:30","tpep_dropoff_datetime":"2023-10-15 14:46:04","passenger_count":"1","trip_distance":"1.62","RatecodeID":"1","store_and_fwd_flag":"N","PULocationID":"74","DOLocationID":"236","payment_type":"2","fare_amount":"7.5","extra":"0","mta_tax":"0.5","tip_amount":"0","tolls_amount":"0","improvement_surcharge":"0.3","total_amount":"8.3","congestion_surcharge":""},{"VendorID":"2","tpep_pickup_datetime":"2023-07-01 14:59:55","tpep_dropoff_datetime":"2023-07-06 15:59:52","passenger_count":"1","trip_distance":"8.92","RatecodeID":"1","store_and_fwd_flag":"N","PULocationID":"236","DOLocationID":"225","payment_type":"1","fare_amount":"40","extra":"0","mta_tax":"0.5","tip_amount":"0","tolls_amount":"0","improvement_surcharge":"0.3","total_amount":"40.8","congestion_surcharge":""},{"VendorID":"2","tpep_pickup_datetime":"2023-11-07 14:17:30","tpep_dropoff_datetime":"2023-04-20 14:45:50","passenger_count":"3","trip_distance":"3.49","RatecodeID":"1","store_and_fwd_flag":"N","PULocationID":"48","DOLocationID":"144","payment_type":"2","fare_amount":"19","extra":"0","mta_tax":"0.5","tip_amount":"0","tolls_amount":"0","improvement_surcharge":"0.3","total_amount":"19.8","congestion_surcharge":""},{"VendorID":"2","tpep_pickup_datetime":"2023-05-15 14:52:33","tpep_dropoff_datetime":"2024-01-20 15:15:31","passenger_count":"4","trip_distance":"5.73","RatecodeID":"1","store_and_fwd_flag":"N","PULocationID":"231","DOLocationID":"162","payment_type":"1","fare_amount":"21","extra":"0","mta_tax":"0.5","tip_amount":"6.54","tolls_amount":"0","improvement_surcharge":"0.3","total_amount":"28.34","congestion_surcharge":""},{"VendorID":"1","tpep_pickup_datetime":"2023-11-11 14:01:20","tpep_dropoff_datetime":"2023-04-19 14:09:43","passenger_count":"2","trip_distance":"1.00","RatecodeID":"1","store_and_fwd_flag":"N","PULocationID":"79","DOLocationID":"113","payment_type":"2","fare_amount":"7","extra":"0","mta_tax":"0.5","tip_amount":"0","tolls_amount":"0","improvement_surcharge":"0.3","total_amount":"7.8","congestion_surcharge":""},{"VendorID":"1","tpep_pickup_datetime":"2023-07-26 14:47:12","tpep_dropoff_datetime":"2024-02-03 14:51:48","passenger_count":"1","trip_distance":".60","RatecodeID":"1","store_and_fwd_flag":"N","PULocationID":"229","DOLocationID":"161","payment_type":"1","fare_amount":"5","extra":"0","mta_tax":"0.5","tip_amount":"0.75","tolls_amount":"0","improvement_surcharge":"0.3","total_amount":"6.55","congestion_surcharge":""},{"VendorID":"1","tpep_pickup_datetime":"2023-06-05 14:01:45","tpep_dropoff_datetime":"2023-08-04 14:05:46","passenger_count":"1","trip_distance":".50","RatecodeID":"1","store_and_fwd_flag":"N","PULocationID":"237","DOLocationID":"162","payment_type":"1","fare_amount":"4.5","extra":"0","mta_tax":"0.5","tip_amount":"1","tolls_amount":"0","improvement_surcharge":"0.3","total_amount":"6.3","congestion_surcharge":""},{"VendorID":"1","tpep_pickup_datetime":"2023-10-02 14:22:50","tpep_dropoff_datetime":"2023-08-03 14:32:19","passenger_count":"2","trip_distance":"1.90","RatecodeID":"1","store_and_fwd_flag":"N","PULocationID":"141","DOLocationID":"233","payment_type":"1","fare_amount":"9.5","extra":"0","mta_tax":"0.5","tip_amount":"2.06","tolls_amount":"0","improvement_surcharge":"0.3","total_amount":"12.36","congestion_surcharge":""},{"VendorID":"1","tpep_pickup_datetime":"2024-01-28 14:40:23","tpep_dropoff_datetime":"2023-07-27 14:45:11","passenger_count":"2","trip_distance":".70","RatecodeID":"1","store_and_fwd_flag":"N","PULocationID":"229","DOLocationID":"141","payment_type":"1","fare_amount":"5","extra":"0","mta_tax":"0.5","tip_amount":"1.4","tolls_amount":"0","improvement_surcharge":"0.3","total_amount":"7.2","congestion_surcharge":""},{"VendorID":"2","tpep_pickup_datetime":"2023-12-24 14:35:04","tpep_dropoff_datetime":"2023-10-07 14:47:19","passenger_count":"2","trip_distance":"1.66","RatecodeID":"1","store_and_fwd_flag":"N","PULocationID":"161","DOLocationID":"107","payment_type":"1","fare_amount":"9.5","extra":"0","mta_tax":"0.5","tip_amount":"3.09","tolls_amount":"0","improvement_surcharge":"0.3","total_amount":"13.39","congestion_surcharge":""},{"VendorID":"2","tpep_pickup_datetime":"2023-03-11 14:54:12","tpep_dropoff_datetime":"2024-02-02 15:07:15","passenger_count":"2","trip_distance":"1.61","RatecodeID":"1","store_and_fwd_flag":"N","PULocationID":"107","DOLocationID":"186","payment_type":"2","fare_amount":"8","extra":"0","mta_tax":"0.5","tip_amount":"0","tolls_amount":"0","improvement_surcharge":"0.3","total_amount":"8.8","congestion_surcharge":""},{"VendorID":"2","tpep_pickup_datetime":"2023-05-28 14:50:45","tpep_dropoff_datetime":"2023-11-29 15:33:56","passenger_count":"1","trip_distance":"18.39","RatecodeID":"2","store_and_fwd_flag":"N","PULocationID":"132","DOLocationID":"41","payment_type":"1","fare_amount":"52","extra":"0","mta_tax":"0.5","tip_amount":"9","tolls_amount":"5.76","improvement_surcharge":"0.3","total_amount":"67.56","congestion_surcharge":""},{"VendorID":"2","tpep_pickup_datetime":"2023-10-19 14:17:58","tpep_dropoff_datetime":"2023-03-14 14:26:23","passenger_count":"4","trip_distance":"1.32","RatecodeID":"1","store_and_fwd_flag":"N","PULocationID":"236","DOLocationID":"141","payment_type":"2","fare_amount":"8","extra":"0","mta_tax":"0.5","tip_amount":"0","tolls_amount":"0","improvement_surcharge":"0.3","total_amount":"8.8","congestion_surcharge":""},{"VendorID":"2","tpep_pickup_datetime":"2023-11-18 14:30:42","tpep_dropoff_datetime":"2023-10-29 14:37:56","passenger_count":"4","trip_distance":".90","RatecodeID":"1","store_and_fwd_flag":"N","PULocationID":"237","DOLocationID":"237","payment_type":"1","fare_amount":"6.5","extra":"0","mta_tax":"0.5","tip_amount":"1","tolls_amount":"0","improvement_surcharge":"0.3","total_amount":"8.3","congestion_surcharge":""},{"VendorID":"2","tpep_pickup_datetime":"2023-09-02 14:53:29","tpep_dropoff_datetime":"2023-12-31 14:56:45","passenger_count":"4","trip_distance":".41","RatecodeID":"1","store_and_fwd_flag":"N","PULocationID":"236","DOLocationID":"236","payment_type":"2","fare_amount":"4","extra":"0","mta_tax":"0.5","tip_amount":"0","tolls_amount":"0","improvement_surcharge":"0.3","total_amount":"4.8","congestion_surcharge":""},{"VendorID":"1","tpep_pickup_datetime":"2023-07-08 14:03:43","tpep_dropoff_datetime":"2024-02-02 14:08:57","passenger_count":"1","trip_distance":"1.10","RatecodeID":"1","store_and_fwd_flag":"N","PULocationID":"162","DOLocationID":"170","payment_type":"2","fare_amount":"6","extra":"0","mta_tax":"0.5","tip_amount":"0","tolls_amount":"0","improvement_surcharge":"0.3","total_amount":"6.8","congestion_surcharge":""},{"VendorID":"1","tpep_pickup_datetime":"2023-09-07 14:14:48","tpep_dropoff_datetime":"2023-06-27 14:33:04","passenger_count":"1","trip_distance":"3.20","RatecodeID":"1","store_and_fwd_flag":"N","PULocationID":"170","DOLocationID":"263","payment_type":"2","fare_amount":"14","extra":"0","mta_tax":"0.5","tip_amount":"0","tolls_amount":"0","improvement_surcharge":"0.3","total_amount":"14.8","congestion_surcharge":""},{"VendorID":"1","tpep_pickup_datetime":"2023-02-12 14:39:13","tpep_dropoff_datetime":"2023-03-13 15:01:08","passenger_count":"4","trip_distance":"3.00","RatecodeID":"1","store_and_fwd_flag":"N","PULocationID":"141","DOLocationID":"100","payment_type":"2","fare_amount":"15","extra":"0","mta_tax":"0.5","tip_amount":"0","tolls_amount":"0","improvement_surcharge":"0.3","total_amount":"15.8","congestion_surcharge":""},{"VendorID":"2","tpep_pickup_datetime":"2023-09-24 14:05:52","tpep_dropoff_datetime":"2023-12-08 14:44:00","passenger_count":"1","trip_distance":"5.30","RatecodeID":"1","store_and_fwd_flag":"N","PULocationID":"35","DOLocationID":"25","payment_type":"2","fare_amount":"25.5","extra":"0","mta_tax":"0.5","tip_amount":"0","tolls_amount":"0","improvement_surcharge":"0.3","total_amount":"26.3","congestion_surcharge":""},{"VendorID":"2","tpep_pickup_datetime":"2024-01-05 14:44:52","tpep_dropoff_datetime":"2023-07-12 15:03:06","passenger_count":"1","trip_distance":"2.06","RatecodeID":"1","store_and_fwd_flag":"N","PULocationID":"161","DOLocationID":"143","payment_type":"1","fare_amount":"12.5","extra":"0","mta_tax":"0.5","tip_amount":"2","tolls_amount":"0","improvement_surcharge":"0.3","total_amount":"15.3","congestion_surcharge":""},{"VendorID":"1","tpep_pickup_datetime":"2023-07-25 14:20:02","tpep_dropoff_datetime":"2024-01-02 14:28:56","passenger_count":"1","trip_distance":"1.00","RatecodeID":"1","store_and_fwd_flag":"N","PULocationID":"233","DOLocationID":"164","payment_type":"2","fare_amount":"7.5","extra":"0","mta_tax":"0.5","tip_amount":"0","tolls_amount":"0","improvement_surcharge":"0.3","total_amount":"8.3","congestion_surcharge":""},{"VendorID":"1","tpep_pickup_datetime":"2023-05-04 14:34:15","tpep_dropoff_datetime":"2023-04-11 14:42:45","passenger_count":"1","trip_distance":"1.30","RatecodeID":"1","store_and_fwd_flag":"N","PULocationID":"234","DOLocationID":"233","payment_type":"1","fare_amount":"7.5","extra":"0","mta_tax":"0.5","tip_amount":"2","tolls_amount":"0","improvement_surcharge":"0.3","total_amount":"10.3","congestion_surcharge":""},{"VendorID":"2","tpep_pickup_datetime":"2023-09-17 14:31:28","tpep_dropoff_datetime":"2023-04-19 15:12:25","passenger_count":"1","trip_distance":"18.13","RatecodeID":"5","store_and_fwd_flag":"N","PULocationID":"148","DOLocationID":"174","payment_type":"1","fare_amount":"45.34","extra":"0","mta_tax":"0.5","tip_amount":"0","tolls_amount":"0","improvement_surcharge":"0.3","total_amount":"46.14","congestion_surcharge":""},{"VendorID":"2","tpep_pickup_datetime":"2023-08-23 14:52:15","tpep_dropoff_datetime":"2023-10-04 15:05:43","passenger_count":"1","trip_distance":"1.57","RatecodeID":"1","store_and_fwd_flag":"N","PULocationID":"107","DOLocationID":"161","payment_type":"1","fare_amount":"10","extra":"0","mta_tax":"0.5","tip_amount":"1","tolls_amount":"0","improvement_surcharge":"0.3","total_amount":"11.8","congestion_surcharge":""},{"VendorID":"2","tpep_pickup_datetime":"2024-01-14 14:14:48","tpep_dropoff_datetime":"2023-04-08 14:26:33","passenger_count":"1","trip_distance":"1.31","RatecodeID":"1","store_and_fwd_flag":"N","PULocationID":"163","DOLocationID":"230","payment_type":"1","fare_amount":"9","extra":"0","mta_tax":"0.5","tip_amount":"1","tolls_amount":"0","improvement_surcharge":"0.3","total_amount":"10.8","congestion_surcharge":""},{"VendorID":"2","tpep_pickup_datetime":"2023-09-18 14:35:16","tpep_dropoff_datetime":"2023-04-03 14:45:08","passenger_count":"1","trip_distance":"1.98","RatecodeID":"1","store_and_fwd_flag":"N","PULocationID":"100","DOLocationID":"142","payment_type":"2","fare_amount":"9","extra":"0","mta_tax":"0.5","tip_amount":"0","tolls_amount":"0","improvement_surcharge":"0.3","total_amount":"9.8","congestion_surcharge":""},{"VendorID":"2","tpep_pickup_datetime":"2023-04-25 14:02:56","tpep_dropoff_datetime":"2023-10-07 14:16:14","passenger_count":"6","trip_distance":"1.77","RatecodeID":"1","store_and_fwd_flag":"N","PULocationID":"261","DOLocationID":"148","payment_type":"1","fare_amount":"10","extra":"0","mta_tax":"0.5","tip_amount":"2.16","tolls_amount":"0","improvement_surcharge":"0.3","total_amount":"12.96","congestion_surcharge":""},{"VendorID":"2","tpep_pickup_datetime":"2023-05-07 14:24:44","tpep_dropoff_datetime":"2023-01-01 14:29:43","passenger_count":"6","trip_distance":".73","RatecodeID":"1","store_and_fwd_flag":"N","PULocationID":"79","DOLocationID":"137","payment_type":"2","fare_amount":"5.5","extra":"0","mta_tax":"0.5","tip_amount":"0","tolls_amount":"0","improvement_surcharge":"0.3","total_amount":"6.3","congestion_surcharge":""},{"VendorID":"2","tpep_pickup_datetime":"2024-01-18 14:45:45","tpep_dropoff_datetime":"2023-11-26 14:58:26","passenger_count":"6","trip_distance":"1.91","RatecodeID":"1","store_and_fwd_flag":"N","PULocationID":"162","DOLocationID":"140","payment_type":"1","fare_amount":"10.5","extra":"0","mta_tax":"0.5","tip_amount":"2.82","tolls_amount":"0","improvement_surcharge":"0.3","total_amount":"14.12","congestion_surcharge":""},{"VendorID":"2","tpep_pickup_datetime":"2023-04-14 14:09:11","tpep_dropoff_datetime":"2023-07-26 14:26:28","passenger_count":"1","trip_distance":"2.17","RatecodeID":"1","store_and_fwd_flag":"N","PULocationID":"249","DOLocationID":"48","payment_type":"1","fare_amount":"12","extra":"0","mta_tax":"0.5","tip_amount":"2.56","tolls_amount":"0","improvement_surcharge":"0.3","total_amount":"15.36","congestion_surcharge":""},{"VendorID":"2","tpep_pickup_datetime":"2024-01-12 14:39:14","tpep_dropoff_datetime":"2023-10-16 14:42:17","passenger_count":"1","trip_distance":".82","RatecodeID":"1","store_and_fwd_flag":"N","PULocationID":"48","DOLocationID":"142","payment_type":"2","fare_amount":"4.5","extra":"0","mta_tax":"0.5","tip_amount":"0","tolls_amount":"0","improvement_surcharge":"0.3","total_amount":"5.3","congestion_surcharge":""},{"VendorID":"2","tpep_pickup_datetime":"2023-10-02 14:48:34","tpep_dropoff_datetime":"2023-01-06 15:02:28","passenger_count":"1","trip_distance":"1.51","RatecodeID":"1","store_and_fwd_flag":"N","PULocationID":"142","DOLocationID":"162","payment_type":"1","fare_amount":"10","extra":"0","mta_tax":"0.5","tip_amount":"2.16","tolls_amount":"0","improvement_surcharge":"0.3","total_amount":"12.96","congestion_surcharge":""},{"VendorID":"1","tpep_pickup_datetime":"2023-07-09 14:05:11","tpep_dropoff_datetime":"2023-01-24 14:30:44","passenger_count":"1","trip_distance":"10.90","RatecodeID":"1","store_and_fwd_flag":"N","PULocationID":"138","DOLocationID":"230","payment_type":"1","fare_amount":"32.5","extra":"0","mta_tax":"0.5","tip_amount":"8.3","tolls_amount":"8.25","improvement_surcharge":"0.3","total_amount":"49.85","congestion_surcharge":""},{"VendorID":"1","tpep_pickup_datetime":"2023-07-24 14:51:57","tpep_dropoff_datetime":"2023-10-29 15:06:59","passenger_count":"1","trip_distance":"1.00","RatecodeID":"1","store_and_fwd_flag":"N","PULocationID":"237","DOLocationID":"140","payment_type":"1","fare_amount":"10.5","extra":"0","mta_tax":"0.5","tip_amount":"0.06","tolls_amount":"0","improvement_surcharge":"0.3","total_amount":"11.36","congestion_surcharge":""},{"VendorID":"4","tpep_pickup_datetime":"2023-03-21 14:09:53","tpep_dropoff_datetime":"2023-01-29 14:18:03","passenger_count":"1","trip_distance":"1.16","RatecodeID":"1","store_and_fwd_flag":"N","PULocationID":"163","DOLocationID":"239","payment_type":"1","fare_amount":"7","extra":"0","mta_tax":"0.5","tip_amount":"1.56","tolls_amount":"0","improvement_surcharge":"0.3","total_amount":"9.36","congestion_surcharge":""},{"VendorID":"4","tpep_pickup_datetime":"2023-12-08 14:26:48","tpep_dropoff_datetime":"2023-03-10 14:44:37","passenger_count":"1","trip_distance":"2.01","RatecodeID":"1","store_and_fwd_flag":"N","PULocationID":"239","DOLocationID":"239","payment_type":"2","fare_amount":"12.5","extra":"0","mta_tax":"0.5","tip_amount":"0","tolls_amount":"0","improvement_surcharge":"0.3","total_amount":"13.3","congestion_surcharge":""},{"VendorID":"1","tpep_pickup_datetime":"2024-01-21 14:30:36","tpep_dropoff_datetime":"2023-11-17 14:39:22","passenger_count":"1","trip_distance":"1.50","RatecodeID":"1","store_and_fwd_flag":"N","PULocationID":"246","DOLocationID":"125","payment_type":"1","fare_amount":"8.5","extra":"0","mta_tax":"0.5","tip_amount":"1.85","tolls_amount":"0","improvement_surcharge":"0.3","total_amount":"11.15","congestion_surcharge":""},{"VendorID":"1","tpep_pickup_datetime":"2023-08-04 14:58:19","tpep_dropoff_datetime":"2023-10-02 15:00:24","passenger_count":"2","trip_distance":".30","RatecodeID":"1","store_and_fwd_flag":"N","PULocationID":"88","DOLocationID":"87","payment_type":"2","fare_amount":"3.5","extra":"0","mta_tax":"0.5","tip_amount":"0","tolls_amount":"0","improvement_surcharge":"0.3","total_amount":"4.3","congestion_surcharge":""},{"VendorID":"2","tpep_pickup_datetime":"2023-08-15 14:08:18","tpep_dropoff_datetime":"2023-08-11 14:13:57","passenger_count":"1","trip_distance":".86","RatecodeID":"1","store_and_fwd_flag":"N","PULocationID":"246","DOLocationID":"68","payment_type":"1","fare_amount":"6","extra":"0","mta_tax":"0.5","tip_amount":"1.36","tolls_amount":"0","improvement_surcharge":"0.3","total_amount":"8.16","congestion_surcharge":""},{"VendorID":"2","tpep_pickup_datetime":"2023-01-03 14:37:18","tpep_dropoff_datetime":"2024-02-05 15:10:36","passenger_count":"1","trip_distance":"5.61","RatecodeID":"1","store_and_fwd_flag":"N","PULocationID":"134","DOLocationID":"132","payment_type":"2","fare_amount":"27.5","extra":"0","mta_tax":"0.5","tip_amount":"0","tolls_amount":"0","improvement_surcharge":"0.3","total_amount":"28.3","congestion_surcharge":""},{"VendorID":"2","tpep_pickup_datetime":"2023-01-01 14:50:09","tpep_dropoff_datetime":"2023-12-17 15:13:47","passenger_count":"1","trip_distance":"15.24","RatecodeID":"1","store_and_fwd_flag":"N","PULocationID":"132","DOLocationID":"29","payment_type":"1","fare_amount":"41","extra":"0","mta_tax":"0.5","tip_amount":"8.36","tolls_amount":"0","improvement_surcharge":"0.3","total_amount":"50.16","congestion_surcharge":""},{"VendorID":"2","tpep_pickup_datetime":"2023-10-30 14:37:58","tpep_dropoff_datetime":"2023-06-18 14:37:58","passenger_count":"1","trip_distance":".00","RatecodeID":"5","store_and_fwd_flag":"N","PULocationID":"264","DOLocationID":"138","payment_type":"1","fare_amount":"48","extra":"0","mta_tax":"0.5","tip_amount":"5","tolls_amount":"0","improvement_surcharge":"0","total_amount":"53.5","congestion_surcharge":""},{"VendorID":"1","tpep_pickup_datetime":"2023-03-30 14:02:43","tpep_dropoff_datetime":"2023-05-09 14:19:57","passenger_count":"1","trip_distance":"2.70","RatecodeID":"1","store_and_fwd_flag":"N","PULocationID":"125","DOLocationID":"100","payment_type":"1","fare_amount":"13","extra":"0","mta_tax":"0.5","tip_amount":"2.75","tolls_amount":"0","improvement_surcharge":"0.3","total_amount":"16.55","congestion_surcharge":""},{"VendorID":"1","tpep_pickup_datetime":"2024-02-02 14:34:38","tpep_dropoff_datetime":"2023-05-19 14:45:38","passenger_count":"1","trip_distance":"2.30","RatecodeID":"1","store_and_fwd_flag":"N","PULocationID":"158","DOLocationID":"13","payment_type":"1","fare_amount":"10","extra":"0","mta_tax":"0.5","tip_amount":"0","tolls_amount":"0","improvement_surcharge":"0.3","total_amount":"10.8","congestion_surcharge":""},{"VendorID":"1","tpep_pickup_datetime":"2023-05-11 14:55:49","tpep_dropoff_datetime":"2023-08-11 15:06:27","passenger_count":"1","trip_distance":"1.30","RatecodeID":"1","store_and_fwd_flag":"N","PULocationID":"125","DOLocationID":"113","payment_type":"2","fare_amount":"8.5","extra":"0","mta_tax":"0.5","tip_amount":"0","tolls_amount":"0","improvement_surcharge":"0.3","total_amount":"9.3","congestion_surcharge":""},{"VendorID":"1","tpep_pickup_datetime":"2023-11-24 14:14:44","tpep_dropoff_datetime":"2024-01-25 14:41:40","passenger_count":"1","trip_distance":"3.00","RatecodeID":"1","store_and_fwd_flag":"N","PULocationID":"45","DOLocationID":"100","payment_type":"2","fare_amount":"17.5","extra":"0","mta_tax":"0.5","tip_amount":"0","tolls_amount":"0","improvement_surcharge":"0.3","total_amount":"18.3","congestion_surcharge":""},{"VendorID":"1","tpep_pickup_datetime":"2023-03-03 14:42:40","tpep_dropoff_datetime":"2024-02-04 14:50:06","passenger_count":"1","trip_distance":"1.00","RatecodeID":"1","store_and_fwd_flag":"N","PULocationID":"100","DOLocationID":"161","payment_type":"2","fare_amount":"7","extra":"0","mta_tax":"0.5","tip_amount":"0","tolls_amount":"0","improvement_surcharge":"0.3","total_amount":"7.8","congestion_surcharge":""},{"VendorID":"2","tpep_pickup_datetime":"2023-09-20 14:04:34","tpep_dropoff_datetime":"2023-07-11 14:23:08","passenger_count":"1","trip_distance":"2.24","RatecodeID":"1","store_and_fwd_flag":"N","PULocationID":"43","DOLocationID":"162","payment_type":"1","fare_amount":"13.5","extra":"0","mta_tax":"0.5","tip_amount":"2.86","tolls_amount":"0","improvement_surcharge":"0.3","total_amount":"17.16","congestion_surcharge":""},{"VendorID":"2","tpep_pickup_datetime":"2023-03-18 14:41:10","tpep_dropoff_datetime":"2023-07-23 14:50:03","passenger_count":"1","trip_distance":"1.59","RatecodeID":"1","store_and_fwd_flag":"N","PULocationID":"162","DOLocationID":"162","payment_type":"1","fare_amount":"8","extra":"0","mta_tax":"0.5","tip_amount":"2.2","tolls_amount":"0","improvement_surcharge":"0.3","total_amount":"11","congestion_surcharge":""},{"VendorID":"2","tpep_pickup_datetime":"2023-10-01 14:01:41","tpep_dropoff_datetime":"2023-07-30 14:41:22","passenger_count":"1","trip_distance":"19.23","RatecodeID":"5","store_and_fwd_flag":"N","PULocationID":"137","DOLocationID":"150","payment_type":"1","fare_amount":"51.68","extra":"0","mta_tax":"0.5","tip_amount":"0","tolls_amount":"5.76","improvement_surcharge":"0.3","total_amount":"58.24","congestion_surcharge":""},{"VendorID":"1","tpep_pickup_datetime":"2023-12-12 14:10:57","tpep_dropoff_datetime":"2023-11-30 14:38:50","passenger_count":"1","trip_distance":"5.90","RatecodeID":"1","store_and_fwd_flag":"N","PULocationID":"239","DOLocationID":"211","payment_type":"2","fare_amount":"23","extra":"0","mta_tax":"0.5","tip_amount":"0","tolls_amount":"0","improvement_surcharge":"0.3","total_amount":"23.8","congestion_surcharge":""},{"VendorID":"1","tpep_pickup_datetime":"2023-07-31 14:44:46","tpep_dropoff_datetime":"2023-02-22 14:53:14","passenger_count":"1","trip_distance":"1.60","RatecodeID":"1","store_and_fwd_flag":"N","PULocationID":"125","DOLocationID":"234","payment_type":"2","fare_amount":"8","extra":"0","mta_tax":"0.5","tip_amount":"0","tolls_amount":"0","improvement_surcharge":"0.3","total_amount":"8.8","congestion_surcharge":""},{"VendorID":"1","tpep_pickup_datetime":"2023-07-01 14:55:56","tpep_dropoff_datetime":"2023-01-19 15:12:12","passenger_count":"1","trip_distance":"1.60","RatecodeID":"1","store_and_fwd_flag":"N","PULocationID":"164","DOLocationID":"48","payment_type":"1","fare_amount":"11","extra":"0","mta_tax":"0.5","tip_amount":"2.35","tolls_amount":"0","improvement_surcharge":"0.3","total_amount":"14.15","congestion_surcharge":""},{"VendorID":"2","tpep_pickup_datetime":"2023-11-22 14:03:18","tpep_dropoff_datetime":"2023-05-26 14:32:01","passenger_count":"2","trip_distance":"11.06","RatecodeID":"1","store_and_fwd_flag":"N","PULocationID":"230","DOLocationID":"138","payment_type":"1","fare_amount":"33.5","extra":"0","mta_tax":"0.5","tip_amount":"8.01","tolls_amount":"5.76","improvement_surcharge":"0.3","total_amount":"48.07","congestion_surcharge":""},{"VendorID":"2","tpep_pickup_datetime":"2023-08-09 14:07:09","tpep_dropoff_datetime":"2023-06-24 14:19:26","passenger_count":"6","trip_distance":"2.33","RatecodeID":"1","store_and_fwd_flag":"N","PULocationID":"43","DOLocationID":"48","payment_type":"1","fare_amount":"10.5","extra":"0","mta_tax":"0.5","tip_amount":"3.39","tolls_amount":"0","improvement_surcharge":"0.3","total_amount":"14.69","congestion_surcharge":""},{"VendorID":"2","tpep_pickup_datetime":"2023-09-15 14:37:31","tpep_dropoff_datetime":"2024-01-14 15:00:36","passenger_count":"6","trip_distance":"3.34","RatecodeID":"1","store_and_fwd_flag":"N","PULocationID":"100","DOLocationID":"75","payment_type":"1","fare_amount":"16","extra":"0","mta_tax":"0.5","tip_amount":"3.36","tolls_amount":"0","improvement_surcharge":"0.3","total_amount":"20.16","congestion_surcharge":""},{"VendorID":"2","tpep_pickup_datetime":"2024-01-15 14:09:05","tpep_dropoff_datetime":"2023-08-23 14:29:13","passenger_count":"1","trip_distance":"2.61","RatecodeID":"1","store_and_fwd_flag":"N","PULocationID":"142","DOLocationID":"170","payment_type":"1","fare_amount":"14","extra":"0","mta_tax":"0.5","tip_amount":"2.22","tolls_amount":"0","improvement_surcharge":"0.3","total_amount":"17.02","congestion_surcharge":""},{"VendorID":"2","tpep_pickup_datetime":"2024-01-07 14:37:58","tpep_dropoff_datetime":"2023-11-03 14:48:37","passenger_count":"1","trip_distance":"1.18","RatecodeID":"1","store_and_fwd_flag":"N","PULocationID":"234","DOLocationID":"234","payment_type":"2","fare_amount":"8.5","extra":"0","mta_tax":"0.5","tip_amount":"0","tolls_amount":"0","improvement_surcharge":"0.3","total_amount":"9.3","congestion_surcharge":""},{"VendorID":"2","tpep_pickup_datetime":"2023-03-19 14:49:39","tpep_dropoff_datetime":"2023-07-27 15:02:51","passenger_count":"1","trip_distance":"2.03","RatecodeID":"1","store_and_fwd_flag":"N","PULocationID":"234","DOLocationID":"232","payment_type":"1","fare_amount":"10.5","extra":"0","mta_tax":"0.5","tip_amount":"2.26","tolls_amount":"0","improvement_surcharge":"0.3","total_amount":"13.56","congestion_surcharge":""},{"VendorID":"2","tpep_pickup_datetime":"2023-12-10 14:38:26","tpep_dropoff_datetime":"2023-05-11 14:34:44","passenger_count":"1","trip_distance":"1.31","RatecodeID":"1","store_and_fwd_flag":"N","PULocationID":"170","DOLocationID":"141","payment_type":"2","fare_amount":"13.5","extra":"0","mta_tax":"0.5","tip_amount":"0","tolls_amount":"0","improvement_surcharge":"0.3","total_amount":"14.3","congestion_surcharge":""},{"VendorID":"1","tpep_pickup_datetime":"2023-12-16 14:15:26","tpep_dropoff_datetime":"2023-11-08 14:25:51","passenger_count":"1","trip_distance":"1.60","RatecodeID":"1","store_and_fwd_flag":"N","PULocationID":"237","DOLocationID":"142","payment_type":"1","fare_amount":"9","extra":"0","mta_tax":"0.5","tip_amount":"2.45","tolls_amount":"0","improvement_surcharge":"0.3","total_amount":"12.25","congestion_surcharge":""},{"VendorID":"1","tpep_pickup_datetime":"2023-05-19 14:39:00","tpep_dropoff_datetime":"2023-07-13 14:45:44","passenger_count":"1","trip_distance":"1.00","RatecodeID":"1","store_and_fwd_flag":"N","PULocationID":"142","DOLocationID":"239","payment_type":"1","fare_amount":"6.5","extra":"0","mta_tax":"0.5","tip_amount":"1.46","tolls_amount":"0","improvement_surcharge":"0.3","total_amount":"8.76","congestion_surcharge":""},{"VendorID":"1","tpep_pickup_datetime":"2023-02-15 14:51:50","tpep_dropoff_datetime":"2023-06-23 15:05:47","passenger_count":"1","trip_distance":"2.00","RatecodeID":"1","store_and_fwd_flag":"N","PULocationID":"142","DOLocationID":"162","payment_type":"1","fare_amount":"11","extra":"0","mta_tax":"0.5","tip_amount":"2","tolls_amount":"0","improvement_surcharge":"0.3","total_amount":"13.8","congestion_surcharge":""},{"VendorID":"2","tpep_pickup_datetime":"2023-12-10 14:18:18","tpep_dropoff_datetime":"2023-11-02 14:33:09","passenger_count":"1","trip_distance":"2.73","RatecodeID":"1","store_and_fwd_flag":"N","PULocationID":"140","DOLocationID":"137","payment_type":"2","fare_amount":"13","extra":"0","mta_tax":"0.5","tip_amount":"0","tolls_amount":"0","improvement_surcharge":"0.3","total_amount":"13.8","congestion_surcharge":""},{"VendorID":"2","tpep_pickup_datetime":"2023-01-03 14:41:56","tpep_dropoff_datetime":"2023-05-24 14:55:07","passenger_count":"1","trip_distance":"1.41","RatecodeID":"1","store_and_fwd_flag":"N","PULocationID":"233","DOLocationID":"48","payment_type":"1","fare_amount":"9.5","extra":"0","mta_tax":"0.5","tip_amount":"0.52","tolls_amount":"0","improvement_surcharge":"0.3","total_amount":"10.82","congestion_surcharge":""},{"VendorID":"1","tpep_pickup_datetime":"2023-07-13 14:00:38","tpep_dropoff_datetime":"2023-08-25 14:13:37","passenger_count":"1","trip_distance":"4.90","RatecodeID":"1","store_and_fwd_flag":"N","PULocationID":"239","DOLocationID":"244","payment_type":"1","fare_amount":"16.5","extra":"0","mta_tax":"0.5","tip_amount":"3.46","tolls_amount":"0","improvement_surcharge":"0.3","total_amount":"20.76","congestion_surcharge":""},{"VendorID":"1","tpep_pickup_datetime":"2023-04-16 14:21:02","tpep_dropoff_datetime":"2023-06-29 14:35:20","passenger_count":"2","trip_distance":"2.90","RatecodeID":"1","store_and_fwd_flag":"N","PULocationID":"244","DOLocationID":"238","payment_type":"1","fare_amount":"13","extra":"0","mta_tax":"0.5","tip_amount":"2.75","tolls_amount":"0","improvement_surcharge":"0.3","total_amount":"16.55","congestion_surcharge":""},{"VendorID":"1","tpep_pickup_datetime":"2023-10-07 14:41:30","tpep_dropoff_datetime":"2023-12-26 14:50:43","passenger_count":"2","trip_distance":".90","RatecodeID":"1","store_and_fwd_flag":"N","PULocationID":"239","DOLocationID":"236","payment_type":"2","fare_amount":"7.5","extra":"0","mta_tax":"0.5","tip_amount":"0","tolls_amount":"0","improvement_surcharge":"0.3","total_amount":"8.3","congestion_surcharge":""},{"VendorID":"1","tpep_pickup_datetime":"2023-11-02 14:51:33","tpep_dropoff_datetime":"2023-04-04 14:55:10","passenger_count":"1","trip_distance":".80","RatecodeID":"1","store_and_fwd_flag":"N","PULocationID":"236","DOLocationID":"262","payment_type":"1","fare_amount":"4.5","extra":"0","mta_tax":"0.5","tip_amount":"1.06","tolls_amount":"0","improvement_surcharge":"0.3","total_amount":"6.36","congestion_surcharge":""},{"VendorID":"1","tpep_pickup_datetime":"2024-01-19 14:10:30","tpep_dropoff_datetime":"2024-02-04 14:26:48","passenger_count":"1","trip_distance":"4.40","RatecodeID":"1","store_and_fwd_flag":"N","PULocationID":"87","DOLocationID":"195","payment_type":"1","fare_amount":"16.5","extra":"0","mta_tax":"0.5","tip_amount":"3.46","tolls_amount":"5.76","improvement_surcharge":"0.3","total_amount":"26.52","congestion_surcharge":""},{"VendorID":"2","tpep_pickup_datetime":"2023-04-17 14:08:56","tpep_dropoff_datetime":"2023-05-15 14:25:44","passenger_count":"1","trip_distance":"3.50","RatecodeID":"1","store_and_fwd_flag":"N","PULocationID":"107","DOLocationID":"141","payment_type":"1","fare_amount":"14.5","extra":"0","mta_tax":"0.5","tip_amount":"3.06","tolls_amount":"0","improvement_surcharge":"0.3","total_amount":"18.36","congestion_surcharge":""},{"VendorID":"2","tpep_pickup_datetime":"2023-03-18 14:39:27","tpep_dropoff_datetime":"2023-05-17 14:53:40","passenger_count":"1","trip_distance":"2.67","RatecodeID":"1","store_and_fwd_flag":"N","PULocationID":"226","DOLocationID":"7","payment_type":"1","fare_amount":"11.5","extra":"0","mta_tax":"0.5","tip_amount":"1","tolls_amount":"0","improvement_surcharge":"0.3","total_amount":"13.3","congestion_surcharge":""},{"VendorID":"2","tpep_pickup_datetime":"2023-02-23 14:07:25","tpep_dropoff_datetime":"2023-02-18 14:22:01","passenger_count":"1","trip_distance":"1.80","RatecodeID":"1","store_and_fwd_flag":"N","PULocationID":"161","DOLocationID":"246","payment_type":"1","fare_amount":"10.5","extra":"0","mta_tax":"0.5","tip_amount":"2.26","tolls_amount":"0","improvement_surcharge":"0.3","total_amount":"13.56","congestion_surcharge":""},{"VendorID":"2","tpep_pickup_datetime":"2023-05-19 14:29:02","tpep_dropoff_datetime":"2024-01-27 14:38:23","passenger_count":"1","trip_distance":"1.33","RatecodeID":"1","store_and_fwd_flag":"N","PULocationID":"50","DOLocationID":"163","payment_type":"1","fare_amount":"8","extra":"0","mta_tax":"0.5","tip_amount":"2.2","tolls_amount":"0","improvement_surcharge":"0.3","total_amount":"11","congestion_surcharge":""},{"VendorID":"2","tpep_pickup_datetime":"2023-07-27 14:40:14","tpep_dropoff_datetime":"2024-01-24 14:49:22","passenger_count":"1","trip_distance":"1.05","RatecodeID":"1","store_and_fwd_flag":"N","PULocationID":"163","DOLocationID":"237","payment_type":"1","fare_amount":"7.5","extra":"0","mta_tax":"0.5","tip_amount":"2.08","tolls_amount":"0","improvement_surcharge":"0.3","total_amount":"10.38","congestion_surcharge":""},{"VendorID":"2","tpep_pickup_datetime":"2024-02-05 14:52:46","tpep_dropoff_datetime":"2023-03-07 15:01:48","passenger_count":"1","trip_distance":"1.59","RatecodeID":"1","store_and_fwd_flag":"N","PULocationID":"237","DOLocationID":"236","payment_type":"1","fare_amount":"8","extra":"0","mta_tax":"0.5","tip_amount":"1.76","tolls_amount":"0","improvement_surcharge":"0.3","total_amount":"10.56","congestion_surcharge":""},{"VendorID":"2","tpep_pickup_datetime":"2023-01-03 14:02:34","tpep_dropoff_datetime":"2023-08-17 14:14:44","passenger_count":"3","trip_distance":"1.90","RatecodeID":"1","store_and_fwd_flag":"N","PULocationID":"238","DOLocationID":"237","payment_type":"1","fare_amount":"10","extra":"0","mta_tax":"0.5","tip_amount":"1.25","tolls_amount":"0","improvement_surcharge":"0.3","total_amount":"12.05","congestion_surcharge":""},{"VendorID":"2","tpep_pickup_datetime":"2023-10-15 14:23:51","tpep_dropoff_datetime":"2023-07-26 14:30:24","passenger_count":"4","trip_distance":"1.08","RatecodeID":"1","store_and_fwd_flag":"N","PULocationID":"43","DOLocationID":"237","payment_type":"1","fare_amount":"6.5","extra":"0","mta_tax":"0.5","tip_amount":"1.46","tolls_amount":"0","improvement_surcharge":"0.3","total_amount":"8.76","congestion_surcharge":""},{"VendorID":"2","tpep_pickup_datetime":"2023-12-29 14:40:10","tpep_dropoff_datetime":"2023-02-14 15:01:31","passenger_count":"3","trip_distance":"3.28","RatecodeID":"1","store_and_fwd_flag":"N","PULocationID":"237","DOLocationID":"114","payment_type":"1","fare_amount":"15","extra":"0","mta_tax":"0.5","tip_amount":"3.16","tolls_amount":"0","improvement_surcharge":"0.3","total_amount":"18.96","congestion_surcharge":""},{"VendorID":"1","tpep_pickup_datetime":"2023-08-31 14:25:26","tpep_dropoff_datetime":"2023-12-31 14:41:28","passenger_count":"1","trip_distance":"2.10","RatecodeID":"1","store_and_fwd_flag":"N","PULocationID":"163","DOLocationID":"236","payment_type":"1","fare_amount":"12.5","extra":"0","mta_tax":"0.5","tip_amount":"2.65","tolls_amount":"0","improvement_surcharge":"0.3","total_amount":"15.95","congestion_surcharge":""},{"VendorID":"1","tpep_pickup_datetime":"2023-01-23 14:46:31","tpep_dropoff_datetime":"2023-04-23 15:07:52","passenger_count":"1","trip_distance":"2.60","RatecodeID":"1","store_and_fwd_flag":"N","PULocationID":"237","DOLocationID":"186","payment_type":"1","fare_amount":"14.5","extra":"0","mta_tax":"0.5","tip_amount":"6","tolls_amount":"0","improvement_surcharge":"0.3","total_amount":"21.3","congestion_surcharge":""},{"VendorID":"4","tpep_pickup_datetime":"2023-09-01 14:15:22","tpep_dropoff_datetime":"2023-02-21 14:19:38","passenger_count":"1","trip_distance":".80","RatecodeID":"1","store_and_fwd_flag":"N","PULocationID":"142","DOLocationID":"239","payment_type":"1","fare_amount":"5","extra":"0","mta_tax":"0.5","tip_amount":"1.16","tolls_amount":"0","improvement_surcharge":"0.3","total_amount":"6.96","congestion_surcharge":""},{"VendorID":"4","tpep_pickup_datetime":"2023-11-08 14:43:54","tpep_dropoff_datetime":"2023-06-27 15:01:07","passenger_count":"1","trip_distance":"2.45","RatecodeID":"1","store_and_fwd_flag":"N","PULocationID":"186","DOLocationID":"141","payment_type":"2","fare_amount":"12.5","extra":"0","mta_tax":"0.5","tip_amount":"0","tolls_amount":"0","improvement_surcharge":"0.3","total_amount":"13.3","congestion_surcharge":""},{"VendorID":"1","tpep_pickup_datetime":"2024-01-12 14:45:32","tpep_dropoff_datetime":"2023-11-25 15:25:49","passenger_count":"2","trip_distance":"18.00","RatecodeID":"2","store_and_fwd_flag":"N","PULocationID":"132","DOLocationID":"230","payment_type":"2","fare_amount":"52","extra":"0","mta_tax":"0.5","tip_amount":"0","tolls_amount":"5.76","improvement_surcharge":"0.3","total_amount":"58.56","congestion_surcharge":""},{"VendorID":"2","tpep_pickup_datetime":"2023-11-23 14:05:52","tpep_dropoff_datetime":"2023-09-08 14:18:07","passenger_count":"1","trip_distance":"3.10","RatecodeID":"1","store_and_fwd_flag":"N","PULocationID":"263","DOLocationID":"145","payment_type":"1","fare_amount":"12","extra":"0","mta_tax":"0.5","tip_amount":"1","tolls_amount":"0","improvement_surcharge":"0.3","total_amount":"13.8","congestion_surcharge":""},{"VendorID":"2","tpep_pickup_datetime":"2023-09-06 14:35:01","tpep_dropoff_datetime":"2023-03-16 14:43:28","passenger_count":"1","trip_distance":"1.03","RatecodeID":"1","store_and_fwd_flag":"N","PULocationID":"141","DOLocationID":"236","payment_type":"2","fare_amount":"7","extra":"0","mta_tax":"0.5","tip_amount":"0","tolls_amount":"0","improvement_surcharge":"0.3","total_amount":"7.8","congestion_surcharge":""},{"VendorID":"2","tpep_pickup_datetime":"2023-01-21 14:46:13","tpep_dropoff_datetime":"2023-01-25 14:58:22","passenger_count":"1","trip_distance":"1.50","RatecodeID":"1","store_and_fwd_flag":"N","PULocationID":"236","DOLocationID":"238","payment_type":"1","fare_amount":"9.5","extra":"0","mta_tax":"0.5","tip_amount":"1.7","tolls_amount":"0","improvement_surcharge":"0.3","total_amount":"12","congestion_surcharge":""},{"VendorID":"1","tpep_pickup_datetime":"2023-11-23 14:07:41","tpep_dropoff_datetime":"2023-07-31 14:11:25","passenger_count":"1","trip_distance":".60","RatecodeID":"1","store_and_fwd_flag":"Y","PULocationID":"68","DOLocationID":"68","payment_type":"2","fare_amount":"4.5","extra":"0.5","mta_tax":"0.5","tip_amount":"0","tolls_amount":"0","improvement_surcharge":"0.3","total_amount":"5.8","congestion_surcharge":""},{"VendorID":"1","tpep_pickup_datetime":"2023-05-01 14:25:05","tpep_dropoff_datetime":"2023-08-09 14:32:56","passenger_count":"1","trip_distance":".70","RatecodeID":"1","store_and_fwd_flag":"N","PULocationID":"163","DOLocationID":"161","payment_type":"1","fare_amount":"6.5","extra":"0.5","mta_tax":"0.5","tip_amount":"1.95","tolls_amount":"0","improvement_surcharge":"0.3","total_amount":"9.75","congestion_surcharge":""},{"VendorID":"1","tpep_pickup_datetime":"2024-02-02 14:49:16","tpep_dropoff_datetime":"2023-02-14 15:09:03","passenger_count":"1","trip_distance":"2.80","RatecodeID":"1","store_and_fwd_flag":"Y","PULocationID":"161","DOLocationID":"125","payment_type":"1","fare_amount":"14","extra":"0.5","mta_tax":"0.5","tip_amount":"3","tolls_amount":"0","improvement_surcharge":"0.3","total_amount":"18.3","congestion_surcharge":""},{"VendorID":"2","tpep_pickup_datetime":"2024-01-31 14:18:56","tpep_dropoff_datetime":"2023-07-07 15:05:12","passenger_count":"1","trip_distance":"16.92","RatecodeID":"2","store_and_fwd_flag":"N","PULocationID":"132","DOLocationID":"229","payment_type":"1","fare_amount":"52","extra":"0","mta_tax":"0.5","tip_amount":"10.56","tolls_amount":"0","improvement_surcharge":"0.3","total_amount":"63.36","congestion_surcharge":""},{"VendorID":"1","tpep_pickup_datetime":"2024-02-03 14:16:03","tpep_dropoff_datetime":"2023-06-18 14:27:19","passenger_count":"1","trip_distance":"1.50","RatecodeID":"1","store_and_fwd_flag":"N","PULocationID":"239","DOLocationID":"163","payment_type":"1","fare_amount":"8.5","extra":"0","mta_tax":"0.5","tip_amount":"0","tolls_amount":"0","improvement_surcharge":"0.3","total_amount":"9.3","congestion_surcharge":""},{"VendorID":"1","tpep_pickup_datetime":"2023-03-20 14:35:41","tpep_dropoff_datetime":"2023-09-22 14:44:15","passenger_count":"1","trip_distance":".50","RatecodeID":"1","store_and_fwd_flag":"N","PULocationID":"100","DOLocationID":"186","payment_type":"2","fare_amount":"6.5","extra":"0","mta_tax":"0.5","tip_amount":"0","tolls_amount":"0","improvement_surcharge":"0.3","total_amount":"7.3","congestion_surcharge":""},{"VendorID":"1","tpep_pickup_datetime":"2023-12-19 14:49:50","tpep_dropoff_datetime":"2023-12-19 14:56:58","passenger_count":"1","trip_distance":".60","RatecodeID":"1","store_and_fwd_flag":"N","PULocationID":"100","DOLocationID":"186","payment_type":"2","fare_amount":"6","extra":"0","mta_tax":"0.5","tip_amount":"0","tolls_amount":"0","improvement_surcharge":"0.3","total_amount":"6.8","congestion_surcharge":""},{"VendorID":"2","tpep_pickup_datetime":"2023-10-31 14:53:40","tpep_dropoff_datetime":"2023-01-11 15:05:56","passenger_count":"5","trip_distance":"1.44","RatecodeID":"1","store_and_fwd_flag":"N","PULocationID":"186","DOLocationID":"161","payment_type":"2","fare_amount":"9.5","extra":"0","mta_tax":"0.5","tip_amount":"0","tolls_amount":"0","improvement_surcharge":"0.3","total_amount":"10.3","congestion_surcharge":""},{"VendorID":"2","tpep_pickup_datetime":"2023-03-27 14:04:17","tpep_dropoff_datetime":"2023-02-04 14:25:01","passenger_count":"5","trip_distance":"9.44","RatecodeID":"1","store_and_fwd_flag":"N","PULocationID":"138","DOLocationID":"97","payment_type":"2","fare_amount":"27.5","extra":"0","mta_tax":"0.5","tip_amount":"0","tolls_amount":"0","improvement_surcharge":"0.3","total_amount":"28.3","congestion_surcharge":""}]