[{"VendorID":"2","tpep_pickup_datetime":"2023-02-23 20:42:22","tpep_dropoff_datetime":"2023-08-18 20:44:56","passenger_count":"1","trip_distance":".24","RatecodeID":"1","store_and_fwd_flag":"N","PULocationID":"79","DOLocationID":"148","payment_type":"1","fare_amount":"3.5","extra":"0.5","mta_tax":"0.5","tip_amount":"0.96","tolls_amount":"0","improvement_surcharge":"0.3","total_amount":"5.76","congestion_surcharge":""},{"VendorID":"2","tpep_pickup_datetime":"2023-05-29 20:48:39","tpep_dropoff_datetime":"2024-01-07 21:03:46","passenger_count":"1","trip_distance":"2.36","RatecodeID":"1","store_and_fwd_flag":"N","PULocationID":"148","DOLocationID":"68","payment_type":"1","fare_amount":"11.5","extra":"0.5","mta_tax":"0.5","tip_amount":"2.56","tolls_amount":"0","improvement_surcharge":"0.3","total_amount":"15.36","congestion_surcharge":""},{"VendorID":"1","tpep_pickup_datetime":"2023-03-12 20:03:19","tpep_dropoff_datetime":"2023-03-23 20:23:23","passenger_count":"2","trip_distance":"8.00","RatecodeID":"1","store_and_fwd_flag":"N","PULocationID":"138","DOLocationID":"15","payment_type":"2","fare_amount":"24","extra":"0.5","mta_tax":"0.5","tip_amount":"0","tolls_amount":"0","improvement_surcharge":"0.3","total_amount":"25.3","congestion_surcharge":""},{"VendorID":"2","tpep_pickup_datetime":"2023-01-28 20:11:02","tpep_dropoff_datetime":"2023-10-14 20:24:38","passenger_count":"1","trip_distance":"2.43","RatecodeID":"1","store_and_fwd_flag":"N","PULocationID":"87","DOLocationID":"79","payment_type":"1","fare_amount":"11","extra":"0.5","mta_tax":"0.5","tip_amount":"2.46","tolls_amount":"0","improvement_surcharge":"0.3","total_amount":"14.76","congestion_surcharge":""},{"VendorID":"2","tpep_pickup_datetime":"2023-10-23 20:32:39","tpep_dropoff_datetime":"2023-12-30 20:37:29","passenger_count":"1","trip_distance":"1.12","RatecodeID":"1","store_and_fwd_flag":"N","PULocationID":"211","DOLocationID":"107","payment_type":"2","fare_amount":"6","extra":"0.5","mta_tax":"0.5","tip_amount":"0","tolls_amount":"0","improvement_surcharge":"0.3","total_amount":"7.3","congestion_surcharge":""},{"VendorID":"2","tpep_pickup_datetime":"2023-06-17 20:42:01","tpep_dropoff_datetime":"2023-04-15 20:48:37","passenger_count":"1","trip_distance":".98","RatecodeID":"1","store_and_fwd_flag":"N","PULocationID":"113","DOLocationID":"144","payment_type":"1","fare_amount":"6","extra":"0.5","mta_tax":"0.5","tip_amount":"1","tolls_amount":"0","improvement_surcharge":"0.3","total_amount":"8.3","congestion_surcharge":""},{"VendorID":"2","tpep_pickup_datetime":"2024-01-18 20:09:12","tpep_dropoff_datetime":"2023-08-05 20:20:06","passenger_count":"1","trip_distance":"1.83","RatecodeID":"1","store_and_fwd_flag":"N","PULocationID":"143","DOLocationID":"229","payment_type":"1","fare_amount":"8.5","extra":"0.5","mta_tax":"0.5","tip_amount":"2.2","tolls_amount":"0","improvement_surcharge":"0.3","total_amount":"12","congestion_surcharge":""},{"VendorID":"2","tpep_pickup_datetime":"2023-01-11 20:35:04","tpep_dropoff_datetime":"2023-01-27 20:44:23","passenger_count":"1","trip_distance":"1.97","RatecodeID":"1","store_and_fwd_flag":"N","PULocationID":"162","DOLocationID":"236","payment_type":"1","fare_amount":"9.5","extra":"0.5","mta_tax":"0.5","tip_amount":"2.16","tolls_amount":"0","improvement_surcharge":"0.3","total_amount":"12.96","congestion_surcharge":""},{"VendorID":"2","tpep_pickup_datetime":"2023-04-06 20:59:20","tpep_dropoff_datetime":"2023-10-04 21:03:48","passenger_count":"1","trip_distance":"1.04","RatecodeID":"1","store_and_fwd_flag":"N","PULocationID":"162","DOLocationID":"170","payment_type":"1","fare_amount":"5.5","extra":"0.5","mta_tax":"0.5","tip_amount":"3","tolls_amount":"0","improvement_surcharge":"0.3","total_amount":"9.8","congestion_surcharge":""},{"VendorID":"1","tpep_pickup_datetime":"2023-07-24 20:01:49","tpep_dropoff_datetime":"2023-04-03 20:11:19","passenger_count":"1","trip_distance":"2.50","RatecodeID":"1","store_and_fwd_flag":"N","PULocationID":"231","DOLocationID":"25","payment_type":"1","fare_amount":"10.5","extra":"0.5","mta_tax":"0.5","tip_amount":"2.95","tolls_amount":"0","improvement_surcharge":"0.3","total_amount":"14.75","congestion_surcharge":""},{"VendorID":"1","tpep_pickup_datetime":"2023-03-05 20:25:26","tpep_dropoff_datetime":"2024-01-08 20:32:21","passenger_count":"1","trip_distance":"1.60","RatecodeID":"1","store_and_fwd_flag":"N","PULocationID":"87","DOLocationID":"249","payment_type":"1","fare_amount":"7.5","extra":"0.5","mta_tax":"0.5","tip_amount":"1.75","tolls_amount":"0","improvement_surcharge":"0.3","total_amount":"10.55","congestion_surcharge":""},{"VendorID":"1","tpep_pickup_datetime":"2023-11-30 20:46:36","tpep_dropoff_datetime":"2024-01-18 20:50:55","passenger_count":"1","trip_distance":".90","RatecodeID":"1","store_and_fwd_flag":"N","PULocationID":"107","DOLocationID":"170","payment_type":"1","fare_amount":"5.5","extra":"0.5","mta_tax":"0.5","tip_amount":"1.35","tolls_amount":"0","improvement_surcharge":"0.3","total_amount":"8.15","congestion_surcharge":""},{"VendorID":"2","tpep_pickup_datetime":"2023-03-05 20:16:51","tpep_dropoff_datetime":"2023-03-02 20:29:17","passenger_count":"1","trip_distance":"4.49","RatecodeID":"1","store_and_fwd_flag":"N","PULocationID":"107","DOLocationID":"87","payment_type":"2","fare_amount":"15","extra":"0.5","mta_tax":"0.5","tip_amount":"0","tolls_amount":"0","improvement_surcharge":"0.3","total_amount":"16.3","congestion_surcharge":""},{"VendorID":"2","tpep_pickup_datetime":"2023-03-28 20:57:33","tpep_dropoff_datetime":"2023-07-29 21:10:09","passenger_count":"1","trip_distance":"1.86","RatecodeID":"1","store_and_fwd_flag":"N","PULocationID":"229","DOLocationID":"48","payment_type":"1","fare_amount":"10","extra":"0.5","mta_tax":"0.5","tip_amount":"2.26","tolls_amount":"0","improvement_surcharge":"0.3","total_amount":"13.56","congestion_surcharge":""},{"VendorID":"2","tpep_pickup_datetime":"2023-11-10 20:04:05","tpep_dropoff_datetime":"2023-02-20 20:17:59","passenger_count":"3","trip_distance":"5.14","RatecodeID":"1","store_and_fwd_flag":"N","PULocationID":"79","DOLocationID":"33","payment_type":"2","fare_amount":"17","extra":"0.5","mta_tax":"0.5","tip_amount":"0","tolls_amount":"0","improvement_surcharge":"0.3","total_amount":"18.3","congestion_surcharge":""},{"VendorID":"2","tpep_pickup_datetime":"2023-04-25 20:18:48","tpep_dropoff_datetime":"2023-12-21 20:28:29","passenger_count":"3","trip_distance":"2.16","RatecodeID":"1","store_and_fwd_flag":"N","PULocationID":"33","DOLocationID":"148","payment_type":"1","fare_amount":"10","extra":"0.5","mta_tax":"0.5","tip_amount":"2","tolls_amount":"0","improvement_surcharge":"0.3","total_amount":"13.3","congestion_surcharge":""},{"VendorID":"2","tpep_pickup_datetime":"2023-05-11 20:38:52","tpep_dropoff_datetime":"2023-06-24 20:41:57","passenger_count":"2","trip_distance":".58","RatecodeID":"1","store_and_fwd_flag":"N","PULocationID":"79","DOLocationID":"107","payment_type":"1","fare_amount":"4.5","extra":"0.5","mta_tax":"0.5","tip_amount":"1.16","tolls_amount":"0","improvement_surcharge":"0.3","total_amount":"6.96","congestion_surcharge":""},{"VendorID":"2","tpep_pickup_datetime":"2023-10-09 20:03:39","tpep_dropoff_datetime":"2023-05-27 20:08:58","passenger_count":"1","trip_distance":"1.00","RatecodeID":"1","store_and_fwd_flag":"N","PULocationID":"262","DOLocationID":"140","payment_type":"1","fare_amount":"6","extra":"0.5","mta_tax":"0.5","tip_amount":"1.46","tolls_amount":"0","improvement_surcharge":"0.3","total_amount":"8.76","congestion_surcharge":""},{"VendorID":"2","tpep_pickup_datetime":"2023-03-29 20:50:33","tpep_dropoff_datetime":"2023-02-15 20:56:58","passenger_count":"1","trip_distance":"1.01","RatecodeID":"1","store_and_fwd_flag":"N","PULocationID":"79","DOLocationID":"234","payment_type":"1","fare_amount":"6","extra":"0.5","mta_tax":"0.5","tip_amount":"1.82","tolls_amount":"0","improvement_surcharge":"0.3","total_amount":"9.12","congestion_surcharge":""},{"VendorID":"2","tpep_pickup_datetime":"2023-09-30 20:38:54","tpep_dropoff_datetime":"2023-06-26 20:48:39","passenger_count":"2","trip_distance":"1.71","RatecodeID":"1","store_and_fwd_flag":"N","PULocationID":"137","DOLocationID":"4","payment_type":"1","fare_amount":"8.5","extra":"0.5","mta_tax":"0.5","tip_amount":"1.96","tolls_amount":"0","improvement_surcharge":"0.3","total_amount":"11.76","congestion_surcharge":""},{"VendorID":"2","tpep_pickup_datetime":"2023-07-01 20:52:07","tpep_dropoff_datetime":"2023-08-18 21:02:57","passenger_count":"2","trip_distance":"2.22","RatecodeID":"1","store_and_fwd_flag":"N","PULocationID":"79","DOLocationID":"233","payment_type":"1","fare_amount":"9.5","extra":"0.5","mta_tax":"0.5","tip_amount":"2.16","tolls_amount":"0","improvement_surcharge":"0.3","total_amount":"12.96","congestion_surcharge":""},{"VendorID":"2","tpep_pickup_datetime":"2023-04-03 20:02:58","tpep_dropoff_datetime":"2023-08-20 20:21:12","passenger_count":"1","trip_distance":"2.63","RatecodeID":"1","store_and_fwd_flag":"N","PULocationID":"237","DOLocationID":"107","payment_type":"1","fare_amount":"13.5","extra":"0.5","mta_tax":"0.5","tip_amount":"1","tolls_amount":"0","improvement_surcharge":"0.3","total_amount":"15.8","congestion_surcharge":""},{"VendorID":"2","tpep_pickup_datetime":"2023-07-01 20:29:41","tpep_dropoff_datetime":"2023-02-22 20:53:02","passenger_count":"1","trip_distance":"5.76","RatecodeID":"1","store_and_fwd_flag":"N","PULocationID":"79","DOLocationID":"151","payment_type":"1","fare_amount":"20.5","extra":"0.5","mta_tax":"0.5","tip_amount":"4.36","tolls_amount":"0","improvement_surcharge":"0.3","total_amount":"26.16","congestion_surcharge":""},{"VendorID":"2","tpep_pickup_datetime":"2024-01-23 20:54:55","tpep_dropoff_datetime":"2023-08-05 21:00:53","passenger_count":"1","trip_distance":"1.88","RatecodeID":"1","store_and_fwd_flag":"N","PULocationID":"238","DOLocationID":"143","payment_type":"2","fare_amount":"7","extra":"0.5","mta_tax":"0.5","tip_amount":"0","tolls_amount":"0","improvement_surcharge":"0.3","total_amount":"8.3","congestion_surcharge":""},{"VendorID":"2","tpep_pickup_datetime":"2023-02-15 20:33:30","tpep_dropoff_datetime":"2023-05-11 20:38:56","passenger_count":"5","trip_distance":".69","RatecodeID":"1","store_and_fwd_flag":"N","PULocationID":"237","DOLocationID":"237","payment_type":"1","fare_amount":"5.5","extra":"0.5","mta_tax":"0.5","tip_amount":"1.36","tolls_amount":"0","improvement_surcharge":"0.3","total_amount":"8.16","congestion_surcharge":""},{"VendorID":"2","tpep_pickup_datetime":"2023-12-13 20:42:39","tpep_dropoff_datetime":"2023-09-10 20:55:18","passenger_count":"5","trip_distance":"2.11","RatecodeID":"1","store_and_fwd_flag":"N","PULocationID":"162","DOLocationID":"107","payment_type":"1","fare_amount":"10","extra":"0.5","mta_tax":"0.5","tip_amount":"2.26","tolls_amount":"0","improvement_surcharge":"0.3","total_amount":"13.56","congestion_surcharge":""},{"VendorID":"2","tpep_pickup_datetime":"2024-01-30 20:56:36","tpep_dropoff_datetime":"2023-09-09 21:13:54","passenger_count":"5","trip_distance":"5.92","RatecodeID":"1","store_and_fwd_flag":"N","PULocationID":"107","DOLocationID":"157","payment_type":"2","fare_amount":"19","extra":"0.5","mta_tax":"0.5","tip_amount":"0","tolls_amount":"5.76","improvement_surcharge":"0.3","total_amount":"26.06","congestion_surcharge":""},{"VendorID":"1","tpep_pickup_datetime":"2023-04-17 20:05:08","tpep_dropoff_datetime":"2023-10-19 20:15:18","passenger_count":"1","trip_distance":"1.70","RatecodeID":"1","store_and_fwd_flag":"N","PULocationID":"264","DOLocationID":"264","payment_type":"1","fare_amount":"9","extra":"1","mta_tax":"0.5","tip_amount":"2.15","tolls_amount":"0","improvement_surcharge":"0.3","total_amount":"12.95","congestion_surcharge":""},{"VendorID":"2","tpep_pickup_datetime":"2023-02-11 20:12:12","tpep_dropoff_datetime":"2023-02-04 20:15:54","passenger_count":"2","trip_distance":".86","RatecodeID":"1","store_and_fwd_flag":"N","PULocationID":"113","DOLocationID":"113","payment_type":"2","fare_amount":"5","extra":"0.5","mta_tax":"0.5","tip_amount":"0","tolls_amount":"0","improvement_surcharge":"0.3","total_amount":"6.3","congestion_surcharge":""},{"VendorID":"2","tpep_pickup_datetime":"2024-01-11 20:27:23","tpep_dropoff_datetime":"2023-03-05 20:32:09","passenger_count":"3","trip_distance":".69","RatecodeID":"1","store_and_fwd_flag":"N","PULocationID":"161","DOLocationID":"161","payment_type":"2","fare_amount":"5","extra":"0.5","mta_tax":"0.5","tip_amount":"0","tolls_amount":"0","improvement_surcharge":"0.3","total_amount":"6.3","congestion_surcharge":""},{"VendorID":"2","tpep_pickup_datetime":"2023-06-28 20:43:34","tpep_dropoff_datetime":"2023-06-18 21:04:55","passenger_count":"2","trip_distance":"3.85","RatecodeID":"1","store_and_fwd_flag":"N","PULocationID":"164","DOLocationID":"146","payment_type":"1","fare_amount":"17","extra":"0.5","mta_tax":"0.5","tip_amount":"3.66","tolls_amount":"0","improvement_surcharge":"0.3","total_amount":"21.96","congestion_surcharge":""},{"VendorID":"2","tpep_pickup_datetime":"2023-07-23 20:11:12","tpep_dropoff_datetime":"2023-01-22 20:25:33","passenger_count":"1","trip_distance":"2.79","RatecodeID":"1","store_and_fwd_flag":"N","PULocationID":"79","DOLocationID":"229","payment_type":"1","fare_amount":"12","extra":"0.5","mta_tax":"0.5","tip_amount":"2","tolls_amount":"0","improvement_surcharge":"0.3","total_amount":"15.3","congestion_surcharge":""},{"VendorID":"1","tpep_pickup_datetime":"2023-10-05 20:54:16","tpep_dropoff_datetime":"2023-08-08 21:05:27","passenger_count":"3","trip_distance":"1.80","RatecodeID":"1","store_and_fwd_flag":"N","PULocationID":"79","DOLocationID":"164","payment_type":"2","fare_amount":"9","extra":"0.5","mta_tax":"0.5","tip_amount":"0","tolls_amount":"0","improvement_surcharge":"0.3","total_amount":"10.3","congestion_surcharge":""},{"VendorID":"2","tpep_pickup_datetime":"2023-11-30 20:16:59","tpep_dropoff_datetime":"2023-04-26 20:38:01","passenger_count":"1","trip_distance":"1.54","RatecodeID":"1","store_and_fwd_flag":"N","PULocationID":"17","DOLocationID":"17","payment_type":"1","fare_amount":"13.5","extra":"0.5","mta_tax":"0.5","tip_amount":"0","tolls_amount":"0","improvement_surcharge":"0.3","total_amount":"14.8","congestion_surcharge":""},{"VendorID":"1","tpep_pickup_datetime":"2023-10-17 20:22:43","tpep_dropoff_datetime":"2023-02-02 20:33:14","passenger_count":"1","trip_distance":"1.10","RatecodeID":"1","store_and_fwd_flag":"N","PULocationID":"161","DOLocationID":"100","payment_type":"1","fare_amount":"8","extra":"1","mta_tax":"0.5","tip_amount":"1.95","tolls_amount":"0","improvement_surcharge":"0.3","total_amount":"11.75","congestion_surcharge":""},{"VendorID":"1","tpep_pickup_datetime":"2023-04-28 20:40:43","tpep_dropoff_datetime":"2023-05-27 20:40:43","passenger_count":"2","trip_distance":".00","RatecodeID":"1","store_and_fwd_flag":"N","PULocationID":"90","DOLocationID":"264","payment_type":"2","fare_amount":"2.5","extra":"0.5","mta_tax":"0.5","tip_amount":"0","tolls_amount":"0","improvement_surcharge":"0.3","total_amount":"3.8","congestion_surcharge":""},{"VendorID":"1","tpep_pickup_datetime":"2023-03-29 20:49:20","tpep_dropoff_datetime":"2023-04-06 20:49:44","passenger_count":"1","trip_distance":".70","RatecodeID":"1","store_and_fwd_flag":"N","PULocationID":"158","DOLocationID":"158","payment_type":"2","fare_amount":"2.5","extra":"0.5","mta_tax":"0.5","tip_amount":"0","tolls_amount":"0","improvement_surcharge":"0.3","total_amount":"3.8","congestion_surcharge":""},{"VendorID":"1","tpep_pickup_datetime":"2023-07-31 20:50:45","tpep_dropoff_datetime":"2023-02-12 20:53:08","passenger_count":"2","trip_distance":".10","RatecodeID":"1","store_and_fwd_flag":"N","PULocationID":"158","DOLocationID":"249","payment_type":"2","fare_amount":"3.5","extra":"0.5","mta_tax":"0.5","tip_amount":"0","tolls_amount":"0","improvement_surcharge":"0.3","total_amount":"4.8","congestion_surcharge":""},{"VendorID":"2","tpep_pickup_datetime":"2023-08-28 20:13:24","tpep_dropoff_datetime":"2023-05-19 20:41:17","passenger_count":"1","trip_distance":"5.78","RatecodeID":"1","store_and_fwd_flag":"N","PULocationID":"234","DOLocationID":"166","payment_type":"1","fare_amount":"22.5","extra":"0.5","mta_tax":"0.5","tip_amount":"4.76","tolls_amount":"0","improvement_surcharge":"0.3","total_amount":"28.56","congestion_surcharge":""},{"VendorID":"2","tpep_pickup_datetime":"2023-07-12 20:53:36","tpep_dropoff_datetime":"2023-10-22 20:57:43","passenger_count":"1","trip_distance":"1.20","RatecodeID":"1","store_and_fwd_flag":"N","PULocationID":"142","DOLocationID":"238","payment_type":"2","fare_amount":"5.5","extra":"0.5","mta_tax":"0.5","tip_amount":"0","tolls_amount":"0","improvement_surcharge":"0.3","total_amount":"6.8","congestion_surcharge":""},{"VendorID":"2","tpep_pickup_datetime":"2023-11-01 20:59:46","tpep_dropoff_datetime":"2023-09-26 21:22:22","passenger_count":"1","trip_distance":"6.74","RatecodeID":"1","store_and_fwd_flag":"N","PULocationID":"238","DOLocationID":"13","payment_type":"1","fare_amount":"23","extra":"0.5","mta_tax":"0.5","tip_amount":"4.86","tolls_amount":"0","improvement_surcharge":"0.3","total_amount":"29.16","congestion_surcharge":""},{"VendorID":"2","tpep_pickup_datetime":"2024-01-26 20:45:18","tpep_dropoff_datetime":"2023-01-16 20:54:19","passenger_count":"1","trip_distance":"1.63","RatecodeID":"1","store_and_fwd_flag":"N","PULocationID":"237","DOLocationID":"234","payment_type":"1","fare_amount":"8.5","extra":"0.5","mta_tax":"0.5","tip_amount":"2.45","tolls_amount":"0","improvement_surcharge":"0.3","total_amount":"12.25","congestion_surcharge":""},{"VendorID":"2","tpep_pickup_datetime":"2023-02-04 20:18:06","tpep_dropoff_datetime":"2023-12-25 20:30:48","passenger_count":"2","trip_distance":"1.84","RatecodeID":"1","store_and_fwd_flag":"N","PULocationID":"164","DOLocationID":"237","payment_type":"2","fare_amount":"10","extra":"0.5","mta_tax":"0.5","tip_amount":"0","tolls_amount":"0","improvement_surcharge":"0.3","total_amount":"11.3","congestion_surcharge":""},{"VendorID":"2","tpep_pickup_datetime":"2023-06-28 20:47:39","tpep_dropoff_datetime":"2024-01-05 21:02:03","passenger_count":"2","trip_distance":"2.09","RatecodeID":"1","store_and_fwd_flag":"N","PULocationID":"164","DOLocationID":"211","payment_type":"2","fare_amount":"11","extra":"0.5","mta_tax":"0.5","tip_amount":"0","tolls_amount":"0","improvement_surcharge":"0.3","total_amount":"12.3","congestion_surcharge":""},{"VendorID":"1","tpep_pickup_datetime":"2023-10-17 20:09:10","tpep_dropoff_datetime":"2023-01-21 20:13:56","passenger_count":"1","trip_distance":".70","RatecodeID":"1","store_and_fwd_flag":"N","PULocationID":"234","DOLocationID":"114","payment_type":"1","fare_amount":"5","extra":"0.5","mta_tax":"0.5","tip_amount":"1.25","tolls_amount":"0","improvement_surcharge":"0.3","total_amount":"7.55","congestion_surcharge":""},{"VendorID":"1","tpep_pickup_datetime":"2023-10-01 20:29:52","tpep_dropoff_datetime":"2024-01-01 20:32:16","passenger_count":"1","trip_distance":".30","RatecodeID":"1","store_and_fwd_flag":"N","PULocationID":"90","DOLocationID":"68","payment_type":"2","fare_amount":"4","extra":"0.5","mta_tax":"0.5","tip_amount":"0","tolls_amount":"0","improvement_surcharge":"0.3","total_amount":"5.3","congestion_surcharge":""},{"VendorID":"1","tpep_pickup_datetime":"2023-07-02 20:40:56","tpep_dropoff_datetime":"2023-08-10 20:54:31","passenger_count":"2","trip_distance":"5.10","RatecodeID":"1","store_and_fwd_flag":"N","PULocationID":"90","DOLocationID":"88","payment_type":"1","fare_amount":"16.5","extra":"0.5","mta_tax":"0.5","tip_amount":"5.3","tolls_amount":"0","improvement_surcharge":"0.3","total_amount":"23.1","congestion_surcharge":""},{"VendorID":"2","tpep_pickup_datetime":"2023-03-01 20:03:50","tpep_dropoff_datetime":"2023-09-30 20:11:26","passenger_count":"5","trip_distance":"2.13","RatecodeID":"1","store_and_fwd_flag":"N","PULocationID":"161","DOLocationID":"236","payment_type":"1","fare_amount":"8.5","extra":"0.5","mta_tax":"0.5","tip_amount":"1","tolls_amount":"0","improvement_surcharge":"0.3","total_amount":"10.8","congestion_surcharge":""},{"VendorID":"2","tpep_pickup_datetime":"2023-03-26 20:25:30","tpep_dropoff_datetime":"2023-12-04 20:44:26","passenger_count":"5","trip_distance":"3.75","RatecodeID":"1","store_and_fwd_flag":"N","PULocationID":"163","DOLocationID":"231","payment_type":"1","fare_amount":"15.5","extra":"0.5","mta_tax":"0.5","tip_amount":"1","tolls_amount":"0","improvement_surcharge":"0.3","total_amount":"17.8","congestion_surcharge":""},{"VendorID":"2","tpep_pickup_datetime":"2024-01-08 20:50:50","tpep_dropoff_datetime":"2023-06-16 20:57:34","passenger_count":"5","trip_distance":"1.41","RatecodeID":"1","store_and_fwd_flag":"N","PULocationID":"249","DOLocationID":"231","payment_type":"1","fare_amount":"6.5","extra":"0.5","mta_tax":"0.5","tip_amount":"1.56","tolls_amount":"0","improvement_surcharge":"0.3","total_amount":"9.36","congestion_surcharge":""},{"VendorID":"2","tpep_pickup_datetime":"2023-07-05 20:03:09","tpep_dropoff_datetime":"2023-01-09 20:07:43","passenger_count":"5","trip_distance":".73","RatecodeID":"1","store_and_fwd_flag":"N","PULocationID":"234","DOLocationID":"107","payment_type":"1","fare_amount":"5","extra":"0.5","mta_tax":"0.5","tip_amount":"1","tolls_amount":"0","improvement_surcharge":"0.3","total_amount":"7.3","congestion_surcharge":""},{"VendorID":"2","tpep_pickup_datetime":"2023-01-17 20:09:45","tpep_dropoff_datetime":"2023-05-29 20:17:56","passenger_count":"5","trip_distance":"1.14","RatecodeID":"1","store_and_fwd_flag":"N","PULocationID":"79","DOLocationID":"148","payment_type":"1","fare_amount":"7","extra":"0.5","mta_tax":"0.5","tip_amount":"1.66","tolls_amount":"0","improvement_surcharge":"0.3","total_amount":"9.96","congestion_surcharge":""},{"VendorID":"2","tpep_pickup_datetime":"2023-06-24 20:23:30","tpep_dropoff_datetime":"2023-11-26 20:31:45","passenger_count":"5","trip_distance":"1.03","RatecodeID":"1","store_and_fwd_flag":"N","PULocationID":"4","DOLocationID":"232","payment_type":"1","fare_amount":"7","extra":"0.5","mta_tax":"0.5","tip_amount":"1.66","tolls_amount":"0","improvement_surcharge":"0.3","total_amount":"9.96","congestion_surcharge":""},{"VendorID":"2","tpep_pickup_datetime":"2023-03-26 20:48:11","tpep_dropoff_datetime":"2023-06-27 20:54:34","passenger_count":"5","trip_distance":"1.13","RatecodeID":"1","store_and_fwd_flag":"N","PULocationID":"79","DOLocationID":"249","payment_type":"2","fare_amount":"6","extra":"0.5","mta_tax":"0.5","tip_amount":"0","tolls_amount":"0","improvement_surcharge":"0.3","total_amount":"7.3","congestion_surcharge":""},{"VendorID":"1","tpep_pickup_datetime":"2023-04-22 20:29:24","tpep_dropoff_datetime":"2023-02-16 20:39:22","passenger_count":"2","trip_distance":"4.10","RatecodeID":"1","store_and_fwd_flag":"N","PULocationID":"264","DOLocationID":"264","payment_type":"2","fare_amount":"13.5","extra":"0.5","mta_tax":"0.5","tip_amount":"0","tolls_amount":"0","improvement_surcharge":"0.3","total_amount":"14.8","congestion_surcharge":""},{"VendorID":"2","tpep_pickup_datetime":"2023-09-26 20:05:36","tpep_dropoff_datetime":"2023-06-14 20:13:59","passenger_count":"6","trip_distance":"1.23","RatecodeID":"1","store_and_fwd_flag":"N","PULocationID":"236","DOLocationID":"140","payment_type":"1","fare_amount":"7.5","extra":"0.5","mta_tax":"0.5","tip_amount":"2.2","tolls_amount":"0","improvement_surcharge":"0.3","total_amount":"11","congestion_surcharge":""},{"VendorID":"2","tpep_pickup_datetime":"2023-09-11 20:36:11","tpep_dropoff_datetime":"2023-04-11 20:56:31","passenger_count":"5","trip_distance":"8.02","RatecodeID":"1","store_and_fwd_flag":"N","PULocationID":"263","DOLocationID":"18","payment_type":"1","fare_amount":"24","extra":"0.5","mta_tax":"0.5","tip_amount":"3.8","tolls_amount":"0","improvement_surcharge":"0.3","total_amount":"29.1","congestion_surcharge":""},{"VendorID":"2","tpep_pickup_datetime":"2023-02-06 20:00:33","tpep_dropoff_datetime":"2023-06-14 20:13:31","passenger_count":"1","trip_distance":"1.97","RatecodeID":"1","store_and_fwd_flag":"N","PULocationID":"161","DOLocationID":"141","payment_type":"1","fare_amount":"10.5","extra":"0.5","mta_tax":"0.5","tip_amount":"2.36","tolls_amount":"0","improvement_surcharge":"0.3","total_amount":"14.16","congestion_surcharge":""},{"VendorID":"2","tpep_pickup_datetime":"2023-03-03 20:29:05","tpep_dropoff_datetime":"2023-03-04 20:34:23","passenger_count":"1","trip_distance":".80","RatecodeID":"1","store_and_fwd_flag":"N","PULocationID":"161","DOLocationID":"233","payment_type":"1","fare_amount":"5.5","extra":"0.5","mta_tax":"0.5","tip_amount":"1.36","tolls_amount":"0","improvement_surcharge":"0.3","total_amount":"8.16","congestion_surcharge":""},{"VendorID":"2","tpep_pickup_datetime":"2023-12-11 20:51:18","tpep_dropoff_datetime":"2023-11-20 21:02:27","passenger_count":"1","trip_distance":"1.70","RatecodeID":"1","store_and_fwd_flag":"N","PULocationID":"90","DOLocationID":"137","payment_type":"1","fare_amount":"9","extra":"0.5","mta_tax":"0.5","tip_amount":"2.06","tolls_amount":"0","improvement_surcharge":"0.3","total_amount":"12.36","congestion_surcharge":""},{"VendorID":"2","tpep_pickup_datetime":"2023-08-28 20:46:05","tpep_dropoff_datetime":"2024-01-26 20:57:23","passenger_count":"1","trip_distance":"1.57","RatecodeID":"1","store_and_fwd_flag":"N","PULocationID":"249","DOLocationID":"224","payment_type":"1","fare_amount":"9","extra":"0.5","mta_tax":"0.5","tip_amount":"1","tolls_amount":"0","improvement_surcharge":"0.3","total_amount":"11.3","congestion_surcharge":""},{"VendorID":"2","tpep_pickup_datetime":"2023-02-04 20:24:55","tpep_dropoff_datetime":"2023-04-07 20:38:07","passenger_count":"1","trip_distance":"3.12","RatecodeID":"1","store_and_fwd_flag":"N","PULocationID":"126","DOLocationID":"239","payment_type":"2","fare_amount":"12","extra":"0.5","mta_tax":"0.5","tip_amount":"0","tolls_amount":"0","improvement_surcharge":"0.3","total_amount":"13.3","congestion_surcharge":""},{"VendorID":"2","tpep_pickup_datetime":"2023-09-16 20:39:43","tpep_dropoff_datetime":"2023-03-18 20:42:27","passenger_count":"1","trip_distance":".54","RatecodeID":"1","store_and_fwd_flag":"N","PULocationID":"239","DOLocationID":"239","payment_type":"1","fare_amount":"4.5","extra":"0.5","mta_tax":"0.5","tip_amount":"1.16","tolls_amount":"0","improvement_surcharge":"0.3","total_amount":"6.96","congestion_surcharge":""},{"VendorID":"2","tpep_pickup_datetime":"2023-04-13 20:50:10","tpep_dropoff_datetime":"2024-01-08 20:58:25","passenger_count":"1","trip_distance":"2.19","RatecodeID":"1","store_and_fwd_flag":"N","PULocationID":"151","DOLocationID":"143","payment_type":"2","fare_amount":"9","extra":"0.5","mta_tax":"0.5","tip_amount":"0","tolls_amount":"0","improvement_surcharge":"0.3","total_amount":"10.3","congestion_surcharge":""},{"VendorID":"1","tpep_pickup_datetime":"2023-05-02 20:23:28","tpep_dropoff_datetime":"2023-03-07 20:28:58","passenger_count":"1","trip_distance":"1.20","RatecodeID":"1","store_and_fwd_flag":"N","PULocationID":"79","DOLocationID":"107","payment_type":"2","fare_amount":"6","extra":"0.5","mta_tax":"0.5","tip_amount":"0","tolls_amount":"0","improvement_surcharge":"0.3","total_amount":"7.3","congestion_surcharge":""},{"VendorID":"1","tpep_pickup_datetime":"2023-08-30 20:40:19","tpep_dropoff_datetime":"2023-06-06 20:53:34","passenger_count":"1","trip_distance":"2.90","RatecodeID":"1","store_and_fwd_flag":"N","PULocationID":"113","DOLocationID":"229","payment_type":"1","fare_amount":"12","extra":"0.5","mta_tax":"0.5","tip_amount":"1.33","tolls_amount":"0","improvement_surcharge":"0.3","total_amount":"14.63","congestion_surcharge":""},{"VendorID":"1","tpep_pickup_datetime":"2023-12-30 20:56:51","tpep_dropoff_datetime":"2023-08-16 21:01:15","passenger_count":"1","trip_distance":"1.30","RatecodeID":"1","store_and_fwd_flag":"N","PULocationID":"229","DOLocationID":"137","payment_type":"1","fare_amount":"6","extra":"0.5","mta_tax":"0.5","tip_amount":"1.45","tolls_amount":"0","improvement_surcharge":"0.3","total_amount":"8.75","congestion_surcharge":""},{"VendorID":"2","tpep_pickup_datetime":"2023-08-23 20:10:12","tpep_dropoff_datetime":"2023-12-27 20:12:57","passenger_count":"1","trip_distance":".58","RatecodeID":"1","store_and_fwd_flag":"N","PULocationID":"140","DOLocationID":"262","payment_type":"2","fare_amount":"4.5","extra":"0.5","mta_tax":"0.5","tip_amount":"0","tolls_amount":"0","improvement_surcharge":"0.3","total_amount":"5.8","congestion_surcharge":""},{"VendorID":"2","tpep_pickup_datetime":"2023-05-12 20:30:23","tpep_dropoff_datetime":"2023-01-15 20:41:40","passenger_count":"1","trip_distance":"2.39","RatecodeID":"1","store_and_fwd_flag":"N","PULocationID":"233","DOLocationID":"148","payment_type":"2","fare_amount":"10.5","extra":"0.5","mta_tax":"0.5","tip_amount":"0","tolls_amount":"0","improvement_surcharge":"0.3","total_amount":"11.8","congestion_surcharge":""},{"VendorID":"2","tpep_pickup_datetime":"2023-09-12 20:54:59","tpep_dropoff_datetime":"2023-03-03 21:07:22","passenger_count":"1","trip_distance":"1.35","RatecodeID":"1","store_and_fwd_flag":"N","PULocationID":"229","DOLocationID":"163","payment_type":"1","fare_amount":"9.5","extra":"0.5","mta_tax":"0.5","tip_amount":"1.7","tolls_amount":"0","improvement_surcharge":"0.3","total_amount":"12.5","congestion_surcharge":""},{"VendorID":"2","tpep_pickup_datetime":"2023-07-22 20:12:56","tpep_dropoff_datetime":"2023-11-12 20:15:27","passenger_count":"2","trip_distance":".49","RatecodeID":"1","store_and_fwd_flag":"N","PULocationID":"229","DOLocationID":"233","payment_type":"2","fare_amount":"4","extra":"0.5","mta_tax":"0.5","tip_amount":"0","tolls_amount":"0","improvement_surcharge":"0.3","total_amount":"5.3","congestion_surcharge":""},{"VendorID":"2","tpep_pickup_datetime":"2023-05-28 20:21:51","tpep_dropoff_datetime":"2023-08-13 20:23:36","passenger_count":"2","trip_distance":".71","RatecodeID":"1","store_and_fwd_flag":"N","PULocationID":"170","DOLocationID":"107","payment_type":"2","fare_amount":"4","extra":"0.5","mta_tax":"0.5","tip_amount":"0","tolls_amount":"0","improvement_surcharge":"0.3","total_amount":"5.3","congestion_surcharge":""},{"VendorID":"2","tpep_pickup_datetime":"2023-05-01 20:31:21","tpep_dropoff_datetime":"2023-02-18 20:40:55","passenger_count":"2","trip_distance":"1.75","RatecodeID":"1","store_and_fwd_flag":"N","PULocationID":"234","DOLocationID":"144","payment_type":"2","fare_amount":"7.5","extra":"0.5","mta_tax":"0.5","tip_amount":"0","tolls_amount":"0","improvement_surcharge":"0.3","total_amount":"8.8","congestion_surcharge":""},{"VendorID":"1","tpep_pickup_datetime":"2023-08-23 20:27:55","tpep_dropoff_datetime":"2023-03-20 20:32:43","passenger_count":"1","trip_distance":".60","RatecodeID":"1","store_and_fwd_flag":"N","PULocationID":"238","DOLocationID":"239","payment_type":"1","fare_amount":"5","extra":"0.5","mta_tax":"0.5","tip_amount":"1.25","tolls_amount":"0","improvement_surcharge":"0.3","total_amount":"7.55","congestion_surcharge":""},{"VendorID":"1","tpep_pickup_datetime":"2023-07-15 20:54:27","tpep_dropoff_datetime":"2023-10-25 21:16:53","passenger_count":"1","trip_distance":"6.30","RatecodeID":"1","store_and_fwd_flag":"N","PULocationID":"143","DOLocationID":"12","payment_type":"1","fare_amount":"22.5","extra":"0.5","mta_tax":"0.5","tip_amount":"3","tolls_amount":"0","improvement_surcharge":"0.3","total_amount":"26.8","congestion_surcharge":""},{"VendorID":"2","tpep_pickup_datetime":"2023-04-03 19:57:08","tpep_dropoff_datetime":"2024-01-05 20:05:31","passenger_count":"1","trip_distance":"1.61","RatecodeID":"1","store_and_fwd_flag":"N","PULocationID":"238","DOLocationID":"41","payment_type":"2","fare_amount":"7.5","extra":"0.5","mta_tax":"0.5","tip_amount":"0","tolls_amount":"0","improvement_surcharge":"0.3","total_amount":"8.8","congestion_surcharge":""},{"VendorID":"2","tpep_pickup_datetime":"2023-11-09 20:08:58","tpep_dropoff_datetime":"2023-01-25 20:05:31","passenger_count":"2","trip_distance":".97","RatecodeID":"1","store_and_fwd_flag":"N","PULocationID":"41","DOLocationID":"74","payment_type":"2","fare_amount":"6.5","extra":"0.5","mta_tax":"0.5","tip_amount":"0","tolls_amount":"0","improvement_surcharge":"0.3","total_amount":"7.8","congestion_surcharge":""},{"VendorID":"2","tpep_pickup_datetime":"2023-12-12 20:34:23","tpep_dropoff_datetime":"2023-03-13 20:37:49","passenger_count":"3","trip_distance":"1.24","RatecodeID":"1","store_and_fwd_flag":"N","PULocationID":"263","DOLocationID":"74","payment_type":"1","fare_amount":"5.5","extra":"0.5","mta_tax":"0.5","tip_amount":"1","tolls_amount":"0","improvement_surcharge":"0.3","total_amount":"7.8","congestion_surcharge":""},{"VendorID":"2","tpep_pickup_datetime":"2024-01-31 20:41:26","tpep_dropoff_datetime":"2023-02-25 20:43:42","passenger_count":"2","trip_distance":"1.18","RatecodeID":"1","store_and_fwd_flag":"N","PULocationID":"74","DOLocationID":"263","payment_type":"2","fare_amount":"5","extra":"0.5","mta_tax":"0.5","tip_amount":"0","tolls_amount":"0","improvement_surcharge":"0.3","total_amount":"6.3","congestion_surcharge":""},{"VendorID":"2","tpep_pickup_datetime":"2023-11-12 20:46:35","tpep_dropoff_datetime":"2023-01-23 21:00:53","passenger_count":"3","trip_distance":"2.94","RatecodeID":"1","store_and_fwd_flag":"N","PULocationID":"263","DOLocationID":"107","payment_type":"1","fare_amount":"12.5","extra":"0.5","mta_tax":"0.5","tip_amount":"2","tolls_amount":"0","improvement_surcharge":"0.3","total_amount":"15.8","congestion_surcharge":""},{"VendorID":"1","tpep_pickup_datetime":"2023-12-21 20:04:31","tpep_dropoff_datetime":"2023-11-01 20:47:15","passenger_count":"1","trip_distance":"20.40","RatecodeID":"1","store_and_fwd_flag":"N","PULocationID":"161","DOLocationID":"172","payment_type":"2","fare_amount":"57","extra":"0.5","mta_tax":"0.5","tip_amount":"0","tolls_amount":"17.28","improvement_surcharge":"0.3","total_amount":"75.58","congestion_surcharge":""},{"VendorID":"1","tpep_pickup_datetime":"2024-01-02 20:36:56","tpep_dropoff_datetime":"2023-09-15 20:50:04","passenger_count":"1","trip_distance":"2.70","RatecodeID":"1","store_and_fwd_flag":"N","PULocationID":"236","DOLocationID":"48","payment_type":"1","fare_amount":"12","extra":"0.5","mta_tax":"0.5","tip_amount":"1","tolls_amount":"0","improvement_surcharge":"0.3","total_amount":"14.3","congestion_surcharge":""},{"VendorID":"1","tpep_pickup_datetime":"2023-09-02 20:52:06","tpep_dropoff_datetime":"2023-01-31 20:57:49","passenger_count":"1","trip_distance":"1.20","RatecodeID":"1","store_and_fwd_flag":"N","PULocationID":"142","DOLocationID":"239","payment_type":"1","fare_amount":"7","extra":"0.5","mta_tax":"0.5","tip_amount":"1.65","tolls_amount":"0","improvement_surcharge":"0.3","total_amount":"9.95","congestion_surcharge":""},{"VendorID":"1","tpep_pickup_datetime":"2023-11-10 20:59:22","tpep_dropoff_datetime":"2023-04-25 21:05:13","passenger_count":"1","trip_distance":"1.60","RatecodeID":"1","store_and_fwd_flag":"N","PULocationID":"239","DOLocationID":"48","payment_type":"1","fare_amount":"7","extra":"0.5","mta_tax":"0.5","tip_amount":"1.65","tolls_amount":"0","improvement_surcharge":"0.3","total_amount":"9.95","congestion_surcharge":""},{"VendorID":"1","tpep_pickup_datetime":"2023-07-27 20:13:26","tpep_dropoff_datetime":"2023-07-21 20:23:23","passenger_count":"3","trip_distance":"1.70","RatecodeID":"1","store_and_fwd_flag":"N","PULocationID":"186","DOLocationID":"162","payment_type":"1","fare_amount":"8.5","extra":"0.5","mta_tax":"0.5","tip_amount":"1.95","tolls_amount":"0","improvement_surcharge":"0.3","total_amount":"11.75","congestion_surcharge":""},{"VendorID":"1","tpep_pickup_datetime":"2023-04-20 20:28:44","tpep_dropoff_datetime":"2023-03-01 20:31:59","passenger_count":"1","trip_distance":"1.20","RatecodeID":"1","store_and_fwd_flag":"N","PULocationID":"162","DOLocationID":"234","payment_type":"1","fare_amount":"5.5","extra":"0.5","mta_tax":"0.5","tip_amount":"1.35","tolls_amount":"0","improvement_surcharge":"0.3","total_amount":"8.15","congestion_surcharge":""},{"VendorID":"1","tpep_pickup_datetime":"2023-06-16 20:08:03","tpep_dropoff_datetime":"2023-02-12 20:19:09","passenger_count":"1","trip_distance":"2.00","RatecodeID":"1","store_and_fwd_flag":"N","PULocationID":"162","DOLocationID":"186","payment_type":"1","fare_amount":"9.5","extra":"0.5","mta_tax":"0.5","tip_amount":"2.15","tolls_amount":"0","improvement_surcharge":"0.3","total_amount":"12.95","congestion_surcharge":""},{"VendorID":"1","tpep_pickup_datetime":"2023-11-15 20:13:06","tpep_dropoff_datetime":"2024-01-16 20:24:35","passenger_count":"2","trip_distance":"2.10","RatecodeID":"1","store_and_fwd_flag":"N","PULocationID":"142","DOLocationID":"263","payment_type":"1","fare_amount":"10","extra":"0.5","mta_tax":"0.5","tip_amount":"2.26","tolls_amount":"0","improvement_surcharge":"0.3","total_amount":"13.56","congestion_surcharge":""},{"VendorID":"1","tpep_pickup_datetime":"2023-06-27 20:03:00","tpep_dropoff_datetime":"2023-04-25 20:31:08","passenger_count":"1","trip_distance":"18.10","RatecodeID":"1","store_and_fwd_flag":"N","PULocationID":"132","DOLocationID":"22","payment_type":"2","fare_amount":"49","extra":"0.5","mta_tax":"0.5","tip_amount":"0","tolls_amount":"0","improvement_surcharge":"0.3","total_amount":"50.3","congestion_surcharge":""},{"VendorID":"1","tpep_pickup_datetime":"2023-08-22 20:43:37","tpep_dropoff_datetime":"2023-07-02 21:01:31","passenger_count":"2","trip_distance":"5.20","RatecodeID":"1","store_and_fwd_flag":"N","PULocationID":"186","DOLocationID":"209","payment_type":"1","fare_amount":"18","extra":"0.5","mta_tax":"0.5","tip_amount":"4.8","tolls_amount":"0","improvement_surcharge":"0.3","total_amount":"24.1","congestion_surcharge":""},{"VendorID":"1","tpep_pickup_datetime":"2023-01-31 20:31:15","tpep_dropoff_datetime":"2023-02-19 20:50:16","passenger_count":"0","trip_distance":"5.10","RatecodeID":"1","store_and_fwd_flag":"N","PULocationID":"142","DOLocationID":"13","payment_type":"1","fare_amount":"18.5","extra":"0.5","mta_tax":"0.5","tip_amount":"3.96","tolls_amount":"0","improvement_surcharge":"0.3","total_amount":"23.76","congestion_surcharge":""},{"VendorID":"1","tpep_pickup_datetime":"2023-10-29 20:26:30","tpep_dropoff_datetime":"2023-01-23 20:34:29","passenger_count":"1","trip_distance":"1.90","RatecodeID":"1","store_and_fwd_flag":"N","PULocationID":"230","DOLocationID":"239","payment_type":"2","fare_amount":"8.5","extra":"0.5","mta_tax":"0.5","tip_amount":"0","tolls_amount":"0","improvement_surcharge":"0.3","total_amount":"9.8","congestion_surcharge":""},{"VendorID":"1","tpep_pickup_datetime":"2023-04-16 20:50:06","tpep_dropoff_datetime":"2023-10-25 20:56:47","passenger_count":"1","trip_distance":"1.10","RatecodeID":"1","store_and_fwd_flag":"N","PULocationID":"230","DOLocationID":"246","payment_type":"1","fare_amount":"6.5","extra":"0.5","mta_tax":"0.5","tip_amount":"1","tolls_amount":"0","improvement_surcharge":"0.3","total_amount":"8.8","congestion_surcharge":""},{"VendorID":"2","tpep_pickup_datetime":"2023-04-22 20:27:37","tpep_dropoff_datetime":"2023-07-13 20:27:42","passenger_count":"1","trip_distance":".00","RatecodeID":"1","store_and_fwd_flag":"N","PULocationID":"264","DOLocationID":"132","payment_type":"2","fare_amount":"2.5","extra":"0.5","mta_tax":"0.5","tip_amount":"0","tolls_amount":"0","improvement_surcharge":"0.3","total_amount":"3.8","congestion_surcharge":""},{"VendorID":"1","tpep_pickup_datetime":"2023-07-29 20:24:52","tpep_dropoff_datetime":"2023-10-04 20:34:56","passenger_count":"1","trip_distance":"1.50","RatecodeID":"1","store_and_fwd_flag":"N","PULocationID":"161","DOLocationID":"142","payment_type":"1","fare_amount":"8.5","extra":"0.5","mta_tax":"0.5","tip_amount":"1.95","tolls_amount":"0","improvement_surcharge":"0.3","total_amount":"11.75","congestion_surcharge":""},{"VendorID":"1","tpep_pickup_datetime":"2023-08-26 20:38:30","tpep_dropoff_datetime":"2023-04-26 20:41:09","passenger_count":"1","trip_distance":".70","RatecodeID":"1","store_and_fwd_flag":"N","PULocationID":"142","DOLocationID":"237","payment_type":"2","fare_amount":"4.5","extra":"0.5","mta_tax":"0.5","tip_amount":"0","tolls_amount":"0","improvement_surcharge":"0.3","total_amount":"5.8","congestion_surcharge":""},{"VendorID":"2","tpep_pickup_datetime":"2023-03-16 20:17:02","tpep_dropoff_datetime":"2023-10-04 20:19:06","passenger_count":"3","trip_distance":".82","RatecodeID":"1","store_and_fwd_flag":"N","PULocationID":"263","DOLocationID":"75","payment_type":"1","fare_amount":"4.5","extra":"0.5","mta_tax":"0.5","tip_amount":"1.2","tolls_amount":"0","improvement_surcharge":"0.3","total_amount":"7","congestion_surcharge":""},{"VendorID":"2","tpep_pickup_datetime":"2023-10-09 20:26:33","tpep_dropoff_datetime":"2023-03-18 20:33:10","passenger_count":"2","trip_distance":"1.63","RatecodeID":"1","store_and_fwd_flag":"N","PULocationID":"75","DOLocationID":"74","payment_type":"1","fare_amount":"7","extra":"0.5","mta_tax":"0.5","tip_amount":"1.66","tolls_amount":"0","improvement_surcharge":"0.3","total_amount":"9.96","congestion_surcharge":""},{"VendorID":"1","tpep_pickup_datetime":"2023-12-30 20:19:12","tpep_dropoff_datetime":"2023-09-11 20:25:07","passenger_count":"1","trip_distance":".80","RatecodeID":"1","store_and_fwd_flag":"N","PULocationID":"231","DOLocationID":"209","payment_type":"1","fare_amount":"6","extra":"0.5","mta_tax":"0.5","tip_amount":"1","tolls_amount":"0","improvement_surcharge":"0.3","total_amount":"8.3","congestion_surcharge":""},{"VendorID":"1","tpep_pickup_datetime":"2023-01-25 20:07:56","tpep_dropoff_datetime":"2024-01-14 20:37:43","passenger_count":"1","trip_distance":"20.40","RatecodeID":"1","store_and_fwd_flag":"N","PULocationID":"132","DOLocationID":"14","payment_type":"1","fare_amount":"54.5","extra":"0.5","mta_tax":"0.5","tip_amount":"13.9","tolls_amount":"0","improvement_surcharge":"0.3","total_amount":"69.7","congestion_surcharge":""},{"VendorID":"2","tpep_pickup_datetime":"2023-05-17 20:50:37","tpep_dropoff_datetime":"2023-03-19 21:03:36","passenger_count":"2","trip_distance":"2.51","RatecodeID":"1","store_and_fwd_flag":"N","PULocationID":"229","DOLocationID":"234","payment_type":"1","fare_amount":"11","extra":"0.5","mta_tax":"0.5","tip_amount":"2.46","tolls_amount":"0","improvement_surcharge":"0.3","total_amount":"14.76","congestion_surcharge":""},{"VendorID":"2","tpep_pickup_datetime":"2023-04-25 20:46:19","tpep_dropoff_datetime":"2023-02-19 21:06:07","passenger_count":"1","trip_distance":"12.67","RatecodeID":"1","store_and_fwd_flag":"N","PULocationID":"138","DOLocationID":"52","payment_type":"1","fare_amount":"35","extra":"0.5","mta_tax":"0.5","tip_amount":"7.26","tolls_amount":"0","improvement_surcharge":"0.3","total_amount":"43.56","congestion_surcharge":""},{"VendorID":"2","tpep_pickup_datetime":"2023-01-12 20:36:07","tpep_dropoff_datetime":"2023-10-17 20:42:05","passenger_count":"2","trip_distance":"1.09","RatecodeID":"1","store_and_fwd_flag":"N","PULocationID":"144","DOLocationID":"79","payment_type":"1","fare_amount":"6","extra":"0.5","mta_tax":"0.5","tip_amount":"1","tolls_amount":"0","improvement_surcharge":"0.3","total_amount":"8.3","congestion_surcharge":""},{"VendorID":"2","tpep_pickup_datetime":"2023-09-25 20:39:22","tpep_dropoff_datetime":"2023-02-17 20:45:20","passenger_count":"1","trip_distance":"2.23","RatecodeID":"1","store_and_fwd_flag":"N","PULocationID":"161","DOLocationID":"236","payment_type":"1","fare_amount":"8","extra":"0.5","mta_tax":"0.5","tip_amount":"1.5","tolls_amount":"0","improvement_surcharge":"0.3","total_amount":"10.8","congestion_surcharge":""},{"VendorID":"2","tpep_pickup_datetime":"2023-07-07 20:03:33","tpep_dropoff_datetime":"2023-12-09 20:07:49","passenger_count":"1","trip_distance":"1.03","RatecodeID":"1","store_and_fwd_flag":"N","PULocationID":"140","DOLocationID":"263","payment_type":"1","fare_amount":"5.5","extra":"0.5","mta_tax":"0.5","tip_amount":"5","tolls_amount":"0","improvement_surcharge":"0.3","total_amount":"11.8","congestion_surcharge":""},{"VendorID":"2","tpep_pickup_datetime":"2023-11-20 20:18:11","tpep_dropoff_datetime":"2023-05-21 20:25:06","passenger_count":"1","trip_distance":".87","RatecodeID":"1","store_and_fwd_flag":"N","PULocationID":"236","DOLocationID":"141","payment_type":"1","fare_amount":"6","extra":"0.5","mta_tax":"0.5","tip_amount":"1.46","tolls_amount":"0","improvement_surcharge":"0.3","total_amount":"8.76","congestion_surcharge":""},{"VendorID":"2","tpep_pickup_datetime":"2023-05-22 20:36:08","tpep_dropoff_datetime":"2023-10-16 20:42:48","passenger_count":"1","trip_distance":"2.49","RatecodeID":"1","store_and_fwd_flag":"N","PULocationID":"236","DOLocationID":"42","payment_type":"1","fare_amount":"9","extra":"0.5","mta_tax":"0.5","tip_amount":"2.06","tolls_amount":"0","improvement_surcharge":"0.3","total_amount":"12.36","congestion_surcharge":""},{"VendorID":"1","tpep_pickup_datetime":"2023-09-13 20:11:19","tpep_dropoff_datetime":"2023-09-20 20:18:17","passenger_count":"0","trip_distance":".80","RatecodeID":"1","store_and_fwd_flag":"N","PULocationID":"48","DOLocationID":"161","payment_type":"1","fare_amount":"6","extra":"0.5","mta_tax":"0.5","tip_amount":"1.8","tolls_amount":"0","improvement_surcharge":"0.3","total_amount":"9.1","congestion_surcharge":""},{"VendorID":"2","tpep_pickup_datetime":"2023-10-15 20:34:57","tpep_dropoff_datetime":"2023-02-12 20:41:54","passenger_count":"1","trip_distance":"1.75","RatecodeID":"1","store_and_fwd_flag":"N","PULocationID":"237","DOLocationID":"262","payment_type":"1","fare_amount":"7.5","extra":"0.5","mta_tax":"0.5","tip_amount":"1","tolls_amount":"0","improvement_surcharge":"0.3","total_amount":"9.8","congestion_surcharge":""},{"VendorID":"2","tpep_pickup_datetime":"2024-01-08 20:54:52","tpep_dropoff_datetime":"2023-05-21 21:06:30","passenger_count":"1","trip_distance":"2.28","RatecodeID":"1","store_and_fwd_flag":"N","PULocationID":"141","DOLocationID":"48","payment_type":"1","fare_amount":"10","extra":"0.5","mta_tax":"0.5","tip_amount":"2.26","tolls_amount":"0","improvement_surcharge":"0.3","total_amount":"13.56","congestion_surcharge":""},{"VendorID":"2","tpep_pickup_datetime":"2023-07-21 20:13:31","tpep_dropoff_datetime":"2023-05-03 20:21:22","passenger_count":"1","trip_distance":"1.34","RatecodeID":"1","store_and_fwd_flag":"N","PULocationID":"170","DOLocationID":"107","payment_type":"1","fare_amount":"7.5","extra":"0.5","mta_tax":"0.5","tip_amount":"1","tolls_amount":"0","improvement_surcharge":"0.3","total_amount":"9.8","congestion_surcharge":""},{"VendorID":"2","tpep_pickup_datetime":"2023-06-13 20:49:46","tpep_dropoff_datetime":"2023-02-27 21:16:58","passenger_count":"1","trip_distance":"6.22","RatecodeID":"1","store_and_fwd_flag":"N","PULocationID":"230","DOLocationID":"112","payment_type":"1","fare_amount":"23.5","extra":"0.5","mta_tax":"0.5","tip_amount":"6.2","tolls_amount":"0","improvement_surcharge":"0.3","total_amount":"31","congestion_surcharge":""},{"VendorID":"2","tpep_pickup_datetime":"2024-01-24 20:33:58","tpep_dropoff_datetime":"2023-11-10 20:44:14","passenger_count":"2","trip_distance":"2.69","RatecodeID":"1","store_and_fwd_flag":"N","PULocationID":"238","DOLocationID":"116","payment_type":"2","fare_amount":"10.5","extra":"0.5","mta_tax":"0.5","tip_amount":"0","tolls_amount":"0","improvement_surcharge":"0.3","total_amount":"11.8","congestion_surcharge":""},{"VendorID":"2","tpep_pickup_datetime":"2023-06-26 20:14:32","tpep_dropoff_datetime":"2023-04-27 20:22:28","passenger_count":"2","trip_distance":"1.13","RatecodeID":"1","store_and_fwd_flag":"N","PULocationID":"163","DOLocationID":"161","payment_type":"2","fare_amount":"7","extra":"0.5","mta_tax":"0.5","tip_amount":"0","tolls_amount":"0","improvement_surcharge":"0.3","total_amount":"8.3","congestion_surcharge":""},{"VendorID":"2","tpep_pickup_datetime":"2023-02-06 20:46:48","tpep_dropoff_datetime":"2023-03-05 20:52:45","passenger_count":"3","trip_distance":"1.45","RatecodeID":"1","store_and_fwd_flag":"N","PULocationID":"162","DOLocationID":"141","payment_type":"1","fare_amount":"7","extra":"0.5","mta_tax":"0.5","tip_amount":"1.24","tolls_amount":"0","improvement_surcharge":"0.3","total_amount":"9.54","congestion_surcharge":""},{"VendorID":"2","tpep_pickup_datetime":"2023-11-24 20:28:29","tpep_dropoff_datetime":"2023-02-22 20:46:19","passenger_count":"2","trip_distance":"7.60","RatecodeID":"1","store_and_fwd_flag":"N","PULocationID":"13","DOLocationID":"237","payment_type":"1","fare_amount":"24","extra":"0.5","mta_tax":"0.5","tip_amount":"7.59","tolls_amount":"0","improvement_surcharge":"0.3","total_amount":"32.89","congestion_surcharge":""},{"VendorID":"1","tpep_pickup_datetime":"2023-04-21 20:22:30","tpep_dropoff_datetime":"2023-09-14 20:40:39","passenger_count":"1","trip_distance":"2.70","RatecodeID":"1","store_and_fwd_flag":"N","PULocationID":"236","DOLocationID":"141","payment_type":"2","fare_amount":"13","extra":"0.5","mta_tax":"0.5","tip_amount":"0","tolls_amount":"0","improvement_surcharge":"0.3","total_amount":"14.3","congestion_surcharge":""},{"VendorID":"2","tpep_pickup_datetime":"2023-03-02 20:06:09","tpep_dropoff_datetime":"2023-09-15 20:29:41","passenger_count":"1","trip_distance":"7.16","RatecodeID":"1","store_and_fwd_flag":"N","PULocationID":"13","DOLocationID":"151","payment_type":"1","fare_amount":"24.5","extra":"0.5","mta_tax":"0.5","tip_amount":"2","tolls_amount":"0","improvement_surcharge":"0.3","total_amount":"27.8","congestion_surcharge":""},{"VendorID":"2","tpep_pickup_datetime":"2023-11-02 20:46:06","tpep_dropoff_datetime":"2024-01-13 20:52:33","passenger_count":"1","trip_distance":"1.07","RatecodeID":"1","store_and_fwd_flag":"N","PULocationID":"151","DOLocationID":"151","payment_type":"1","fare_amount":"6.5","extra":"0.5","mta_tax":"0.5","tip_amount":"1.56","tolls_amount":"0","improvement_surcharge":"0.3","total_amount":"9.36","congestion_surcharge":""},{"VendorID":"2","tpep_pickup_datetime":"2023-04-22 20:52:31","tpep_dropoff_datetime":"2023-07-21 21:03:19","passenger_count":"6","trip_distance":"3.63","RatecodeID":"1","store_and_fwd_flag":"N","PULocationID":"148","DOLocationID":"112","payment_type":"2","fare_amount":"12.5","extra":"0.5","mta_tax":"0.5","tip_amount":"0","tolls_amount":"0","improvement_surcharge":"0.3","total_amount":"13.8","congestion_surcharge":""},{"VendorID":"1","tpep_pickup_datetime":"2023-07-04 20:25:04","tpep_dropoff_datetime":"2023-06-11 20:30:50","passenger_count":"2","trip_distance":"1.00","RatecodeID":"1","store_and_fwd_flag":"N","PULocationID":"263","DOLocationID":"236","payment_type":"1","fare_amount":"6","extra":"0.5","mta_tax":"0.5","tip_amount":"1.45","tolls_amount":"0","improvement_surcharge":"0.3","total_amount":"8.75","congestion_surcharge":""},{"VendorID":"1","tpep_pickup_datetime":"2023-07-09 20:37:27","tpep_dropoff_datetime":"2023-08-17 20:49:28","passenger_count":"3","trip_distance":"1.60","RatecodeID":"1","store_and_fwd_flag":"N","PULocationID":"263","DOLocationID":"141","payment_type":"1","fare_amount":"9.5","extra":"0.5","mta_tax":"0.5","tip_amount":"2.15","tolls_amount":"0","improvement_surcharge":"0.3","total_amount":"12.95","congestion_surcharge":""},{"VendorID":"1","tpep_pickup_datetime":"2023-03-07 20:53:25","tpep_dropoff_datetime":"2024-01-29 21:05:59","passenger_count":"1","trip_distance":"4.10","RatecodeID":"1","store_and_fwd_flag":"N","PULocationID":"162","DOLocationID":"41","payment_type":"1","fare_amount":"13.5","extra":"0.5","mta_tax":"0.5","tip_amount":"4.4","tolls_amount":"0","improvement_surcharge":"0.3","total_amount":"19.2","congestion_surcharge":""},{"VendorID":"2","tpep_pickup_datetime":"2023-12-06 20:46:24","tpep_dropoff_datetime":"2023-07-15 20:53:19","passenger_count":"1","trip_distance":"1.02","RatecodeID":"1","store_and_fwd_flag":"N","PULocationID":"113","DOLocationID":"224","payment_type":"1","fare_amount":"6.5","extra":"0.5","mta_tax":"0.5","tip_amount":"1.56","tolls_amount":"0","improvement_surcharge":"0.3","total_amount":"9.36","congestion_surcharge":""},{"VendorID":"2","tpep_pickup_datetime":"2023-11-28 20:15:50","tpep_dropoff_datetime":"2023-07-30 20:22:11","passenger_count":"1","trip_distance":".77","RatecodeID":"1","store_and_fwd_flag":"N","PULocationID":"79","DOLocationID":"114","payment_type":"1","fare_amount":"6","extra":"0.5","mta_tax":"0.5","tip_amount":"1.46","tolls_amount":"0","improvement_surcharge":"0.3","total_amount":"8.76","congestion_surcharge":""},{"VendorID":"1","tpep_pickup_datetime":"2023-01-13 20:29:25","tpep_dropoff_datetime":"2023-10-19 20:34:48","passenger_count":"2","trip_distance":"1.80","RatecodeID":"1","store_and_fwd_flag":"N","PULocationID":"141","DOLocationID":"75","payment_type":"2","fare_amount":"7","extra":"0.5","mta_tax":"0.5","tip_amount":"0","tolls_amount":"0","improvement_surcharge":"0.3","total_amount":"8.3","congestion_surcharge":""},{"VendorID":"2","tpep_pickup_datetime":"2023-02-17 20:15:25","tpep_dropoff_datetime":"2023-12-05 20:56:47","passenger_count":"5","trip_distance":"22.94","RatecodeID":"1","store_and_fwd_flag":"N","PULocationID":"166","DOLocationID":"39","payment_type":"1","fare_amount":"63.5","extra":"0.5","mta_tax":"0.5","tip_amount":"0","tolls_amount":"5.76","improvement_surcharge":"0.3","total_amount":"70.56","congestion_surcharge":""},{"VendorID":"2","tpep_pickup_datetime":"2023-05-06 20:09:19","tpep_dropoff_datetime":"2023-06-13 20:27:03","passenger_count":"5","trip_distance":"8.66","RatecodeID":"1","store_and_fwd_flag":"N","PULocationID":"138","DOLocationID":"164","payment_type":"1","fare_amount":"25","extra":"0.5","mta_tax":"0.5","tip_amount":"6.41","tolls_amount":"5.76","improvement_surcharge":"0.3","total_amount":"38.47","congestion_surcharge":""},{"VendorID":"2","tpep_pickup_datetime":"2023-07-09 20:31:24","tpep_dropoff_datetime":"2023-10-11 20:40:52","passenger_count":"5","trip_distance":"1.83","RatecodeID":"1","store_and_fwd_flag":"N","PULocationID":"100","DOLocationID":"142","payment_type":"1","fare_amount":"8.5","extra":"0.5","mta_tax":"0.5","tip_amount":"1","tolls_amount":"0","improvement_surcharge":"0.3","total_amount":"10.8","congestion_surcharge":""},{"VendorID":"2","tpep_pickup_datetime":"2023-08-28 20:48:21","tpep_dropoff_datetime":"2023-12-18 20:56:37","passenger_count":"5","trip_distance":"1.51","RatecodeID":"1","store_and_fwd_flag":"N","PULocationID":"151","DOLocationID":"41","payment_type":"2","fare_amount":"8","extra":"0.5","mta_tax":"0.5","tip_amount":"0","tolls_amount":"0","improvement_surcharge":"0.3","total_amount":"9.3","congestion_surcharge":""},{"VendorID":"4","tpep_pickup_datetime":"2023-05-17 20:05:04","tpep_dropoff_datetime":"2023-02-24 20:29:40","passenger_count":"1","trip_distance":"9.08","RatecodeID":"1","store_and_fwd_flag":"N","PULocationID":"161","DOLocationID":"250","payment_type":"1","fare_amount":"28.5","extra":"0.5","mta_tax":"0.5","tip_amount":"3","tolls_amount":"0","improvement_surcharge":"0.3","total_amount":"32.8","congestion_surcharge":""},{"VendorID":"4","tpep_pickup_datetime":"2023-07-31 20:57:48","tpep_dropoff_datetime":"2023-08-30 21:06:45","passenger_count":"1","trip_distance":"1.65","RatecodeID":"1","store_and_fwd_flag":"N","PULocationID":"162","DOLocationID":"107","payment_type":"2","fare_amount":"8","extra":"0.5","mta_tax":"0.5","tip_amount":"0","tolls_amount":"0","improvement_surcharge":"0.3","total_amount":"9.3","congestion_surcharge":""},{"VendorID":"2","tpep_pickup_datetime":"2023-07-31 20:07:35","tpep_dropoff_datetime":"2023-11-20 20:11:02","passenger_count":"1","trip_distance":".57","RatecodeID":"1","store_and_fwd_flag":"N","PULocationID":"189","DOLocationID":"189","payment_type":"1","fare_amount":"4.5","extra":"0.5","mta_tax":"0.5","tip_amount":"1","tolls_amount":"0","improvement_surcharge":"0.3","total_amount":"6.8","congestion_surcharge":""},{"VendorID":"2","tpep_pickup_datetime":"2023-01-19 20:15:05","tpep_dropoff_datetime":"2023-10-22 20:22:40","passenger_count":"1","trip_distance":"1.20","RatecodeID":"1","store_and_fwd_flag":"N","PULocationID":"181","DOLocationID":"189","payment_type":"2","fare_amount":"7","extra":"0.5","mta_tax":"0.5","tip_amount":"0","tolls_amount":"0","improvement_surcharge":"0.3","total_amount":"8.3","congestion_surcharge":""},{"VendorID":"1","tpep_pickup_datetime":"2023-06-20 20:01:47","tpep_dropoff_datetime":"2023-11-12 20:10:20","passenger_count":"3","trip_distance":"1.30","RatecodeID":"1","store_and_fwd_flag":"N","PULocationID":"234","DOLocationID":"230","payment_type":"1","fare_amount":"7.5","extra":"0.5","mta_tax":"0.5","tip_amount":"1.75","tolls_amount":"0","improvement_surcharge":"0.3","total_amount":"10.55","congestion_surcharge":""},{"VendorID":"1","tpep_pickup_datetime":"2023-09-28 20:13:54","tpep_dropoff_datetime":"2023-10-06 20:34:22","passenger_count":"2","trip_distance":"4.30","RatecodeID":"1","store_and_fwd_flag":"N","PULocationID":"230","DOLocationID":"148","payment_type":"2","fare_amount":"16.5","extra":"0.5","mta_tax":"0.5","tip_amount":"0","tolls_amount":"0","improvement_surcharge":"0.3","total_amount":"17.8","congestion_surcharge":""},{"VendorID":"1","tpep_pickup_datetime":"2023-09-17 20:36:15","tpep_dropoff_datetime":"2023-02-24 20:39:35","passenger_count":"2","trip_distance":".70","RatecodeID":"1","store_and_fwd_flag":"N","PULocationID":"148","DOLocationID":"107","payment_type":"1","fare_amount":"4.5","extra":"0.5","mta_tax":"0.5","tip_amount":"2","tolls_amount":"0","improvement_surcharge":"0.3","total_amount":"7.8","congestion_surcharge":""},{"VendorID":"1","tpep_pickup_datetime":"2023-09-29 20:47:27","tpep_dropoff_datetime":"2023-09-11 20:51:42","passenger_count":"2","trip_distance":".70","RatecodeID":"1","store_and_fwd_flag":"N","PULocationID":"113","DOLocationID":"114","payment_type":"1","fare_amount":"5","extra":"0.5","mta_tax":"0.5","tip_amount":"1.25","tolls_amount":"0","improvement_surcharge":"0.3","total_amount":"7.55","congestion_surcharge":""},{"VendorID":"1","tpep_pickup_datetime":"2023-10-10 20:53:34","tpep_dropoff_datetime":"2023-02-15 21:15:26","passenger_count":"2","trip_distance":"4.90","RatecodeID":"1","store_and_fwd_flag":"N","PULocationID":"114","DOLocationID":"238","payment_type":"1","fare_amount":"18","extra":"0.5","mta_tax":"0.5","tip_amount":"1","tolls_amount":"0","improvement_surcharge":"0.3","total_amount":"20.3","congestion_surcharge":""},{"VendorID":"2","tpep_pickup_datetime":"2023-06-26 19:58:39","tpep_dropoff_datetime":"2024-01-06 20:07:01","passenger_count":"1","trip_distance":"1.06","RatecodeID":"1","store_and_fwd_flag":"N","PULocationID":"113","DOLocationID":"249","payment_type":"1","fare_amount":"7","extra":"0.5","mta_tax":"0.5","tip_amount":"0.83","tolls_amount":"0","improvement_surcharge":"0.3","total_amount":"9.13","congestion_surcharge":""},{"VendorID":"2","tpep_pickup_datetime":"2024-02-03 20:15:54","tpep_dropoff_datetime":"2023-08-24 20:22:07","passenger_count":"1","trip_distance":".89","RatecodeID":"1","store_and_fwd_flag":"N","PULocationID":"79","DOLocationID":"148","payment_type":"1","fare_amount":"6","extra":"0.5","mta_tax":"0.5","tip_amount":"1.46","tolls_amount":"0","improvement_surcharge":"0.3","total_amount":"8.76","congestion_surcharge":""},{"VendorID":"2","tpep_pickup_datetime":"2023-04-28 20:47:33","tpep_dropoff_datetime":"2024-01-19 21:02:59","passenger_count":"1","trip_distance":"2.48","RatecodeID":"1","store_and_fwd_flag":"N","PULocationID":"148","DOLocationID":"186","payment_type":"1","fare_amount":"11.5","extra":"0.5","mta_tax":"0.5","tip_amount":"2.56","tolls_amount":"0","improvement_surcharge":"0.3","total_amount":"15.36","congestion_surcharge":""},{"VendorID":"2","tpep_pickup_datetime":"2023-11-05 20:12:02","tpep_dropoff_datetime":"2023-12-20 20:20:23","passenger_count":"1","trip_distance":"1.32","RatecodeID":"1","store_and_fwd_flag":"N","PULocationID":"161","DOLocationID":"234","payment_type":"1","fare_amount":"7.5","extra":"0.5","mta_tax":"0.5","tip_amount":"1","tolls_amount":"0","improvement_surcharge":"0.3","total_amount":"9.8","congestion_surcharge":""},{"VendorID":"2","tpep_pickup_datetime":"2023-11-01 20:24:19","tpep_dropoff_datetime":"2023-05-24 20:33:32","passenger_count":"1","trip_distance":"1.73","RatecodeID":"1","store_and_fwd_flag":"N","PULocationID":"164","DOLocationID":"158","payment_type":"1","fare_amount":"8","extra":"0.5","mta_tax":"0.5","tip_amount":"2.32","tolls_amount":"0","improvement_surcharge":"0.3","total_amount":"11.62","congestion_surcharge":""},{"VendorID":"2","tpep_pickup_datetime":"2023-03-30 20:56:28","tpep_dropoff_datetime":"2023-03-21 21:03:00","passenger_count":"1","trip_distance":".72","RatecodeID":"1","store_and_fwd_flag":"N","PULocationID":"230","DOLocationID":"48","payment_type":"1","fare_amount":"6","extra":"0.5","mta_tax":"0.5","tip_amount":"1","tolls_amount":"0","improvement_surcharge":"0.3","total_amount":"8.3","congestion_surcharge":""},{"VendorID":"2","tpep_pickup_datetime":"2023-08-12 20:51:44","tpep_dropoff_datetime":"2023-06-27 20:57:30","passenger_count":"1","trip_distance":".73","RatecodeID":"1","store_and_fwd_flag":"N","PULocationID":"48","DOLocationID":"163","payment_type":"1","fare_amount":"5.5","extra":"0.5","mta_tax":"0.5","tip_amount":"0.07","tolls_amount":"0","improvement_surcharge":"0.3","total_amount":"6.87","congestion_surcharge":""},{"VendorID":"1","tpep_pickup_datetime":"2023-04-26 20:08:27","tpep_dropoff_datetime":"2023-03-03 20:14:27","passenger_count":"1","trip_distance":"1.40","RatecodeID":"1","store_and_fwd_flag":"N","PULocationID":"68","DOLocationID":"50","payment_type":"1","fare_amount":"6.5","extra":"0.5","mta_tax":"0.5","tip_amount":"1.55","tolls_amount":"0","improvement_surcharge":"0.3","total_amount":"9.35","congestion_surcharge":""},{"VendorID":"1","tpep_pickup_datetime":"2023-07-13 20:20:56","tpep_dropoff_datetime":"2023-06-02 20:24:41","passenger_count":"2","trip_distance":".20","RatecodeID":"1","store_and_fwd_flag":"N","PULocationID":"230","DOLocationID":"230","payment_type":"1","fare_amount":"4.5","extra":"0.5","mta_tax":"0.5","tip_amount":"1.15","tolls_amount":"0","improvement_surcharge":"0.3","total_amount":"6.95","congestion_surcharge":""},{"VendorID":"1","tpep_pickup_datetime":"2023-10-30 20:36:39","tpep_dropoff_datetime":"2023-03-05 20:45:41","passenger_count":"1","trip_distance":"1.70","RatecodeID":"1","store_and_fwd_flag":"N","PULocationID":"230","DOLocationID":"236","payment_type":"1","fare_amount":"8.5","extra":"0.5","mta_tax":"0.5","tip_amount":"1.96","tolls_amount":"0","improvement_surcharge":"0.3","total_amount":"11.76","congestion_surcharge":""},{"VendorID":"1","tpep_pickup_datetime":"2023-05-17 20:57:26","tpep_dropoff_datetime":"2023-11-04 21:08:22","passenger_count":"1","trip_distance":"2.30","RatecodeID":"1","store_and_fwd_flag":"N","PULocationID":"162","DOLocationID":"113","payment_type":"1","fare_amount":"10","extra":"0.5","mta_tax":"0.5","tip_amount":"2.25","tolls_amount":"0","improvement_surcharge":"0.3","total_amount":"13.55","congestion_surcharge":""},{"VendorID":"2","tpep_pickup_datetime":"2023-11-04 20:29:12","tpep_dropoff_datetime":"2023-05-24 20:43:15","passenger_count":"5","trip_distance":"6.81","RatecodeID":"1","store_and_fwd_flag":"N","PULocationID":"87","DOLocationID":"262","payment_type":"1","fare_amount":"21","extra":"0.5","mta_tax":"0.5","tip_amount":"5.58","tolls_amount":"0","improvement_surcharge":"0.3","total_amount":"27.88","congestion_surcharge":""},{"VendorID":"1","tpep_pickup_datetime":"2023-08-28 20:00:36","tpep_dropoff_datetime":"2023-11-04 20:14:05","passenger_count":"1","trip_distance":"3.90","RatecodeID":"1","store_and_fwd_flag":"N","PULocationID":"140","DOLocationID":"74","payment_type":"1","fare_amount":"13.5","extra":"0.5","mta_tax":"0.5","tip_amount":"2.95","tolls_amount":"0","improvement_surcharge":"0.3","total_amount":"17.75","congestion_surcharge":""},{"VendorID":"4","tpep_pickup_datetime":"2023-08-22 20:41:48","tpep_dropoff_datetime":"2023-11-27 21:18:03","passenger_count":"1","trip_distance":"21.10","RatecodeID":"2","store_and_fwd_flag":"N","PULocationID":"132","DOLocationID":"161","payment_type":"2","fare_amount":"52","extra":"0","mta_tax":"0.5","tip_amount":"0","tolls_amount":"5.76","improvement_surcharge":"0.3","total_amount":"58.56","congestion_surcharge":""},{"VendorID":"2","tpep_pickup_datetime":"2023-05-17 20:04:10","tpep_dropoff_datetime":"2023-05-24 20:25:02","passenger_count":"2","trip_distance":"5.54","RatecodeID":"1","store_and_fwd_flag":"N","PULocationID":"141","DOLocationID":"211","payment_type":"1","fare_amount":"20","extra":"0.5","mta_tax":"0.5","tip_amount":"4.26","tolls_amount":"0","improvement_surcharge":"0.3","total_amount":"25.56","congestion_surcharge":""},{"VendorID":"2","tpep_pickup_datetime":"2023-04-14 20:10:46","tpep_dropoff_datetime":"2023-04-06 20:19:15","passenger_count":"1","trip_distance":"1.32","RatecodeID":"1","store_and_fwd_flag":"N","PULocationID":"161","DOLocationID":"164","payment_type":"1","fare_amount":"7.5","extra":"0.5","mta_tax":"0.5","tip_amount":"1.76","tolls_amount":"0","improvement_surcharge":"0.3","total_amount":"10.56","congestion_surcharge":""},{"VendorID":"2","tpep_pickup_datetime":"2023-03-14 20:29:51","tpep_dropoff_datetime":"2023-04-08 20:42:22","passenger_count":"1","trip_distance":"1.04","RatecodeID":"1","store_and_fwd_flag":"N","PULocationID":"230","DOLocationID":"164","payment_type":"2","fare_amount":"9","extra":"0.5","mta_tax":"0.5","tip_amount":"0","tolls_amount":"0","improvement_surcharge":"0.3","total_amount":"10.3","congestion_surcharge":""},{"VendorID":"2","tpep_pickup_datetime":"2023-03-21 20:45:26","tpep_dropoff_datetime":"2023-10-08 20:51:13","passenger_count":"1","trip_distance":"1.13","RatecodeID":"1","store_and_fwd_flag":"N","PULocationID":"100","DOLocationID":"163","payment_type":"2","fare_amount":"6","extra":"0.5","mta_tax":"0.5","tip_amount":"0","tolls_amount":"0","improvement_surcharge":"0.3","total_amount":"7.3","congestion_surcharge":""},{"VendorID":"2","tpep_pickup_datetime":"2023-02-22 20:51:37","tpep_dropoff_datetime":"2023-11-20 20:57:00","passenger_count":"1","trip_distance":"1.17","RatecodeID":"1","store_and_fwd_flag":"N","PULocationID":"163","DOLocationID":"142","payment_type":"1","fare_amount":"6","extra":"0.5","mta_tax":"0.5","tip_amount":"2.19","tolls_amount":"0","improvement_surcharge":"0.3","total_amount":"9.49","congestion_surcharge":""},{"VendorID":"2","tpep_pickup_datetime":"2023-11-02 20:01:16","tpep_dropoff_datetime":"2023-05-28 20:06:22","passenger_count":"2","trip_distance":".69","RatecodeID":"1","store_and_fwd_flag":"N","PULocationID":"50","DOLocationID":"142","payment_type":"2","fare_amount":"5.5","extra":"0.5","mta_tax":"0.5","tip_amount":"0","tolls_amount":"0","improvement_surcharge":"0.3","total_amount":"6.8","congestion_surcharge":""},{"VendorID":"2","tpep_pickup_datetime":"2023-09-03 20:16:57","tpep_dropoff_datetime":"2023-06-11 20:35:13","passenger_count":"6","trip_distance":"2.40","RatecodeID":"1","store_and_fwd_flag":"N","PULocationID":"161","DOLocationID":"107","payment_type":"1","fare_amount":"13","extra":"0.5","mta_tax":"0.5","tip_amount":"2.86","tolls_amount":"0","improvement_surcharge":"0.3","total_amount":"17.16","congestion_surcharge":""},{"VendorID":"2","tpep_pickup_datetime":"2023-08-15 20:50:32","tpep_dropoff_datetime":"2024-01-27 21:09:46","passenger_count":"6","trip_distance":"4.16","RatecodeID":"1","store_and_fwd_flag":"N","PULocationID":"234","DOLocationID":"236","payment_type":"1","fare_amount":"15.5","extra":"0.5","mta_tax":"0.5","tip_amount":"2.52","tolls_amount":"0","improvement_surcharge":"0.3","total_amount":"19.32","congestion_surcharge":""},{"VendorID":"1","tpep_pickup_datetime":"2023-04-22 20:54:07","tpep_dropoff_datetime":"2023-06-29 21:19:06","passenger_count":"1","trip_distance":"4.60","RatecodeID":"1","store_and_fwd_flag":"N","PULocationID":"230","DOLocationID":"7","payment_type":"1","fare_amount":"19.5","extra":"0.5","mta_tax":"0.5","tip_amount":"4.15","tolls_amount":"0","improvement_surcharge":"0.3","total_amount":"24.95","congestion_surcharge":""},{"VendorID":"1","tpep_pickup_datetime":"2023-04-06 20:00:08","tpep_dropoff_datetime":"2023-11-10 20:32:58","passenger_count":"1","trip_distance":"19.40","RatecodeID":"2","store_and_fwd_flag":"N","PULocationID":"132","DOLocationID":"262","payment_type":"2","fare_amount":"52","extra":"0","mta_tax":"0.5","tip_amount":"0","tolls_amount":"5.76","improvement_surcharge":"0.3","total_amount":"58.56","congestion_surcharge":""},{"VendorID":"1","tpep_pickup_datetime":"2023-10-18 20:41:38","tpep_dropoff_datetime":"2023-09-08 20:47:59","passenger_count":"2","trip_distance":"1.70","RatecodeID":"1","store_and_fwd_flag":"N","PULocationID":"236","DOLocationID":"239","payment_type":"1","fare_amount":"7.5","extra":"0.5","mta_tax":"0.5","tip_amount":"1.76","tolls_amount":"0","improvement_surcharge":"0.3","total_amount":"10.56","congestion_surcharge":""},{"VendorID":"1","tpep_pickup_datetime":"2023-12-28 20:17:17","tpep_dropoff_datetime":"2023-02-08 20:36:02","passenger_count":"1","trip_distance":"8.10","RatecodeID":"1","store_and_fwd_flag":"N","PULocationID":"231","DOLocationID":"140","payment_type":"1","fare_amount":"25","extra":"0.5","mta_tax":"0.5","tip_amount":"3.7","tolls_amount":"0","improvement_surcharge":"0.3","total_amount":"30","congestion_surcharge":""},{"VendorID":"1","tpep_pickup_datetime":"2024-01-26 20:43:04","tpep_dropoff_datetime":"2023-08-16 20:49:22","passenger_count":"1","trip_distance":"1.20","RatecodeID":"1","store_and_fwd_flag":"N","PULocationID":"141","DOLocationID":"262","payment_type":"1","fare_amount":"6.5","extra":"0.5","mta_tax":"0.5","tip_amount":"1.55","tolls_amount":"0","improvement_surcharge":"0.3","total_amount":"9.35","congestion_surcharge":""},{"VendorID":"1","tpep_pickup_datetime":"2023-09-02 20:51:53","tpep_dropoff_datetime":"2023-07-02 21:02:18","passenger_count":"1","trip_distance":"1.30","RatecodeID":"1","store_and_fwd_flag":"N","PULocationID":"263","DOLocationID":"229","payment_type":"1","fare_amount":"8.5","extra":"0.5","mta_tax":"0.5","tip_amount":"1.95","tolls_amount":"0","improvement_surcharge":"0.3","total_amount":"11.75","congestion_surcharge":""},{"VendorID":"2","tpep_pickup_datetime":"2023-12-09 20:23:29","tpep_dropoff_datetime":"2023-02-08 20:51:40","passenger_count":"1","trip_distance":"18.87","RatecodeID":"2","store_and_fwd_flag":"N","PULocationID":"132","DOLocationID":"262","payment_type":"1","fare_amount":"52","extra":"0","mta_tax":"0.5","tip_amount":"4","tolls_amount":"5.76","improvement_surcharge":"0.3","total_amount":"62.56","congestion_surcharge":""},{"VendorID":"1","tpep_pickup_datetime":"2023-06-25 20:11:32","tpep_dropoff_datetime":"2023-04-29 20:22:59","passenger_count":"1","trip_distance":"1.20","RatecodeID":"1","store_and_fwd_flag":"N","PULocationID":"148","DOLocationID":"114","payment_type":"2","fare_amount":"8.5","extra":"0.5","mta_tax":"0.5","tip_amount":"0","tolls_amount":"0","improvement_surcharge":"0.3","total_amount":"9.8","congestion_surcharge":""},{"VendorID":"1","tpep_pickup_datetime":"2023-10-05 20:43:35","tpep_dropoff_datetime":"2023-08-03 20:51:13","passenger_count":"2","trip_distance":"1.10","RatecodeID":"1","store_and_fwd_flag":"N","PULocationID":"100","DOLocationID":"246","payment_type":"1","fare_amount":"7","extra":"0.5","mta_tax":"0.5","tip_amount":"2.05","tolls_amount":"0","improvement_surcharge":"0.3","total_amount":"10.35","congestion_surcharge":""},{"VendorID":"1","tpep_pickup_datetime":"2023-11-10 20:56:47","tpep_dropoff_datetime":"2024-01-16 21:11:04","passenger_count":"1","trip_distance":"2.80","RatecodeID":"1","store_and_fwd_flag":"N","PULocationID":"164","DOLocationID":"143","payment_type":"1","fare_amount":"12","extra":"0.5","mta_tax":"0.5","tip_amount":"1.7","tolls_amount":"0","improvement_surcharge":"0.3","total_amount":"15","congestion_surcharge":""},{"VendorID":"2","tpep_pickup_datetime":"2023-03-29 20:47:30","tpep_dropoff_datetime":"2023-05-20 21:27:44","passenger_count":"1","trip_distance":"20.23","RatecodeID":"1","store_and_fwd_flag":"N","PULocationID":"132","DOLocationID":"181","payment_type":"1","fare_amount":"56.5","extra":"0.5","mta_tax":"0.5","tip_amount":"11.56","tolls_amount":"0","improvement_surcharge":"0.3","total_amount":"69.36","congestion_surcharge":""},{"VendorID":"1","tpep_pickup_datetime":"2023-01-30 20:01:21","tpep_dropoff_datetime":"2023-01-17 20:41:34","passenger_count":"1","trip_distance":"20.50","RatecodeID":"2","store_and_fwd_flag":"N","PULocationID":"132","DOLocationID":"238","payment_type":"1","fare_amount":"52","extra":"0","mta_tax":"0.5","tip_amount":"0","tolls_amount":"5.76","improvement_surcharge":"0.3","total_amount":"58.56","congestion_surcharge":""},{"VendorID":"2","tpep_pickup_datetime":"2023-05-18 20:32:29","tpep_dropoff_datetime":"2023-04-10 20:35:57","passenger_count":"1","trip_distance":".41","RatecodeID":"1","store_and_fwd_flag":"N","PULocationID":"229","DOLocationID":"229","payment_type":"1","fare_amount":"4","extra":"0.5","mta_tax":"0.5","tip_amount":"1.06","tolls_amount":"0","improvement_surcharge":"0.3","total_amount":"6.36","congestion_surcharge":""},{"VendorID":"2","tpep_pickup_datetime":"2023-05-26 20:42:50","tpep_dropoff_datetime":"2023-06-13 20:48:13","passenger_count":"1","trip_distance":"1.35","RatecodeID":"1","store_and_fwd_flag":"N","PULocationID":"229","DOLocationID":"236","payment_type":"1","fare_amount":"6.5","extra":"0.5","mta_tax":"0.5","tip_amount":"1.56","tolls_amount":"0","improvement_surcharge":"0.3","total_amount":"9.36","congestion_surcharge":""},{"VendorID":"2","tpep_pickup_datetime":"2023-07-20 20:58:45","tpep_dropoff_datetime":"2023-12-09 21:03:36","passenger_count":"3","trip_distance":"1.31","RatecodeID":"1","store_and_fwd_flag":"N","PULocationID":"162","DOLocationID":"237","payment_type":"1","fare_amount":"6","extra":"0.5","mta_tax":"0.5","tip_amount":"1.46","tolls_amount":"0","improvement_surcharge":"0.3","total_amount":"8.76","congestion_surcharge":""},{"VendorID":"1","tpep_pickup_datetime":"2023-08-11 20:18:45","tpep_dropoff_datetime":"2023-08-13 20:23:24","passenger_count":"1","trip_distance":"1.10","RatecodeID":"1","store_and_fwd_flag":"N","PULocationID":"125","DOLocationID":"249","payment_type":"1","fare_amount":"5.5","extra":"0.5","mta_tax":"0.5","tip_amount":"1.35","tolls_amount":"0","improvement_surcharge":"0.3","total_amount":"8.15","congestion_surcharge":""},{"VendorID":"2","tpep_pickup_datetime":"2023-12-22 20:12:09","tpep_dropoff_datetime":"2023-03-20 20:20:49","passenger_count":"1","trip_distance":"1.09","RatecodeID":"1","store_and_fwd_flag":"N","PULocationID":"143","DOLocationID":"143","payment_type":"1","fare_amount":"7","extra":"0.5","mta_tax":"0.5","tip_amount":"1.66","tolls_amount":"0","improvement_surcharge":"0.3","total_amount":"9.96","congestion_surcharge":""},{"VendorID":"2","tpep_pickup_datetime":"2023-09-24 20:35:42","tpep_dropoff_datetime":"2023-06-08 20:45:27","passenger_count":"1","trip_distance":"1.78","RatecodeID":"1","store_and_fwd_flag":"N","PULocationID":"236","DOLocationID":"143","payment_type":"2","fare_amount":"9","extra":"0.5","mta_tax":"0.5","tip_amount":"0","tolls_amount":"0","improvement_surcharge":"0.3","total_amount":"10.3","congestion_surcharge":""},{"VendorID":"2","tpep_pickup_datetime":"2023-01-28 20:48:42","tpep_dropoff_datetime":"2024-01-10 20:53:38","passenger_count":"1","trip_distance":".73","RatecodeID":"1","store_and_fwd_flag":"N","PULocationID":"143","DOLocationID":"142","payment_type":"1","fare_amount":"5.5","extra":"0.5","mta_tax":"0.5","tip_amount":"0","tolls_amount":"0","improvement_surcharge":"0.3","total_amount":"6.8","congestion_surcharge":""},{"VendorID":"2","tpep_pickup_datetime":"2023-02-07 20:06:38","tpep_dropoff_datetime":"2023-06-01 20:08:13","passenger_count":"4","trip_distance":".61","RatecodeID":"1","store_and_fwd_flag":"N","PULocationID":"239","DOLocationID":"238","payment_type":"1","fare_amount":"4","extra":"0.5","mta_tax":"0.5","tip_amount":"1.32","tolls_amount":"0","improvement_surcharge":"0.3","total_amount":"6.62","congestion_surcharge":""},{"VendorID":"2","tpep_pickup_datetime":"2023-01-13 20:20:04","tpep_dropoff_datetime":"2023-09-14 20:34:51","passenger_count":"5","trip_distance":"2.39","RatecodeID":"1","store_and_fwd_flag":"N","PULocationID":"239","DOLocationID":"230","payment_type":"1","fare_amount":"12","extra":"0.5","mta_tax":"0.5","tip_amount":"3.32","tolls_amount":"0","improvement_surcharge":"0.3","total_amount":"16.62","congestion_surcharge":""},{"VendorID":"2","tpep_pickup_datetime":"2023-06-09 20:39:47","tpep_dropoff_datetime":"2023-12-15 20:34:51","passenger_count":"4","trip_distance":"9.93","RatecodeID":"1","store_and_fwd_flag":"N","PULocationID":"230","DOLocationID":"127","payment_type":"1","fare_amount":"30","extra":"0.5","mta_tax":"0.5","tip_amount":"3.13","tolls_amount":"0","improvement_surcharge":"0.3","total_amount":"34.43","congestion_surcharge":""},{"VendorID":"2","tpep_pickup_datetime":"2023-11-27 20:13:13","tpep_dropoff_datetime":"2023-05-18 20:23:02","passenger_count":"1","trip_distance":".76","RatecodeID":"1","store_and_fwd_flag":"N","PULocationID":"162","DOLocationID":"230","payment_type":"1","fare_amount":"7.5","extra":"0.5","mta_tax":"0.5","tip_amount":"1.76","tolls_amount":"0","improvement_surcharge":"0.3","total_amount":"10.56","congestion_surcharge":""},{"VendorID":"2","tpep_pickup_datetime":"2023-12-04 20:26:57","tpep_dropoff_datetime":"2023-01-13 20:47:33","passenger_count":"1","trip_distance":"3.06","RatecodeID":"1","store_and_fwd_flag":"N","PULocationID":"230","DOLocationID":"211","payment_type":"1","fare_amount":"14.5","extra":"0.5","mta_tax":"0.5","tip_amount":"3.16","tolls_amount":"0","improvement_surcharge":"0.3","total_amount":"18.96","congestion_surcharge":""},{"VendorID":"2","tpep_pickup_datetime":"2023-07-28 20:53:11","tpep_dropoff_datetime":"2023-11-10 21:02:11","passenger_count":"1","trip_distance":"1.54","RatecodeID":"1","store_and_fwd_flag":"N","PULocationID":"144","DOLocationID":"158","payment_type":"2","fare_amount":"8","extra":"0.5","mta_tax":"0.5","tip_amount":"0","tolls_amount":"0","improvement_surcharge":"0.3","total_amount":"9.3","congestion_surcharge":""},{"VendorID":"2","tpep_pickup_datetime":"2023-02-13 19:58:44","tpep_dropoff_datetime":"2023-08-12 20:05:54","passenger_count":"1","trip_distance":"1.37","RatecodeID":"1","store_and_fwd_flag":"N","PULocationID":"236","DOLocationID":"239","payment_type":"1","fare_amount":"7.5","extra":"0.5","mta_tax":"0.5","tip_amount":"2.2","tolls_amount":"0","improvement_surcharge":"0.3","total_amount":"11","congestion_surcharge":""},{"VendorID":"2","tpep_pickup_datetime":"2024-02-04 20:30:48","tpep_dropoff_datetime":"2023-02-16 20:35:21","passenger_count":"1","trip_distance":".80","RatecodeID":"1","store_and_fwd_flag":"N","PULocationID":"239","DOLocationID":"238","payment_type":"1","fare_amount":"5","extra":"0.5","mta_tax":"0.5","tip_amount":"1.13","tolls_amount":"0","improvement_surcharge":"0.3","total_amount":"7.43","congestion_surcharge":""},{"VendorID":"2","tpep_pickup_datetime":"2023-03-16 20:40:16","tpep_dropoff_datetime":"2023-05-11 20:45:28","passenger_count":"1","trip_distance":"1.19","RatecodeID":"1","store_and_fwd_flag":"N","PULocationID":"239","DOLocationID":"236","payment_type":"2","fare_amount":"6","extra":"0.5","mta_tax":"0.5","tip_amount":"0","tolls_amount":"0","improvement_surcharge":"0.3","total_amount":"7.3","congestion_surcharge":""},{"VendorID":"2","tpep_pickup_datetime":"2023-01-26 20:55:36","tpep_dropoff_datetime":"2023-04-23 21:13:20","passenger_count":"1","trip_distance":"3.18","RatecodeID":"1","store_and_fwd_flag":"N","PULocationID":"163","DOLocationID":"249","payment_type":"1","fare_amount":"13.5","extra":"0.5","mta_tax":"0.5","tip_amount":"2.96","tolls_amount":"0","improvement_surcharge":"0.3","total_amount":"17.76","congestion_surcharge":""},{"VendorID":"2","tpep_pickup_datetime":"2023-06-16 20:29:23","tpep_dropoff_datetime":"2023-06-19 20:59:35","passenger_count":"1","trip_distance":"16.04","RatecodeID":"1","store_and_fwd_flag":"N","PULocationID":"132","DOLocationID":"145","payment_type":"1","fare_amount":"44.5","extra":"0.5","mta_tax":"0.5","tip_amount":"9.16","tolls_amount":"0","improvement_surcharge":"0.3","total_amount":"54.96","congestion_surcharge":""},{"VendorID":"1","tpep_pickup_datetime":"2023-04-27 20:43:16","tpep_dropoff_datetime":"2023-03-24 20:51:28","passenger_count":"1","trip_distance":"2.70","RatecodeID":"1","store_and_fwd_flag":"N","PULocationID":"186","DOLocationID":"239","payment_type":"1","fare_amount":"9.5","extra":"0.5","mta_tax":"0.5","tip_amount":"2.7","tolls_amount":"0","improvement_surcharge":"0.3","total_amount":"13.5","congestion_surcharge":""},{"VendorID":"1","tpep_pickup_datetime":"2023-09-17 20:59:18","tpep_dropoff_datetime":"2024-01-17 21:34:01","passenger_count":"1","trip_distance":"7.70","RatecodeID":"1","store_and_fwd_flag":"N","PULocationID":"142","DOLocationID":"181","payment_type":"1","fare_amount":"27.5","extra":"0.5","mta_tax":"0.5","tip_amount":"5.75","tolls_amount":"0","improvement_surcharge":"0.3","total_amount":"34.55","congestion_surcharge":""},{"VendorID":"1","tpep_pickup_datetime":"2023-12-30 20:10:40","tpep_dropoff_datetime":"2023-05-05 20:33:08","passenger_count":"1","trip_distance":"3.80","RatecodeID":"1","store_and_fwd_flag":"N","PULocationID":"237","DOLocationID":"211","payment_type":"1","fare_amount":"17","extra":"0.5","mta_tax":"0.5","tip_amount":"3.65","tolls_amount":"0","improvement_surcharge":"0.3","total_amount":"21.95","congestion_surcharge":""},{"VendorID":"2","tpep_pickup_datetime":"2024-01-22 19:53:57","tpep_dropoff_datetime":"2023-06-24 20:19:11","passenger_count":"1","trip_distance":"3.44","RatecodeID":"1","store_and_fwd_flag":"N","PULocationID":"230","DOLocationID":"144","payment_type":"1","fare_amount":"17","extra":"0.5","mta_tax":"0.5","tip_amount":"3.66","tolls_amount":"0","improvement_surcharge":"0.3","total_amount":"21.96","congestion_surcharge":""},{"VendorID":"2","tpep_pickup_datetime":"2023-08-20 20:36:37","tpep_dropoff_datetime":"2023-03-19 20:44:07","passenger_count":"1","trip_distance":"1.02","RatecodeID":"1","store_and_fwd_flag":"N","PULocationID":"162","DOLocationID":"170","payment_type":"1","fare_amount":"6.5","extra":"0.5","mta_tax":"0.5","tip_amount":"1.56","tolls_amount":"0","improvement_surcharge":"0.3","total_amount":"9.36","congestion_surcharge":""},{"VendorID":"2","tpep_pickup_datetime":"2023-01-13 20:55:48","tpep_dropoff_datetime":"2023-06-20 21:01:10","passenger_count":"1","trip_distance":".76","RatecodeID":"1","store_and_fwd_flag":"N","PULocationID":"186","DOLocationID":"246","payment_type":"1","fare_amount":"5.5","extra":"0.5","mta_tax":"0.5","tip_amount":"1.7","tolls_amount":"0","improvement_surcharge":"0.3","total_amount":"8.5","congestion_surcharge":""},{"VendorID":"1","tpep_pickup_datetime":"2023-08-07 20:17:47","tpep_dropoff_datetime":"2023-01-09 20:32:06","passenger_count":"4","trip_distance":"2.50","RatecodeID":"1","store_and_fwd_flag":"N","PULocationID":"162","DOLocationID":"68","payment_type":"2","fare_amount":"11.5","extra":"0.5","mta_tax":"0.5","tip_amount":"0","tolls_amount":"0","improvement_surcharge":"0.3","total_amount":"12.8","congestion_surcharge":""},{"VendorID":"2","tpep_pickup_datetime":"2023-08-12 20:16:33","tpep_dropoff_datetime":"2023-06-28 20:24:15","passenger_count":"6","trip_distance":"2.03","RatecodeID":"1","store_and_fwd_flag":"N","PULocationID":"229","DOLocationID":"263","payment_type":"1","fare_amount":"8","extra":"0.5","mta_tax":"0.5","tip_amount":"1.86","tolls_amount":"0","improvement_surcharge":"0.3","total_amount":"11.16","congestion_surcharge":""},{"VendorID":"2","tpep_pickup_datetime":"2023-12-09 20:26:13","tpep_dropoff_datetime":"2023-10-24 20:46:21","passenger_count":"6","trip_distance":"4.83","RatecodeID":"1","store_and_fwd_flag":"N","PULocationID":"263","DOLocationID":"90","payment_type":"1","fare_amount":"18","extra":"0.5","mta_tax":"0.5","tip_amount":"2.7","tolls_amount":"0","improvement_surcharge":"0.3","total_amount":"22","congestion_surcharge":""}]