[{"VendorID":"2","tpep_pickup_datetime":"2023-06-28 11:19:49","tpep_dropoff_datetime":"2023-09-03 11:23:43","passenger_count":"1","trip_distance":".79","RatecodeID":"1","store_and_fwd_flag":"N","PULocationID":"143","DOLocationID":"142","payment_type":"1","fare_amount":"5","extra":"0","mta_tax":"0.5","tip_amount":"0","tolls_amount":"0","improvement_surcharge":"0.3","total_amount":"5.8","congestion_surcharge":""},{"VendorID":"2","tpep_pickup_datetime":"2023-12-22 11:31:40","tpep_dropoff_datetime":"2023-11-22 11:39:14","passenger_count":"1","trip_distance":".60","RatecodeID":"1","store_and_fwd_flag":"N","PULocationID":"142","DOLocationID":"143","payment_type":"2","fare_amount":"6.5","extra":"0","mta_tax":"0.5","tip_amount":"0","tolls_amount":"0","improvement_surcharge":"0.3","total_amount":"7.3","congestion_surcharge":""},{"VendorID":"2","tpep_pickup_datetime":"2023-02-05 11:43:56","tpep_dropoff_datetime":"2023-08-21 11:48:40","passenger_count":"1","trip_distance":"1.20","RatecodeID":"1","store_and_fwd_flag":"N","PULocationID":"239","DOLocationID":"238","payment_type":"1","fare_amount":"6","extra":"0","mta_tax":"0.5","tip_amount":"1.36","tolls_amount":"0","improvement_surcharge":"0.3","total_amount":"8.16","congestion_surcharge":""},{"VendorID":"2","tpep_pickup_datetime":"2023-05-01 11:12:21","tpep_dropoff_datetime":"2023-07-26 11:15:00","passenger_count":"1","trip_distance":".74","RatecodeID":"1","store_and_fwd_flag":"N","PULocationID":"211","DOLocationID":"113","payment_type":"1","fare_amount":"4.5","extra":"0","mta_tax":"0.5","tip_amount":"1","tolls_amount":"0","improvement_surcharge":"0.3","total_amount":"6.3","congestion_surcharge":""},{"VendorID":"2","tpep_pickup_datetime":"2023-10-05 11:40:28","tpep_dropoff_datetime":"2023-04-01 11:56:28","passenger_count":"1","trip_distance":"2.89","RatecodeID":"1","store_and_fwd_flag":"N","PULocationID":"142","DOLocationID":"75","payment_type":"2","fare_amount":"12.5","extra":"0","mta_tax":"0.5","tip_amount":"0","tolls_amount":"0","improvement_surcharge":"0.3","total_amount":"13.3","congestion_surcharge":""},{"VendorID":"2","tpep_pickup_datetime":"2023-03-04 11:18:14","tpep_dropoff_datetime":"2024-01-17 11:30:14","passenger_count":"1","trip_distance":"1.55","RatecodeID":"1","store_and_fwd_flag":"N","PULocationID":"186","DOLocationID":"137","payment_type":"1","fare_amount":"9","extra":"0","mta_tax":"0.5","tip_amount":"2.94","tolls_amount":"0","improvement_surcharge":"0.3","total_amount":"12.74","congestion_surcharge":""},{"VendorID":"2","tpep_pickup_datetime":"2023-06-10 11:56:10","tpep_dropoff_datetime":"2023-01-07 12:01:32","passenger_count":"1","trip_distance":"1.12","RatecodeID":"1","store_and_fwd_flag":"N","PULocationID":"263","DOLocationID":"75","payment_type":"1","fare_amount":"6","extra":"0","mta_tax":"0.5","tip_amount":"1","tolls_amount":"0","improvement_surcharge":"0.3","total_amount":"7.8","congestion_surcharge":""},{"VendorID":"2","tpep_pickup_datetime":"2023-11-04 11:27:24","tpep_dropoff_datetime":"2024-01-31 11:39:07","passenger_count":"1","trip_distance":"2.15","RatecodeID":"1","store_and_fwd_flag":"N","PULocationID":"260","DOLocationID":"223","payment_type":"2","fare_amount":"10","extra":"0","mta_tax":"0.5","tip_amount":"0","tolls_amount":"0","improvement_surcharge":"0.3","total_amount":"10.8","congestion_surcharge":""},{"VendorID":"2","tpep_pickup_datetime":"2023-01-02 11:05:37","tpep_dropoff_datetime":"2023-10-02 11:26:31","passenger_count":"1","trip_distance":"3.62","RatecodeID":"1","store_and_fwd_flag":"N","PULocationID":"41","DOLocationID":"140","payment_type":"1","fare_amount":"15.5","extra":"0","mta_tax":"0.5","tip_amount":"3.26","tolls_amount":"0","improvement_surcharge":"0.3","total_amount":"19.56","congestion_surcharge":""},{"VendorID":"2","tpep_pickup_datetime":"2023-12-01 11:31:15","tpep_dropoff_datetime":"2023-06-15 11:39:18","passenger_count":"1","trip_distance":"1.72","RatecodeID":"1","store_and_fwd_flag":"N","PULocationID":"140","DOLocationID":"236","payment_type":"2","fare_amount":"8","extra":"0","mta_tax":"0.5","tip_amount":"0","tolls_amount":"0","improvement_surcharge":"0.3","total_amount":"8.8","congestion_surcharge":""},{"VendorID":"2","tpep_pickup_datetime":"2023-07-09 11:48:44","tpep_dropoff_datetime":"2023-04-12 12:01:59","passenger_count":"1","trip_distance":"1.62","RatecodeID":"1","store_and_fwd_flag":"N","PULocationID":"43","DOLocationID":"163","payment_type":"2","fare_amount":"10","extra":"0","mta_tax":"0.5","tip_amount":"0","tolls_amount":"0","improvement_surcharge":"0.3","total_amount":"10.8","congestion_surcharge":""},{"VendorID":"1","tpep_pickup_datetime":"2023-09-15 11:03:08","tpep_dropoff_datetime":"2023-07-26 11:16:42","passenger_count":"1","trip_distance":"2.20","RatecodeID":"1","store_and_fwd_flag":"N","PULocationID":"229","DOLocationID":"236","payment_type":"1","fare_amount":"11","extra":"0","mta_tax":"0.5","tip_amount":"2.35","tolls_amount":"0","improvement_surcharge":"0.3","total_amount":"14.15","congestion_surcharge":""},{"VendorID":"1","tpep_pickup_datetime":"2023-01-28 11:23:53","tpep_dropoff_datetime":"2023-12-03 11:28:56","passenger_count":"1","trip_distance":".60","RatecodeID":"1","store_and_fwd_flag":"N","PULocationID":"263","DOLocationID":"236","payment_type":"1","fare_amount":"5.5","extra":"0","mta_tax":"0.5","tip_amount":"0.75","tolls_amount":"0","improvement_surcharge":"0.3","total_amount":"7.05","congestion_surcharge":""},{"VendorID":"1","tpep_pickup_datetime":"2023-11-08 11:45:03","tpep_dropoff_datetime":"2024-02-05 11:54:59","passenger_count":"1","trip_distance":"1.70","RatecodeID":"1","store_and_fwd_flag":"N","PULocationID":"140","DOLocationID":"141","payment_type":"1","fare_amount":"8.5","extra":"0","mta_tax":"0.5","tip_amount":"1.4","tolls_amount":"0","improvement_surcharge":"0.3","total_amount":"10.7","congestion_surcharge":""},{"VendorID":"1","tpep_pickup_datetime":"2023-11-23 11:59:19","tpep_dropoff_datetime":"2023-08-31 12:12:51","passenger_count":"1","trip_distance":"1.60","RatecodeID":"1","store_and_fwd_flag":"N","PULocationID":"141","DOLocationID":"162","payment_type":"1","fare_amount":"10.5","extra":"0","mta_tax":"0.5","tip_amount":"2.8","tolls_amount":"0","improvement_surcharge":"0.3","total_amount":"14.1","congestion_surcharge":""},{"VendorID":"1","tpep_pickup_datetime":"2023-12-12 11:16:28","tpep_dropoff_datetime":"2023-10-17 11:28:07","passenger_count":"1","trip_distance":"1.10","RatecodeID":"1","store_and_fwd_flag":"N","PULocationID":"233","DOLocationID":"161","payment_type":"1","fare_amount":"8.5","extra":"0","mta_tax":"0.5","tip_amount":"1","tolls_amount":"0","improvement_surcharge":"0.3","total_amount":"10.3","congestion_surcharge":""},{"VendorID":"1","tpep_pickup_datetime":"2023-04-29 11:41:55","tpep_dropoff_datetime":"2023-07-19 11:47:28","passenger_count":"1","trip_distance":"1.00","RatecodeID":"1","store_and_fwd_flag":"Y","PULocationID":"237","DOLocationID":"229","payment_type":"1","fare_amount":"6","extra":"0","mta_tax":"0.5","tip_amount":"1.35","tolls_amount":"0","improvement_surcharge":"0.3","total_amount":"8.15","congestion_surcharge":""},{"VendorID":"2","tpep_pickup_datetime":"2024-01-02 11:00:06","tpep_dropoff_datetime":"2023-11-07 11:07:25","passenger_count":"1","trip_distance":"1.12","RatecodeID":"1","store_and_fwd_flag":"N","PULocationID":"163","DOLocationID":"170","payment_type":"1","fare_amount":"6.5","extra":"0","mta_tax":"0.5","tip_amount":"1","tolls_amount":"0","improvement_surcharge":"0.3","total_amount":"8.3","congestion_surcharge":""},{"VendorID":"2","tpep_pickup_datetime":"2023-06-06 11:16:48","tpep_dropoff_datetime":"2023-07-14 11:20:45","passenger_count":"1","trip_distance":".62","RatecodeID":"1","store_and_fwd_flag":"N","PULocationID":"234","DOLocationID":"170","payment_type":"1","fare_amount":"4.5","extra":"0","mta_tax":"0.5","tip_amount":"0.9","tolls_amount":"0","improvement_surcharge":"0.3","total_amount":"6.2","congestion_surcharge":""},{"VendorID":"2","tpep_pickup_datetime":"2023-02-28 11:30:34","tpep_dropoff_datetime":"2023-07-31 11:53:35","passenger_count":"1","trip_distance":"1.86","RatecodeID":"1","store_and_fwd_flag":"N","PULocationID":"141","DOLocationID":"142","payment_type":"2","fare_amount":"14.5","extra":"0","mta_tax":"0.5","tip_amount":"0","tolls_amount":"0","improvement_surcharge":"0.3","total_amount":"15.3","congestion_surcharge":""},{"VendorID":"2","tpep_pickup_datetime":"2023-06-19 11:03:18","tpep_dropoff_datetime":"2023-09-10 11:06:29","passenger_count":"1","trip_distance":".60","RatecodeID":"1","store_and_fwd_flag":"N","PULocationID":"263","DOLocationID":"236","payment_type":"1","fare_amount":"4","extra":"0","mta_tax":"0.5","tip_amount":"0.96","tolls_amount":"0","improvement_surcharge":"0.3","total_amount":"5.76","congestion_surcharge":""},{"VendorID":"2","tpep_pickup_datetime":"2023-02-14 11:08:27","tpep_dropoff_datetime":"2023-07-05 11:13:38","passenger_count":"1","trip_distance":".67","RatecodeID":"1","store_and_fwd_flag":"N","PULocationID":"236","DOLocationID":"237","payment_type":"1","fare_amount":"5","extra":"0","mta_tax":"0.5","tip_amount":"1.16","tolls_amount":"0","improvement_surcharge":"0.3","total_amount":"6.96","congestion_surcharge":""},{"VendorID":"2","tpep_pickup_datetime":"2023-05-06 11:27:02","tpep_dropoff_datetime":"2023-06-01 11:49:16","passenger_count":"1","trip_distance":"2.32","RatecodeID":"1","store_and_fwd_flag":"N","PULocationID":"237","DOLocationID":"100","payment_type":"2","fare_amount":"14.5","extra":"0","mta_tax":"0.5","tip_amount":"0","tolls_amount":"0","improvement_surcharge":"0.3","total_amount":"15.3","congestion_surcharge":""},{"VendorID":"2","tpep_pickup_datetime":"2023-06-10 11:35:23","tpep_dropoff_datetime":"2023-04-23 11:55:47","passenger_count":"1","trip_distance":"11.85","RatecodeID":"1","store_and_fwd_flag":"N","PULocationID":"132","DOLocationID":"138","payment_type":"2","fare_amount":"33.5","extra":"0","mta_tax":"0.5","tip_amount":"0","tolls_amount":"0","improvement_surcharge":"0.3","total_amount":"34.3","congestion_surcharge":""},{"VendorID":"2","tpep_pickup_datetime":"2023-10-03 10:58:30","tpep_dropoff_datetime":"2023-07-16 11:08:55","passenger_count":"6","trip_distance":"1.36","RatecodeID":"1","store_and_fwd_flag":"N","PULocationID":"68","DOLocationID":"186","payment_type":"1","fare_amount":"8","extra":"0","mta_tax":"0.5","tip_amount":"1.76","tolls_amount":"0","improvement_surcharge":"0.3","total_amount":"10.56","congestion_surcharge":""},{"VendorID":"2","tpep_pickup_datetime":"2023-03-18 11:17:05","tpep_dropoff_datetime":"2023-05-07 11:21:37","passenger_count":"6","trip_distance":".73","RatecodeID":"1","store_and_fwd_flag":"N","PULocationID":"186","DOLocationID":"230","payment_type":"2","fare_amount":"5","extra":"0","mta_tax":"0.5","tip_amount":"0","tolls_amount":"0","improvement_surcharge":"0.3","total_amount":"5.8","congestion_surcharge":""},{"VendorID":"2","tpep_pickup_datetime":"2023-09-08 11:31:47","tpep_dropoff_datetime":"2023-05-16 11:41:43","passenger_count":"6","trip_distance":"1.11","RatecodeID":"1","store_and_fwd_flag":"N","PULocationID":"164","DOLocationID":"230","payment_type":"2","fare_amount":"8","extra":"0","mta_tax":"0.5","tip_amount":"0","tolls_amount":"0","improvement_surcharge":"0.3","total_amount":"8.8","congestion_surcharge":""},{"VendorID":"1","tpep_pickup_datetime":"2023-12-20 11:37:01","tpep_dropoff_datetime":"2023-07-10 11:46:43","passenger_count":"1","trip_distance":"1.00","RatecodeID":"1","store_and_fwd_flag":"N","PULocationID":"263","DOLocationID":"75","payment_type":"1","fare_amount":"7.5","extra":"0","mta_tax":"0.5","tip_amount":"1.5","tolls_amount":"0","improvement_surcharge":"0.3","total_amount":"9.8","congestion_surcharge":""},{"VendorID":"2","tpep_pickup_datetime":"2023-09-18 11:11:11","tpep_dropoff_datetime":"2023-12-11 11:19:20","passenger_count":"1","trip_distance":"1.33","RatecodeID":"1","store_and_fwd_flag":"N","PULocationID":"140","DOLocationID":"43","payment_type":"1","fare_amount":"7.5","extra":"0","mta_tax":"0.5","tip_amount":"1.66","tolls_amount":"0","improvement_surcharge":"0.3","total_amount":"9.96","congestion_surcharge":""},{"VendorID":"2","tpep_pickup_datetime":"2024-01-12 11:36:19","tpep_dropoff_datetime":"2023-01-09 11:39:01","passenger_count":"6","trip_distance":".57","RatecodeID":"1","store_and_fwd_flag":"N","PULocationID":"170","DOLocationID":"170","payment_type":"1","fare_amount":"4","extra":"0","mta_tax":"0.5","tip_amount":"0.96","tolls_amount":"0","improvement_surcharge":"0.3","total_amount":"5.76","congestion_surcharge":""},{"VendorID":"2","tpep_pickup_datetime":"2023-11-26 11:40:58","tpep_dropoff_datetime":"2023-03-18 11:49:05","passenger_count":"6","trip_distance":".91","RatecodeID":"1","store_and_fwd_flag":"N","PULocationID":"234","DOLocationID":"137","payment_type":"1","fare_amount":"7","extra":"0","mta_tax":"0.5","tip_amount":"1.56","tolls_amount":"0","improvement_surcharge":"0.3","total_amount":"9.36","congestion_surcharge":""},{"VendorID":"2","tpep_pickup_datetime":"2023-07-13 11:03:24","tpep_dropoff_datetime":"2023-09-21 11:11:30","passenger_count":"2","trip_distance":"2.97","RatecodeID":"1","store_and_fwd_flag":"N","PULocationID":"138","DOLocationID":"82","payment_type":"2","fare_amount":"10.5","extra":"0","mta_tax":"0.5","tip_amount":"0","tolls_amount":"0","improvement_surcharge":"0.3","total_amount":"11.3","congestion_surcharge":""},{"VendorID":"2","tpep_pickup_datetime":"2023-02-15 11:28:36","tpep_dropoff_datetime":"2023-02-06 11:37:40","passenger_count":"1","trip_distance":"1.45","RatecodeID":"1","store_and_fwd_flag":"N","PULocationID":"234","DOLocationID":"144","payment_type":"1","fare_amount":"8","extra":"0","mta_tax":"0.5","tip_amount":"1","tolls_amount":"0","improvement_surcharge":"0.3","total_amount":"9.8","congestion_surcharge":""},{"VendorID":"1","tpep_pickup_datetime":"2023-02-14 11:16:02","tpep_dropoff_datetime":"2023-06-27 11:28:25","passenger_count":"1","trip_distance":"2.70","RatecodeID":"1","store_and_fwd_flag":"N","PULocationID":"262","DOLocationID":"142","payment_type":"1","fare_amount":"11","extra":"0","mta_tax":"0.5","tip_amount":"2.36","tolls_amount":"0","improvement_surcharge":"0.3","total_amount":"14.16","congestion_surcharge":""},{"VendorID":"1","tpep_pickup_datetime":"2024-01-23 11:36:43","tpep_dropoff_datetime":"2023-02-04 11:47:46","passenger_count":"1","trip_distance":"1.70","RatecodeID":"1","store_and_fwd_flag":"N","PULocationID":"239","DOLocationID":"166","payment_type":"1","fare_amount":"9.5","extra":"0","mta_tax":"0.5","tip_amount":"3.05","tolls_amount":"0","improvement_surcharge":"0.3","total_amount":"13.35","congestion_surcharge":""},{"VendorID":"2","tpep_pickup_datetime":"2023-07-06 11:32:50","tpep_dropoff_datetime":"2023-01-25 11:51:43","passenger_count":"6","trip_distance":"3.68","RatecodeID":"1","store_and_fwd_flag":"N","PULocationID":"113","DOLocationID":"246","payment_type":"1","fare_amount":"15","extra":"0","mta_tax":"0.5","tip_amount":"3.95","tolls_amount":"0","improvement_surcharge":"0.3","total_amount":"19.75","congestion_surcharge":""},{"VendorID":"2","tpep_pickup_datetime":"2023-08-22 11:20:08","tpep_dropoff_datetime":"2023-04-25 11:31:06","passenger_count":"1","trip_distance":"1.47","RatecodeID":"1","store_and_fwd_flag":"N","PULocationID":"90","DOLocationID":"170","payment_type":"1","fare_amount":"9","extra":"0","mta_tax":"0.5","tip_amount":"1.96","tolls_amount":"0","improvement_surcharge":"0.3","total_amount":"11.76","congestion_surcharge":""},{"VendorID":"2","tpep_pickup_datetime":"2023-10-10 10:59:58","tpep_dropoff_datetime":"2023-04-20 11:06:15","passenger_count":"1","trip_distance":"1.09","RatecodeID":"1","store_and_fwd_flag":"N","PULocationID":"50","DOLocationID":"230","payment_type":"1","fare_amount":"6","extra":"0","mta_tax":"0.5","tip_amount":"1.36","tolls_amount":"0","improvement_surcharge":"0.3","total_amount":"8.16","congestion_surcharge":""},{"VendorID":"1","tpep_pickup_datetime":"2023-04-12 11:07:24","tpep_dropoff_datetime":"2023-03-30 11:12:15","passenger_count":"1","trip_distance":".70","RatecodeID":"1","store_and_fwd_flag":"N","PULocationID":"234","DOLocationID":"68","payment_type":"1","fare_amount":"5","extra":"0","mta_tax":"0.5","tip_amount":"1.7","tolls_amount":"0","improvement_surcharge":"0.3","total_amount":"7.5","congestion_surcharge":""},{"VendorID":"1","tpep_pickup_datetime":"2023-06-15 11:26:30","tpep_dropoff_datetime":"2024-01-23 11:34:48","passenger_count":"1","trip_distance":"1.30","RatecodeID":"1","store_and_fwd_flag":"N","PULocationID":"107","DOLocationID":"186","payment_type":"1","fare_amount":"7.5","extra":"0","mta_tax":"0.5","tip_amount":"1","tolls_amount":"0","improvement_surcharge":"0.3","total_amount":"9.3","congestion_surcharge":""},{"VendorID":"1","tpep_pickup_datetime":"2023-08-09 11:47:09","tpep_dropoff_datetime":"2023-01-17 11:57:38","passenger_count":"1","trip_distance":"1.80","RatecodeID":"1","store_and_fwd_flag":"N","PULocationID":"142","DOLocationID":"238","payment_type":"1","fare_amount":"9","extra":"0","mta_tax":"0.5","tip_amount":"2","tolls_amount":"0","improvement_surcharge":"0.3","total_amount":"11.8","congestion_surcharge":""},{"VendorID":"2","tpep_pickup_datetime":"2023-06-05 11:54:53","tpep_dropoff_datetime":"2023-01-30 12:04:05","passenger_count":"2","trip_distance":"1.00","RatecodeID":"1","store_and_fwd_flag":"N","PULocationID":"262","DOLocationID":"236","payment_type":"1","fare_amount":"7","extra":"0","mta_tax":"0.5","tip_amount":"0","tolls_amount":"0","improvement_surcharge":"0.3","total_amount":"7.8","congestion_surcharge":""},{"VendorID":"2","tpep_pickup_datetime":"2024-01-09 11:14:59","tpep_dropoff_datetime":"2023-09-07 11:37:07","passenger_count":"1","trip_distance":"12.36","RatecodeID":"1","store_and_fwd_flag":"N","PULocationID":"138","DOLocationID":"180","payment_type":"2","fare_amount":"34.5","extra":"0","mta_tax":"0.5","tip_amount":"0","tolls_amount":"0","improvement_surcharge":"0.3","total_amount":"35.3","congestion_surcharge":""},{"VendorID":"2","tpep_pickup_datetime":"2023-04-28 11:02:29","tpep_dropoff_datetime":"2023-09-04 11:07:22","passenger_count":"1","trip_distance":".81","RatecodeID":"1","store_and_fwd_flag":"N","PULocationID":"234","DOLocationID":"68","payment_type":"2","fare_amount":"5.5","extra":"0","mta_tax":"0.5","tip_amount":"0","tolls_amount":"0","improvement_surcharge":"0.3","total_amount":"6.3","congestion_surcharge":""},{"VendorID":"2","tpep_pickup_datetime":"2023-09-02 11:26:59","tpep_dropoff_datetime":"2023-08-31 11:33:35","passenger_count":"2","trip_distance":".94","RatecodeID":"1","store_and_fwd_flag":"N","PULocationID":"249","DOLocationID":"158","payment_type":"2","fare_amount":"6","extra":"0","mta_tax":"0.5","tip_amount":"0","tolls_amount":"0","improvement_surcharge":"0.3","total_amount":"6.8","congestion_surcharge":""},{"VendorID":"2","tpep_pickup_datetime":"2023-12-18 11:06:19","tpep_dropoff_datetime":"2023-09-29 11:12:08","passenger_count":"3","trip_distance":"1.11","RatecodeID":"1","store_and_fwd_flag":"N","PULocationID":"100","DOLocationID":"246","payment_type":"1","fare_amount":"6","extra":"0","mta_tax":"0.5","tip_amount":"2.04","tolls_amount":"0","improvement_surcharge":"0.3","total_amount":"8.84","congestion_surcharge":""},{"VendorID":"2","tpep_pickup_datetime":"2023-02-12 11:31:42","tpep_dropoff_datetime":"2023-10-23 11:39:22","passenger_count":"1","trip_distance":".97","RatecodeID":"1","store_and_fwd_flag":"N","PULocationID":"142","DOLocationID":"239","payment_type":"1","fare_amount":"7","extra":"0","mta_tax":"0.5","tip_amount":"0","tolls_amount":"0","improvement_surcharge":"0.3","total_amount":"7.8","congestion_surcharge":""},{"VendorID":"2","tpep_pickup_datetime":"2023-09-15 11:50:28","tpep_dropoff_datetime":"2023-05-19 11:56:12","passenger_count":"1","trip_distance":".82","RatecodeID":"1","store_and_fwd_flag":"N","PULocationID":"50","DOLocationID":"48","payment_type":"2","fare_amount":"6","extra":"0","mta_tax":"0.5","tip_amount":"0","tolls_amount":"0","improvement_surcharge":"0.3","total_amount":"6.8","congestion_surcharge":""},{"VendorID":"1","tpep_pickup_datetime":"2023-11-09 11:37:48","tpep_dropoff_datetime":"2023-11-12 11:50:07","passenger_count":"1","trip_distance":"1.00","RatecodeID":"1","store_and_fwd_flag":"N","PULocationID":"162","DOLocationID":"230","payment_type":"2","fare_amount":"9","extra":"0","mta_tax":"0.5","tip_amount":"0","tolls_amount":"0","improvement_surcharge":"0.3","total_amount":"9.8","congestion_surcharge":""},{"VendorID":"1","tpep_pickup_datetime":"2023-08-03 11:55:29","tpep_dropoff_datetime":"2024-01-27 12:17:25","passenger_count":"1","trip_distance":"4.20","RatecodeID":"1","store_and_fwd_flag":"N","PULocationID":"230","DOLocationID":"146","payment_type":"2","fare_amount":"17.5","extra":"0","mta_tax":"0.5","tip_amount":"0","tolls_amount":"0","improvement_surcharge":"0.3","total_amount":"18.3","congestion_surcharge":""},{"VendorID":"2","tpep_pickup_datetime":"2023-02-02 11:24:58","tpep_dropoff_datetime":"2023-01-22 11:41:56","passenger_count":"1","trip_distance":"1.90","RatecodeID":"1","store_and_fwd_flag":"N","PULocationID":"246","DOLocationID":"161","payment_type":"1","fare_amount":"12","extra":"0","mta_tax":"0.5","tip_amount":"2.56","tolls_amount":"0","improvement_surcharge":"0.3","total_amount":"15.36","congestion_surcharge":""},{"VendorID":"2","tpep_pickup_datetime":"2023-09-08 11:12:56","tpep_dropoff_datetime":"2023-03-28 11:21:15","passenger_count":"1","trip_distance":"1.31","RatecodeID":"1","store_and_fwd_flag":"N","PULocationID":"164","DOLocationID":"163","payment_type":"2","fare_amount":"7.5","extra":"0","mta_tax":"0.5","tip_amount":"0","tolls_amount":"0","improvement_surcharge":"0.3","total_amount":"8.3","congestion_surcharge":""},{"VendorID":"2","tpep_pickup_datetime":"2023-05-08 11:55:36","tpep_dropoff_datetime":"2023-10-10 12:14:00","passenger_count":"1","trip_distance":"1.92","RatecodeID":"1","store_and_fwd_flag":"N","PULocationID":"140","DOLocationID":"140","payment_type":"1","fare_amount":"12.5","extra":"0","mta_tax":"0.5","tip_amount":"2.66","tolls_amount":"0","improvement_surcharge":"0.3","total_amount":"15.96","congestion_surcharge":""},{"VendorID":"2","tpep_pickup_datetime":"2023-05-09 11:16:45","tpep_dropoff_datetime":"2023-12-28 11:19:43","passenger_count":"1","trip_distance":".56","RatecodeID":"1","store_and_fwd_flag":"N","PULocationID":"238","DOLocationID":"239","payment_type":"1","fare_amount":"4","extra":"0","mta_tax":"0.5","tip_amount":"1.2","tolls_amount":"0","improvement_surcharge":"0.3","total_amount":"6","congestion_surcharge":""},{"VendorID":"2","tpep_pickup_datetime":"2023-10-18 11:53:50","tpep_dropoff_datetime":"2023-06-10 12:03:26","passenger_count":"1","trip_distance":"1.60","RatecodeID":"1","store_and_fwd_flag":"N","PULocationID":"68","DOLocationID":"211","payment_type":"1","fare_amount":"8.5","extra":"0","mta_tax":"0.5","tip_amount":"1.86","tolls_amount":"0","improvement_surcharge":"0.3","total_amount":"11.16","congestion_surcharge":""},{"VendorID":"2","tpep_pickup_datetime":"2023-08-14 10:52:18","tpep_dropoff_datetime":"2023-04-06 10:56:02","passenger_count":"1","trip_distance":"1.55","RatecodeID":"1","store_and_fwd_flag":"N","PULocationID":"140","DOLocationID":"233","payment_type":"1","fare_amount":"6.5","extra":"0","mta_tax":"0.5","tip_amount":"1.46","tolls_amount":"0","improvement_surcharge":"0.3","total_amount":"8.76","congestion_surcharge":""},{"VendorID":"2","tpep_pickup_datetime":"2023-03-17 11:06:20","tpep_dropoff_datetime":"2023-11-06 11:11:44","passenger_count":"1","trip_distance":".62","RatecodeID":"1","store_and_fwd_flag":"N","PULocationID":"170","DOLocationID":"170","payment_type":"1","fare_amount":"5.5","extra":"0","mta_tax":"0.5","tip_amount":"1.26","tolls_amount":"0","improvement_surcharge":"0.3","total_amount":"7.56","congestion_surcharge":""},{"VendorID":"2","tpep_pickup_datetime":"2023-11-17 11:39:24","tpep_dropoff_datetime":"2023-12-05 11:44:31","passenger_count":"1","trip_distance":"1.03","RatecodeID":"1","store_and_fwd_flag":"N","PULocationID":"43","DOLocationID":"236","payment_type":"1","fare_amount":"6","extra":"0","mta_tax":"0.5","tip_amount":"1.36","tolls_amount":"0","improvement_surcharge":"0.3","total_amount":"8.16","congestion_surcharge":""},{"VendorID":"2","tpep_pickup_datetime":"2023-03-13 11:47:36","tpep_dropoff_datetime":"2023-09-17 11:53:29","passenger_count":"1","trip_distance":".90","RatecodeID":"1","store_and_fwd_flag":"N","PULocationID":"263","DOLocationID":"141","payment_type":"1","fare_amount":"5.5","extra":"0","mta_tax":"0.5","tip_amount":"1.26","tolls_amount":"0","improvement_surcharge":"0.3","total_amount":"7.56","congestion_surcharge":""},{"VendorID":"2","tpep_pickup_datetime":"2023-09-29 11:29:33","tpep_dropoff_datetime":"2023-06-04 11:51:34","passenger_count":"2","trip_distance":"3.51","RatecodeID":"1","store_and_fwd_flag":"N","PULocationID":"262","DOLocationID":"100","payment_type":"1","fare_amount":"17.5","extra":"0","mta_tax":"0.5","tip_amount":"3.66","tolls_amount":"0","improvement_surcharge":"0.3","total_amount":"21.96","congestion_surcharge":""},{"VendorID":"2","tpep_pickup_datetime":"2023-03-14 10:57:45","tpep_dropoff_datetime":"2023-10-31 11:07:18","passenger_count":"5","trip_distance":".93","RatecodeID":"1","store_and_fwd_flag":"N","PULocationID":"237","DOLocationID":"43","payment_type":"2","fare_amount":"7.5","extra":"0","mta_tax":"0.5","tip_amount":"0","tolls_amount":"0","improvement_surcharge":"0.3","total_amount":"8.3","congestion_surcharge":""},{"VendorID":"2","tpep_pickup_datetime":"2023-09-20 11:18:33","tpep_dropoff_datetime":"2024-01-05 11:29:14","passenger_count":"6","trip_distance":"1.92","RatecodeID":"1","store_and_fwd_flag":"N","PULocationID":"161","DOLocationID":"236","payment_type":"2","fare_amount":"9.5","extra":"0","mta_tax":"0.5","tip_amount":"0","tolls_amount":"0","improvement_surcharge":"0.3","total_amount":"10.3","congestion_surcharge":""},{"VendorID":"2","tpep_pickup_datetime":"2024-01-24 11:42:31","tpep_dropoff_datetime":"2023-03-09 11:49:12","passenger_count":"5","trip_distance":"1.37","RatecodeID":"1","store_and_fwd_flag":"N","PULocationID":"162","DOLocationID":"170","payment_type":"1","fare_amount":"7","extra":"0","mta_tax":"0.5","tip_amount":"1.56","tolls_amount":"0","improvement_surcharge":"0.3","total_amount":"9.36","congestion_surcharge":""},{"VendorID":"2","tpep_pickup_datetime":"2023-09-24 11:15:45","tpep_dropoff_datetime":"2024-01-27 11:24:45","passenger_count":"4","trip_distance":"1.14","RatecodeID":"1","store_and_fwd_flag":"N","PULocationID":"186","DOLocationID":"234","payment_type":"1","fare_amount":"7.5","extra":"0","mta_tax":"0.5","tip_amount":"1.66","tolls_amount":"0","improvement_surcharge":"0.3","total_amount":"9.96","congestion_surcharge":""},{"VendorID":"2","tpep_pickup_datetime":"2023-03-12 11:36:23","tpep_dropoff_datetime":"2023-05-16 11:42:51","passenger_count":"4","trip_distance":"1.75","RatecodeID":"1","store_and_fwd_flag":"N","PULocationID":"161","DOLocationID":"236","payment_type":"2","fare_amount":"7","extra":"0","mta_tax":"0.5","tip_amount":"0","tolls_amount":"0","improvement_surcharge":"0.3","total_amount":"7.8","congestion_surcharge":""},{"VendorID":"1","tpep_pickup_datetime":"2023-06-18 11:52:05","tpep_dropoff_datetime":"2023-12-01 12:05:13","passenger_count":"1","trip_distance":"1.50","RatecodeID":"1","store_and_fwd_flag":"N","PULocationID":"236","DOLocationID":"162","payment_type":"2","fare_amount":"9.5","extra":"0","mta_tax":"0.5","tip_amount":"0","tolls_amount":"0","improvement_surcharge":"0.3","total_amount":"10.3","congestion_surcharge":""},{"VendorID":"2","tpep_pickup_datetime":"2023-11-03 11:49:11","tpep_dropoff_datetime":"2023-12-03 12:08:16","passenger_count":"1","trip_distance":"3.33","RatecodeID":"1","store_and_fwd_flag":"N","PULocationID":"151","DOLocationID":"140","payment_type":"1","fare_amount":"14.5","extra":"0","mta_tax":"0.5","tip_amount":"3.82","tolls_amount":"0","improvement_surcharge":"0.3","total_amount":"19.12","congestion_surcharge":""},{"VendorID":"2","tpep_pickup_datetime":"2023-02-10 11:55:01","tpep_dropoff_datetime":"2023-10-15 12:00:03","passenger_count":"2","trip_distance":".88","RatecodeID":"1","store_and_fwd_flag":"N","PULocationID":"151","DOLocationID":"238","payment_type":"1","fare_amount":"5.5","extra":"0","mta_tax":"0.5","tip_amount":"1.26","tolls_amount":"0","improvement_surcharge":"0.3","total_amount":"7.56","congestion_surcharge":""},{"VendorID":"2","tpep_pickup_datetime":"2023-04-16 11:16:09","tpep_dropoff_datetime":"2023-10-07 11:33:57","passenger_count":"5","trip_distance":"3.46","RatecodeID":"1","store_and_fwd_flag":"N","PULocationID":"264","DOLocationID":"264","payment_type":"1","fare_amount":"14","extra":"0","mta_tax":"0.5","tip_amount":"1.5","tolls_amount":"0","improvement_surcharge":"0.3","total_amount":"16.3","congestion_surcharge":""},{"VendorID":"2","tpep_pickup_datetime":"2024-01-24 11:47:43","tpep_dropoff_datetime":"2023-06-03 11:55:35","passenger_count":"4","trip_distance":".83","RatecodeID":"1","store_and_fwd_flag":"N","PULocationID":"264","DOLocationID":"264","payment_type":"1","fare_amount":"6.5","extra":"0","mta_tax":"0.5","tip_amount":"2.19","tolls_amount":"0","improvement_surcharge":"0.3","total_amount":"9.49","congestion_surcharge":""},{"VendorID":"2","tpep_pickup_datetime":"2023-08-03 11:03:04","tpep_dropoff_datetime":"2023-08-31 11:03:04","passenger_count":"1","trip_distance":".00","RatecodeID":"1","store_and_fwd_flag":"N","PULocationID":"264","DOLocationID":"264","payment_type":"2","fare_amount":"2.5","extra":"0","mta_tax":"0.5","tip_amount":"0","tolls_amount":"0","improvement_surcharge":"0.3","total_amount":"3.3","congestion_surcharge":""},{"VendorID":"2","tpep_pickup_datetime":"2023-02-21 11:10:03","tpep_dropoff_datetime":"2023-05-20 11:19:58","passenger_count":"1","trip_distance":"1.17","RatecodeID":"1","store_and_fwd_flag":"N","PULocationID":"237","DOLocationID":"140","payment_type":"1","fare_amount":"7.5","extra":"0","mta_tax":"0.5","tip_amount":"1.66","tolls_amount":"0","improvement_surcharge":"0.3","total_amount":"9.96","congestion_surcharge":""},{"VendorID":"2","tpep_pickup_datetime":"2023-12-23 11:21:07","tpep_dropoff_datetime":"2023-07-11 11:22:59","passenger_count":"1","trip_distance":".33","RatecodeID":"1","store_and_fwd_flag":"N","PULocationID":"140","DOLocationID":"140","payment_type":"2","fare_amount":"3.5","extra":"0","mta_tax":"0.5","tip_amount":"0","tolls_amount":"0","improvement_surcharge":"0.3","total_amount":"4.3","congestion_surcharge":""},{"VendorID":"2","tpep_pickup_datetime":"2023-01-20 11:31:49","tpep_dropoff_datetime":"2023-10-04 11:48:15","passenger_count":"1","trip_distance":"1.90","RatecodeID":"1","store_and_fwd_flag":"N","PULocationID":"263","DOLocationID":"163","payment_type":"1","fare_amount":"12","extra":"0","mta_tax":"0.5","tip_amount":"2.56","tolls_amount":"0","improvement_surcharge":"0.3","total_amount":"15.36","congestion_surcharge":""},{"VendorID":"2","tpep_pickup_datetime":"2023-10-13 11:53:06","tpep_dropoff_datetime":"2023-08-25 11:58:00","passenger_count":"1","trip_distance":".84","RatecodeID":"1","store_and_fwd_flag":"N","PULocationID":"163","DOLocationID":"237","payment_type":"1","fare_amount":"5.5","extra":"0","mta_tax":"0.5","tip_amount":"1.26","tolls_amount":"0","improvement_surcharge":"0.3","total_amount":"7.56","congestion_surcharge":""},{"VendorID":"1","tpep_pickup_datetime":"2023-05-22 11:22:29","tpep_dropoff_datetime":"2023-04-20 11:36:01","passenger_count":"2","trip_distance":"1.20","RatecodeID":"1","store_and_fwd_flag":"N","PULocationID":"230","DOLocationID":"50","payment_type":"1","fare_amount":"9.5","extra":"0","mta_tax":"0.5","tip_amount":"3.05","tolls_amount":"0","improvement_surcharge":"0.3","total_amount":"13.35","congestion_surcharge":""},{"VendorID":"1","tpep_pickup_datetime":"2023-11-09 11:56:26","tpep_dropoff_datetime":"2023-03-04 11:58:39","passenger_count":"2","trip_distance":".20","RatecodeID":"1","store_and_fwd_flag":"N","PULocationID":"100","DOLocationID":"186","payment_type":"1","fare_amount":"3.5","extra":"0","mta_tax":"0.5","tip_amount":"0.85","tolls_amount":"0","improvement_surcharge":"0.3","total_amount":"5.15","congestion_surcharge":""},{"VendorID":"2","tpep_pickup_datetime":"2023-05-11 11:55:16","tpep_dropoff_datetime":"2023-04-16 12:13:12","passenger_count":"2","trip_distance":"4.72","RatecodeID":"1","store_and_fwd_flag":"N","PULocationID":"163","DOLocationID":"13","payment_type":"1","fare_amount":"17","extra":"0","mta_tax":"0.5","tip_amount":"3.56","tolls_amount":"0","improvement_surcharge":"0.3","total_amount":"21.36","congestion_surcharge":""},{"VendorID":"2","tpep_pickup_datetime":"2023-04-17 11:40:04","tpep_dropoff_datetime":"2023-07-25 11:48:18","passenger_count":"1","trip_distance":".77","RatecodeID":"1","store_and_fwd_flag":"N","PULocationID":"170","DOLocationID":"164","payment_type":"1","fare_amount":"6.5","extra":"0","mta_tax":"0.5","tip_amount":"1.46","tolls_amount":"0","improvement_surcharge":"0.3","total_amount":"8.76","congestion_surcharge":""},{"VendorID":"2","tpep_pickup_datetime":"2023-02-05 11:52:48","tpep_dropoff_datetime":"2023-02-15 12:19:51","passenger_count":"1","trip_distance":"1.91","RatecodeID":"1","store_and_fwd_flag":"N","PULocationID":"164","DOLocationID":"164","payment_type":"2","fare_amount":"16.5","extra":"0","mta_tax":"0.5","tip_amount":"0","tolls_amount":"0","improvement_surcharge":"0.3","total_amount":"17.3","congestion_surcharge":""},{"VendorID":"2","tpep_pickup_datetime":"2023-05-19 11:13:11","tpep_dropoff_datetime":"2023-03-23 11:15:20","passenger_count":"1","trip_distance":".53","RatecodeID":"1","store_and_fwd_flag":"N","PULocationID":"140","DOLocationID":"141","payment_type":"2","fare_amount":"4","extra":"0","mta_tax":"0.5","tip_amount":"0","tolls_amount":"0","improvement_surcharge":"0.3","total_amount":"4.8","congestion_surcharge":""},{"VendorID":"2","tpep_pickup_datetime":"2023-07-26 11:20:45","tpep_dropoff_datetime":"2023-04-04 11:21:57","passenger_count":"1","trip_distance":".42","RatecodeID":"1","store_and_fwd_flag":"N","PULocationID":"236","DOLocationID":"263","payment_type":"2","fare_amount":"3.5","extra":"0","mta_tax":"0.5","tip_amount":"0","tolls_amount":"0","improvement_surcharge":"0.3","total_amount":"4.3","congestion_surcharge":""},{"VendorID":"2","tpep_pickup_datetime":"2023-05-31 11:32:10","tpep_dropoff_datetime":"2023-03-04 11:41:17","passenger_count":"1","trip_distance":"2.74","RatecodeID":"1","store_and_fwd_flag":"N","PULocationID":"140","DOLocationID":"170","payment_type":"1","fare_amount":"10.5","extra":"0","mta_tax":"0.5","tip_amount":"0","tolls_amount":"0","improvement_surcharge":"0.3","total_amount":"11.3","congestion_surcharge":""},{"VendorID":"2","tpep_pickup_datetime":"2023-08-24 11:17:24","tpep_dropoff_datetime":"2023-01-04 11:26:12","passenger_count":"1","trip_distance":"1.18","RatecodeID":"1","store_and_fwd_flag":"N","PULocationID":"238","DOLocationID":"143","payment_type":"1","fare_amount":"7.5","extra":"0","mta_tax":"0.5","tip_amount":"2.08","tolls_amount":"0","improvement_surcharge":"0.3","total_amount":"10.38","congestion_surcharge":""},{"VendorID":"2","tpep_pickup_datetime":"2024-02-06 11:29:42","tpep_dropoff_datetime":"2023-12-30 11:33:32","passenger_count":"1","trip_distance":".95","RatecodeID":"1","store_and_fwd_flag":"N","PULocationID":"142","DOLocationID":"239","payment_type":"2","fare_amount":"5","extra":"0","mta_tax":"0.5","tip_amount":"0","tolls_amount":"0","improvement_surcharge":"0.3","total_amount":"5.8","congestion_surcharge":""},{"VendorID":"1","tpep_pickup_datetime":"2023-08-13 11:47:05","tpep_dropoff_datetime":"2023-04-10 11:57:32","passenger_count":"2","trip_distance":"1.10","RatecodeID":"1","store_and_fwd_flag":"N","PULocationID":"237","DOLocationID":"237","payment_type":"1","fare_amount":"8","extra":"0","mta_tax":"0.5","tip_amount":"2.2","tolls_amount":"0","improvement_surcharge":"0.3","total_amount":"11","congestion_surcharge":""},{"VendorID":"1","tpep_pickup_datetime":"2023-03-29 11:38:40","tpep_dropoff_datetime":"2023-10-17 12:04:47","passenger_count":"2","trip_distance":"2.00","RatecodeID":"1","store_and_fwd_flag":"N","PULocationID":"161","DOLocationID":"50","payment_type":"1","fare_amount":"16.5","extra":"0","mta_tax":"0.5","tip_amount":"3.45","tolls_amount":"0","improvement_surcharge":"0.3","total_amount":"20.75","congestion_surcharge":""},{"VendorID":"1","tpep_pickup_datetime":"2023-05-09 11:09:31","tpep_dropoff_datetime":"2023-09-29 11:26:04","passenger_count":"1","trip_distance":"2.50","RatecodeID":"1","store_and_fwd_flag":"N","PULocationID":"163","DOLocationID":"137","payment_type":"1","fare_amount":"12.5","extra":"0","mta_tax":"0.5","tip_amount":"3","tolls_amount":"0","improvement_surcharge":"0.3","total_amount":"16.3","congestion_surcharge":""},{"VendorID":"1","tpep_pickup_datetime":"2023-12-29 11:40:32","tpep_dropoff_datetime":"2023-02-20 11:53:17","passenger_count":"2","trip_distance":"1.80","RatecodeID":"1","store_and_fwd_flag":"N","PULocationID":"234","DOLocationID":"148","payment_type":"1","fare_amount":"10","extra":"0","mta_tax":"0.5","tip_amount":"2.15","tolls_amount":"0","improvement_surcharge":"0.3","total_amount":"12.95","congestion_surcharge":""},{"VendorID":"2","tpep_pickup_datetime":"2023-02-15 11:05:32","tpep_dropoff_datetime":"2023-03-11 11:12:53","passenger_count":"1","trip_distance":"1.75","RatecodeID":"1","store_and_fwd_flag":"N","PULocationID":"13","DOLocationID":"249","payment_type":"1","fare_amount":"8","extra":"0","mta_tax":"0.5","tip_amount":"1.32","tolls_amount":"0","improvement_surcharge":"0.3","total_amount":"10.12","congestion_surcharge":""},{"VendorID":"2","tpep_pickup_datetime":"2023-10-02 11:43:30","tpep_dropoff_datetime":"2023-06-23 11:54:59","passenger_count":"1","trip_distance":".94","RatecodeID":"1","store_and_fwd_flag":"N","PULocationID":"261","DOLocationID":"87","payment_type":"2","fare_amount":"8","extra":"0","mta_tax":"0.5","tip_amount":"0","tolls_amount":"0","improvement_surcharge":"0.3","total_amount":"8.8","congestion_surcharge":""},{"VendorID":"1","tpep_pickup_datetime":"2023-07-13 11:59:21","tpep_dropoff_datetime":"2023-11-02 12:23:42","passenger_count":"1","trip_distance":"12.40","RatecodeID":"1","store_and_fwd_flag":"N","PULocationID":"138","DOLocationID":"88","payment_type":"1","fare_amount":"35","extra":"0","mta_tax":"0.5","tip_amount":"6.23","tolls_amount":"5.76","improvement_surcharge":"0.3","total_amount":"47.79","congestion_surcharge":""},{"VendorID":"1","tpep_pickup_datetime":"2024-02-05 11:20:19","tpep_dropoff_datetime":"2023-08-03 11:33:58","passenger_count":"3","trip_distance":"6.50","RatecodeID":"1","store_and_fwd_flag":"N","PULocationID":"140","DOLocationID":"88","payment_type":"2","fare_amount":"20","extra":"0","mta_tax":"0.5","tip_amount":"0","tolls_amount":"0","improvement_surcharge":"0.3","total_amount":"20.8","congestion_surcharge":""},{"VendorID":"1","tpep_pickup_datetime":"2023-10-02 11:49:07","tpep_dropoff_datetime":"2023-05-30 11:58:10","passenger_count":"2","trip_distance":"1.70","RatecodeID":"1","store_and_fwd_flag":"N","PULocationID":"79","DOLocationID":"137","payment_type":"2","fare_amount":"8.5","extra":"0","mta_tax":"0.5","tip_amount":"0","tolls_amount":"0","improvement_surcharge":"0.3","total_amount":"9.3","congestion_surcharge":""},{"VendorID":"1","tpep_pickup_datetime":"2023-09-29 11:19:24","tpep_dropoff_datetime":"2023-06-14 11:35:21","passenger_count":"1","trip_distance":"5.70","RatecodeID":"1","store_and_fwd_flag":"N","PULocationID":"140","DOLocationID":"45","payment_type":"1","fare_amount":"19","extra":"0","mta_tax":"0.5","tip_amount":"3.5","tolls_amount":"0","improvement_surcharge":"0.3","total_amount":"23.3","congestion_surcharge":""},{"VendorID":"1","tpep_pickup_datetime":"2023-11-01 11:41:16","tpep_dropoff_datetime":"2023-10-06 11:52:05","passenger_count":"1","trip_distance":"1.90","RatecodeID":"1","store_and_fwd_flag":"N","PULocationID":"231","DOLocationID":"13","payment_type":"2","fare_amount":"9.5","extra":"0","mta_tax":"0.5","tip_amount":"0","tolls_amount":"0","improvement_surcharge":"0.3","total_amount":"10.3","congestion_surcharge":""},{"VendorID":"1","tpep_pickup_datetime":"2023-08-12 11:41:12","tpep_dropoff_datetime":"2023-11-09 11:53:43","passenger_count":"1","trip_distance":"2.70","RatecodeID":"1","store_and_fwd_flag":"N","PULocationID":"142","DOLocationID":"41","payment_type":"1","fare_amount":"12","extra":"0","mta_tax":"0.5","tip_amount":"1.2","tolls_amount":"0","improvement_surcharge":"0.3","total_amount":"14","congestion_surcharge":""},{"VendorID":"2","tpep_pickup_datetime":"2023-03-07 10:59:25","tpep_dropoff_datetime":"2024-01-14 11:09:28","passenger_count":"6","trip_distance":"1.19","RatecodeID":"1","store_and_fwd_flag":"N","PULocationID":"161","DOLocationID":"141","payment_type":"2","fare_amount":"8","extra":"0","mta_tax":"0.5","tip_amount":"0","tolls_amount":"0","improvement_surcharge":"0.3","total_amount":"8.8","congestion_surcharge":""},{"VendorID":"2","tpep_pickup_datetime":"2023-07-26 11:33:12","tpep_dropoff_datetime":"2023-07-14 11:49:08","passenger_count":"5","trip_distance":"4.01","RatecodeID":"1","store_and_fwd_flag":"N","PULocationID":"162","DOLocationID":"148","payment_type":"2","fare_amount":"15","extra":"0","mta_tax":"0.5","tip_amount":"0","tolls_amount":"0","improvement_surcharge":"0.3","total_amount":"15.8","congestion_surcharge":""},{"VendorID":"2","tpep_pickup_datetime":"2023-05-15 11:19:09","tpep_dropoff_datetime":"2023-02-17 11:28:12","passenger_count":"1","trip_distance":"2.12","RatecodeID":"1","store_and_fwd_flag":"N","PULocationID":"142","DOLocationID":"239","payment_type":"1","fare_amount":"9.5","extra":"0","mta_tax":"0.5","tip_amount":"2.06","tolls_amount":"0","improvement_surcharge":"0.3","total_amount":"12.36","congestion_surcharge":""},{"VendorID":"2","tpep_pickup_datetime":"2023-03-24 11:31:30","tpep_dropoff_datetime":"2023-01-15 11:52:35","passenger_count":"1","trip_distance":"5.70","RatecodeID":"1","store_and_fwd_flag":"N","PULocationID":"239","DOLocationID":"90","payment_type":"1","fare_amount":"21","extra":"0","mta_tax":"0.5","tip_amount":"4.36","tolls_amount":"0","improvement_surcharge":"0.3","total_amount":"26.16","congestion_surcharge":""},{"VendorID":"2","tpep_pickup_datetime":"2023-06-11 11:58:27","tpep_dropoff_datetime":"2023-04-16 12:03:29","passenger_count":"1","trip_distance":".91","RatecodeID":"1","store_and_fwd_flag":"N","PULocationID":"234","DOLocationID":"114","payment_type":"1","fare_amount":"5.5","extra":"0","mta_tax":"0.5","tip_amount":"1.5","tolls_amount":"0","improvement_surcharge":"0.3","total_amount":"7.8","congestion_surcharge":""},{"VendorID":"1","tpep_pickup_datetime":"2023-12-01 11:35:44","tpep_dropoff_datetime":"2023-10-11 11:42:21","passenger_count":"1","trip_distance":".90","RatecodeID":"1","store_and_fwd_flag":"N","PULocationID":"262","DOLocationID":"140","payment_type":"2","fare_amount":"6","extra":"0","mta_tax":"0.5","tip_amount":"0","tolls_amount":"0","improvement_surcharge":"0.3","total_amount":"6.8","congestion_surcharge":""},{"VendorID":"1","tpep_pickup_datetime":"2023-02-09 11:47:47","tpep_dropoff_datetime":"2023-02-20 11:57:44","passenger_count":"1","trip_distance":"1.20","RatecodeID":"1","store_and_fwd_flag":"N","PULocationID":"141","DOLocationID":"262","payment_type":"1","fare_amount":"8","extra":"0","mta_tax":"0.5","tip_amount":"1.75","tolls_amount":"0","improvement_surcharge":"0.3","total_amount":"10.55","congestion_surcharge":""},{"VendorID":"2","tpep_pickup_datetime":"2023-09-28 11:19:54","tpep_dropoff_datetime":"2023-07-10 11:21:52","passenger_count":"3","trip_distance":".40","RatecodeID":"1","store_and_fwd_flag":"N","PULocationID":"262","DOLocationID":"263","payment_type":"1","fare_amount":"3.5","extra":"0","mta_tax":"0.5","tip_amount":"1.29","tolls_amount":"0","improvement_surcharge":"0.3","total_amount":"5.59","congestion_surcharge":""},{"VendorID":"2","tpep_pickup_datetime":"2023-11-12 11:36:08","tpep_dropoff_datetime":"2023-11-13 11:43:21","passenger_count":"3","trip_distance":".41","RatecodeID":"1","store_and_fwd_flag":"N","PULocationID":"237","DOLocationID":"163","payment_type":"2","fare_amount":"6","extra":"0","mta_tax":"0.5","tip_amount":"0","tolls_amount":"0","improvement_surcharge":"0.3","total_amount":"6.8","congestion_surcharge":""},{"VendorID":"2","tpep_pickup_datetime":"2023-01-19 11:46:28","tpep_dropoff_datetime":"2023-10-05 11:54:32","passenger_count":"3","trip_distance":"1.49","RatecodeID":"1","store_and_fwd_flag":"N","PULocationID":"162","DOLocationID":"170","payment_type":"1","fare_amount":"7.5","extra":"0","mta_tax":"0.5","tip_amount":"0.7","tolls_amount":"0","improvement_surcharge":"0.3","total_amount":"9","congestion_surcharge":""},{"VendorID":"2","tpep_pickup_datetime":"2023-06-07 11:27:31","tpep_dropoff_datetime":"2023-10-17 11:46:40","passenger_count":"1","trip_distance":"7.45","RatecodeID":"5","store_and_fwd_flag":"N","PULocationID":"170","DOLocationID":"196","payment_type":"1","fare_amount":"20.98","extra":"0","mta_tax":"0.5","tip_amount":"0","tolls_amount":"5.76","improvement_surcharge":"0.3","total_amount":"27.54","congestion_surcharge":""},{"VendorID":"2","tpep_pickup_datetime":"2024-01-31 11:07:09","tpep_dropoff_datetime":"2024-01-26 11:11:17","passenger_count":"5","trip_distance":".43","RatecodeID":"1","store_and_fwd_flag":"N","PULocationID":"140","DOLocationID":"141","payment_type":"2","fare_amount":"4.5","extra":"0","mta_tax":"0.5","tip_amount":"0","tolls_amount":"0","improvement_surcharge":"0.3","total_amount":"5.3","congestion_surcharge":""},{"VendorID":"2","tpep_pickup_datetime":"2023-02-25 11:12:52","tpep_dropoff_datetime":"2023-06-01 11:19:53","passenger_count":"5","trip_distance":"3.27","RatecodeID":"1","store_and_fwd_flag":"N","PULocationID":"140","DOLocationID":"137","payment_type":"1","fare_amount":"11","extra":"0","mta_tax":"0.5","tip_amount":"1.2","tolls_amount":"0","improvement_surcharge":"0.3","total_amount":"13","congestion_surcharge":""},{"VendorID":"2","tpep_pickup_datetime":"2023-07-14 11:26:54","tpep_dropoff_datetime":"2023-01-24 11:39:19","passenger_count":"5","trip_distance":"1.85","RatecodeID":"1","store_and_fwd_flag":"N","PULocationID":"233","DOLocationID":"234","payment_type":"1","fare_amount":"9.5","extra":"0","mta_tax":"0.5","tip_amount":"2.06","tolls_amount":"0","improvement_surcharge":"0.3","total_amount":"12.36","congestion_surcharge":""},{"VendorID":"2","tpep_pickup_datetime":"2024-02-06 11:46:03","tpep_dropoff_datetime":"2023-04-28 11:53:27","passenger_count":"5","trip_distance":"1.42","RatecodeID":"1","store_and_fwd_flag":"N","PULocationID":"234","DOLocationID":"161","payment_type":"1","fare_amount":"7.5","extra":"0","mta_tax":"0.5","tip_amount":"1.66","tolls_amount":"0","improvement_surcharge":"0.3","total_amount":"9.96","congestion_surcharge":""},{"VendorID":"1","tpep_pickup_datetime":"2023-11-11 11:07:13","tpep_dropoff_datetime":"2023-08-12 11:13:54","passenger_count":"1","trip_distance":".90","RatecodeID":"1","store_and_fwd_flag":"N","PULocationID":"236","DOLocationID":"263","payment_type":"2","fare_amount":"6","extra":"0","mta_tax":"0.5","tip_amount":"0","tolls_amount":"0","improvement_surcharge":"0.3","total_amount":"6.8","congestion_surcharge":""},{"VendorID":"1","tpep_pickup_datetime":"2023-10-30 11:34:37","tpep_dropoff_datetime":"2023-03-20 11:38:11","passenger_count":"1","trip_distance":".40","RatecodeID":"1","store_and_fwd_flag":"N","PULocationID":"233","DOLocationID":"162","payment_type":"1","fare_amount":"4.5","extra":"0","mta_tax":"0.5","tip_amount":"1.05","tolls_amount":"0","improvement_surcharge":"0.3","total_amount":"6.35","congestion_surcharge":""},{"VendorID":"1","tpep_pickup_datetime":"2023-11-07 11:41:32","tpep_dropoff_datetime":"2023-01-15 11:56:13","passenger_count":"1","trip_distance":"6.20","RatecodeID":"1","store_and_fwd_flag":"N","PULocationID":"161","DOLocationID":"13","payment_type":"2","fare_amount":"19.5","extra":"0","mta_tax":"0.5","tip_amount":"0","tolls_amount":"0","improvement_surcharge":"0.3","total_amount":"20.3","congestion_surcharge":""},{"VendorID":"2","tpep_pickup_datetime":"2023-10-24 11:26:25","tpep_dropoff_datetime":"2023-07-24 11:37:56","passenger_count":"1","trip_distance":"1.18","RatecodeID":"1","store_and_fwd_flag":"N","PULocationID":"48","DOLocationID":"50","payment_type":"2","fare_amount":"8.5","extra":"0","mta_tax":"0.5","tip_amount":"0","tolls_amount":"0","improvement_surcharge":"0.3","total_amount":"9.3","congestion_surcharge":""},{"VendorID":"2","tpep_pickup_datetime":"2023-05-19 11:43:32","tpep_dropoff_datetime":"2023-05-29 11:55:41","passenger_count":"1","trip_distance":"2.49","RatecodeID":"1","store_and_fwd_flag":"N","PULocationID":"50","DOLocationID":"239","payment_type":"2","fare_amount":"11.5","extra":"0","mta_tax":"0.5","tip_amount":"0","tolls_amount":"0","improvement_surcharge":"0.3","total_amount":"12.3","congestion_surcharge":""},{"VendorID":"1","tpep_pickup_datetime":"2023-10-02 11:37:57","tpep_dropoff_datetime":"2023-01-23 11:43:50","passenger_count":"1","trip_distance":"1.00","RatecodeID":"1","store_and_fwd_flag":"N","PULocationID":"236","DOLocationID":"239","payment_type":"1","fare_amount":"6","extra":"0","mta_tax":"0.5","tip_amount":"1.35","tolls_amount":"0","improvement_surcharge":"0.3","total_amount":"8.15","congestion_surcharge":""},{"VendorID":"1","tpep_pickup_datetime":"2023-06-24 11:54:37","tpep_dropoff_datetime":"2023-07-11 12:11:01","passenger_count":"1","trip_distance":"3.30","RatecodeID":"1","store_and_fwd_flag":"N","PULocationID":"151","DOLocationID":"140","payment_type":"1","fare_amount":"14","extra":"0","mta_tax":"0.5","tip_amount":"2.22","tolls_amount":"0","improvement_surcharge":"0.3","total_amount":"17.02","congestion_surcharge":""},{"VendorID":"2","tpep_pickup_datetime":"2023-10-11 11:24:24","tpep_dropoff_datetime":"2023-12-12 11:56:06","passenger_count":"1","trip_distance":"18.12","RatecodeID":"2","store_and_fwd_flag":"N","PULocationID":"132","DOLocationID":"4","payment_type":"2","fare_amount":"52","extra":"0","mta_tax":"0.5","tip_amount":"0","tolls_amount":"5.76","improvement_surcharge":"0.3","total_amount":"58.56","congestion_surcharge":""},{"VendorID":"2","tpep_pickup_datetime":"2024-02-03 11:09:10","tpep_dropoff_datetime":"2023-05-24 11:14:59","passenger_count":"1","trip_distance":".66","RatecodeID":"1","store_and_fwd_flag":"N","PULocationID":"263","DOLocationID":"236","payment_type":"1","fare_amount":"5.5","extra":"0","mta_tax":"0.5","tip_amount":"2","tolls_amount":"0","improvement_surcharge":"0.3","total_amount":"8.3","congestion_surcharge":""},{"VendorID":"2","tpep_pickup_datetime":"2024-01-03 11:28:25","tpep_dropoff_datetime":"2023-02-16 11:32:28","passenger_count":"2","trip_distance":"1.02","RatecodeID":"1","store_and_fwd_flag":"N","PULocationID":"50","DOLocationID":"50","payment_type":"1","fare_amount":"5.5","extra":"0","mta_tax":"0.5","tip_amount":"1","tolls_amount":"0","improvement_surcharge":"0.3","total_amount":"7.3","congestion_surcharge":""},{"VendorID":"2","tpep_pickup_datetime":"2023-11-25 11:56:34","tpep_dropoff_datetime":"2023-09-07 12:11:02","passenger_count":"2","trip_distance":"2.52","RatecodeID":"1","store_and_fwd_flag":"N","PULocationID":"170","DOLocationID":"45","payment_type":"1","fare_amount":"12","extra":"0","mta_tax":"0.5","tip_amount":"1.5","tolls_amount":"0","improvement_surcharge":"0.3","total_amount":"14.3","congestion_surcharge":""},{"VendorID":"4","tpep_pickup_datetime":"2023-07-06 11:03:07","tpep_dropoff_datetime":"2023-12-23 11:12:10","passenger_count":"1","trip_distance":"1.42","RatecodeID":"1","store_and_fwd_flag":"N","PULocationID":"234","DOLocationID":"144","payment_type":"1","fare_amount":"8","extra":"0","mta_tax":"0.5","tip_amount":"1.76","tolls_amount":"0","improvement_surcharge":"0.3","total_amount":"10.56","congestion_surcharge":""},{"VendorID":"4","tpep_pickup_datetime":"2023-05-15 11:29:29","tpep_dropoff_datetime":"2023-12-12 11:31:06","passenger_count":"1","trip_distance":".21","RatecodeID":"1","store_and_fwd_flag":"N","PULocationID":"107","DOLocationID":"107","payment_type":"2","fare_amount":"3","extra":"0","mta_tax":"0.5","tip_amount":"0","tolls_amount":"0","improvement_surcharge":"0.3","total_amount":"3.8","congestion_surcharge":""},{"VendorID":"4","tpep_pickup_datetime":"2023-10-05 11:42:21","tpep_dropoff_datetime":"2023-01-28 11:48:10","passenger_count":"1","trip_distance":".81","RatecodeID":"1","store_and_fwd_flag":"N","PULocationID":"237","DOLocationID":"237","payment_type":"1","fare_amount":"6","extra":"0","mta_tax":"0.5","tip_amount":"1.36","tolls_amount":"0","improvement_surcharge":"0.3","total_amount":"8.16","congestion_surcharge":""},{"VendorID":"4","tpep_pickup_datetime":"2023-11-13 11:55:07","tpep_dropoff_datetime":"2023-02-01 11:57:31","passenger_count":"1","trip_distance":".46","RatecodeID":"1","store_and_fwd_flag":"N","PULocationID":"236","DOLocationID":"236","payment_type":"1","fare_amount":"4","extra":"0","mta_tax":"0.5","tip_amount":"1","tolls_amount":"0","improvement_surcharge":"0.3","total_amount":"5.8","congestion_surcharge":""},{"VendorID":"1","tpep_pickup_datetime":"2023-08-21 11:37:53","tpep_dropoff_datetime":"2024-01-14 11:50:00","passenger_count":"1","trip_distance":"2.10","RatecodeID":"1","store_and_fwd_flag":"N","PULocationID":"141","DOLocationID":"137","payment_type":"1","fare_amount":"10","extra":"0","mta_tax":"0.5","tip_amount":"2.15","tolls_amount":"0","improvement_surcharge":"0.3","total_amount":"12.95","congestion_surcharge":""},{"VendorID":"1","tpep_pickup_datetime":"2023-08-19 11:53:22","tpep_dropoff_datetime":"2023-03-07 12:07:00","passenger_count":"1","trip_distance":"2.40","RatecodeID":"1","store_and_fwd_flag":"N","PULocationID":"107","DOLocationID":"125","payment_type":"1","fare_amount":"11","extra":"0","mta_tax":"0.5","tip_amount":"2.35","tolls_amount":"0","improvement_surcharge":"0.3","total_amount":"14.15","congestion_surcharge":""},{"VendorID":"2","tpep_pickup_datetime":"2023-11-12 11:17:55","tpep_dropoff_datetime":"2023-01-16 11:24:00","passenger_count":"1","trip_distance":".91","RatecodeID":"1","store_and_fwd_flag":"N","PULocationID":"162","DOLocationID":"229","payment_type":"1","fare_amount":"6","extra":"0","mta_tax":"0.5","tip_amount":"1.36","tolls_amount":"0","improvement_surcharge":"0.3","total_amount":"8.16","congestion_surcharge":""},{"VendorID":"2","tpep_pickup_datetime":"2023-07-03 11:38:10","tpep_dropoff_datetime":"2023-08-22 11:44:22","passenger_count":"1","trip_distance":".92","RatecodeID":"1","store_and_fwd_flag":"N","PULocationID":"263","DOLocationID":"75","payment_type":"1","fare_amount":"6","extra":"0","mta_tax":"0.5","tip_amount":"0","tolls_amount":"0","improvement_surcharge":"0.3","total_amount":"6.8","congestion_surcharge":""},{"VendorID":"2","tpep_pickup_datetime":"2023-03-04 11:35:56","tpep_dropoff_datetime":"2023-03-09 11:42:14","passenger_count":"5","trip_distance":".87","RatecodeID":"1","store_and_fwd_flag":"N","PULocationID":"229","DOLocationID":"163","payment_type":"1","fare_amount":"6","extra":"0","mta_tax":"0.5","tip_amount":"1.7","tolls_amount":"0","improvement_surcharge":"0.3","total_amount":"8.5","congestion_surcharge":""},{"VendorID":"2","tpep_pickup_datetime":"2023-12-21 11:52:22","tpep_dropoff_datetime":"2023-02-23 12:02:12","passenger_count":"6","trip_distance":".94","RatecodeID":"1","store_and_fwd_flag":"N","PULocationID":"140","DOLocationID":"237","payment_type":"2","fare_amount":"7.5","extra":"0","mta_tax":"0.5","tip_amount":"0","tolls_amount":"0","improvement_surcharge":"0.3","total_amount":"8.3","congestion_surcharge":""},{"VendorID":"2","tpep_pickup_datetime":"2023-10-05 11:14:15","tpep_dropoff_datetime":"2023-08-02 11:34:36","passenger_count":"5","trip_distance":"9.42","RatecodeID":"1","store_and_fwd_flag":"N","PULocationID":"107","DOLocationID":"138","payment_type":"1","fare_amount":"28","extra":"0","mta_tax":"0.5","tip_amount":"6.91","tolls_amount":"5.76","improvement_surcharge":"0.3","total_amount":"41.47","congestion_surcharge":""},{"VendorID":"2","tpep_pickup_datetime":"2023-07-01 11:56:33","tpep_dropoff_datetime":"2023-08-27 12:13:37","passenger_count":"1","trip_distance":"5.10","RatecodeID":"1","store_and_fwd_flag":"N","PULocationID":"7","DOLocationID":"107","payment_type":"2","fare_amount":"17","extra":"0","mta_tax":"0.5","tip_amount":"0","tolls_amount":"0","improvement_surcharge":"0.3","total_amount":"17.8","congestion_surcharge":""},{"VendorID":"2","tpep_pickup_datetime":"2023-01-24 11:32:00","tpep_dropoff_datetime":"2023-03-15 11:46:01","passenger_count":"1","trip_distance":"8.10","RatecodeID":"1","store_and_fwd_flag":"N","PULocationID":"140","DOLocationID":"13","payment_type":"1","fare_amount":"23","extra":"0","mta_tax":"0.5","tip_amount":"4.76","tolls_amount":"0","improvement_surcharge":"0.3","total_amount":"28.56","congestion_surcharge":""},{"VendorID":"2","tpep_pickup_datetime":"2023-03-21 11:53:38","tpep_dropoff_datetime":"2023-11-07 11:57:20","passenger_count":"1","trip_distance":".68","RatecodeID":"1","store_and_fwd_flag":"N","PULocationID":"13","DOLocationID":"12","payment_type":"2","fare_amount":"4.5","extra":"0","mta_tax":"0.5","tip_amount":"0","tolls_amount":"0","improvement_surcharge":"0.3","total_amount":"5.3","congestion_surcharge":""},{"VendorID":"1","tpep_pickup_datetime":"2023-10-07 11:24:55","tpep_dropoff_datetime":"2023-01-24 11:59:20","passenger_count":"1","trip_distance":"6.10","RatecodeID":"1","store_and_fwd_flag":"N","PULocationID":"87","DOLocationID":"225","payment_type":"1","fare_amount":"25.5","extra":"0","mta_tax":"0.5","tip_amount":"0","tolls_amount":"0","improvement_surcharge":"0.3","total_amount":"26.3","congestion_surcharge":""},{"VendorID":"2","tpep_pickup_datetime":"2023-02-24 11:00:52","tpep_dropoff_datetime":"2023-12-12 11:05:46","passenger_count":"1","trip_distance":"1.03","RatecodeID":"1","store_and_fwd_flag":"N","PULocationID":"164","DOLocationID":"43","payment_type":"1","fare_amount":"5.5","extra":"0","mta_tax":"0.5","tip_amount":"1.26","tolls_amount":"0","improvement_surcharge":"0.3","total_amount":"7.56","congestion_surcharge":""},{"VendorID":"2","tpep_pickup_datetime":"2023-10-21 11:47:08","tpep_dropoff_datetime":"2023-08-09 12:01:15","passenger_count":"1","trip_distance":"6.60","RatecodeID":"1","store_and_fwd_flag":"N","PULocationID":"162","DOLocationID":"231","payment_type":"2","fare_amount":"20","extra":"0","mta_tax":"0.5","tip_amount":"0","tolls_amount":"0","improvement_surcharge":"0.3","total_amount":"20.8","congestion_surcharge":""},{"VendorID":"2","tpep_pickup_datetime":"2023-07-30 10:57:36","tpep_dropoff_datetime":"2023-09-09 11:09:57","passenger_count":"2","trip_distance":"2.14","RatecodeID":"1","store_and_fwd_flag":"N","PULocationID":"43","DOLocationID":"246","payment_type":"1","fare_amount":"10","extra":"0","mta_tax":"0.5","tip_amount":"2.16","tolls_amount":"0","improvement_surcharge":"0.3","total_amount":"12.96","congestion_surcharge":""},{"VendorID":"2","tpep_pickup_datetime":"2023-05-20 11:15:47","tpep_dropoff_datetime":"2023-05-26 11:18:17","passenger_count":"1","trip_distance":".32","RatecodeID":"1","store_and_fwd_flag":"N","PULocationID":"48","DOLocationID":"48","payment_type":"1","fare_amount":"3.5","extra":"0","mta_tax":"0.5","tip_amount":"0.86","tolls_amount":"0","improvement_surcharge":"0.3","total_amount":"5.16","congestion_surcharge":""},{"VendorID":"1","tpep_pickup_datetime":"2023-03-17 11:16:58","tpep_dropoff_datetime":"2023-03-16 11:21:34","passenger_count":"1","trip_distance":".40","RatecodeID":"1","store_and_fwd_flag":"N","PULocationID":"230","DOLocationID":"164","payment_type":"2","fare_amount":"5","extra":"0","mta_tax":"0.5","tip_amount":"0","tolls_amount":"0","improvement_surcharge":"0.3","total_amount":"5.8","congestion_surcharge":""},{"VendorID":"2","tpep_pickup_datetime":"2023-04-13 11:13:15","tpep_dropoff_datetime":"2023-09-07 11:30:18","passenger_count":"4","trip_distance":"2.41","RatecodeID":"2","store_and_fwd_flag":"N","PULocationID":"256","DOLocationID":"148","payment_type":"1","fare_amount":"52","extra":"0","mta_tax":"0.5","tip_amount":"5","tolls_amount":"0","improvement_surcharge":"0.3","total_amount":"57.8","congestion_surcharge":""},{"VendorID":"2","tpep_pickup_datetime":"2023-10-29 11:45:01","tpep_dropoff_datetime":"2023-09-20 12:05:56","passenger_count":"1","trip_distance":"2.84","RatecodeID":"1","store_and_fwd_flag":"N","PULocationID":"68","DOLocationID":"161","payment_type":"1","fare_amount":"15","extra":"0","mta_tax":"0.5","tip_amount":"3.16","tolls_amount":"0","improvement_surcharge":"0.3","total_amount":"18.96","congestion_surcharge":""},{"VendorID":"1","tpep_pickup_datetime":"2023-04-29 11:43:48","tpep_dropoff_datetime":"2023-12-29 12:02:56","passenger_count":"1","trip_distance":"3.30","RatecodeID":"1","store_and_fwd_flag":"N","PULocationID":"166","DOLocationID":"237","payment_type":"1","fare_amount":"14.5","extra":"0","mta_tax":"0.5","tip_amount":"4.55","tolls_amount":"0","improvement_surcharge":"0.3","total_amount":"19.85","congestion_surcharge":""},{"VendorID":"2","tpep_pickup_datetime":"2023-02-10 11:14:40","tpep_dropoff_datetime":"2023-05-11 11:20:25","passenger_count":"2","trip_distance":".64","RatecodeID":"1","store_and_fwd_flag":"N","PULocationID":"90","DOLocationID":"68","payment_type":"2","fare_amount":"5.5","extra":"0","mta_tax":"0.5","tip_amount":"0","tolls_amount":"0","improvement_surcharge":"0.3","total_amount":"6.3","congestion_surcharge":""},{"VendorID":"2","tpep_pickup_datetime":"2023-03-12 11:27:30","tpep_dropoff_datetime":"2023-08-27 11:34:11","passenger_count":"1","trip_distance":".90","RatecodeID":"1","store_and_fwd_flag":"N","PULocationID":"249","DOLocationID":"234","payment_type":"1","fare_amount":"6","extra":"0","mta_tax":"0.5","tip_amount":"1.36","tolls_amount":"0","improvement_surcharge":"0.3","total_amount":"8.16","congestion_surcharge":""},{"VendorID":"2","tpep_pickup_datetime":"2023-03-15 11:52:04","tpep_dropoff_datetime":"2024-01-04 12:10:11","passenger_count":"2","trip_distance":"2.70","RatecodeID":"1","store_and_fwd_flag":"N","PULocationID":"100","DOLocationID":"144","payment_type":"1","fare_amount":"13.5","extra":"0","mta_tax":"0.5","tip_amount":"2.86","tolls_amount":"0","improvement_surcharge":"0.3","total_amount":"17.16","congestion_surcharge":""},{"VendorID":"2","tpep_pickup_datetime":"2023-05-24 11:04:12","tpep_dropoff_datetime":"2023-01-19 11:24:47","passenger_count":"1","trip_distance":"7.00","RatecodeID":"1","store_and_fwd_flag":"N","PULocationID":"87","DOLocationID":"233","payment_type":"1","fare_amount":"23","extra":"0","mta_tax":"0.5","tip_amount":"4.76","tolls_amount":"0","improvement_surcharge":"0.3","total_amount":"28.56","congestion_surcharge":""},{"VendorID":"2","tpep_pickup_datetime":"2023-06-08 11:27:47","tpep_dropoff_datetime":"2023-03-15 11:40:00","passenger_count":"1","trip_distance":"2.70","RatecodeID":"1","store_and_fwd_flag":"N","PULocationID":"233","DOLocationID":"145","payment_type":"1","fare_amount":"11.5","extra":"0","mta_tax":"0.5","tip_amount":"2.46","tolls_amount":"0","improvement_surcharge":"0.3","total_amount":"14.76","congestion_surcharge":""},{"VendorID":"2","tpep_pickup_datetime":"2023-04-30 11:32:29","tpep_dropoff_datetime":"2023-10-30 11:37:05","passenger_count":"2","trip_distance":".87","RatecodeID":"1","store_and_fwd_flag":"N","PULocationID":"90","DOLocationID":"113","payment_type":"1","fare_amount":"5.5","extra":"0","mta_tax":"0.5","tip_amount":"1.26","tolls_amount":"0","improvement_surcharge":"0.3","total_amount":"7.56","congestion_surcharge":""},{"VendorID":"2","tpep_pickup_datetime":"2023-09-26 11:48:50","tpep_dropoff_datetime":"2024-01-18 12:11:05","passenger_count":"2","trip_distance":"3.71","RatecodeID":"1","store_and_fwd_flag":"N","PULocationID":"90","DOLocationID":"238","payment_type":"2","fare_amount":"16.5","extra":"0","mta_tax":"0.5","tip_amount":"0","tolls_amount":"0","improvement_surcharge":"0.3","total_amount":"17.3","congestion_surcharge":""},{"VendorID":"2","tpep_pickup_datetime":"2023-02-23 11:44:06","tpep_dropoff_datetime":"2023-08-03 11:46:42","passenger_count":"1","trip_distance":".44","RatecodeID":"1","store_and_fwd_flag":"N","PULocationID":"209","DOLocationID":"45","payment_type":"1","fare_amount":"4","extra":"0","mta_tax":"0.5","tip_amount":"2.2","tolls_amount":"0","improvement_surcharge":"0.3","total_amount":"7","congestion_surcharge":""},{"VendorID":"2","tpep_pickup_datetime":"2023-08-25 11:52:09","tpep_dropoff_datetime":"2023-07-17 12:19:44","passenger_count":"2","trip_distance":"15.63","RatecodeID":"3","store_and_fwd_flag":"N","PULocationID":"148","DOLocationID":"1","payment_type":"2","fare_amount":"60.5","extra":"0","mta_tax":"0","tip_amount":"0","tolls_amount":"15.4","improvement_surcharge":"0.3","total_amount":"76.2","congestion_surcharge":""},{"VendorID":"2","tpep_pickup_datetime":"2023-05-24 11:27:07","tpep_dropoff_datetime":"2023-03-24 11:40:18","passenger_count":"1","trip_distance":"2.81","RatecodeID":"1","store_and_fwd_flag":"N","PULocationID":"42","DOLocationID":"168","payment_type":"2","fare_amount":"11.5","extra":"0","mta_tax":"0.5","tip_amount":"0","tolls_amount":"0","improvement_surcharge":"0.3","total_amount":"12.3","congestion_surcharge":""},{"VendorID":"2","tpep_pickup_datetime":"2023-09-04 11:05:24","tpep_dropoff_datetime":"2023-08-26 11:14:13","passenger_count":"1","trip_distance":"1.50","RatecodeID":"1","store_and_fwd_flag":"N","PULocationID":"246","DOLocationID":"48","payment_type":"1","fare_amount":"7.5","extra":"0","mta_tax":"0.5","tip_amount":"1.66","tolls_amount":"0","improvement_surcharge":"0.3","total_amount":"9.96","congestion_surcharge":""},{"VendorID":"2","tpep_pickup_datetime":"2023-03-26 11:26:16","tpep_dropoff_datetime":"2023-01-17 11:32:36","passenger_count":"1","trip_distance":".78","RatecodeID":"1","store_and_fwd_flag":"N","PULocationID":"143","DOLocationID":"239","payment_type":"1","fare_amount":"6","extra":"0","mta_tax":"0.5","tip_amount":"2.04","tolls_amount":"0","improvement_surcharge":"0.3","total_amount":"8.84","congestion_surcharge":""},{"VendorID":"2","tpep_pickup_datetime":"2023-08-30 11:38:56","tpep_dropoff_datetime":"2023-12-30 11:41:33","passenger_count":"1","trip_distance":".38","RatecodeID":"1","store_and_fwd_flag":"N","PULocationID":"142","DOLocationID":"142","payment_type":"2","fare_amount":"3.5","extra":"0","mta_tax":"0.5","tip_amount":"0","tolls_amount":"0","improvement_surcharge":"0.3","total_amount":"4.3","congestion_surcharge":""},{"VendorID":"2","tpep_pickup_datetime":"2023-07-17 11:18:43","tpep_dropoff_datetime":"2023-09-22 11:28:17","passenger_count":"1","trip_distance":"1.67","RatecodeID":"1","store_and_fwd_flag":"N","PULocationID":"239","DOLocationID":"163","payment_type":"1","fare_amount":"8.5","extra":"0","mta_tax":"0.5","tip_amount":"2.79","tolls_amount":"0","improvement_surcharge":"0.3","total_amount":"12.09","congestion_surcharge":""},{"VendorID":"2","tpep_pickup_datetime":"2023-06-16 11:29:58","tpep_dropoff_datetime":"2023-06-02 11:36:58","passenger_count":"1","trip_distance":".90","RatecodeID":"1","store_and_fwd_flag":"N","PULocationID":"163","DOLocationID":"162","payment_type":"2","fare_amount":"6","extra":"0","mta_tax":"0.5","tip_amount":"0","tolls_amount":"0","improvement_surcharge":"0.3","total_amount":"6.8","congestion_surcharge":""},{"VendorID":"2","tpep_pickup_datetime":"2023-01-22 11:41:50","tpep_dropoff_datetime":"2023-12-16 11:46:22","passenger_count":"1","trip_distance":".58","RatecodeID":"1","store_and_fwd_flag":"N","PULocationID":"162","DOLocationID":"237","payment_type":"1","fare_amount":"5","extra":"0","mta_tax":"0.5","tip_amount":"1.16","tolls_amount":"0","improvement_surcharge":"0.3","total_amount":"6.96","congestion_surcharge":""},{"VendorID":"2","tpep_pickup_datetime":"2023-07-27 11:08:58","tpep_dropoff_datetime":"2023-11-18 11:21:27","passenger_count":"1","trip_distance":"1.89","RatecodeID":"1","store_and_fwd_flag":"N","PULocationID":"262","DOLocationID":"237","payment_type":"1","fare_amount":"10","extra":"0","mta_tax":"0.5","tip_amount":"2.16","tolls_amount":"0","improvement_surcharge":"0.3","total_amount":"12.96","congestion_surcharge":""},{"VendorID":"2","tpep_pickup_datetime":"2024-01-27 11:46:31","tpep_dropoff_datetime":"2023-04-27 11:55:58","passenger_count":"1","trip_distance":"3.56","RatecodeID":"1","store_and_fwd_flag":"N","PULocationID":"262","DOLocationID":"137","payment_type":"1","fare_amount":"12.5","extra":"0","mta_tax":"0.5","tip_amount":"3.32","tolls_amount":"0","improvement_surcharge":"0.3","total_amount":"16.62","congestion_surcharge":""},{"VendorID":"1","tpep_pickup_datetime":"2023-11-22 11:08:49","tpep_dropoff_datetime":"2023-03-14 11:36:51","passenger_count":"2","trip_distance":"5.70","RatecodeID":"1","store_and_fwd_flag":"N","PULocationID":"50","DOLocationID":"232","payment_type":"2","fare_amount":"23","extra":"0","mta_tax":"0.5","tip_amount":"0","tolls_amount":"0","improvement_surcharge":"0.3","total_amount":"23.8","congestion_surcharge":""},{"VendorID":"2","tpep_pickup_datetime":"2023-07-21 11:13:45","tpep_dropoff_datetime":"2024-01-14 11:22:29","passenger_count":"1","trip_distance":"1.34","RatecodeID":"1","store_and_fwd_flag":"N","PULocationID":"141","DOLocationID":"229","payment_type":"1","fare_amount":"7.5","extra":"0","mta_tax":"0.5","tip_amount":"1.58","tolls_amount":"0","improvement_surcharge":"0.3","total_amount":"9.88","congestion_surcharge":""},{"VendorID":"2","tpep_pickup_datetime":"2023-12-29 11:38:49","tpep_dropoff_datetime":"2023-09-10 11:41:56","passenger_count":"1","trip_distance":".68","RatecodeID":"1","store_and_fwd_flag":"N","PULocationID":"141","DOLocationID":"263","payment_type":"1","fare_amount":"4.5","extra":"0","mta_tax":"0.5","tip_amount":"0","tolls_amount":"0","improvement_surcharge":"0.3","total_amount":"5.3","congestion_surcharge":""},{"VendorID":"2","tpep_pickup_datetime":"2023-04-22 11:46:26","tpep_dropoff_datetime":"2023-11-18 12:06:47","passenger_count":"1","trip_distance":"6.17","RatecodeID":"1","store_and_fwd_flag":"N","PULocationID":"263","DOLocationID":"144","payment_type":"1","fare_amount":"21.5","extra":"0","mta_tax":"0.5","tip_amount":"5.58","tolls_amount":"0","improvement_surcharge":"0.3","total_amount":"27.88","congestion_surcharge":""},{"VendorID":"2","tpep_pickup_datetime":"2023-09-11 11:00:46","tpep_dropoff_datetime":"2023-10-22 11:18:58","passenger_count":"6","trip_distance":"3.03","RatecodeID":"1","store_and_fwd_flag":"N","PULocationID":"68","DOLocationID":"45","payment_type":"2","fare_amount":"14","extra":"0","mta_tax":"0.5","tip_amount":"0","tolls_amount":"0","improvement_surcharge":"0.3","total_amount":"14.8","congestion_surcharge":""},{"VendorID":"2","tpep_pickup_datetime":"2023-09-16 11:23:14","tpep_dropoff_datetime":"2023-08-06 11:51:57","passenger_count":"6","trip_distance":"9.48","RatecodeID":"1","store_and_fwd_flag":"N","PULocationID":"45","DOLocationID":"41","payment_type":"1","fare_amount":"31","extra":"0","mta_tax":"0.5","tip_amount":"0","tolls_amount":"0","improvement_surcharge":"0.3","total_amount":"31.8","congestion_surcharge":""},{"VendorID":"2","tpep_pickup_datetime":"2023-07-30 11:55:37","tpep_dropoff_datetime":"2023-02-04 12:03:56","passenger_count":"6","trip_distance":"2.08","RatecodeID":"1","store_and_fwd_flag":"N","PULocationID":"151","DOLocationID":"236","payment_type":"2","fare_amount":"9","extra":"0","mta_tax":"0.5","tip_amount":"0","tolls_amount":"0","improvement_surcharge":"0.3","total_amount":"9.8","congestion_surcharge":""},{"VendorID":"1","tpep_pickup_datetime":"2024-01-31 11:04:39","tpep_dropoff_datetime":"2023-03-15 11:10:37","passenger_count":"1","trip_distance":".60","RatecodeID":"1","store_and_fwd_flag":"N","PULocationID":"100","DOLocationID":"161","payment_type":"2","fare_amount":"5.5","extra":"0","mta_tax":"0.5","tip_amount":"0","tolls_amount":"0","improvement_surcharge":"0.3","total_amount":"6.3","congestion_surcharge":""},{"VendorID":"1","tpep_pickup_datetime":"2023-12-30 11:33:39","tpep_dropoff_datetime":"2023-03-11 11:36:03","passenger_count":"2","trip_distance":".30","RatecodeID":"1","store_and_fwd_flag":"N","PULocationID":"162","DOLocationID":"233","payment_type":"2","fare_amount":"3.5","extra":"0","mta_tax":"0.5","tip_amount":"0","tolls_amount":"0","improvement_surcharge":"0.3","total_amount":"4.3","congestion_surcharge":""},{"VendorID":"1","tpep_pickup_datetime":"2023-02-09 11:42:28","tpep_dropoff_datetime":"2023-12-20 11:47:18","passenger_count":"1","trip_distance":"1.10","RatecodeID":"1","store_and_fwd_flag":"N","PULocationID":"233","DOLocationID":"107","payment_type":"1","fare_amount":"5.5","extra":"0","mta_tax":"0.5","tip_amount":"1.25","tolls_amount":"0","improvement_surcharge":"0.3","total_amount":"7.55","congestion_surcharge":""},{"VendorID":"2","tpep_pickup_datetime":"2023-09-01 10:51:13","tpep_dropoff_datetime":"2023-02-19 11:07:35","passenger_count":"1","trip_distance":"2.35","RatecodeID":"1","store_and_fwd_flag":"N","PULocationID":"237","DOLocationID":"186","payment_type":"2","fare_amount":"12.5","extra":"0","mta_tax":"0.5","tip_amount":"0","tolls_amount":"0","improvement_surcharge":"0.3","total_amount":"13.3","congestion_surcharge":""},{"VendorID":"2","tpep_pickup_datetime":"2023-09-15 11:11:07","tpep_dropoff_datetime":"2024-01-03 11:29:50","passenger_count":"2","trip_distance":"2.61","RatecodeID":"1","store_and_fwd_flag":"N","PULocationID":"186","DOLocationID":"43","payment_type":"1","fare_amount":"14","extra":"0","mta_tax":"0.5","tip_amount":"4.44","tolls_amount":"0","improvement_surcharge":"0.3","total_amount":"19.24","congestion_surcharge":""},{"VendorID":"2","tpep_pickup_datetime":"2023-01-05 11:39:38","tpep_dropoff_datetime":"2023-02-17 11:53:11","passenger_count":"1","trip_distance":"2.40","RatecodeID":"1","store_and_fwd_flag":"N","PULocationID":"151","DOLocationID":"142","payment_type":"2","fare_amount":"11.5","extra":"0","mta_tax":"0.5","tip_amount":"0","tolls_amount":"0","improvement_surcharge":"0.3","total_amount":"12.3","congestion_surcharge":""},{"VendorID":"2","tpep_pickup_datetime":"2023-05-13 11:22:08","tpep_dropoff_datetime":"2023-08-30 11:51:47","passenger_count":"2","trip_distance":"8.23","RatecodeID":"1","store_and_fwd_flag":"N","PULocationID":"141","DOLocationID":"33","payment_type":"2","fare_amount":"28.5","extra":"0","mta_tax":"0.5","tip_amount":"0","tolls_amount":"0","improvement_surcharge":"0.3","total_amount":"29.3","congestion_surcharge":""},{"VendorID":"4","tpep_pickup_datetime":"2023-03-06 11:19:40","tpep_dropoff_datetime":"2023-07-02 11:27:48","passenger_count":"1","trip_distance":".76","RatecodeID":"1","store_and_fwd_flag":"N","PULocationID":"113","DOLocationID":"249","payment_type":"1","fare_amount":"6.5","extra":"0","mta_tax":"0.5","tip_amount":"1.46","tolls_amount":"0","improvement_surcharge":"0.3","total_amount":"8.76","congestion_surcharge":""},{"VendorID":"4","tpep_pickup_datetime":"2023-07-20 11:32:31","tpep_dropoff_datetime":"2023-09-13 11:41:37","passenger_count":"1","trip_distance":"1.51","RatecodeID":"1","store_and_fwd_flag":"N","PULocationID":"113","DOLocationID":"186","payment_type":"1","fare_amount":"8","extra":"0","mta_tax":"0.5","tip_amount":"2.2","tolls_amount":"0","improvement_surcharge":"0.3","total_amount":"11","congestion_surcharge":""},{"VendorID":"2","tpep_pickup_datetime":"2023-11-18 11:59:22","tpep_dropoff_datetime":"2023-01-06 12:10:31","passenger_count":"1","trip_distance":"1.92","RatecodeID":"1","store_and_fwd_flag":"N","PULocationID":"230","DOLocationID":"239","payment_type":"2","fare_amount":"9.5","extra":"0","mta_tax":"0.5","tip_amount":"0","tolls_amount":"0","improvement_surcharge":"0.3","total_amount":"10.3","congestion_surcharge":""},{"VendorID":"2","tpep_pickup_datetime":"2023-04-06 11:10:42","tpep_dropoff_datetime":"2023-08-29 11:19:15","passenger_count":"4","trip_distance":"2.25","RatecodeID":"1","store_and_fwd_flag":"N","PULocationID":"261","DOLocationID":"158","payment_type":"1","fare_amount":"9","extra":"0","mta_tax":"0.5","tip_amount":"1.96","tolls_amount":"0","improvement_surcharge":"0.3","total_amount":"11.76","congestion_surcharge":""},{"VendorID":"2","tpep_pickup_datetime":"2023-12-18 11:46:09","tpep_dropoff_datetime":"2023-08-02 11:48:47","passenger_count":"4","trip_distance":".37","RatecodeID":"1","store_and_fwd_flag":"N","PULocationID":"90","DOLocationID":"90","payment_type":"1","fare_amount":"4","extra":"0","mta_tax":"0.5","tip_amount":"1.2","tolls_amount":"0","improvement_surcharge":"0.3","total_amount":"6","congestion_surcharge":""},{"VendorID":"1","tpep_pickup_datetime":"2023-10-28 11:01:09","tpep_dropoff_datetime":"2023-10-18 11:07:51","passenger_count":"1","trip_distance":"1.10","RatecodeID":"1","store_and_fwd_flag":"N","PULocationID":"234","DOLocationID":"68","payment_type":"1","fare_amount":"6.5","extra":"0","mta_tax":"0.5","tip_amount":"1.45","tolls_amount":"0","improvement_surcharge":"0.3","total_amount":"8.75","congestion_surcharge":""},{"VendorID":"1","tpep_pickup_datetime":"2023-12-04 11:29:12","tpep_dropoff_datetime":"2023-02-04 11:38:26","passenger_count":"3","trip_distance":".40","RatecodeID":"1","store_and_fwd_flag":"N","PULocationID":"100","DOLocationID":"230","payment_type":"2","fare_amount":"7","extra":"0","mta_tax":"0.5","tip_amount":"0","tolls_amount":"0","improvement_surcharge":"0.3","total_amount":"7.8","congestion_surcharge":""},{"VendorID":"1","tpep_pickup_datetime":"2023-06-30 11:45:18","tpep_dropoff_datetime":"2023-05-22 11:57:06","passenger_count":"1","trip_distance":"1.90","RatecodeID":"1","store_and_fwd_flag":"N","PULocationID":"100","DOLocationID":"107","payment_type":"2","fare_amount":"9.5","extra":"0","mta_tax":"0.5","tip_amount":"0","tolls_amount":"0","improvement_surcharge":"0.3","total_amount":"10.3","congestion_surcharge":""},{"VendorID":"1","tpep_pickup_datetime":"2023-12-11 11:46:26","tpep_dropoff_datetime":"2023-10-22 12:09:31","passenger_count":"1","trip_distance":"3.40","RatecodeID":"1","store_and_fwd_flag":"N","PULocationID":"166","DOLocationID":"237","payment_type":"2","fare_amount":"17","extra":"0","mta_tax":"0.5","tip_amount":"0","tolls_amount":"0","improvement_surcharge":"0.3","total_amount":"17.8","congestion_surcharge":""},{"VendorID":"2","tpep_pickup_datetime":"2023-01-06 11:29:43","tpep_dropoff_datetime":"2023-08-05 11:41:46","passenger_count":"3","trip_distance":"2.01","RatecodeID":"1","store_and_fwd_flag":"N","PULocationID":"50","DOLocationID":"238","payment_type":"1","fare_amount":"10","extra":"0","mta_tax":"0.5","tip_amount":"2.16","tolls_amount":"0","improvement_surcharge":"0.3","total_amount":"12.96","congestion_surcharge":""},{"VendorID":"2","tpep_pickup_datetime":"2023-08-29 11:07:20","tpep_dropoff_datetime":"2023-03-01 11:18:10","passenger_count":"4","trip_distance":".66","RatecodeID":"1","store_and_fwd_flag":"N","PULocationID":"100","DOLocationID":"100","payment_type":"2","fare_amount":"8","extra":"0","mta_tax":"0.5","tip_amount":"0","tolls_amount":"0","improvement_surcharge":"0.3","total_amount":"8.8","congestion_surcharge":""},{"VendorID":"2","tpep_pickup_datetime":"2023-11-29 11:21:34","tpep_dropoff_datetime":"2023-02-05 11:37:52","passenger_count":"3","trip_distance":"2.05","RatecodeID":"1","store_and_fwd_flag":"N","PULocationID":"100","DOLocationID":"50","payment_type":"1","fare_amount":"12","extra":"0","mta_tax":"0.5","tip_amount":"2.56","tolls_amount":"0","improvement_surcharge":"0.3","total_amount":"15.36","congestion_surcharge":""},{"VendorID":"2","tpep_pickup_datetime":"2023-10-16 11:47:39","tpep_dropoff_datetime":"2023-07-28 11:52:12","passenger_count":"4","trip_distance":"1.10","RatecodeID":"1","store_and_fwd_flag":"N","PULocationID":"48","DOLocationID":"246","payment_type":"1","fare_amount":"5.5","extra":"0","mta_tax":"0.5","tip_amount":"1.26","tolls_amount":"0","improvement_surcharge":"0.3","total_amount":"7.56","congestion_surcharge":""},{"VendorID":"2","tpep_pickup_datetime":"2023-01-31 11:11:03","tpep_dropoff_datetime":"2023-06-03 11:18:19","passenger_count":"1","trip_distance":".70","RatecodeID":"1","store_and_fwd_flag":"N","PULocationID":"170","DOLocationID":"100","payment_type":"2","fare_amount":"6","extra":"0","mta_tax":"0.5","tip_amount":"0","tolls_amount":"0","improvement_surcharge":"0.3","total_amount":"6.8","congestion_surcharge":""},{"VendorID":"2","tpep_pickup_datetime":"2023-10-31 11:25:18","tpep_dropoff_datetime":"2023-04-28 11:42:03","passenger_count":"1","trip_distance":"3.10","RatecodeID":"1","store_and_fwd_flag":"N","PULocationID":"48","DOLocationID":"43","payment_type":"1","fare_amount":"13.5","extra":"0","mta_tax":"0.5","tip_amount":"2.86","tolls_amount":"0","improvement_surcharge":"0.3","total_amount":"17.16","congestion_surcharge":""},{"VendorID":"2","tpep_pickup_datetime":"2023-06-07 11:16:06","tpep_dropoff_datetime":"2023-05-13 11:22:00","passenger_count":"1","trip_distance":".78","RatecodeID":"1","store_and_fwd_flag":"N","PULocationID":"230","DOLocationID":"50","payment_type":"2","fare_amount":"6","extra":"0","mta_tax":"0.5","tip_amount":"0","tolls_amount":"0","improvement_surcharge":"0.3","total_amount":"6.8","congestion_surcharge":""},{"VendorID":"2","tpep_pickup_datetime":"2023-10-26 11:39:55","tpep_dropoff_datetime":"2023-12-30 11:50:13","passenger_count":"1","trip_distance":"1.87","RatecodeID":"1","store_and_fwd_flag":"N","PULocationID":"170","DOLocationID":"140","payment_type":"1","fare_amount":"9","extra":"0","mta_tax":"0.5","tip_amount":"2.45","tolls_amount":"0","improvement_surcharge":"0.3","total_amount":"12.25","congestion_surcharge":""},{"VendorID":"2","tpep_pickup_datetime":"2023-02-21 11:01:18","tpep_dropoff_datetime":"2023-01-12 11:05:54","passenger_count":"5","trip_distance":".66","RatecodeID":"1","store_and_fwd_flag":"N","PULocationID":"161","DOLocationID":"163","payment_type":"1","fare_amount":"5","extra":"0","mta_tax":"0.5","tip_amount":"1.8","tolls_amount":"0","improvement_surcharge":"0.3","total_amount":"7.6","congestion_surcharge":""},{"VendorID":"2","tpep_pickup_datetime":"2024-01-30 11:14:17","tpep_dropoff_datetime":"2023-03-11 11:36:45","passenger_count":"5","trip_distance":"4.16","RatecodeID":"1","store_and_fwd_flag":"N","PULocationID":"236","DOLocationID":"68","payment_type":"1","fare_amount":"17.5","extra":"0","mta_tax":"0.5","tip_amount":"0","tolls_amount":"0","improvement_surcharge":"0.3","total_amount":"18.3","congestion_surcharge":""},{"VendorID":"2","tpep_pickup_datetime":"2023-02-18 11:40:39","tpep_dropoff_datetime":"2023-10-14 11:53:18","passenger_count":"5","trip_distance":"1.60","RatecodeID":"1","store_and_fwd_flag":"N","PULocationID":"249","DOLocationID":"100","payment_type":"2","fare_amount":"10","extra":"0","mta_tax":"0.5","tip_amount":"0","tolls_amount":"0","improvement_surcharge":"0.3","total_amount":"10.8","congestion_surcharge":""},{"VendorID":"1","tpep_pickup_datetime":"2023-08-19 11:50:28","tpep_dropoff_datetime":"2023-03-15 12:05:34","passenger_count":"0","trip_distance":"1.30","RatecodeID":"1","store_and_fwd_flag":"N","PULocationID":"230","DOLocationID":"50","payment_type":"2","fare_amount":"10.5","extra":"0","mta_tax":"0.5","tip_amount":"0","tolls_amount":"0","improvement_surcharge":"0.3","total_amount":"11.3","congestion_surcharge":""},{"VendorID":"1","tpep_pickup_datetime":"2023-11-12 11:08:31","tpep_dropoff_datetime":"2023-10-17 11:21:05","passenger_count":"1","trip_distance":"2.50","RatecodeID":"1","store_and_fwd_flag":"N","PULocationID":"164","DOLocationID":"142","payment_type":"2","fare_amount":"10.5","extra":"0","mta_tax":"0.5","tip_amount":"0","tolls_amount":"0","improvement_surcharge":"0.3","total_amount":"11.3","congestion_surcharge":""}]