[{"VendorID":"2","tpep_pickup_datetime":"2023-05-04 00:03:42","tpep_dropoff_datetime":"2023-06-11 00:26:01","passenger_count":"1","trip_distance":"5.80","RatecodeID":"1","store_and_fwd_flag":"N","PULocationID":"231","DOLocationID":"239","payment_type":"1","fare_amount":"21","extra":"0.5","mta_tax":"0.5","tip_amount":"2.23","tolls_amount":"0","improvement_surcharge":"0.3","total_amount":"26.48","congestion_surcharge":"","tripId":"1a40ff45-3132-4f2c-903d-fb42f03de559"},{"VendorID":"2","tpep_pickup_datetime":"2023-05-09 00:32:05","tpep_dropoff_datetime":"2023-08-29 00:36:54","passenger_count":"1","trip_distance":".75","RatecodeID":"1","store_and_fwd_flag":"N","PULocationID":"142","DOLocationID":"48","payment_type":"2","fare_amount":"4.5","extra":"0.5","mta_tax":"0.5","tip_amount":"0","tolls_amount":"0","improvement_surcharge":"0.3","total_amount":"5.8","congestion_surcharge":"","tripId":"3e8eb50a-c7e1-497e-ba5f-18e7ab5e2f8a"},{"VendorID":"2","tpep_pickup_datetime":"2023-06-26 00:38:55","tpep_dropoff_datetime":"2023-10-15 00:49:16","passenger_count":"1","trip_distance":"3.43","RatecodeID":"1","store_and_fwd_flag":"N","PULocationID":"48","DOLocationID":"263","payment_type":"1","fare_amount":"11.5","extra":"0.5","mta_tax":"0.5","tip_amount":"2.56","tolls_amount":"0","improvement_surcharge":"0.3","total_amount":"15.36","congestion_surcharge":"","tripId":"87cd9c41-083f-442b-8ca8-b35a8def3e23"},{"VendorID":"2","tpep_pickup_datetime":"2023-12-23 00:52:11","tpep_dropoff_datetime":"2023-02-05 00:55:30","passenger_count":"1","trip_distance":".88","RatecodeID":"1","store_and_fwd_flag":"N","PULocationID":"263","DOLocationID":"141","payment_type":"1","fare_amount":"5","extra":"0.5","mta_tax":"0.5","tip_amount":"1.26","tolls_amount":"0","improvement_surcharge":"0.3","total_amount":"7.56","congestion_surcharge":"","tripId":"317ef889-a9c0-4465-96b5-326929d39555"},{"VendorID":"2","tpep_pickup_datetime":"2024-01-28 01:03:37","tpep_dropoff_datetime":"2023-05-21 01:13:58","passenger_count":"1","trip_distance":"2.01","RatecodeID":"1","store_and_fwd_flag":"N","PULocationID":"141","DOLocationID":"161","payment_type":"1","fare_amount":"9.5","extra":"0.5","mta_tax":"0.5","tip_amount":"2.16","tolls_amount":"0","improvement_surcharge":"0.3","total_amount":"12.96","congestion_surcharge":"","tripId":"50615dd3-812d-4e2a-96aa-b3b00eaf41a8"},{"VendorID":"2","tpep_pickup_datetime":"2024-01-02 01:15:34","tpep_dropoff_datetime":"2023-02-17 01:21:10","passenger_count":"1","trip_distance":"1.09","RatecodeID":"1","store_and_fwd_flag":"N","PULocationID":"161","DOLocationID":"237","payment_type":"1","fare_amount":"6","extra":"0.5","mta_tax":"0.5","tip_amount":"1.46","tolls_amount":"0","improvement_surcharge":"0.3","total_amount":"8.76","congestion_surcharge":"","tripId":"5e9a70f2-db78-40d0-bb81-bf11a50ee3c1"},{"VendorID":"2","tpep_pickup_datetime":"2023-07-07 01:36:23","tpep_dropoff_datetime":"2023-05-22 01:42:29","passenger_count":"1","trip_distance":"1.04","RatecodeID":"1","store_and_fwd_flag":"N","PULocationID":"237","DOLocationID":"233","payment_type":"1","fare_amount":"6.5","extra":"0.5","mta_tax":"0.5","tip_amount":"1.56","tolls_amount":"0","improvement_surcharge":"0.3","total_amount":"9.36","congestion_surcharge":"","tripId":"5144a83b-e6d8-4e54-a61e-25b780a907f7"},{"VendorID":"2","tpep_pickup_datetime":"2023-02-22 01:51:22","tpep_dropoff_datetime":"2023-06-08 01:54:54","passenger_count":"1","trip_distance":".41","RatecodeID":"1","store_and_fwd_flag":"N","PULocationID":"79","DOLocationID":"113","payment_type":"1","fare_amount":"4","extra":"0.5","mta_tax":"0.5","tip_amount":"1.06","tolls_amount":"0","improvement_surcharge":"0.3","total_amount":"6.36","congestion_surcharge":"","tripId":"acab4774-265d-47c2-a666-957a4abc61f0"},{"VendorID":"2","tpep_pickup_datetime":"2023-11-16 01:56:21","tpep_dropoff_datetime":"2023-03-21 02:06:00","passenger_count":"1","trip_distance":"1.88","RatecodeID":"1","store_and_fwd_flag":"N","PULocationID":"113","DOLocationID":"68","payment_type":"1","fare_amount":"9","extra":"0.5","mta_tax":"0.5","tip_amount":"2.06","tolls_amount":"0","improvement_surcharge":"0.3","total_amount":"12.36","congestion_surcharge":"","tripId":"04952254-b7e3-4f58-b199-97cf62da0d7f"},{"VendorID":"2","tpep_pickup_datetime":"2023-04-08 02:23:29","tpep_dropoff_datetime":"2023-04-29 02:28:07","passenger_count":"1","trip_distance":".99","RatecodeID":"1","store_and_fwd_flag":"N","PULocationID":"230","DOLocationID":"68","payment_type":"2","fare_amount":"5.5","extra":"0.5","mta_tax":"0.5","tip_amount":"0","tolls_amount":"0","improvement_surcharge":"0.3","total_amount":"6.8","congestion_surcharge":"","tripId":"58d36e44-2a08-4d05-8b17-8812ec050a80"},{"VendorID":"2","tpep_pickup_datetime":"2023-02-24 02:38:02","tpep_dropoff_datetime":"2023-04-25 02:43:08","passenger_count":"1","trip_distance":"1.14","RatecodeID":"1","store_and_fwd_flag":"N","PULocationID":"48","DOLocationID":"100","payment_type":"2","fare_amount":"6","extra":"0.5","mta_tax":"0.5","tip_amount":"0","tolls_amount":"0","improvement_surcharge":"0.3","total_amount":"7.3","congestion_surcharge":"","tripId":"9d015ee5-6e98-4a3e-ad19-9e151f0c5ca7"},{"VendorID":"2","tpep_pickup_datetime":"2023-05-08 02:50:20","tpep_dropoff_datetime":"2023-09-23 02:55:06","passenger_count":"1","trip_distance":".60","RatecodeID":"1","store_and_fwd_flag":"N","PULocationID":"230","DOLocationID":"48","payment_type":"2","fare_amount":"5","extra":"0.5","mta_tax":"0.5","tip_amount":"0","tolls_amount":"0","improvement_surcharge":"0.3","total_amount":"6.3","congestion_surcharge":"","tripId":"b6a1a811-2772-4ef5-a59e-82840f85a004"},{"VendorID":"2","tpep_pickup_datetime":"2023-10-29 03:21:07","tpep_dropoff_datetime":"2023-05-17 03:25:41","passenger_count":"1","trip_distance":"1.16","RatecodeID":"1","store_and_fwd_flag":"N","PULocationID":"230","DOLocationID":"186","payment_type":"2","fare_amount":"6","extra":"0.5","mta_tax":"0.5","tip_amount":"0","tolls_amount":"0","improvement_surcharge":"0.3","total_amount":"7.3","congestion_surcharge":"","tripId":"90cdfc62-f46e-4b7e-b210-0933ecb500fe"},{"VendorID":"2","tpep_pickup_datetime":"2023-07-22 04:12:54","tpep_dropoff_datetime":"2024-01-12 04:17:12","passenger_count":"1","trip_distance":"1.68","RatecodeID":"1","store_and_fwd_flag":"N","PULocationID":"163","DOLocationID":"68","payment_type":"2","fare_amount":"6.5","extra":"0.5","mta_tax":"0.5","tip_amount":"0","tolls_amount":"0","improvement_surcharge":"0.3","total_amount":"7.8","congestion_surcharge":"","tripId":"dfbd1cfa-1678-4d67-b8c8-10a364af99b5"},{"VendorID":"1","tpep_pickup_datetime":"2023-03-07 02:08:35","tpep_dropoff_datetime":"2023-09-14 02:12:51","passenger_count":"1","trip_distance":"1.10","RatecodeID":"1","store_and_fwd_flag":"N","PULocationID":"107","DOLocationID":"164","payment_type":"1","fare_amount":"5.5","extra":"0.5","mta_tax":"0.5","tip_amount":"1.02","tolls_amount":"0","improvement_surcharge":"0.3","total_amount":"7.82","congestion_surcharge":"","tripId":"c793322e-fa3f-497d-86c5-64ffd231b9ee"},{"VendorID":"1","tpep_pickup_datetime":"2023-09-16 02:18:57","tpep_dropoff_datetime":"2023-11-11 02:31:30","passenger_count":"1","trip_distance":"4.10","RatecodeID":"1","store_and_fwd_flag":"N","PULocationID":"48","DOLocationID":"74","payment_type":"1","fare_amount":"13.5","extra":"0.5","mta_tax":"0.5","tip_amount":"0","tolls_amount":"0","improvement_surcharge":"0.3","total_amount":"14.8","congestion_surcharge":"","tripId":"9a6377a5-7491-4247-a31c-686ddfc8740c"},{"VendorID":"1","tpep_pickup_datetime":"2023-02-18 02:34:54","tpep_dropoff_datetime":"2023-04-01 02:44:47","passenger_count":"1","trip_distance":"2.70","RatecodeID":"1","store_and_fwd_flag":"N","PULocationID":"263","DOLocationID":"163","payment_type":"1","fare_amount":"11","extra":"0.5","mta_tax":"0.5","tip_amount":"2","tolls_amount":"0","improvement_surcharge":"0.3","total_amount":"14.3","congestion_surcharge":"","tripId":"cf698471-8de4-4122-a090-a026f63bbe69"},{"VendorID":"2","tpep_pickup_datetime":"2023-12-22 14:19:57","tpep_dropoff_datetime":"2023-09-28 14:26:49","passenger_count":"1","trip_distance":".84","RatecodeID":"1","store_and_fwd_flag":"N","PULocationID":"148","DOLocationID":"144","payment_type":"1","fare_amount":"6","extra":"0.5","mta_tax":"0.5","tip_amount":"1.46","tolls_amount":"0","improvement_surcharge":"0.3","total_amount":"8.76","congestion_surcharge":"","tripId":"4941a2e0-7d47-4f95-9dbc-3e8c7e61e869"},{"VendorID":"2","tpep_pickup_datetime":"2023-03-23 14:43:44","tpep_dropoff_datetime":"2023-08-18 14:52:25","passenger_count":"1","trip_distance":"1.82","RatecodeID":"1","store_and_fwd_flag":"N","PULocationID":"148","DOLocationID":"107","payment_type":"1","fare_amount":"8.5","extra":"0.5","mta_tax":"0.5","tip_amount":"1.96","tolls_amount":"0","improvement_surcharge":"0.3","total_amount":"11.76","congestion_surcharge":"","tripId":"44a6c790-d04a-4fff-94b9-5a5923e903b5"},{"VendorID":"2","tpep_pickup_datetime":"2023-03-19 02:08:35","tpep_dropoff_datetime":"2023-04-01 02:15:09","passenger_count":"1","trip_distance":"1.29","RatecodeID":"1","store_and_fwd_flag":"N","PULocationID":"144","DOLocationID":"87","payment_type":"2","fare_amount":"6.5","extra":"0.5","mta_tax":"0.5","tip_amount":"0","tolls_amount":"0","improvement_surcharge":"0.3","total_amount":"7.8","congestion_surcharge":"","tripId":"f5a2cb1d-bf82-4acd-af96-88b0ab82097f"},{"VendorID":"2","tpep_pickup_datetime":"2023-03-22 02:18:51","tpep_dropoff_datetime":"2023-01-11 02:21:17","passenger_count":"1","trip_distance":".46","RatecodeID":"1","store_and_fwd_flag":"N","PULocationID":"88","DOLocationID":"87","payment_type":"1","fare_amount":"4","extra":"0.5","mta_tax":"0.5","tip_amount":"1.06","tolls_amount":"0","improvement_surcharge":"0.3","total_amount":"6.36","congestion_surcharge":"","tripId":"1d184574-7318-490c-8f9b-b1848808ed06"},{"VendorID":"2","tpep_pickup_datetime":"2023-08-22 02:31:51","tpep_dropoff_datetime":"2024-01-02 02:38:31","passenger_count":"1","trip_distance":"1.71","RatecodeID":"1","store_and_fwd_flag":"N","PULocationID":"88","DOLocationID":"231","payment_type":"1","fare_amount":"7.5","extra":"0.5","mta_tax":"0.5","tip_amount":"1.76","tolls_amount":"0","improvement_surcharge":"0.3","total_amount":"10.56","congestion_surcharge":"","tripId":"9080d8e5-859a-4b47-9840-177c2755c321"},{"VendorID":"2","tpep_pickup_datetime":"2023-08-09 02:47:19","tpep_dropoff_datetime":"2023-12-29 03:02:16","passenger_count":"1","trip_distance":"3.21","RatecodeID":"1","store_and_fwd_flag":"N","PULocationID":"249","DOLocationID":"233","payment_type":"1","fare_amount":"13.5","extra":"0.5","mta_tax":"0.5","tip_amount":"1","tolls_amount":"0","improvement_surcharge":"0.3","total_amount":"15.8","congestion_surcharge":"","tripId":"5dca5d93-9472-425a-b726-a3c2945bf181"},{"VendorID":"1","tpep_pickup_datetime":"2023-02-18 02:16:12","tpep_dropoff_datetime":"2023-05-28 02:17:43","passenger_count":"1","trip_distance":".40","RatecodeID":"1","store_and_fwd_flag":"N","PULocationID":"79","DOLocationID":"79","payment_type":"1","fare_amount":"3.5","extra":"0.5","mta_tax":"0.5","tip_amount":"0.95","tolls_amount":"0","improvement_surcharge":"0.3","total_amount":"5.75","congestion_surcharge":"","tripId":"e1072c77-5607-48c2-b834-9e72857432b1"},{"VendorID":"1","tpep_pickup_datetime":"2023-02-14 02:22:08","tpep_dropoff_datetime":"2023-07-23 02:28:07","passenger_count":"1","trip_distance":".80","RatecodeID":"1","store_and_fwd_flag":"N","PULocationID":"79","DOLocationID":"107","payment_type":"1","fare_amount":"6","extra":"0.5","mta_tax":"0.5","tip_amount":"1","tolls_amount":"0","improvement_surcharge":"0.3","total_amount":"8.3","congestion_surcharge":"","tripId":"e873e4fd-ff7e-40ec-96cc-4dae6bdb2a8f"},{"VendorID":"1","tpep_pickup_datetime":"2023-12-02 02:40:23","tpep_dropoff_datetime":"2023-02-27 02:42:49","passenger_count":"1","trip_distance":".30","RatecodeID":"1","store_and_fwd_flag":"N","PULocationID":"158","DOLocationID":"246","payment_type":"1","fare_amount":"3.5","extra":"0.5","mta_tax":"0.5","tip_amount":"0","tolls_amount":"0","improvement_surcharge":"0.3","total_amount":"4.8","congestion_surcharge":"","tripId":"4950a115-64fd-4360-8926-7794e7c35cce"},{"VendorID":"1","tpep_pickup_datetime":"2023-04-05 02:48:40","tpep_dropoff_datetime":"2024-01-24 02:55:49","passenger_count":"1","trip_distance":"1.40","RatecodeID":"1","store_and_fwd_flag":"N","PULocationID":"90","DOLocationID":"234","payment_type":"2","fare_amount":"7.5","extra":"0.5","mta_tax":"0.5","tip_amount":"0","tolls_amount":"0","improvement_surcharge":"0.3","total_amount":"8.8","congestion_surcharge":"","tripId":"49df9322-ae08-4d95-b3e1-54ea9d1d21d6"},{"VendorID":"2","tpep_pickup_datetime":"2024-01-21 02:30:40","tpep_dropoff_datetime":"2023-06-09 02:34:49","passenger_count":"1","trip_distance":".62","RatecodeID":"1","store_and_fwd_flag":"N","PULocationID":"144","DOLocationID":"211","payment_type":"1","fare_amount":"5","extra":"0.5","mta_tax":"0.5","tip_amount":"1.89","tolls_amount":"0","improvement_surcharge":"0.3","total_amount":"8.19","congestion_surcharge":"","tripId":"322c56d6-ec6a-4833-b805-e7ca74e8afe1"},{"VendorID":"1","tpep_pickup_datetime":"2023-08-09 02:22:47","tpep_dropoff_datetime":"2023-06-03 02:43:12","passenger_count":"2","trip_distance":"2.90","RatecodeID":"1","store_and_fwd_flag":"N","PULocationID":"144","DOLocationID":"107","payment_type":"1","fare_amount":"14.5","extra":"0.5","mta_tax":"0.5","tip_amount":"3.15","tolls_amount":"0","improvement_surcharge":"0.3","total_amount":"18.95","congestion_surcharge":"","tripId":"6a2189ee-dc5d-483e-aef4-611501ed4837"},{"VendorID":"1","tpep_pickup_datetime":"2024-01-29 02:53:48","tpep_dropoff_datetime":"2023-04-20 03:03:05","passenger_count":"4","trip_distance":"1.90","RatecodeID":"1","store_and_fwd_flag":"N","PULocationID":"107","DOLocationID":"231","payment_type":"2","fare_amount":"8.5","extra":"0.5","mta_tax":"0.5","tip_amount":"0","tolls_amount":"0","improvement_surcharge":"0.3","total_amount":"9.8","congestion_surcharge":"","tripId":"766e6e3d-d28b-453f-8525-83b834d366c7"},{"VendorID":"2","tpep_pickup_datetime":"2023-01-27 02:19:58","tpep_dropoff_datetime":"2023-12-07 02:24:16","passenger_count":"5","trip_distance":".76","RatecodeID":"1","store_and_fwd_flag":"N","PULocationID":"114","DOLocationID":"148","payment_type":"1","fare_amount":"5","extra":"0.5","mta_tax":"0.5","tip_amount":"1.26","tolls_amount":"0","improvement_surcharge":"0.3","total_amount":"7.56","congestion_surcharge":"","tripId":"96e0e078-f528-4958-a71f-19158f714cfa"},{"VendorID":"2","tpep_pickup_datetime":"2023-01-24 02:25:38","tpep_dropoff_datetime":"2024-01-28 02:40:51","passenger_count":"5","trip_distance":"3.68","RatecodeID":"1","store_and_fwd_flag":"N","PULocationID":"148","DOLocationID":"233","payment_type":"1","fare_amount":"15","extra":"0.5","mta_tax":"0.5","tip_amount":"3.26","tolls_amount":"0","improvement_surcharge":"0.3","total_amount":"19.56","congestion_surcharge":"","tripId":"9eeb72ed-312d-4641-9849-53a8bea57992"},{"VendorID":"2","tpep_pickup_datetime":"2023-03-14 02:52:27","tpep_dropoff_datetime":"2023-07-29 02:58:16","passenger_count":"5","trip_distance":"1.73","RatecodeID":"1","store_and_fwd_flag":"N","PULocationID":"79","DOLocationID":"170","payment_type":"1","fare_amount":"7.5","extra":"0.5","mta_tax":"0.5","tip_amount":"1.76","tolls_amount":"0","improvement_surcharge":"0.3","total_amount":"10.56","congestion_surcharge":"","tripId":"f06b5b93-7276-4cb6-8a35-6d1df70c58b2"},{"VendorID":"1","tpep_pickup_datetime":"2023-08-09 02:40:22","tpep_dropoff_datetime":"2023-05-08 02:53:01","passenger_count":"1","trip_distance":"3.80","RatecodeID":"1","store_and_fwd_flag":"N","PULocationID":"144","DOLocationID":"163","payment_type":"3","fare_amount":"13","extra":"0.5","mta_tax":"0.5","tip_amount":"0","tolls_amount":"0","improvement_surcharge":"0.3","total_amount":"14.3","congestion_surcharge":"","tripId":"652cdade-bade-4c55-acd8-aceb66a5be03"},{"VendorID":"2","tpep_pickup_datetime":"2023-03-31 02:13:15","tpep_dropoff_datetime":"2023-12-18 02:23:34","passenger_count":"5","trip_distance":"2.34","RatecodeID":"1","store_and_fwd_flag":"N","PULocationID":"148","DOLocationID":"233","payment_type":"1","fare_amount":"9.5","extra":"0.5","mta_tax":"0.5","tip_amount":"1.73","tolls_amount":"0","improvement_surcharge":"0.3","total_amount":"12.53","congestion_surcharge":"","tripId":"11ac2424-e896-430a-88e7-c50661d00bdb"},{"VendorID":"2","tpep_pickup_datetime":"2024-01-30 02:45:21","tpep_dropoff_datetime":"2023-07-17 02:52:35","passenger_count":"5","trip_distance":".94","RatecodeID":"1","store_and_fwd_flag":"N","PULocationID":"148","DOLocationID":"232","payment_type":"1","fare_amount":"6.5","extra":"0.5","mta_tax":"0.5","tip_amount":"1","tolls_amount":"0","improvement_surcharge":"0.3","total_amount":"8.8","congestion_surcharge":"","tripId":"aabe48e7-24b8-4d14-98ca-384fa6ed3d82"},{"VendorID":"2","tpep_pickup_datetime":"2023-10-23 02:08:07","tpep_dropoff_datetime":"2023-07-08 02:30:43","passenger_count":"1","trip_distance":"7.18","RatecodeID":"1","store_and_fwd_flag":"N","PULocationID":"100","DOLocationID":"74","payment_type":"2","fare_amount":"23.5","extra":"0.5","mta_tax":"0.5","tip_amount":"0","tolls_amount":"0","improvement_surcharge":"0.3","total_amount":"24.8","congestion_surcharge":"","tripId":"1f1a6fba-6be6-4693-aa4d-2f57a1227437"},{"VendorID":"2","tpep_pickup_datetime":"2023-08-22 09:58:50","tpep_dropoff_datetime":"2023-01-02 10:05:08","passenger_count":"1","trip_distance":"1.39","RatecodeID":"1","store_and_fwd_flag":"N","PULocationID":"114","DOLocationID":"107","payment_type":"1","fare_amount":"7","extra":"0.5","mta_tax":"0.5","tip_amount":"1.11","tolls_amount":"0","improvement_surcharge":"0.3","total_amount":"9.41","congestion_surcharge":"","tripId":"21d0506e-6ce0-4dfa-afde-68ccd8f532f2"},{"VendorID":"2","tpep_pickup_datetime":"2023-09-03 10:09:44","tpep_dropoff_datetime":"2023-09-29 10:19:50","passenger_count":"1","trip_distance":"1.41","RatecodeID":"1","store_and_fwd_flag":"N","PULocationID":"48","DOLocationID":"229","payment_type":"1","fare_amount":"8.5","extra":"0.5","mta_tax":"0.5","tip_amount":"1.96","tolls_amount":"0","improvement_surcharge":"0.3","total_amount":"11.76","congestion_surcharge":"","tripId":"9e09f241-62a0-4183-be00-5a84b23392d3"},{"VendorID":"2","tpep_pickup_datetime":"2023-11-18 10:44:39","tpep_dropoff_datetime":"2023-09-29 10:19:50","passenger_count":"1","trip_distance":".86","RatecodeID":"1","store_and_fwd_flag":"N","PULocationID":"144","DOLocationID":"114","payment_type":"2","fare_amount":"5.5","extra":"0.5","mta_tax":"0.5","tip_amount":"0","tolls_amount":"0","improvement_surcharge":"0.3","total_amount":"6.8","congestion_surcharge":"","tripId":"6e27b980-cc25-4800-81c0-b0ba8c0d7963"},{"VendorID":"2","tpep_pickup_datetime":"2023-07-29 02:03:54","tpep_dropoff_datetime":"2023-07-29 02:08:00","passenger_count":"1","trip_distance":".03","RatecodeID":"1","store_and_fwd_flag":"N","PULocationID":"148","DOLocationID":"148","payment_type":"2","fare_amount":"4.5","extra":"0.5","mta_tax":"0.5","tip_amount":"0","tolls_amount":"0","improvement_surcharge":"0.3","total_amount":"5.8","congestion_surcharge":"","tripId":"32e23311-1e82-4757-bb09-ef45ab0715e8"},{"VendorID":"2","tpep_pickup_datetime":"2023-04-22 02:11:15","tpep_dropoff_datetime":"2023-12-08 02:25:17","passenger_count":"1","trip_distance":"3.67","RatecodeID":"1","store_and_fwd_flag":"N","PULocationID":"148","DOLocationID":"68","payment_type":"1","fare_amount":"13.5","extra":"0.5","mta_tax":"0.5","tip_amount":"1","tolls_amount":"0","improvement_surcharge":"0.3","total_amount":"15.8","congestion_surcharge":"","tripId":"12e9e4fc-09a6-48f3-9ecc-b248ff8f07ca"},{"VendorID":"2","tpep_pickup_datetime":"2023-06-25 02:55:52","tpep_dropoff_datetime":"2024-02-03 03:09:45","passenger_count":"1","trip_distance":"4.56","RatecodeID":"1","store_and_fwd_flag":"N","PULocationID":"148","DOLocationID":"141","payment_type":"1","fare_amount":"15.5","extra":"0.5","mta_tax":"0.5","tip_amount":"2","tolls_amount":"0","improvement_surcharge":"0.3","total_amount":"18.8","congestion_surcharge":"","tripId":"0d93dc07-04e2-4056-8e62-6e5d1496220f"},{"VendorID":"2","tpep_pickup_datetime":"2023-11-19 02:49:59","tpep_dropoff_datetime":"2023-05-27 02:55:14","passenger_count":"2","trip_distance":"1.06","RatecodeID":"1","store_and_fwd_flag":"N","PULocationID":"79","DOLocationID":"224","payment_type":"2","fare_amount":"6","extra":"0.5","mta_tax":"0.5","tip_amount":"0","tolls_amount":"0","improvement_surcharge":"0.3","total_amount":"7.3","congestion_surcharge":"","tripId":"186f2015-0174-434f-9791-26d67832a27e"},{"VendorID":"2","tpep_pickup_datetime":"2023-07-28 02:58:03","tpep_dropoff_datetime":"2023-08-08 03:00:41","passenger_count":"1","trip_distance":".86","RatecodeID":"1","store_and_fwd_flag":"N","PULocationID":"107","DOLocationID":"137","payment_type":"1","fare_amount":"4.5","extra":"0.5","mta_tax":"0.5","tip_amount":"1.16","tolls_amount":"0","improvement_surcharge":"0.3","total_amount":"6.96","congestion_surcharge":"","tripId":"b5062d05-4a84-42a2-998d-ccae8c7fada6"},{"VendorID":"2","tpep_pickup_datetime":"2023-03-05 02:03:07","tpep_dropoff_datetime":"2023-07-11 02:17:56","passenger_count":"1","trip_distance":"1.98","RatecodeID":"1","store_and_fwd_flag":"N","PULocationID":"186","DOLocationID":"229","payment_type":"2","fare_amount":"10","extra":"0.5","mta_tax":"0.5","tip_amount":"0","tolls_amount":"0","improvement_surcharge":"0.3","total_amount":"11.3","congestion_surcharge":"","tripId":"c8f7e805-69ea-4975-bac2-d9dae6f83128"},{"VendorID":"2","tpep_pickup_datetime":"2023-08-24 02:17:54","tpep_dropoff_datetime":"2023-02-02 02:26:25","passenger_count":"5","trip_distance":"2.87","RatecodeID":"1","store_and_fwd_flag":"N","PULocationID":"148","DOLocationID":"229","payment_type":"1","fare_amount":"10","extra":"0.5","mta_tax":"0.5","tip_amount":"2.26","tolls_amount":"0","improvement_surcharge":"0.3","total_amount":"13.56","congestion_surcharge":"","tripId":"9d30667e-aab5-40a7-87b0-2c6ced8934b6"},{"VendorID":"2","tpep_pickup_datetime":"2023-08-22 02:50:01","tpep_dropoff_datetime":"2023-02-02 03:08:39","passenger_count":"5","trip_distance":"4.74","RatecodeID":"1","store_and_fwd_flag":"N","PULocationID":"163","DOLocationID":"231","payment_type":"1","fare_amount":"17","extra":"0.5","mta_tax":"0.5","tip_amount":"2.75","tolls_amount":"0","improvement_surcharge":"0.3","total_amount":"21.05","congestion_surcharge":"","tripId":"e5398cfe-ffec-470d-a4ed-32adbb7a1ebd"},{"VendorID":"2","tpep_pickup_datetime":"2023-02-28 02:00:43","tpep_dropoff_datetime":"2023-09-26 02:10:48","passenger_count":"1","trip_distance":"2.14","RatecodeID":"1","store_and_fwd_flag":"N","PULocationID":"107","DOLocationID":"229","payment_type":"2","fare_amount":"9.5","extra":"0.5","mta_tax":"0.5","tip_amount":"0","tolls_amount":"0","improvement_surcharge":"0.3","total_amount":"10.8","congestion_surcharge":"","tripId":"d3120d31-bb0a-4d9e-951b-48f515815eb7"},{"VendorID":"2","tpep_pickup_datetime":"2023-05-23 02:47:31","tpep_dropoff_datetime":"2023-04-12 03:01:36","passenger_count":"1","trip_distance":"5.17","RatecodeID":"1","store_and_fwd_flag":"N","PULocationID":"4","DOLocationID":"75","payment_type":"2","fare_amount":"17","extra":"0.5","mta_tax":"0.5","tip_amount":"0","tolls_amount":"0","improvement_surcharge":"0.3","total_amount":"18.3","congestion_surcharge":"","tripId":"f31b486b-9550-4df2-b8fa-642e5ce05a2b"},{"VendorID":"1","tpep_pickup_datetime":"2023-05-12 02:28:34","tpep_dropoff_datetime":"2023-04-04 02:39:56","passenger_count":"1","trip_distance":"2.40","RatecodeID":"1","store_and_fwd_flag":"N","PULocationID":"186","DOLocationID":"114","payment_type":"1","fare_amount":"10.5","extra":"0.5","mta_tax":"0.5","tip_amount":"2.36","tolls_amount":"0","improvement_surcharge":"0.3","total_amount":"14.16","congestion_surcharge":"","tripId":"03098fe5-7511-4949-bb85-daf8ed5b5f18"},{"VendorID":"1","tpep_pickup_datetime":"2024-01-31 02:45:55","tpep_dropoff_datetime":"2023-11-20 02:56:28","passenger_count":"1","trip_distance":"2.40","RatecodeID":"1","store_and_fwd_flag":"N","PULocationID":"249","DOLocationID":"161","payment_type":"1","fare_amount":"10","extra":"0.5","mta_tax":"0.5","tip_amount":"1.13","tolls_amount":"0","improvement_surcharge":"0.3","total_amount":"12.43","congestion_surcharge":"","tripId":"22e9da31-3c53-4a0b-9af9-db183121e005"},{"VendorID":"2","tpep_pickup_datetime":"2023-04-07 02:00:48","tpep_dropoff_datetime":"2023-03-25 02:31:59","passenger_count":"1","trip_distance":"6.99","RatecodeID":"1","store_and_fwd_flag":"N","PULocationID":"186","DOLocationID":"223","payment_type":"2","fare_amount":"24.5","extra":"0.5","mta_tax":"0.5","tip_amount":"0","tolls_amount":"0","improvement_surcharge":"0.3","total_amount":"25.8","congestion_surcharge":"","tripId":"8c25440d-1729-49ba-9539-6986eccb0f2f"},{"VendorID":"2","tpep_pickup_datetime":"2023-03-09 02:21:14","tpep_dropoff_datetime":"2023-03-16 02:31:51","passenger_count":"1","trip_distance":"2.42","RatecodeID":"1","store_and_fwd_flag":"N","PULocationID":"170","DOLocationID":"79","payment_type":"1","fare_amount":"10.5","extra":"0.5","mta_tax":"0.5","tip_amount":"2.36","tolls_amount":"0","improvement_surcharge":"0.3","total_amount":"14.16","congestion_surcharge":"","tripId":"6317d7bf-51d8-46b4-a034-88de1f7095ab"},{"VendorID":"2","tpep_pickup_datetime":"2024-01-03 02:39:53","tpep_dropoff_datetime":"2023-11-21 02:55:25","passenger_count":"1","trip_distance":"4.06","RatecodeID":"1","store_and_fwd_flag":"N","PULocationID":"148","DOLocationID":"181","payment_type":"1","fare_amount":"15","extra":"0.5","mta_tax":"0.5","tip_amount":"3.26","tolls_amount":"0","improvement_surcharge":"0.3","total_amount":"19.56","congestion_surcharge":"","tripId":"36da4854-0b59-40df-8747-2f54c8843d74"},{"VendorID":"2","tpep_pickup_datetime":"2023-04-08 02:08:46","tpep_dropoff_datetime":"2023-08-06 02:12:09","passenger_count":"2","trip_distance":".59","RatecodeID":"1","store_and_fwd_flag":"N","PULocationID":"236","DOLocationID":"263","payment_type":"2","fare_amount":"4.5","extra":"0.5","mta_tax":"0.5","tip_amount":"0","tolls_amount":"0","improvement_surcharge":"0.3","total_amount":"5.8","congestion_surcharge":"","tripId":"e5692ba3-c370-44ac-a056-fd39da211378"},{"VendorID":"2","tpep_pickup_datetime":"2023-02-21 02:44:21","tpep_dropoff_datetime":"2024-02-03 02:59:11","passenger_count":"2","trip_distance":"4.78","RatecodeID":"1","store_and_fwd_flag":"N","PULocationID":"164","DOLocationID":"226","payment_type":"1","fare_amount":"16.5","extra":"0.5","mta_tax":"0.5","tip_amount":"3.56","tolls_amount":"0","improvement_surcharge":"0.3","total_amount":"21.36","congestion_surcharge":"","tripId":"d49e4053-5988-4043-9654-1167f7f1bbf5"},{"VendorID":"2","tpep_pickup_datetime":"2023-11-20 02:37:57","tpep_dropoff_datetime":"2023-07-23 02:51:01","passenger_count":"1","trip_distance":"2.50","RatecodeID":"1","store_and_fwd_flag":"N","PULocationID":"148","DOLocationID":"90","payment_type":"2","fare_amount":"11.5","extra":"0.5","mta_tax":"0.5","tip_amount":"0","tolls_amount":"0","improvement_surcharge":"0.3","total_amount":"12.8","congestion_surcharge":"","tripId":"9ef31249-8b42-43d9-8b97-14caa488ed29"},{"VendorID":"2","tpep_pickup_datetime":"2023-09-12 02:55:54","tpep_dropoff_datetime":"2023-10-29 03:07:19","passenger_count":"1","trip_distance":"2.48","RatecodeID":"1","store_and_fwd_flag":"N","PULocationID":"249","DOLocationID":"45","payment_type":"2","fare_amount":"10.5","extra":"0.5","mta_tax":"0.5","tip_amount":"0","tolls_amount":"0","improvement_surcharge":"0.3","total_amount":"11.8","congestion_surcharge":"","tripId":"e37e9eca-ea2e-4339-ae1d-48b7d0e08ccd"},{"VendorID":"2","tpep_pickup_datetime":"2023-09-25 02:09:36","tpep_dropoff_datetime":"2023-07-24 02:22:30","passenger_count":"1","trip_distance":"1.93","RatecodeID":"1","store_and_fwd_flag":"N","PULocationID":"144","DOLocationID":"4","payment_type":"1","fare_amount":"10.5","extra":"0.5","mta_tax":"0.5","tip_amount":"2.36","tolls_amount":"0","improvement_surcharge":"0.3","total_amount":"14.16","congestion_surcharge":"","tripId":"125be444-ad78-4f1e-b9f4-8b23c26b5906"},{"VendorID":"2","tpep_pickup_datetime":"2023-12-05 02:33:42","tpep_dropoff_datetime":"2023-06-17 02:45:26","passenger_count":"1","trip_distance":"3.42","RatecodeID":"1","store_and_fwd_flag":"N","PULocationID":"231","DOLocationID":"230","payment_type":"1","fare_amount":"12.5","extra":"0.5","mta_tax":"0.5","tip_amount":"1","tolls_amount":"0","improvement_surcharge":"0.3","total_amount":"14.8","congestion_surcharge":"","tripId":"f0a03b09-7fac-4986-ba32-e79db55483ec"},{"VendorID":"2","tpep_pickup_datetime":"2024-01-02 02:11:37","tpep_dropoff_datetime":"2023-04-08 02:31:48","passenger_count":"3","trip_distance":"4.58","RatecodeID":"1","store_and_fwd_flag":"N","PULocationID":"230","DOLocationID":"231","payment_type":"1","fare_amount":"17.5","extra":"0.5","mta_tax":"0.5","tip_amount":"4.7","tolls_amount":"0","improvement_surcharge":"0.3","total_amount":"23.5","congestion_surcharge":"","tripId":"5219a4ab-effb-46f4-be8e-96b537d9d134"},{"VendorID":"2","tpep_pickup_datetime":"2023-06-16 02:06:02","tpep_dropoff_datetime":"2023-12-15 02:15:59","passenger_count":"1","trip_distance":"1.69","RatecodeID":"1","store_and_fwd_flag":"N","PULocationID":"249","DOLocationID":"107","payment_type":"1","fare_amount":"8.5","extra":"0.5","mta_tax":"0.5","tip_amount":"1.96","tolls_amount":"0","improvement_surcharge":"0.3","total_amount":"11.76","congestion_surcharge":"","tripId":"d176fe00-bf23-493f-adac-c174d6f23b43"},{"VendorID":"2","tpep_pickup_datetime":"2023-02-05 02:19:16","tpep_dropoff_datetime":"2023-04-23 02:27:32","passenger_count":"1","trip_distance":"2.39","RatecodeID":"1","store_and_fwd_flag":"N","PULocationID":"137","DOLocationID":"140","payment_type":"1","fare_amount":"9","extra":"0.5","mta_tax":"0.5","tip_amount":"2.06","tolls_amount":"0","improvement_surcharge":"0.3","total_amount":"12.36","congestion_surcharge":"","tripId":"7ae82b6a-5679-4e56-9624-240066d0834f"},{"VendorID":"2","tpep_pickup_datetime":"2023-07-21 02:01:35","tpep_dropoff_datetime":"2024-01-17 02:08:01","passenger_count":"1","trip_distance":"1.63","RatecodeID":"1","store_and_fwd_flag":"N","PULocationID":"246","DOLocationID":"234","payment_type":"1","fare_amount":"7.5","extra":"0.5","mta_tax":"0.5","tip_amount":"2.2","tolls_amount":"0","improvement_surcharge":"0.3","total_amount":"11","congestion_surcharge":"","tripId":"575c3b0b-78ff-442f-ad8e-ca3a5a0dff18"},{"VendorID":"2","tpep_pickup_datetime":"2023-10-28 02:20:28","tpep_dropoff_datetime":"2023-12-18 02:30:33","passenger_count":"1","trip_distance":"2.47","RatecodeID":"1","store_and_fwd_flag":"N","PULocationID":"211","DOLocationID":"170","payment_type":"1","fare_amount":"10","extra":"0.5","mta_tax":"0.5","tip_amount":"1.5","tolls_amount":"0","improvement_surcharge":"0.3","total_amount":"12.8","congestion_surcharge":"","tripId":"cba4c40a-60f3-49b4-949b-d49e037d6dfa"},{"VendorID":"2","tpep_pickup_datetime":"2023-10-04 02:38:05","tpep_dropoff_datetime":"2023-09-22 02:52:21","passenger_count":"1","trip_distance":"4.99","RatecodeID":"1","store_and_fwd_flag":"N","PULocationID":"164","DOLocationID":"75","payment_type":"1","fare_amount":"16.5","extra":"0.5","mta_tax":"0.5","tip_amount":"5.34","tolls_amount":"0","improvement_surcharge":"0.3","total_amount":"23.14","congestion_surcharge":"","tripId":"9dc11fe2-5eef-4112-9fe7-df225b2d1835"},{"VendorID":"4","tpep_pickup_datetime":"2023-05-25 02:22:21","tpep_dropoff_datetime":"2023-08-01 02:37:55","passenger_count":"4","trip_distance":"3.03","RatecodeID":"1","store_and_fwd_flag":"N","PULocationID":"148","DOLocationID":"80","payment_type":"2","fare_amount":"14","extra":"0.5","mta_tax":"0.5","tip_amount":"0","tolls_amount":"0","improvement_surcharge":"0.3","total_amount":"15.3","congestion_surcharge":"","tripId":"981f7e32-8709-4e30-945e-105cb0800a54"},{"VendorID":"2","tpep_pickup_datetime":"2023-11-05 02:00:58","tpep_dropoff_datetime":"2023-04-21 02:11:48","passenger_count":"1","trip_distance":"2.56","RatecodeID":"1","store_and_fwd_flag":"N","PULocationID":"234","DOLocationID":"140","payment_type":"1","fare_amount":"10.5","extra":"0.5","mta_tax":"0.5","tip_amount":"2.36","tolls_amount":"0","improvement_surcharge":"0.3","total_amount":"14.16","congestion_surcharge":"","tripId":"5fe085f1-8395-440a-a6a6-64cd37e4324e"},{"VendorID":"2","tpep_pickup_datetime":"2023-09-03 02:31:47","tpep_dropoff_datetime":"2023-02-25 02:41:38","passenger_count":"1","trip_distance":"2.90","RatecodeID":"1","store_and_fwd_flag":"N","PULocationID":"148","DOLocationID":"229","payment_type":"1","fare_amount":"10.5","extra":"0.5","mta_tax":"0.5","tip_amount":"2","tolls_amount":"0","improvement_surcharge":"0.3","total_amount":"13.8","congestion_surcharge":"","tripId":"93930dfb-39a3-4250-8519-4be436c6a67a"},{"VendorID":"2","tpep_pickup_datetime":"2023-08-01 02:59:10","tpep_dropoff_datetime":"2023-01-11 03:00:36","passenger_count":"1","trip_distance":".41","RatecodeID":"1","store_and_fwd_flag":"N","PULocationID":"238","DOLocationID":"239","payment_type":"1","fare_amount":"3.5","extra":"0.5","mta_tax":"0.5","tip_amount":"0.96","tolls_amount":"0","improvement_surcharge":"0.3","total_amount":"5.76","congestion_surcharge":"","tripId":"aeb545cb-7a5d-451e-9604-cdce9a862cab"},{"VendorID":"1","tpep_pickup_datetime":"2023-05-20 02:07:39","tpep_dropoff_datetime":"2023-12-24 02:11:29","passenger_count":"1","trip_distance":"1.10","RatecodeID":"1","store_and_fwd_flag":"N","PULocationID":"170","DOLocationID":"229","payment_type":"1","fare_amount":"5.5","extra":"0.5","mta_tax":"0.5","tip_amount":"1.35","tolls_amount":"0","improvement_surcharge":"0.3","total_amount":"8.15","congestion_surcharge":"","tripId":"e2dd2ac7-0230-41c4-831b-38f181f008a4"},{"VendorID":"1","tpep_pickup_datetime":"2023-08-21 02:37:46","tpep_dropoff_datetime":"2023-05-21 02:41:47","passenger_count":"1","trip_distance":".70","RatecodeID":"1","store_and_fwd_flag":"N","PULocationID":"144","DOLocationID":"231","payment_type":"1","fare_amount":"5","extra":"0.5","mta_tax":"0.5","tip_amount":"1.25","tolls_amount":"0","improvement_surcharge":"0.3","total_amount":"7.55","congestion_surcharge":"","tripId":"d5ca1c40-cfe6-4a63-b449-a77bb21adad5"},{"VendorID":"1","tpep_pickup_datetime":"2023-04-19 02:46:17","tpep_dropoff_datetime":"2023-11-21 03:06:07","passenger_count":"1","trip_distance":"6.20","RatecodeID":"1","store_and_fwd_flag":"N","PULocationID":"231","DOLocationID":"145","payment_type":"1","fare_amount":"21","extra":"0.5","mta_tax":"0.5","tip_amount":"4.45","tolls_amount":"0","improvement_surcharge":"0.3","total_amount":"26.75","congestion_surcharge":"","tripId":"e26e0dc0-0c36-40ea-a768-89a28801861f"},{"VendorID":"1","tpep_pickup_datetime":"2023-11-12 02:36:41","tpep_dropoff_datetime":"2023-10-17 03:08:40","passenger_count":"1","trip_distance":"7.40","RatecodeID":"1","store_and_fwd_flag":"N","PULocationID":"211","DOLocationID":"133","payment_type":"1","fare_amount":"28.5","extra":"0.5","mta_tax":"0.5","tip_amount":"7.45","tolls_amount":"0","improvement_surcharge":"0.3","total_amount":"37.25","congestion_surcharge":"","tripId":"7537e233-3c2f-4dce-875b-44654e7cc5ba"},{"VendorID":"2","tpep_pickup_datetime":"2023-09-11 02:09:05","tpep_dropoff_datetime":"2023-10-23 02:17:01","passenger_count":"1","trip_distance":".73","RatecodeID":"1","store_and_fwd_flag":"N","PULocationID":"79","DOLocationID":"249","payment_type":"1","fare_amount":"6.5","extra":"0.5","mta_tax":"0.5","tip_amount":"1.56","tolls_amount":"0","improvement_surcharge":"0.3","total_amount":"9.36","congestion_surcharge":"","tripId":"86468332-3e8d-4967-bd8f-19f9a85f8bdf"},{"VendorID":"2","tpep_pickup_datetime":"2023-12-28 02:18:19","tpep_dropoff_datetime":"2023-08-16 02:23:01","passenger_count":"1","trip_distance":"1.36","RatecodeID":"1","store_and_fwd_flag":"N","PULocationID":"249","DOLocationID":"186","payment_type":"1","fare_amount":"6","extra":"0.5","mta_tax":"0.5","tip_amount":"1.82","tolls_amount":"0","improvement_surcharge":"0.3","total_amount":"9.12","congestion_surcharge":"","tripId":"32b2730f-3bc1-48e1-909a-4bf2446e975a"},{"VendorID":"2","tpep_pickup_datetime":"2023-07-13 02:36:17","tpep_dropoff_datetime":"2023-07-28 02:50:59","passenger_count":"1","trip_distance":"5.46","RatecodeID":"1","store_and_fwd_flag":"N","PULocationID":"79","DOLocationID":"33","payment_type":"2","fare_amount":"17.5","extra":"0.5","mta_tax":"0.5","tip_amount":"0","tolls_amount":"0","improvement_surcharge":"0.3","total_amount":"18.8","congestion_surcharge":"","tripId":"84fc63d9-cb14-4fbf-b9c9-06efbd21135c"},{"VendorID":"2","tpep_pickup_datetime":"2023-03-22 02:25:08","tpep_dropoff_datetime":"2023-11-28 02:35:21","passenger_count":"2","trip_distance":"2.95","RatecodeID":"1","store_and_fwd_flag":"N","PULocationID":"113","DOLocationID":"229","payment_type":"1","fare_amount":"10.5","extra":"0.5","mta_tax":"0.5","tip_amount":"2.36","tolls_amount":"0","improvement_surcharge":"0.3","total_amount":"14.16","congestion_surcharge":"","tripId":"43ca206a-28da-421e-ada2-becbe709da53"},{"VendorID":"2","tpep_pickup_datetime":"2023-03-24 02:51:12","tpep_dropoff_datetime":"2023-01-15 02:56:38","passenger_count":"2","trip_distance":"1.45","RatecodeID":"1","store_and_fwd_flag":"N","PULocationID":"79","DOLocationID":"137","payment_type":"1","fare_amount":"6.5","extra":"0.5","mta_tax":"0.5","tip_amount":"1.56","tolls_amount":"0","improvement_surcharge":"0.3","total_amount":"9.36","congestion_surcharge":"","tripId":"2824f96d-a96a-4b8c-9c98-7d1d47304d08"},{"VendorID":"1","tpep_pickup_datetime":"2023-07-31 02:11:53","tpep_dropoff_datetime":"2023-01-16 02:15:26","passenger_count":"1","trip_distance":"1.10","RatecodeID":"1","store_and_fwd_flag":"N","PULocationID":"48","DOLocationID":"162","payment_type":"1","fare_amount":"5.5","extra":"0.5","mta_tax":"0.5","tip_amount":"1.02","tolls_amount":"0","improvement_surcharge":"0.3","total_amount":"7.82","congestion_surcharge":"","tripId":"31ca5c21-4045-497e-869a-ba2114d75372"},{"VendorID":"2","tpep_pickup_datetime":"2023-08-23 02:06:27","tpep_dropoff_datetime":"2023-04-29 02:11:53","passenger_count":"5","trip_distance":".76","RatecodeID":"1","store_and_fwd_flag":"N","PULocationID":"264","DOLocationID":"264","payment_type":"1","fare_amount":"5.5","extra":"0.5","mta_tax":"0.5","tip_amount":"1.36","tolls_amount":"0","improvement_surcharge":"0.3","total_amount":"8.16","congestion_surcharge":"","tripId":"a907cbf9-9138-4df7-9f61-c0f419e40db7"},{"VendorID":"2","tpep_pickup_datetime":"2023-07-31 02:21:51","tpep_dropoff_datetime":"2023-12-12 02:26:43","passenger_count":"5","trip_distance":".53","RatecodeID":"1","store_and_fwd_flag":"N","PULocationID":"264","DOLocationID":"264","payment_type":"1","fare_amount":"5","extra":"0.5","mta_tax":"0.5","tip_amount":"1.26","tolls_amount":"0","improvement_surcharge":"0.3","total_amount":"7.56","congestion_surcharge":"","tripId":"2d20af8d-1555-4976-8151-5ed9f2d2db2a"},{"VendorID":"2","tpep_pickup_datetime":"2023-01-16 02:30:04","tpep_dropoff_datetime":"2023-03-10 02:34:04","passenger_count":"5","trip_distance":"1.10","RatecodeID":"1","store_and_fwd_flag":"N","PULocationID":"264","DOLocationID":"264","payment_type":"2","fare_amount":"5","extra":"0.5","mta_tax":"0.5","tip_amount":"0","tolls_amount":"0","improvement_surcharge":"0.3","total_amount":"6.3","congestion_surcharge":"","tripId":"5aabfef9-d917-46d1-bbe6-285091a4171b"},{"VendorID":"2","tpep_pickup_datetime":"2023-10-18 02:35:30","tpep_dropoff_datetime":"2023-04-15 02:45:59","passenger_count":"5","trip_distance":"2.95","RatecodeID":"1","store_and_fwd_flag":"N","PULocationID":"264","DOLocationID":"264","payment_type":"1","fare_amount":"11","extra":"0.5","mta_tax":"0.5","tip_amount":"1.8","tolls_amount":"0","improvement_surcharge":"0.3","total_amount":"14.1","congestion_surcharge":"","tripId":"0acf8e87-27b6-43f0-9892-7b003e7d70e9"},{"VendorID":"2","tpep_pickup_datetime":"2023-04-03 02:12:09","tpep_dropoff_datetime":"2023-07-20 02:15:00","passenger_count":"3","trip_distance":".32","RatecodeID":"1","store_and_fwd_flag":"N","PULocationID":"170","DOLocationID":"233","payment_type":"1","fare_amount":"4","extra":"0.5","mta_tax":"0.5","tip_amount":"1","tolls_amount":"0","improvement_surcharge":"0.3","total_amount":"6.3","congestion_surcharge":"","tripId":"f3a11290-57be-48c6-a1f8-61fc851900d5"},{"VendorID":"2","tpep_pickup_datetime":"2023-12-22 02:22:42","tpep_dropoff_datetime":"2024-01-15 02:39:27","passenger_count":"3","trip_distance":"6.28","RatecodeID":"1","store_and_fwd_flag":"N","PULocationID":"141","DOLocationID":"116","payment_type":"2","fare_amount":"20","extra":"0.5","mta_tax":"0.5","tip_amount":"0","tolls_amount":"0","improvement_surcharge":"0.3","total_amount":"21.3","congestion_surcharge":"","tripId":"cdbcd20b-7a4e-43b3-bd66-2596544fe364"},{"VendorID":"2","tpep_pickup_datetime":"2023-08-21 02:49:57","tpep_dropoff_datetime":"2023-02-07 02:53:58","passenger_count":"3","trip_distance":"1.24","RatecodeID":"1","store_and_fwd_flag":"N","PULocationID":"74","DOLocationID":"75","payment_type":"1","fare_amount":"6","extra":"0.5","mta_tax":"0.5","tip_amount":"0.8","tolls_amount":"0","improvement_surcharge":"0.3","total_amount":"8.1","congestion_surcharge":"","tripId":"a336394b-f199-4ad1-b8c6-91f27fca0140"},{"VendorID":"2","tpep_pickup_datetime":"2023-12-29 02:07:40","tpep_dropoff_datetime":"2024-01-27 02:10:42","passenger_count":"1","trip_distance":".52","RatecodeID":"1","store_and_fwd_flag":"N","PULocationID":"170","DOLocationID":"137","payment_type":"1","fare_amount":"4","extra":"0.5","mta_tax":"0.5","tip_amount":"1.06","tolls_amount":"0","improvement_surcharge":"0.3","total_amount":"6.36","congestion_surcharge":"","tripId":"107d0379-da96-46f9-9318-4cf9f9221451"},{"VendorID":"2","tpep_pickup_datetime":"2023-12-18 02:05:49","tpep_dropoff_datetime":"2023-06-01 02:16:17","passenger_count":"1","trip_distance":"2.34","RatecodeID":"1","store_and_fwd_flag":"N","PULocationID":"249","DOLocationID":"233","payment_type":"1","fare_amount":"10","extra":"0.5","mta_tax":"0.5","tip_amount":"2.26","tolls_amount":"0","improvement_surcharge":"0.3","total_amount":"13.56","congestion_surcharge":"","tripId":"24781c39-b00d-4795-97ae-e133ab0ca6c1"},{"VendorID":"2","tpep_pickup_datetime":"2023-07-07 02:29:15","tpep_dropoff_datetime":"2023-09-10 02:36:08","passenger_count":"1","trip_distance":"1.56","RatecodeID":"1","store_and_fwd_flag":"N","PULocationID":"79","DOLocationID":"137","payment_type":"1","fare_amount":"7","extra":"0.5","mta_tax":"0.5","tip_amount":"1.66","tolls_amount":"0","improvement_surcharge":"0.3","total_amount":"9.96","congestion_surcharge":"","tripId":"a95a556b-31f5-49b8-a7e3-481187a660b1"},{"VendorID":"2","tpep_pickup_datetime":"2023-08-17 02:50:59","tpep_dropoff_datetime":"2023-08-15 02:57:36","passenger_count":"1","trip_distance":"1.66","RatecodeID":"1","store_and_fwd_flag":"N","PULocationID":"114","DOLocationID":"164","payment_type":"1","fare_amount":"7.5","extra":"0.5","mta_tax":"0.5","tip_amount":"1.76","tolls_amount":"0","improvement_surcharge":"0.3","total_amount":"10.56","congestion_surcharge":"","tripId":"1a5c5dea-7566-4333-90ef-cc5307a2577a"},{"VendorID":"2","tpep_pickup_datetime":"2023-12-25 02:15:16","tpep_dropoff_datetime":"2024-01-12 02:26:48","passenger_count":"1","trip_distance":"3.05","RatecodeID":"1","store_and_fwd_flag":"N","PULocationID":"148","DOLocationID":"97","payment_type":"2","fare_amount":"12","extra":"0.5","mta_tax":"0.5","tip_amount":"0","tolls_amount":"0","improvement_surcharge":"0.3","total_amount":"13.3","congestion_surcharge":"","tripId":"066330b7-845f-4d9f-9f43-0b7a4ba5ba49"},{"VendorID":"2","tpep_pickup_datetime":"2023-07-06 02:43:49","tpep_dropoff_datetime":"2023-05-28 03:15:36","passenger_count":"1","trip_distance":"6.33","RatecodeID":"1","store_and_fwd_flag":"N","PULocationID":"114","DOLocationID":"228","payment_type":"1","fare_amount":"26","extra":"0.5","mta_tax":"0.5","tip_amount":"5.46","tolls_amount":"0","improvement_surcharge":"0.3","total_amount":"32.76","congestion_surcharge":"","tripId":"a9652ee7-c016-4eb2-a99c-cb308fa212c6"},{"VendorID":"2","tpep_pickup_datetime":"2023-01-22 02:05:55","tpep_dropoff_datetime":"2023-09-18 02:17:06","passenger_count":"2","trip_distance":"2.18","RatecodeID":"1","store_and_fwd_flag":"N","PULocationID":"158","DOLocationID":"170","payment_type":"1","fare_amount":"9.5","extra":"0.5","mta_tax":"0.5","tip_amount":"2.16","tolls_amount":"0","improvement_surcharge":"0.3","total_amount":"12.96","congestion_surcharge":"","tripId":"0f740634-9fa2-4646-9db4-08bdfc010b98"},{"VendorID":"2","tpep_pickup_datetime":"2023-05-25 02:30:17","tpep_dropoff_datetime":"2023-11-03 02:47:47","passenger_count":"1","trip_distance":"4.41","RatecodeID":"1","store_and_fwd_flag":"N","PULocationID":"148","DOLocationID":"142","payment_type":"1","fare_amount":"16","extra":"0.5","mta_tax":"0.5","tip_amount":"0","tolls_amount":"0","improvement_surcharge":"0.3","total_amount":"17.3","congestion_surcharge":"","tripId":"3d19d941-68ef-4653-a64a-d3bdde7870ef"},{"VendorID":"2","tpep_pickup_datetime":"2023-03-17 02:48:53","tpep_dropoff_datetime":"2023-05-07 03:21:03","passenger_count":"1","trip_distance":"8.85","RatecodeID":"1","store_and_fwd_flag":"N","PULocationID":"142","DOLocationID":"228","payment_type":"1","fare_amount":"29","extra":"0.5","mta_tax":"0.5","tip_amount":"6.06","tolls_amount":"0","improvement_surcharge":"0.3","total_amount":"36.36","congestion_surcharge":"","tripId":"41590722-7837-416e-b832-ac6e45db88f3"},{"VendorID":"2","tpep_pickup_datetime":"2023-09-12 02:16:16","tpep_dropoff_datetime":"2023-01-26 02:36:23","passenger_count":"1","trip_distance":"10.90","RatecodeID":"1","store_and_fwd_flag":"N","PULocationID":"79","DOLocationID":"213","payment_type":"2","fare_amount":"30","extra":"0.5","mta_tax":"0.5","tip_amount":"0","tolls_amount":"0","improvement_surcharge":"0.3","total_amount":"31.3","congestion_surcharge":"","tripId":"3440b2cd-a654-4ed3-bde3-45093dfd0952"},{"VendorID":"2","tpep_pickup_datetime":"2023-07-11 02:05:00","tpep_dropoff_datetime":"2023-02-25 02:12:21","passenger_count":"1","trip_distance":"1.83","RatecodeID":"1","store_and_fwd_flag":"N","PULocationID":"163","DOLocationID":"68","payment_type":"2","fare_amount":"8","extra":"0.5","mta_tax":"0.5","tip_amount":"0","tolls_amount":"0","improvement_surcharge":"0.3","total_amount":"9.3","congestion_surcharge":"","tripId":"b83495ef-2527-48fb-95a3-257471413b68"},{"VendorID":"2","tpep_pickup_datetime":"2023-03-16 02:55:10","tpep_dropoff_datetime":"2023-09-27 03:10:56","passenger_count":"1","trip_distance":"4.22","RatecodeID":"1","store_and_fwd_flag":"N","PULocationID":"161","DOLocationID":"226","payment_type":"1","fare_amount":"15.5","extra":"0.5","mta_tax":"0.5","tip_amount":"3.36","tolls_amount":"0","improvement_surcharge":"0.3","total_amount":"20.16","congestion_surcharge":"","tripId":"8d87dbf6-9cdd-4dae-ad2b-e943a815eac4"},{"VendorID":"2","tpep_pickup_datetime":"2023-04-06 02:28:34","tpep_dropoff_datetime":"2023-07-10 02:38:14","passenger_count":"2","trip_distance":"1.45","RatecodeID":"1","store_and_fwd_flag":"N","PULocationID":"148","DOLocationID":"249","payment_type":"1","fare_amount":"8","extra":"0.5","mta_tax":"0.5","tip_amount":"1.86","tolls_amount":"0","improvement_surcharge":"0.3","total_amount":"11.16","congestion_surcharge":"","tripId":"9872baad-993e-467d-9cf9-70c72d0a0abc"},{"VendorID":"2","tpep_pickup_datetime":"2023-08-12 02:44:59","tpep_dropoff_datetime":"2023-09-21 02:52:12","passenger_count":"1","trip_distance":"1.93","RatecodeID":"1","store_and_fwd_flag":"N","PULocationID":"249","DOLocationID":"246","payment_type":"2","fare_amount":"8","extra":"0.5","mta_tax":"0.5","tip_amount":"0","tolls_amount":"0","improvement_surcharge":"0.3","total_amount":"9.3","congestion_surcharge":"","tripId":"68c0189a-f7dd-406b-a994-bf72fef05658"},{"VendorID":"1","tpep_pickup_datetime":"2024-01-23 02:47:10","tpep_dropoff_datetime":"2023-03-23 02:56:52","passenger_count":"1","trip_distance":"1.70","RatecodeID":"1","store_and_fwd_flag":"N","PULocationID":"186","DOLocationID":"233","payment_type":"1","fare_amount":"8.5","extra":"0.5","mta_tax":"0.5","tip_amount":"1.47","tolls_amount":"0","improvement_surcharge":"0.3","total_amount":"11.27","congestion_surcharge":"","tripId":"4ad71521-a184-4eed-b612-13450330e707"},{"VendorID":"2","tpep_pickup_datetime":"2023-06-12 01:59:53","tpep_dropoff_datetime":"2023-06-28 02:03:44","passenger_count":"1","trip_distance":".35","RatecodeID":"1","store_and_fwd_flag":"N","PULocationID":"249","DOLocationID":"158","payment_type":"1","fare_amount":"4.5","extra":"0.5","mta_tax":"0.5","tip_amount":"1","tolls_amount":"0","improvement_surcharge":"0.3","total_amount":"6.8","congestion_surcharge":"","tripId":"7d48a5e8-e039-44c2-8270-e8d08a91b95a"},{"VendorID":"2","tpep_pickup_datetime":"2023-06-08 02:08:25","tpep_dropoff_datetime":"2023-10-26 02:13:46","passenger_count":"1","trip_distance":".87","RatecodeID":"1","store_and_fwd_flag":"N","PULocationID":"249","DOLocationID":"79","payment_type":"1","fare_amount":"5.5","extra":"0.5","mta_tax":"0.5","tip_amount":"1.36","tolls_amount":"0","improvement_surcharge":"0.3","total_amount":"8.16","congestion_surcharge":"","tripId":"e75ade5c-f430-4b87-8266-cac28ca530e5"},{"VendorID":"2","tpep_pickup_datetime":"2023-09-09 02:31:27","tpep_dropoff_datetime":"2023-01-25 02:36:51","passenger_count":"1","trip_distance":"1.00","RatecodeID":"1","store_and_fwd_flag":"N","PULocationID":"158","DOLocationID":"249","payment_type":"1","fare_amount":"5.5","extra":"0.5","mta_tax":"0.5","tip_amount":"1.36","tolls_amount":"0","improvement_surcharge":"0.3","total_amount":"8.16","congestion_surcharge":"","tripId":"c890fbe3-52d0-4e57-b9bb-a692c9f4fbcc"},{"VendorID":"2","tpep_pickup_datetime":"2023-03-15 02:10:00","tpep_dropoff_datetime":"2023-08-01 02:16:06","passenger_count":"5","trip_distance":"1.98","RatecodeID":"1","store_and_fwd_flag":"N","PULocationID":"144","DOLocationID":"137","payment_type":"1","fare_amount":"7.5","extra":"0.5","mta_tax":"0.5","tip_amount":"2.2","tolls_amount":"0","improvement_surcharge":"0.3","total_amount":"11","congestion_surcharge":"","tripId":"698ae880-5d02-45b1-aca3-24b878c92fb2"},{"VendorID":"4","tpep_pickup_datetime":"2023-02-16 02:29:09","tpep_dropoff_datetime":"2023-08-17 02:32:02","passenger_count":"1","trip_distance":".37","RatecodeID":"1","store_and_fwd_flag":"N","PULocationID":"164","DOLocationID":"170","payment_type":"1","fare_amount":"4","extra":"0.5","mta_tax":"0.5","tip_amount":"1.06","tolls_amount":"0","improvement_surcharge":"0.3","total_amount":"6.36","congestion_surcharge":"","tripId":"82466e09-4d11-48e3-a675-291924b96542"},{"VendorID":"4","tpep_pickup_datetime":"2023-08-09 02:49:04","tpep_dropoff_datetime":"2023-05-09 02:55:03","passenger_count":"1","trip_distance":"1.51","RatecodeID":"1","store_and_fwd_flag":"N","PULocationID":"114","DOLocationID":"231","payment_type":"1","fare_amount":"6.5","extra":"0.5","mta_tax":"0.5","tip_amount":"1.56","tolls_amount":"0","improvement_surcharge":"0.3","total_amount":"9.36","congestion_surcharge":"","tripId":"e83c8d14-48ad-489e-bf14-62c457375b78"},{"VendorID":"1","tpep_pickup_datetime":"2023-05-20 02:25:17","tpep_dropoff_datetime":"2023-09-15 02:26:11","passenger_count":"1","trip_distance":".10","RatecodeID":"1","store_and_fwd_flag":"N","PULocationID":"148","DOLocationID":"232","payment_type":"2","fare_amount":"3","extra":"0.5","mta_tax":"0.5","tip_amount":"0","tolls_amount":"0","improvement_surcharge":"0.3","total_amount":"4.3","congestion_surcharge":"","tripId":"d1cb0c80-16a8-4e28-9a29-38827e2d18c5"},{"VendorID":"1","tpep_pickup_datetime":"2023-08-11 02:33:27","tpep_dropoff_datetime":"2023-08-13 02:52:59","passenger_count":"1","trip_distance":"6.10","RatecodeID":"1","store_and_fwd_flag":"N","PULocationID":"148","DOLocationID":"181","payment_type":"1","fare_amount":"20.5","extra":"0.5","mta_tax":"0.5","tip_amount":"4.35","tolls_amount":"0","improvement_surcharge":"0.3","total_amount":"26.15","congestion_surcharge":"","tripId":"9afd4c1e-86a6-43c3-b638-d8df901144e4"},{"VendorID":"1","tpep_pickup_datetime":"2023-07-13 02:14:38","tpep_dropoff_datetime":"2023-05-13 02:43:24","passenger_count":"2","trip_distance":"16.30","RatecodeID":"3","store_and_fwd_flag":"N","PULocationID":"186","DOLocationID":"1","payment_type":"1","fare_amount":"61.5","extra":"0.5","mta_tax":"0","tip_amount":"18.15","tolls_amount":"10.5","improvement_surcharge":"0.3","total_amount":"90.95","congestion_surcharge":"","tripId":"3c89bc8d-a255-44d4-b409-3cb80b2e1c97"},{"VendorID":"1","tpep_pickup_datetime":"2023-09-15 02:04:46","tpep_dropoff_datetime":"2023-02-16 02:12:36","passenger_count":"1","trip_distance":"1.50","RatecodeID":"1","store_and_fwd_flag":"N","PULocationID":"114","DOLocationID":"107","payment_type":"1","fare_amount":"7.5","extra":"0.5","mta_tax":"0.5","tip_amount":"1.75","tolls_amount":"0","improvement_surcharge":"0.3","total_amount":"10.55","congestion_surcharge":"","tripId":"93ddced8-e973-4555-b2b6-5df177a1ae9a"},{"VendorID":"1","tpep_pickup_datetime":"2023-05-18 02:15:43","tpep_dropoff_datetime":"2023-10-10 02:21:05","passenger_count":"1","trip_distance":"1.60","RatecodeID":"1","store_and_fwd_flag":"N","PULocationID":"137","DOLocationID":"229","payment_type":"1","fare_amount":"7","extra":"0.5","mta_tax":"0.5","tip_amount":"0","tolls_amount":"0","improvement_surcharge":"0.3","total_amount":"8.3","congestion_surcharge":"","tripId":"f173385d-4d02-4384-96c4-22e7575237d3"},{"VendorID":"2","tpep_pickup_datetime":"2023-10-31 02:09:24","tpep_dropoff_datetime":"2023-01-27 02:19:48","passenger_count":"1","trip_distance":"1.34","RatecodeID":"1","store_and_fwd_flag":"N","PULocationID":"232","DOLocationID":"79","payment_type":"1","fare_amount":"8.5","extra":"0.5","mta_tax":"0.5","tip_amount":"1.96","tolls_amount":"0","improvement_surcharge":"0.3","total_amount":"11.76","congestion_surcharge":"","tripId":"05154907-71f1-4c53-8322-49a64e4870bf"},{"VendorID":"2","tpep_pickup_datetime":"2023-05-19 02:22:50","tpep_dropoff_datetime":"2023-03-08 02:31:06","passenger_count":"1","trip_distance":"2.66","RatecodeID":"1","store_and_fwd_flag":"N","PULocationID":"79","DOLocationID":"162","payment_type":"1","fare_amount":"9.5","extra":"0.5","mta_tax":"0.5","tip_amount":"1","tolls_amount":"0","improvement_surcharge":"0.3","total_amount":"11.8","congestion_surcharge":"","tripId":"2b4c1407-9cf3-4bb7-8303-5233618cda5d"},{"VendorID":"2","tpep_pickup_datetime":"2023-04-21 02:34:25","tpep_dropoff_datetime":"2023-01-16 02:38:28","passenger_count":"1","trip_distance":".87","RatecodeID":"1","store_and_fwd_flag":"N","PULocationID":"162","DOLocationID":"230","payment_type":"2","fare_amount":"5","extra":"0.5","mta_tax":"0.5","tip_amount":"0","tolls_amount":"0","improvement_surcharge":"0.3","total_amount":"6.3","congestion_surcharge":"","tripId":"0a517da6-8438-4edf-994c-dee0e4c966a1"},{"VendorID":"1","tpep_pickup_datetime":"2023-08-11 02:10:07","tpep_dropoff_datetime":"2023-09-23 02:19:37","passenger_count":"1","trip_distance":"3.10","RatecodeID":"1","store_and_fwd_flag":"N","PULocationID":"107","DOLocationID":"141","payment_type":"1","fare_amount":"10.5","extra":"0.5","mta_tax":"0.5","tip_amount":"0","tolls_amount":"0","improvement_surcharge":"0.3","total_amount":"11.8","congestion_surcharge":"","tripId":"166378ac-cd9e-4211-aa39-f1a27bc63515"},{"VendorID":"1","tpep_pickup_datetime":"2023-02-24 02:41:27","tpep_dropoff_datetime":"2023-05-13 02:57:35","passenger_count":"3","trip_distance":"3.00","RatecodeID":"1","store_and_fwd_flag":"N","PULocationID":"107","DOLocationID":"50","payment_type":"1","fare_amount":"13.5","extra":"0.5","mta_tax":"0.5","tip_amount":"2.95","tolls_amount":"0","improvement_surcharge":"0.3","total_amount":"17.75","congestion_surcharge":"","tripId":"9d21904d-0913-465b-ad9d-7e51d73490a8"},{"VendorID":"2","tpep_pickup_datetime":"2023-04-16 02:35:25","tpep_dropoff_datetime":"2023-01-08 02:47:27","passenger_count":"6","trip_distance":"2.15","RatecodeID":"1","store_and_fwd_flag":"N","PULocationID":"164","DOLocationID":"148","payment_type":"1","fare_amount":"10.5","extra":"0.5","mta_tax":"0.5","tip_amount":"2.36","tolls_amount":"0","improvement_surcharge":"0.3","total_amount":"14.16","congestion_surcharge":"","tripId":"923e16b1-371a-45e8-9966-6008bc9753b0"},{"VendorID":"2","tpep_pickup_datetime":"2023-11-12 02:50:41","tpep_dropoff_datetime":"2023-06-06 03:04:13","passenger_count":"6","trip_distance":"3.35","RatecodeID":"1","store_and_fwd_flag":"N","PULocationID":"148","DOLocationID":"181","payment_type":"1","fare_amount":"13","extra":"0.5","mta_tax":"0.5","tip_amount":"2.86","tolls_amount":"0","improvement_surcharge":"0.3","total_amount":"17.16","congestion_surcharge":"","tripId":"f6d3ebc5-8be2-4272-aa32-054d70b8cc49"},{"VendorID":"1","tpep_pickup_datetime":"2023-11-08 02:06:11","tpep_dropoff_datetime":"2023-08-14 02:13:24","passenger_count":"1","trip_distance":"2.30","RatecodeID":"1","store_and_fwd_flag":"N","PULocationID":"50","DOLocationID":"68","payment_type":"2","fare_amount":"8.5","extra":"0.5","mta_tax":"0.5","tip_amount":"0","tolls_amount":"0","improvement_surcharge":"0.3","total_amount":"9.8","congestion_surcharge":"","tripId":"242834c0-0c98-4cb8-ac7b-91b3919f51bb"},{"VendorID":"1","tpep_pickup_datetime":"2023-03-31 02:14:32","tpep_dropoff_datetime":"2023-04-19 02:17:46","passenger_count":"2","trip_distance":".70","RatecodeID":"1","store_and_fwd_flag":"N","PULocationID":"90","DOLocationID":"249","payment_type":"2","fare_amount":"4.5","extra":"0.5","mta_tax":"0.5","tip_amount":"0","tolls_amount":"0","improvement_surcharge":"0.3","total_amount":"5.8","congestion_surcharge":"","tripId":"b7a7b983-9883-4cd8-97a1-03e6629afb37"},{"VendorID":"1","tpep_pickup_datetime":"2024-01-07 02:28:00","tpep_dropoff_datetime":"2024-02-02 02:29:34","passenger_count":"2","trip_distance":".20","RatecodeID":"1","store_and_fwd_flag":"N","PULocationID":"68","DOLocationID":"68","payment_type":"1","fare_amount":"3","extra":"0.5","mta_tax":"0.5","tip_amount":"0.85","tolls_amount":"0","improvement_surcharge":"0.3","total_amount":"5.15","congestion_surcharge":"","tripId":"f9e09fdb-a8ce-492f-a78a-243f2f8ce6ad"},{"VendorID":"1","tpep_pickup_datetime":"2023-01-04 02:33:43","tpep_dropoff_datetime":"2023-06-10 02:50:20","passenger_count":"3","trip_distance":"3.50","RatecodeID":"1","store_and_fwd_flag":"N","PULocationID":"68","DOLocationID":"237","payment_type":"1","fare_amount":"14.5","extra":"0.5","mta_tax":"0.5","tip_amount":"3.15","tolls_amount":"0","improvement_surcharge":"0.3","total_amount":"18.95","congestion_surcharge":"","tripId":"25fcb4e7-5d31-48ab-a008-54738ec6eb51"},{"VendorID":"1","tpep_pickup_datetime":"2023-08-26 02:56:20","tpep_dropoff_datetime":"2023-02-14 02:59:01","passenger_count":"2","trip_distance":".70","RatecodeID":"1","store_and_fwd_flag":"N","PULocationID":"163","DOLocationID":"162","payment_type":"1","fare_amount":"4.5","extra":"0.5","mta_tax":"0.5","tip_amount":"1.15","tolls_amount":"0","improvement_surcharge":"0.3","total_amount":"6.95","congestion_surcharge":"","tripId":"b24ae974-cca7-49a1-a68a-77513c908ff6"},{"VendorID":"2","tpep_pickup_datetime":"2023-02-25 02:10:04","tpep_dropoff_datetime":"2023-08-28 02:14:52","passenger_count":"1","trip_distance":".87","RatecodeID":"1","store_and_fwd_flag":"N","PULocationID":"68","DOLocationID":"107","payment_type":"1","fare_amount":"5.5","extra":"0.5","mta_tax":"0.5","tip_amount":"1.36","tolls_amount":"0","improvement_surcharge":"0.3","total_amount":"8.16","congestion_surcharge":"","tripId":"db516949-e157-4236-8834-757356e5e0ae"},{"VendorID":"2","tpep_pickup_datetime":"2023-12-16 02:24:01","tpep_dropoff_datetime":"2023-10-23 02:28:23","passenger_count":"1","trip_distance":".72","RatecodeID":"1","store_and_fwd_flag":"N","PULocationID":"234","DOLocationID":"79","payment_type":"1","fare_amount":"5","extra":"0.5","mta_tax":"0.5","tip_amount":"0.63","tolls_amount":"0","improvement_surcharge":"0.3","total_amount":"6.93","congestion_surcharge":"","tripId":"12b76441-7637-4fba-8ba1-0e817f0d8119"},{"VendorID":"2","tpep_pickup_datetime":"2023-05-17 02:36:13","tpep_dropoff_datetime":"2023-12-14 02:39:15","passenger_count":"1","trip_distance":".41","RatecodeID":"1","store_and_fwd_flag":"N","PULocationID":"114","DOLocationID":"114","payment_type":"2","fare_amount":"4","extra":"0.5","mta_tax":"0.5","tip_amount":"0","tolls_amount":"0","improvement_surcharge":"0.3","total_amount":"5.3","congestion_surcharge":"","tripId":"5c56131c-ae4e-4c1d-9f14-954758ed0c8c"},{"VendorID":"2","tpep_pickup_datetime":"2023-11-28 02:42:52","tpep_dropoff_datetime":"2023-05-09 02:49:35","passenger_count":"1","trip_distance":"1.98","RatecodeID":"1","store_and_fwd_flag":"N","PULocationID":"114","DOLocationID":"88","payment_type":"1","fare_amount":"7.5","extra":"0.5","mta_tax":"0.5","tip_amount":"1","tolls_amount":"0","improvement_surcharge":"0.3","total_amount":"9.8","congestion_surcharge":"","tripId":"ee30b9db-1244-4f02-a316-80061b1ab78a"},{"VendorID":"1","tpep_pickup_datetime":"2023-02-11 02:17:17","tpep_dropoff_datetime":"2024-01-13 02:24:07","passenger_count":"1","trip_distance":"2.60","RatecodeID":"1","store_and_fwd_flag":"N","PULocationID":"137","DOLocationID":"263","payment_type":"1","fare_amount":"9","extra":"0.5","mta_tax":"0.5","tip_amount":"2.05","tolls_amount":"0","improvement_surcharge":"0.3","total_amount":"12.35","congestion_surcharge":"","tripId":"19f6c725-4f1d-48c3-ac38-49ba3ac77ff0"},{"VendorID":"1","tpep_pickup_datetime":"2023-11-28 02:43:47","tpep_dropoff_datetime":"2023-08-17 02:48:50","passenger_count":"1","trip_distance":"1.40","RatecodeID":"1","store_and_fwd_flag":"N","PULocationID":"141","DOLocationID":"263","payment_type":"1","fare_amount":"6.5","extra":"0.5","mta_tax":"0.5","tip_amount":"1.55","tolls_amount":"0","improvement_surcharge":"0.3","total_amount":"9.35","congestion_surcharge":"","tripId":"01efeb4d-70df-44fa-a3e1-c478dd6a5498"},{"VendorID":"2","tpep_pickup_datetime":"2023-08-09 02:16:08","tpep_dropoff_datetime":"2023-09-20 02:25:56","passenger_count":"1","trip_distance":"2.34","RatecodeID":"1","store_and_fwd_flag":"N","PULocationID":"148","DOLocationID":"164","payment_type":"1","fare_amount":"9.5","extra":"0.5","mta_tax":"0.5","tip_amount":"2.16","tolls_amount":"0","improvement_surcharge":"0.3","total_amount":"12.96","congestion_surcharge":"","tripId":"a97654d4-efbd-461d-9b3d-fa6d4f589f3a"},{"VendorID":"2","tpep_pickup_datetime":"2023-06-07 02:43:59","tpep_dropoff_datetime":"2023-06-21 02:51:42","passenger_count":"1","trip_distance":"1.06","RatecodeID":"1","store_and_fwd_flag":"N","PULocationID":"234","DOLocationID":"68","payment_type":"1","fare_amount":"7","extra":"0.5","mta_tax":"0.5","tip_amount":"1","tolls_amount":"0","improvement_surcharge":"0.3","total_amount":"9.3","congestion_surcharge":"","tripId":"605074ff-4c64-4caf-9213-07e9664f2d94"},{"VendorID":"2","tpep_pickup_datetime":"2023-05-07 02:57:34","tpep_dropoff_datetime":"2023-01-05 03:15:48","passenger_count":"1","trip_distance":"3.27","RatecodeID":"1","store_and_fwd_flag":"N","PULocationID":"246","DOLocationID":"161","payment_type":"2","fare_amount":"14.5","extra":"0.5","mta_tax":"0.5","tip_amount":"0","tolls_amount":"0","improvement_surcharge":"0.3","total_amount":"15.8","congestion_surcharge":"","tripId":"232a7669-a5cb-4a42-b48b-6868af79ecb8"},{"VendorID":"2","tpep_pickup_datetime":"2024-01-25 02:37:16","tpep_dropoff_datetime":"2023-02-18 02:40:13","passenger_count":"5","trip_distance":"1.01","RatecodeID":"1","store_and_fwd_flag":"N","PULocationID":"233","DOLocationID":"107","payment_type":"2","fare_amount":"5","extra":"0.5","mta_tax":"0.5","tip_amount":"0","tolls_amount":"0","improvement_surcharge":"0.3","total_amount":"6.3","congestion_surcharge":"","tripId":"f2766635-0b6e-416e-9ce5-38d3f04f99ef"},{"VendorID":"2","tpep_pickup_datetime":"2023-11-19 02:40:59","tpep_dropoff_datetime":"2023-01-06 02:43:26","passenger_count":"5","trip_distance":".42","RatecodeID":"1","store_and_fwd_flag":"N","PULocationID":"107","DOLocationID":"137","payment_type":"1","fare_amount":"3.5","extra":"0.5","mta_tax":"0.5","tip_amount":"1","tolls_amount":"0","improvement_surcharge":"0.3","total_amount":"5.8","congestion_surcharge":"","tripId":"e6e61362-0484-42d6-a869-5f680526c564"},{"VendorID":"1","tpep_pickup_datetime":"2023-08-16 02:06:16","tpep_dropoff_datetime":"2023-08-17 02:15:15","passenger_count":"1","trip_distance":"2.30","RatecodeID":"1","store_and_fwd_flag":"N","PULocationID":"75","DOLocationID":"168","payment_type":"2","fare_amount":"9.5","extra":"0.5","mta_tax":"0.5","tip_amount":"0","tolls_amount":"0","improvement_surcharge":"0.3","total_amount":"10.8","congestion_surcharge":"","tripId":"f2c6d205-6d50-4e9d-8973-147638b206e7"},{"VendorID":"2","tpep_pickup_datetime":"2023-04-07 02:06:03","tpep_dropoff_datetime":"2023-11-23 02:10:52","passenger_count":"1","trip_distance":".78","RatecodeID":"1","store_and_fwd_flag":"N","PULocationID":"230","DOLocationID":"48","payment_type":"2","fare_amount":"5.5","extra":"0.5","mta_tax":"0.5","tip_amount":"0","tolls_amount":"0","improvement_surcharge":"0.3","total_amount":"6.8","congestion_surcharge":"","tripId":"11d363a2-cc1e-4f64-a2fc-9399e23c47b1"},{"VendorID":"2","tpep_pickup_datetime":"2023-12-26 02:13:36","tpep_dropoff_datetime":"2023-04-24 02:25:24","passenger_count":"1","trip_distance":"4.12","RatecodeID":"1","store_and_fwd_flag":"N","PULocationID":"48","DOLocationID":"145","payment_type":"1","fare_amount":"14","extra":"0.5","mta_tax":"0.5","tip_amount":"3.06","tolls_amount":"0","improvement_surcharge":"0.3","total_amount":"18.36","congestion_surcharge":"","tripId":"cfba8ccd-5611-409c-8d98-eb8d086a1138"},{"VendorID":"1","tpep_pickup_datetime":"2023-05-20 02:08:23","tpep_dropoff_datetime":"2023-08-16 02:40:56","passenger_count":"1","trip_distance":"20.10","RatecodeID":"1","store_and_fwd_flag":"N","PULocationID":"164","DOLocationID":"156","payment_type":"1","fare_amount":"53.5","extra":"0.5","mta_tax":"0.5","tip_amount":"10","tolls_amount":"11.52","improvement_surcharge":"0.3","total_amount":"76.32","congestion_surcharge":"","tripId":"80a762e2-2601-495a-ae00-23938141f36b"},{"VendorID":"1","tpep_pickup_datetime":"2023-05-22 02:45:39","tpep_dropoff_datetime":"2023-01-09 02:56:37","passenger_count":"1","trip_distance":"3.30","RatecodeID":"1","store_and_fwd_flag":"N","PULocationID":"162","DOLocationID":"7","payment_type":"1","fare_amount":"12","extra":"0.5","mta_tax":"0.5","tip_amount":"2.65","tolls_amount":"0","improvement_surcharge":"0.3","total_amount":"15.95","congestion_surcharge":"","tripId":"b57b1bf7-025a-4242-bf78-32e34a8e2996"},{"VendorID":"2","tpep_pickup_datetime":"2023-03-09 02:05:24","tpep_dropoff_datetime":"2024-01-28 02:09:49","passenger_count":"5","trip_distance":".61","RatecodeID":"1","store_and_fwd_flag":"N","PULocationID":"79","DOLocationID":"79","payment_type":"1","fare_amount":"5","extra":"0.5","mta_tax":"0.5","tip_amount":"1.26","tolls_amount":"0","improvement_surcharge":"0.3","total_amount":"7.56","congestion_surcharge":"","tripId":"bb844e0d-21bd-4082-8027-4beeea771d5f"},{"VendorID":"2","tpep_pickup_datetime":"2023-05-17 02:37:15","tpep_dropoff_datetime":"2023-07-30 02:55:23","passenger_count":"5","trip_distance":"2.94","RatecodeID":"1","store_and_fwd_flag":"N","PULocationID":"148","DOLocationID":"68","payment_type":"1","fare_amount":"13.5","extra":"0.5","mta_tax":"0.5","tip_amount":"1","tolls_amount":"0","improvement_surcharge":"0.3","total_amount":"15.8","congestion_surcharge":"","tripId":"88e67103-e95f-498d-8566-7cfb45693e11"},{"VendorID":"2","tpep_pickup_datetime":"2023-01-04 03:02:03","tpep_dropoff_datetime":"2023-10-09 03:13:48","passenger_count":"5","trip_distance":"2.51","RatecodeID":"1","store_and_fwd_flag":"N","PULocationID":"158","DOLocationID":"107","payment_type":"1","fare_amount":"10","extra":"0.5","mta_tax":"0.5","tip_amount":"2.26","tolls_amount":"0","improvement_surcharge":"0.3","total_amount":"13.56","congestion_surcharge":"","tripId":"2bdb07a0-871c-4672-a299-27684da6f060"},{"VendorID":"2","tpep_pickup_datetime":"2023-12-18 02:27:03","tpep_dropoff_datetime":"2023-08-03 02:27:57","passenger_count":"1","trip_distance":".33","RatecodeID":"1","store_and_fwd_flag":"N","PULocationID":"74","DOLocationID":"74","payment_type":"2","fare_amount":"3","extra":"0.5","mta_tax":"0.5","tip_amount":"0","tolls_amount":"0","improvement_surcharge":"0.3","total_amount":"4.3","congestion_surcharge":"","tripId":"e16cd68c-64b0-42b2-a4c7-aabb6d7d86e7"},{"VendorID":"2","tpep_pickup_datetime":"2023-04-08 02:02:38","tpep_dropoff_datetime":"2023-11-03 02:05:03","passenger_count":"5","trip_distance":".84","RatecodeID":"1","store_and_fwd_flag":"N","PULocationID":"229","DOLocationID":"141","payment_type":"1","fare_amount":"4.5","extra":"0.5","mta_tax":"0.5","tip_amount":"1","tolls_amount":"0","improvement_surcharge":"0.3","total_amount":"6.8","congestion_surcharge":"","tripId":"c7287a3b-230c-4c87-9057-89b8f0c24954"},{"VendorID":"2","tpep_pickup_datetime":"2023-10-31 02:11:23","tpep_dropoff_datetime":"2023-06-03 02:23:35","passenger_count":"5","trip_distance":"4.04","RatecodeID":"1","store_and_fwd_flag":"N","PULocationID":"141","DOLocationID":"148","payment_type":"1","fare_amount":"13","extra":"0.5","mta_tax":"0.5","tip_amount":"2.86","tolls_amount":"0","improvement_surcharge":"0.3","total_amount":"17.16","congestion_surcharge":"","tripId":"3506b117-51fc-4953-a950-18a1d673f6b0"},{"VendorID":"2","tpep_pickup_datetime":"2023-03-05 02:25:36","tpep_dropoff_datetime":"2023-05-15 02:31:54","passenger_count":"5","trip_distance":"1.45","RatecodeID":"1","store_and_fwd_flag":"N","PULocationID":"79","DOLocationID":"137","payment_type":"1","fare_amount":"7","extra":"0.5","mta_tax":"0.5","tip_amount":"1.66","tolls_amount":"0","improvement_surcharge":"0.3","total_amount":"9.96","congestion_surcharge":"","tripId":"adc4d5a7-5659-4c3c-acd8-7196b0dad7dd"},{"VendorID":"2","tpep_pickup_datetime":"2023-01-09 02:02:48","tpep_dropoff_datetime":"2023-09-13 02:04:55","passenger_count":"1","trip_distance":".23","RatecodeID":"1","store_and_fwd_flag":"N","PULocationID":"158","DOLocationID":"158","payment_type":"2","fare_amount":"3.5","extra":"0.5","mta_tax":"0.5","tip_amount":"0","tolls_amount":"0","improvement_surcharge":"0.3","total_amount":"4.8","congestion_surcharge":"","tripId":"debb7456-fafa-420a-97e5-65e48ac0008e"},{"VendorID":"2","tpep_pickup_datetime":"2023-09-07 02:10:22","tpep_dropoff_datetime":"2023-07-23 02:26:07","passenger_count":"1","trip_distance":"2.25","RatecodeID":"1","store_and_fwd_flag":"N","PULocationID":"158","DOLocationID":"170","payment_type":"1","fare_amount":"10","extra":"0.5","mta_tax":"0.5","tip_amount":"3.39","tolls_amount":"0","improvement_surcharge":"0.3","total_amount":"14.69","congestion_surcharge":"","tripId":"f21609c1-78fa-41db-8859-cde3544941a3"},{"VendorID":"1","tpep_pickup_datetime":"2023-09-11 02:52:10","tpep_dropoff_datetime":"2023-03-27 03:00:15","passenger_count":"1","trip_distance":"1.80","RatecodeID":"1","store_and_fwd_flag":"N","PULocationID":"148","DOLocationID":"137","payment_type":"1","fare_amount":"8","extra":"0.5","mta_tax":"0.5","tip_amount":"1.85","tolls_amount":"0","improvement_surcharge":"0.3","total_amount":"11.15","congestion_surcharge":"","tripId":"0f6227da-4d76-4941-a4e0-78c8c3fb9115"},{"VendorID":"1","tpep_pickup_datetime":"2023-04-08 02:33:07","tpep_dropoff_datetime":"2023-05-10 02:43:04","passenger_count":"1","trip_distance":"2.10","RatecodeID":"1","store_and_fwd_flag":"N","PULocationID":"114","DOLocationID":"137","payment_type":"1","fare_amount":"9.5","extra":"0.5","mta_tax":"0.5","tip_amount":"2.15","tolls_amount":"0","improvement_surcharge":"0.3","total_amount":"12.95","congestion_surcharge":"","tripId":"47784e19-d5bf-4643-9292-fc78077af29a"},{"VendorID":"1","tpep_pickup_datetime":"2023-10-18 02:46:49","tpep_dropoff_datetime":"2023-09-18 03:00:44","passenger_count":"1","trip_distance":"4.50","RatecodeID":"1","store_and_fwd_flag":"N","PULocationID":"137","DOLocationID":"226","payment_type":"2","fare_amount":"15","extra":"0.5","mta_tax":"0.5","tip_amount":"0","tolls_amount":"0","improvement_surcharge":"0.3","total_amount":"16.3","congestion_surcharge":"","tripId":"c848b3d9-2131-45fe-8882-11c1a366bb1f"},{"VendorID":"2","tpep_pickup_datetime":"2023-05-09 02:01:57","tpep_dropoff_datetime":"2023-05-08 02:14:45","passenger_count":"2","trip_distance":"2.88","RatecodeID":"1","store_and_fwd_flag":"N","PULocationID":"114","DOLocationID":"50","payment_type":"2","fare_amount":"11.5","extra":"0.5","mta_tax":"0.5","tip_amount":"0","tolls_amount":"0","improvement_surcharge":"0.3","total_amount":"12.8","congestion_surcharge":"","tripId":"e39ed3a5-6bbb-45dd-9016-113674348ac0"},{"VendorID":"2","tpep_pickup_datetime":"2023-01-26 02:22:45","tpep_dropoff_datetime":"2023-01-27 02:24:09","passenger_count":"2","trip_distance":".48","RatecodeID":"1","store_and_fwd_flag":"N","PULocationID":"230","DOLocationID":"100","payment_type":"1","fare_amount":"3.5","extra":"0.5","mta_tax":"0.5","tip_amount":"0","tolls_amount":"0","improvement_surcharge":"0.3","total_amount":"4.8","congestion_surcharge":"","tripId":"8c0b8967-3954-49c6-b7e7-9d9a84b02619"},{"VendorID":"2","tpep_pickup_datetime":"2023-02-27 02:52:13","tpep_dropoff_datetime":"2023-02-21 03:01:22","passenger_count":"2","trip_distance":"2.31","RatecodeID":"1","store_and_fwd_flag":"N","PULocationID":"234","DOLocationID":"233","payment_type":"1","fare_amount":"9.5","extra":"0.5","mta_tax":"0.5","tip_amount":"2.7","tolls_amount":"0","improvement_surcharge":"0.3","total_amount":"13.5","congestion_surcharge":"","tripId":"022c8b6c-df0c-4e5d-93b8-d8a7f4a70eb2"},{"VendorID":"2","tpep_pickup_datetime":"2023-08-20 02:53:27","tpep_dropoff_datetime":"2023-10-30 03:08:10","passenger_count":"1","trip_distance":"3.33","RatecodeID":"1","store_and_fwd_flag":"N","PULocationID":"231","DOLocationID":"68","payment_type":"2","fare_amount":"13.5","extra":"0.5","mta_tax":"0.5","tip_amount":"0","tolls_amount":"0","improvement_surcharge":"0.3","total_amount":"14.8","congestion_surcharge":"","tripId":"8c080f74-7d08-4182-9b22-89040b85a1bd"},{"VendorID":"1","tpep_pickup_datetime":"2023-06-21 02:10:54","tpep_dropoff_datetime":"2023-03-30 02:23:29","passenger_count":"1","trip_distance":"3.20","RatecodeID":"1","store_and_fwd_flag":"N","PULocationID":"234","DOLocationID":"141","payment_type":"1","fare_amount":"12","extra":"0.5","mta_tax":"0.5","tip_amount":"3.95","tolls_amount":"0","improvement_surcharge":"0.3","total_amount":"17.25","congestion_surcharge":"","tripId":"9cb821bb-de53-4bf2-9650-536513fbf2e1"},{"VendorID":"2","tpep_pickup_datetime":"2023-04-19 02:02:56","tpep_dropoff_datetime":"2023-11-23 02:16:44","passenger_count":"5","trip_distance":"2.79","RatecodeID":"1","store_and_fwd_flag":"N","PULocationID":"164","DOLocationID":"45","payment_type":"1","fare_amount":"12","extra":"0.5","mta_tax":"0.5","tip_amount":"1","tolls_amount":"0","improvement_surcharge":"0.3","total_amount":"14.3","congestion_surcharge":"","tripId":"2ded8fc7-0285-4d45-a885-88aba72b1372"},{"VendorID":"2","tpep_pickup_datetime":"2023-09-18 02:13:56","tpep_dropoff_datetime":"2023-06-02 02:24:10","passenger_count":"6","trip_distance":"2.26","RatecodeID":"1","store_and_fwd_flag":"N","PULocationID":"68","DOLocationID":"144","payment_type":"2","fare_amount":"9.5","extra":"0.5","mta_tax":"0.5","tip_amount":"0","tolls_amount":"0","improvement_surcharge":"0.3","total_amount":"10.8","congestion_surcharge":"","tripId":"71541b7a-0014-41a9-a811-49622d80e8f0"},{"VendorID":"1","tpep_pickup_datetime":"2023-09-01 02:08:42","tpep_dropoff_datetime":"2023-10-13 02:24:30","passenger_count":"1","trip_distance":"4.40","RatecodeID":"1","store_and_fwd_flag":"N","PULocationID":"79","DOLocationID":"263","payment_type":"1","fare_amount":"15.5","extra":"0.5","mta_tax":"0.5","tip_amount":"1","tolls_amount":"0","improvement_surcharge":"0.3","total_amount":"17.8","congestion_surcharge":"","tripId":"b9fbbc67-15b8-44fa-8fb4-06a17a5e486b"},{"VendorID":"1","tpep_pickup_datetime":"2023-12-15 02:38:49","tpep_dropoff_datetime":"2024-01-14 02:41:05","passenger_count":"1","trip_distance":".40","RatecodeID":"1","store_and_fwd_flag":"N","PULocationID":"263","DOLocationID":"262","payment_type":"1","fare_amount":"4","extra":"0.5","mta_tax":"0.5","tip_amount":"1","tolls_amount":"0","improvement_surcharge":"0.3","total_amount":"6.3","congestion_surcharge":"","tripId":"80bc7992-8d73-4e34-afe1-dca9686ecfeb"},{"VendorID":"2","tpep_pickup_datetime":"2023-01-17 02:35:39","tpep_dropoff_datetime":"2023-05-29 02:35:50","passenger_count":"2","trip_distance":".02","RatecodeID":"5","store_and_fwd_flag":"N","PULocationID":"261","DOLocationID":"261","payment_type":"2","fare_amount":"0.55","extra":"0","mta_tax":"0","tip_amount":"0","tolls_amount":"0","improvement_surcharge":"0.3","total_amount":"0.85","congestion_surcharge":"","tripId":"7e26347c-b122-4eb1-8788-0af7a9b84755"},{"VendorID":"2","tpep_pickup_datetime":"2023-02-11 02:36:51","tpep_dropoff_datetime":"2023-01-17 02:37:13","passenger_count":"2","trip_distance":".03","RatecodeID":"1","store_and_fwd_flag":"N","PULocationID":"264","DOLocationID":"261","payment_type":"1","fare_amount":"2.5","extra":"0.5","mta_tax":"0.5","tip_amount":"0.95","tolls_amount":"0","improvement_surcharge":"0.3","total_amount":"4.75","congestion_surcharge":"","tripId":"de0e2bbf-d7fc-47a6-8f7a-21bdbbbf9014"},{"VendorID":"2","tpep_pickup_datetime":"2023-03-23 02:55:53","tpep_dropoff_datetime":"2024-01-15 03:08:15","passenger_count":"2","trip_distance":"6.41","RatecodeID":"1","store_and_fwd_flag":"N","PULocationID":"88","DOLocationID":"80","payment_type":"2","fare_amount":"19.5","extra":"0.5","mta_tax":"0.5","tip_amount":"0","tolls_amount":"0","improvement_surcharge":"0.3","total_amount":"20.8","congestion_surcharge":"","tripId":"fb7e4038-8fda-4afe-9a35-552adc32852c"},{"VendorID":"1","tpep_pickup_datetime":"2023-08-20 02:44:58","tpep_dropoff_datetime":"2023-03-08 02:49:23","passenger_count":"1","trip_distance":".80","RatecodeID":"1","store_and_fwd_flag":"N","PULocationID":"50","DOLocationID":"50","payment_type":"1","fare_amount":"5.5","extra":"0.5","mta_tax":"0.5","tip_amount":"1.35","tolls_amount":"0","improvement_surcharge":"0.3","total_amount":"8.15","congestion_surcharge":"","tripId":"777c6049-d48c-42e2-b4fb-9954c91546e6"},{"VendorID":"1","tpep_pickup_datetime":"2023-03-10 02:03:42","tpep_dropoff_datetime":"2024-01-04 02:12:27","passenger_count":"3","trip_distance":"1.00","RatecodeID":"1","store_and_fwd_flag":"N","PULocationID":"79","DOLocationID":"114","payment_type":"1","fare_amount":"7","extra":"0.5","mta_tax":"0.5","tip_amount":"3","tolls_amount":"0","improvement_surcharge":"0.3","total_amount":"11.3","congestion_surcharge":"","tripId":"e2c8a586-be89-4ed9-b511-027254fb4da6"},{"VendorID":"1","tpep_pickup_datetime":"2023-10-01 02:16:47","tpep_dropoff_datetime":"2023-11-13 02:23:24","passenger_count":"1","trip_distance":"1.50","RatecodeID":"1","store_and_fwd_flag":"N","PULocationID":"238","DOLocationID":"41","payment_type":"2","fare_amount":"7.5","extra":"0.5","mta_tax":"0.5","tip_amount":"0","tolls_amount":"0","improvement_surcharge":"0.3","total_amount":"8.8","congestion_surcharge":"","tripId":"8ff45123-c615-4e69-9d91-449e61397787"},{"VendorID":"1","tpep_pickup_datetime":"2023-10-31 02:26:09","tpep_dropoff_datetime":"2023-08-30 02:34:39","passenger_count":"1","trip_distance":"3.20","RatecodeID":"1","store_and_fwd_flag":"N","PULocationID":"75","DOLocationID":"170","payment_type":"1","fare_amount":"11","extra":"0.5","mta_tax":"0.5","tip_amount":"2.45","tolls_amount":"0","improvement_surcharge":"0.3","total_amount":"14.75","congestion_surcharge":"","tripId":"244765aa-52ef-41d1-a6ab-3bca817e1406"},{"VendorID":"2","tpep_pickup_datetime":"2023-10-09 02:06:53","tpep_dropoff_datetime":"2023-02-16 02:15:46","passenger_count":"1","trip_distance":"2.15","RatecodeID":"1","store_and_fwd_flag":"N","PULocationID":"114","DOLocationID":"170","payment_type":"1","fare_amount":"8.5","extra":"0.5","mta_tax":"0.5","tip_amount":"1.96","tolls_amount":"0","improvement_surcharge":"0.3","total_amount":"11.76","congestion_surcharge":"","tripId":"8ef5405a-78c8-46c8-b832-fe14196d56e5"},{"VendorID":"2","tpep_pickup_datetime":"2023-05-21 02:25:22","tpep_dropoff_datetime":"2023-03-06 02:29:35","passenger_count":"1","trip_distance":"1.03","RatecodeID":"1","store_and_fwd_flag":"N","PULocationID":"137","DOLocationID":"233","payment_type":"1","fare_amount":"5.5","extra":"0.5","mta_tax":"0.5","tip_amount":"1.36","tolls_amount":"0","improvement_surcharge":"0.3","total_amount":"8.16","congestion_surcharge":"","tripId":"10d8146d-7a81-474a-b92e-855a81606e16"},{"VendorID":"2","tpep_pickup_datetime":"2023-01-26 02:38:09","tpep_dropoff_datetime":"2023-08-09 02:42:58","passenger_count":"1","trip_distance":"1.01","RatecodeID":"1","store_and_fwd_flag":"N","PULocationID":"137","DOLocationID":"79","payment_type":"1","fare_amount":"5.5","extra":"0.5","mta_tax":"0.5","tip_amount":"0.82","tolls_amount":"0","improvement_surcharge":"0.3","total_amount":"7.62","congestion_surcharge":"","tripId":"f079b7b1-89dd-495e-a6af-fe15d3ac8b47"},{"VendorID":"2","tpep_pickup_datetime":"2023-01-26 02:54:21","tpep_dropoff_datetime":"2023-08-17 02:59:39","passenger_count":"1","trip_distance":"1.15","RatecodeID":"1","store_and_fwd_flag":"N","PULocationID":"114","DOLocationID":"79","payment_type":"2","fare_amount":"5.5","extra":"0.5","mta_tax":"0.5","tip_amount":"0","tolls_amount":"0","improvement_surcharge":"0.3","total_amount":"6.8","congestion_surcharge":"","tripId":"9e1c67f3-3d9f-4fc1-9e71-b0bc55ad7fb7"},{"VendorID":"2","tpep_pickup_datetime":"2023-06-12 02:58:15","tpep_dropoff_datetime":"2023-10-30 03:21:22","passenger_count":"1","trip_distance":"8.76","RatecodeID":"1","store_and_fwd_flag":"N","PULocationID":"249","DOLocationID":"116","payment_type":"1","fare_amount":"27","extra":"0.5","mta_tax":"0.5","tip_amount":"5.66","tolls_amount":"0","improvement_surcharge":"0.3","total_amount":"33.96","congestion_surcharge":"","tripId":"2a3ec3b7-65e8-46bc-9ea5-86d571d47134"},{"VendorID":"2","tpep_pickup_datetime":"2023-03-19 02:12:08","tpep_dropoff_datetime":"2024-02-05 02:19:23","passenger_count":"1","trip_distance":"1.40","RatecodeID":"1","store_and_fwd_flag":"N","PULocationID":"234","DOLocationID":"68","payment_type":"2","fare_amount":"7","extra":"0.5","mta_tax":"0.5","tip_amount":"0","tolls_amount":"0","improvement_surcharge":"0.3","total_amount":"8.3","congestion_surcharge":"","tripId":"e45889bc-2fa8-41ef-9593-3d73f3ce7548"},{"VendorID":"2","tpep_pickup_datetime":"2024-01-28 02:26:34","tpep_dropoff_datetime":"2023-06-30 02:28:53","passenger_count":"1","trip_distance":".52","RatecodeID":"1","store_and_fwd_flag":"N","PULocationID":"68","DOLocationID":"68","payment_type":"2","fare_amount":"4","extra":"0.5","mta_tax":"0.5","tip_amount":"0","tolls_amount":"0","improvement_surcharge":"0.3","total_amount":"5.3","congestion_surcharge":"","tripId":"0fbdeb51-6e18-4862-aa20-4a1e6c301fae"},{"VendorID":"2","tpep_pickup_datetime":"2023-11-25 02:33:19","tpep_dropoff_datetime":"2023-05-18 02:41:44","passenger_count":"1","trip_distance":"1.21","RatecodeID":"1","store_and_fwd_flag":"N","PULocationID":"68","DOLocationID":"234","payment_type":"1","fare_amount":"7.5","extra":"0.5","mta_tax":"0.5","tip_amount":"1.76","tolls_amount":"0","improvement_surcharge":"0.3","total_amount":"10.56","congestion_surcharge":"","tripId":"4922a53e-de3e-41d7-849f-a6827829f53f"},{"VendorID":"2","tpep_pickup_datetime":"2023-06-17 02:46:29","tpep_dropoff_datetime":"2023-10-26 02:55:15","passenger_count":"1","trip_distance":"1.88","RatecodeID":"1","store_and_fwd_flag":"N","PULocationID":"90","DOLocationID":"79","payment_type":"2","fare_amount":"8","extra":"0.5","mta_tax":"0.5","tip_amount":"0","tolls_amount":"0","improvement_surcharge":"0.3","total_amount":"9.3","congestion_surcharge":"","tripId":"a836231b-e6b9-494f-9a7c-1a9fc80e0b54"},{"VendorID":"2","tpep_pickup_datetime":"2023-12-10 02:24:00","tpep_dropoff_datetime":"2023-04-02 02:34:00","passenger_count":"2","trip_distance":"2.18","RatecodeID":"1","store_and_fwd_flag":"N","PULocationID":"188","DOLocationID":"72","payment_type":"2","fare_amount":"9.5","extra":"0.5","mta_tax":"0.5","tip_amount":"0","tolls_amount":"0","improvement_surcharge":"0.3","total_amount":"10.8","congestion_surcharge":"","tripId":"c732c6a8-53fe-484f-917c-01659166c9a0"},{"VendorID":"2","tpep_pickup_datetime":"2024-01-06 02:02:28","tpep_dropoff_datetime":"2023-05-23 02:15:19","passenger_count":"1","trip_distance":"4.40","RatecodeID":"1","store_and_fwd_flag":"N","PULocationID":"79","DOLocationID":"112","payment_type":"1","fare_amount":"15","extra":"0.5","mta_tax":"0.5","tip_amount":"2","tolls_amount":"0","improvement_surcharge":"0.3","total_amount":"18.3","congestion_surcharge":"","tripId":"ce7e5ae9-9b6d-4fba-887d-2dc23e517a55"},{"VendorID":"2","tpep_pickup_datetime":"2023-11-20 02:30:47","tpep_dropoff_datetime":"2023-05-27 02:44:31","passenger_count":"1","trip_distance":"3.37","RatecodeID":"1","store_and_fwd_flag":"N","PULocationID":"148","DOLocationID":"230","payment_type":"1","fare_amount":"13","extra":"0.5","mta_tax":"0.5","tip_amount":"3.58","tolls_amount":"0","improvement_surcharge":"0.3","total_amount":"17.88","congestion_surcharge":"","tripId":"fc6d6223-7349-4789-8408-ec26948fe7f9"},{"VendorID":"2","tpep_pickup_datetime":"2023-11-28 02:57:35","tpep_dropoff_datetime":"2023-11-15 03:22:40","passenger_count":"1","trip_distance":"10.52","RatecodeID":"1","store_and_fwd_flag":"N","PULocationID":"114","DOLocationID":"243","payment_type":"1","fare_amount":"32","extra":"0.5","mta_tax":"0.5","tip_amount":"5","tolls_amount":"0","improvement_surcharge":"0.3","total_amount":"38.3","congestion_surcharge":"","tripId":"3ad6ea82-1052-48e5-8627-ee1478283469"},{"VendorID":"2","tpep_pickup_datetime":"2023-09-22 02:13:12","tpep_dropoff_datetime":"2023-12-25 02:16:25","passenger_count":"1","trip_distance":".55","RatecodeID":"1","store_and_fwd_flag":"N","PULocationID":"4","DOLocationID":"79","payment_type":"1","fare_amount":"4","extra":"0.5","mta_tax":"0.5","tip_amount":"1.32","tolls_amount":"0","improvement_surcharge":"0.3","total_amount":"6.62","congestion_surcharge":"","tripId":"0a6b4896-1d69-463c-b8db-e9254a308cac"},{"VendorID":"2","tpep_pickup_datetime":"2023-02-22 02:22:05","tpep_dropoff_datetime":"2023-07-31 02:24:11","passenger_count":"1","trip_distance":".34","RatecodeID":"1","store_and_fwd_flag":"N","PULocationID":"79","DOLocationID":"4","payment_type":"1","fare_amount":"3.5","extra":"0.5","mta_tax":"0.5","tip_amount":"0.75","tolls_amount":"0","improvement_surcharge":"0.3","total_amount":"5.55","congestion_surcharge":"","tripId":"52d0fca9-30b0-45ea-bcae-41a175622dcd"},{"VendorID":"2","tpep_pickup_datetime":"2023-05-01 02:37:52","tpep_dropoff_datetime":"2023-02-23 02:47:34","passenger_count":"1","trip_distance":"1.14","RatecodeID":"1","store_and_fwd_flag":"N","PULocationID":"79","DOLocationID":"114","payment_type":"1","fare_amount":"8","extra":"0.5","mta_tax":"0.5","tip_amount":"0","tolls_amount":"0","improvement_surcharge":"0.3","total_amount":"9.3","congestion_surcharge":"","tripId":"c35424f6-fba5-4b5d-a153-8c51c71ac0a6"},{"VendorID":"2","tpep_pickup_datetime":"2023-07-13 02:56:49","tpep_dropoff_datetime":"2023-05-24 03:15:46","passenger_count":"1","trip_distance":"5.16","RatecodeID":"1","store_and_fwd_flag":"N","PULocationID":"114","DOLocationID":"238","payment_type":"2","fare_amount":"18","extra":"0.5","mta_tax":"0.5","tip_amount":"0","tolls_amount":"0","improvement_surcharge":"0.3","total_amount":"19.3","congestion_surcharge":"","tripId":"ed2adc38-5ddd-4c3f-a681-94e0c56864ec"},{"VendorID":"2","tpep_pickup_datetime":"2023-06-28 02:04:21","tpep_dropoff_datetime":"2023-10-01 02:14:24","passenger_count":"1","trip_distance":"1.49","RatecodeID":"1","store_and_fwd_flag":"N","PULocationID":"90","DOLocationID":"233","payment_type":"1","fare_amount":"8","extra":"0.5","mta_tax":"0.5","tip_amount":"1.86","tolls_amount":"0","improvement_surcharge":"0.3","total_amount":"11.16","congestion_surcharge":"","tripId":"511555d4-19a6-471a-80c6-b8bf250aa268"},{"VendorID":"2","tpep_pickup_datetime":"2024-01-25 02:25:48","tpep_dropoff_datetime":"2023-06-18 02:39:33","passenger_count":"1","trip_distance":"3.13","RatecodeID":"1","store_and_fwd_flag":"N","PULocationID":"186","DOLocationID":"232","payment_type":"1","fare_amount":"12.5","extra":"0.5","mta_tax":"0.5","tip_amount":"2.76","tolls_amount":"0","improvement_surcharge":"0.3","total_amount":"16.56","congestion_surcharge":"","tripId":"4144e6eb-249b-4c93-a08a-dbd3c1a0bd1f"},{"VendorID":"1","tpep_pickup_datetime":"2024-01-25 02:33:59","tpep_dropoff_datetime":"2023-07-09 02:52:11","passenger_count":"1","trip_distance":"6.00","RatecodeID":"1","store_and_fwd_flag":"N","PULocationID":"42","DOLocationID":"94","payment_type":"1","fare_amount":"20.5","extra":"0.5","mta_tax":"0.5","tip_amount":"2.18","tolls_amount":"0","improvement_surcharge":"0.3","total_amount":"23.98","congestion_surcharge":"","tripId":"f5c59aef-1188-44d6-90ed-6aa197316a61"},{"VendorID":"1","tpep_pickup_datetime":"2023-12-03 02:02:53","tpep_dropoff_datetime":"2023-09-15 02:09:45","passenger_count":"1","trip_distance":"1.60","RatecodeID":"1","store_and_fwd_flag":"N","PULocationID":"90","DOLocationID":"170","payment_type":"1","fare_amount":"7.5","extra":"0.5","mta_tax":"0.5","tip_amount":"2.2","tolls_amount":"0","improvement_surcharge":"0.3","total_amount":"11","congestion_surcharge":"","tripId":"c263a073-02d6-42ed-8cc6-71f748e2a1ea"},{"VendorID":"1","tpep_pickup_datetime":"2023-08-03 02:20:12","tpep_dropoff_datetime":"2023-06-25 02:26:22","passenger_count":"1","trip_distance":"1.70","RatecodeID":"1","store_and_fwd_flag":"N","PULocationID":"114","DOLocationID":"107","payment_type":"2","fare_amount":"7","extra":"0.5","mta_tax":"0.5","tip_amount":"0","tolls_amount":"0","improvement_surcharge":"0.3","total_amount":"8.3","congestion_surcharge":"","tripId":"a9edf837-e16b-421f-8e24-828451044493"},{"VendorID":"1","tpep_pickup_datetime":"2023-09-25 02:46:34","tpep_dropoff_datetime":"2023-05-01 02:51:07","passenger_count":"1","trip_distance":".80","RatecodeID":"1","store_and_fwd_flag":"N","PULocationID":"114","DOLocationID":"113","payment_type":"1","fare_amount":"5.5","extra":"0.5","mta_tax":"0.5","tip_amount":"1.7","tolls_amount":"0","improvement_surcharge":"0.3","total_amount":"8.5","congestion_surcharge":"","tripId":"d195a2ae-09f8-4826-8a37-02653d89878d"},{"VendorID":"1","tpep_pickup_datetime":"2023-06-21 02:07:09","tpep_dropoff_datetime":"2023-03-11 02:18:51","passenger_count":"1","trip_distance":"4.00","RatecodeID":"1","store_and_fwd_flag":"N","PULocationID":"79","DOLocationID":"263","payment_type":"1","fare_amount":"13","extra":"0.5","mta_tax":"0.5","tip_amount":"2","tolls_amount":"0","improvement_surcharge":"0.3","total_amount":"16.3","congestion_surcharge":"","tripId":"fc2efc59-0a50-419a-a4ae-c6a638c6b257"},{"VendorID":"1","tpep_pickup_datetime":"2023-04-08 02:28:41","tpep_dropoff_datetime":"2023-03-22 02:37:13","passenger_count":"1","trip_distance":"2.20","RatecodeID":"1","store_and_fwd_flag":"N","PULocationID":"162","DOLocationID":"79","payment_type":"2","fare_amount":"9","extra":"0.5","mta_tax":"0.5","tip_amount":"0","tolls_amount":"0","improvement_surcharge":"0.3","total_amount":"10.3","congestion_surcharge":"","tripId":"7543765b-32d3-4cf1-9009-1e8d55af7e21"},{"VendorID":"1","tpep_pickup_datetime":"2023-12-31 02:42:34","tpep_dropoff_datetime":"2023-05-02 02:54:54","passenger_count":"1","trip_distance":"3.40","RatecodeID":"1","store_and_fwd_flag":"N","PULocationID":"79","DOLocationID":"246","payment_type":"1","fare_amount":"12.5","extra":"0.5","mta_tax":"0.5","tip_amount":"2.75","tolls_amount":"0","improvement_surcharge":"0.3","total_amount":"16.55","congestion_surcharge":"","tripId":"3000d9ff-6799-446d-8e0f-cc52f6319442"},{"VendorID":"1","tpep_pickup_datetime":"2023-09-03 02:56:44","tpep_dropoff_datetime":"2023-07-10 02:59:55","passenger_count":"1","trip_distance":".60","RatecodeID":"1","store_and_fwd_flag":"N","PULocationID":"246","DOLocationID":"68","payment_type":"1","fare_amount":"4.5","extra":"0.5","mta_tax":"0.5","tip_amount":"1.5","tolls_amount":"0","improvement_surcharge":"0.3","total_amount":"7.3","congestion_surcharge":"","tripId":"61e16d85-fab2-446c-b758-6bc87c21efbb"},{"VendorID":"2","tpep_pickup_datetime":"2023-03-01 02:25:06","tpep_dropoff_datetime":"2023-01-22 02:30:12","passenger_count":"5","trip_distance":"1.77","RatecodeID":"1","store_and_fwd_flag":"N","PULocationID":"229","DOLocationID":"262","payment_type":"2","fare_amount":"7","extra":"0.5","mta_tax":"0.5","tip_amount":"0","tolls_amount":"0","improvement_surcharge":"0.3","total_amount":"8.3","congestion_surcharge":"","tripId":"df2a8292-4c11-4df5-994d-d12649ed4d78"},{"VendorID":"2","tpep_pickup_datetime":"2023-04-29 02:32:17","tpep_dropoff_datetime":"2023-09-15 02:36:26","passenger_count":"5","trip_distance":"1.20","RatecodeID":"1","store_and_fwd_flag":"N","PULocationID":"262","DOLocationID":"75","payment_type":"2","fare_amount":"6","extra":"0.5","mta_tax":"0.5","tip_amount":"0","tolls_amount":"0","improvement_surcharge":"0.3","total_amount":"7.3","congestion_surcharge":"","tripId":"6f03fb20-29bf-4b8a-a9c3-f7c677aa4b01"},{"VendorID":"2","tpep_pickup_datetime":"2023-03-21 02:38:30","tpep_dropoff_datetime":"2023-07-24 02:40:29","passenger_count":"5","trip_distance":".38","RatecodeID":"1","store_and_fwd_flag":"N","PULocationID":"74","DOLocationID":"74","payment_type":"1","fare_amount":"3.5","extra":"0.5","mta_tax":"0.5","tip_amount":"0","tolls_amount":"0","improvement_surcharge":"0.3","total_amount":"4.8","congestion_surcharge":"","tripId":"9fe4cb2e-fd92-4762-91ed-edbdbfb8353f"}]