[{"VendorID":"1","tpep_pickup_datetime":"2023-07-10 00:46:40","tpep_dropoff_datetime":"2023-03-10 00:53:20","passenger_count":"1","trip_distance":"1.50","RatecodeID":"1","store_and_fwd_flag":"N","PULocationID":"151","DOLocationID":"239","payment_type":"1","fare_amount":"7","extra":"0.5","mta_tax":"0.5","tip_amount":"1.65","tolls_amount":"0","improvement_surcharge":"0.3","total_amount":"9.95","congestion_surcharge":""},{"VendorID":"1","tpep_pickup_datetime":"2023-08-05 00:59:47","tpep_dropoff_datetime":"2023-09-18 01:18:59","passenger_count":"1","trip_distance":"2.60","RatecodeID":"1","store_and_fwd_flag":"N","PULocationID":"239","DOLocationID":"246","payment_type":"1","fare_amount":"14","extra":"0.5","mta_tax":"0.5","tip_amount":"1","tolls_amount":"0","improvement_surcharge":"0.3","total_amount":"16.3","congestion_surcharge":""},{"VendorID":"2","tpep_pickup_datetime":"2023-07-20 13:48:30","tpep_dropoff_datetime":"2023-08-14 13:52:40","passenger_count":"3","trip_distance":".00","RatecodeID":"1","store_and_fwd_flag":"N","PULocationID":"236","DOLocationID":"236","payment_type":"1","fare_amount":"4.5","extra":"0.5","mta_tax":"0.5","tip_amount":"0","tolls_amount":"0","improvement_surcharge":"0.3","total_amount":"5.8","congestion_surcharge":""},{"VendorID":"2","tpep_pickup_datetime":"2023-07-02 15:52:25","tpep_dropoff_datetime":"2023-08-02 15:55:45","passenger_count":"5","trip_distance":".00","RatecodeID":"1","store_and_fwd_flag":"N","PULocationID":"193","DOLocationID":"193","payment_type":"2","fare_amount":"3.5","extra":"0.5","mta_tax":"0.5","tip_amount":"0","tolls_amount":"0","improvement_surcharge":"0.3","total_amount":"7.55","congestion_surcharge":""},{"VendorID":"2","tpep_pickup_datetime":"2023-07-15 15:56:57","tpep_dropoff_datetime":"2024-01-27 15:58:33","passenger_count":"5","trip_distance":".00","RatecodeID":"2","store_and_fwd_flag":"N","PULocationID":"193","DOLocationID":"193","payment_type":"2","fare_amount":"52","extra":"0","mta_tax":"0.5","tip_amount":"0","tolls_amount":"0","improvement_surcharge":"0.3","total_amount":"55.55","congestion_surcharge":""},{"VendorID":"2","tpep_pickup_datetime":"2023-09-06 16:25:49","tpep_dropoff_datetime":"2023-09-15 16:28:26","passenger_count":"5","trip_distance":".00","RatecodeID":"1","store_and_fwd_flag":"N","PULocationID":"193","DOLocationID":"193","payment_type":"2","fare_amount":"3.5","extra":"0.5","mta_tax":"0.5","tip_amount":"0","tolls_amount":"5.76","improvement_surcharge":"0.3","total_amount":"13.31","congestion_surcharge":""},{"VendorID":"2","tpep_pickup_datetime":"2023-06-15 16:29:37","tpep_dropoff_datetime":"2023-01-10 16:33:43","passenger_count":"5","trip_distance":".00","RatecodeID":"2","store_and_fwd_flag":"N","PULocationID":"193","DOLocationID":"193","payment_type":"2","fare_amount":"52","extra":"0","mta_tax":"0.5","tip_amount":"0","tolls_amount":"0","improvement_surcharge":"0.3","total_amount":"55.55","congestion_surcharge":""},{"VendorID":"1","tpep_pickup_datetime":"2023-01-17 00:21:28","tpep_dropoff_datetime":"2023-12-03 00:28:37","passenger_count":"1","trip_distance":"1.30","RatecodeID":"1","store_and_fwd_flag":"N","PULocationID":"163","DOLocationID":"229","payment_type":"1","fare_amount":"6.5","extra":"0.5","mta_tax":"0.5","tip_amount":"1.25","tolls_amount":"0","improvement_surcharge":"0.3","total_amount":"9.05","congestion_surcharge":""},{"VendorID":"1","tpep_pickup_datetime":"2023-10-19 00:32:01","tpep_dropoff_datetime":"2023-11-26 00:45:39","passenger_count":"1","trip_distance":"3.70","RatecodeID":"1","store_and_fwd_flag":"N","PULocationID":"229","DOLocationID":"7","payment_type":"1","fare_amount":"13.5","extra":"0.5","mta_tax":"0.5","tip_amount":"3.7","tolls_amount":"0","improvement_surcharge":"0.3","total_amount":"18.5","congestion_surcharge":""},{"VendorID":"1","tpep_pickup_datetime":"2023-08-28 00:57:32","tpep_dropoff_datetime":"2023-12-11 01:09:32","passenger_count":"2","trip_distance":"2.10","RatecodeID":"1","store_and_fwd_flag":"N","PULocationID":"141","DOLocationID":"234","payment_type":"1","fare_amount":"10","extra":"0.5","mta_tax":"0.5","tip_amount":"1.7","tolls_amount":"0","improvement_surcharge":"0.3","total_amount":"13","congestion_surcharge":""},{"VendorID":"1","tpep_pickup_datetime":"2023-06-09 00:24:04","tpep_dropoff_datetime":"2023-04-26 00:47:06","passenger_count":"2","trip_distance":"2.80","RatecodeID":"1","store_and_fwd_flag":"N","PULocationID":"246","DOLocationID":"162","payment_type":"1","fare_amount":"15","extra":"0.5","mta_tax":"0.5","tip_amount":"3.25","tolls_amount":"0","improvement_surcharge":"0.3","total_amount":"19.55","congestion_surcharge":""},{"VendorID":"1","tpep_pickup_datetime":"2023-02-19 00:21:59","tpep_dropoff_datetime":"2023-12-13 00:28:24","passenger_count":"1","trip_distance":".70","RatecodeID":"1","store_and_fwd_flag":"N","PULocationID":"238","DOLocationID":"151","payment_type":"1","fare_amount":"5.5","extra":"0.5","mta_tax":"0.5","tip_amount":"1.7","tolls_amount":"0","improvement_surcharge":"0.3","total_amount":"8.5","congestion_surcharge":""},{"VendorID":"1","tpep_pickup_datetime":"2023-12-07 00:45:21","tpep_dropoff_datetime":"2023-03-10 01:31:05","passenger_count":"1","trip_distance":"8.70","RatecodeID":"1","store_and_fwd_flag":"N","PULocationID":"163","DOLocationID":"25","payment_type":"1","fare_amount":"34.5","extra":"0.5","mta_tax":"0.5","tip_amount":"7.15","tolls_amount":"0","improvement_surcharge":"0.3","total_amount":"42.95","congestion_surcharge":""},{"VendorID":"1","tpep_pickup_datetime":"2023-06-27 00:43:19","tpep_dropoff_datetime":"2024-02-04 01:07:42","passenger_count":"1","trip_distance":"6.30","RatecodeID":"1","store_and_fwd_flag":"N","PULocationID":"224","DOLocationID":"25","payment_type":"1","fare_amount":"21.5","extra":"0.5","mta_tax":"0.5","tip_amount":"5.7","tolls_amount":"0","improvement_surcharge":"0.3","total_amount":"28.5","congestion_surcharge":""},{"VendorID":"1","tpep_pickup_datetime":"2023-10-12 00:58:24","tpep_dropoff_datetime":"2023-11-16 01:15:18","passenger_count":"1","trip_distance":"2.70","RatecodeID":"1","store_and_fwd_flag":"N","PULocationID":"141","DOLocationID":"234","payment_type":"1","fare_amount":"13","extra":"0.5","mta_tax":"0.5","tip_amount":"1","tolls_amount":"0","improvement_surcharge":"0.3","total_amount":"15.3","congestion_surcharge":""},{"VendorID":"2","tpep_pickup_datetime":"2023-08-25 00:23:14","tpep_dropoff_datetime":"2023-01-18 00:25:40","passenger_count":"1","trip_distance":".38","RatecodeID":"1","store_and_fwd_flag":"N","PULocationID":"170","DOLocationID":"170","payment_type":"2","fare_amount":"3.5","extra":"0.5","mta_tax":"0.5","tip_amount":"0","tolls_amount":"0","improvement_surcharge":"0.3","total_amount":"4.8","congestion_surcharge":""},{"VendorID":"2","tpep_pickup_datetime":"2023-05-09 00:39:51","tpep_dropoff_datetime":"2023-01-06 00:48:02","passenger_count":"1","trip_distance":".55","RatecodeID":"1","store_and_fwd_flag":"N","PULocationID":"170","DOLocationID":"170","payment_type":"1","fare_amount":"6.5","extra":"0.5","mta_tax":"0.5","tip_amount":"1.95","tolls_amount":"0","improvement_surcharge":"0.3","total_amount":"9.75","congestion_surcharge":""},{"VendorID":"2","tpep_pickup_datetime":"2023-04-09 00:46:00","tpep_dropoff_datetime":"2023-11-22 00:49:07","passenger_count":"1","trip_distance":".30","RatecodeID":"1","store_and_fwd_flag":"N","PULocationID":"107","DOLocationID":"107","payment_type":"1","fare_amount":"4","extra":"0.5","mta_tax":"0.5","tip_amount":"1.06","tolls_amount":"0","improvement_surcharge":"0.3","total_amount":"6.36","congestion_surcharge":""},{"VendorID":"2","tpep_pickup_datetime":"2023-09-07 00:57:45","tpep_dropoff_datetime":"2023-07-05 01:03:51","passenger_count":"1","trip_distance":"1.42","RatecodeID":"1","store_and_fwd_flag":"N","PULocationID":"170","DOLocationID":"141","payment_type":"1","fare_amount":"6.5","extra":"0.5","mta_tax":"0.5","tip_amount":"1.56","tolls_amount":"0","improvement_surcharge":"0.3","total_amount":"9.36","congestion_surcharge":""},{"VendorID":"2","tpep_pickup_datetime":"2023-01-16 00:16:16","tpep_dropoff_datetime":"2023-07-06 00:25:57","passenger_count":"1","trip_distance":"1.72","RatecodeID":"1","store_and_fwd_flag":"N","PULocationID":"41","DOLocationID":"247","payment_type":"2","fare_amount":"9","extra":"0.5","mta_tax":"0.5","tip_amount":"0","tolls_amount":"0","improvement_surcharge":"0.3","total_amount":"10.3","congestion_surcharge":""},{"VendorID":"2","tpep_pickup_datetime":"2023-11-13 00:46:43","tpep_dropoff_datetime":"2023-02-15 00:47:02","passenger_count":"1","trip_distance":".06","RatecodeID":"1","store_and_fwd_flag":"N","PULocationID":"116","DOLocationID":"42","payment_type":"2","fare_amount":"2.5","extra":"0.5","mta_tax":"0.5","tip_amount":"0","tolls_amount":"0","improvement_surcharge":"0.3","total_amount":"3.8","congestion_surcharge":""},{"VendorID":"1","tpep_pickup_datetime":"2023-01-10 00:48:01","tpep_dropoff_datetime":"2023-12-03 01:00:23","passenger_count":"1","trip_distance":"1.50","RatecodeID":"1","store_and_fwd_flag":"N","PULocationID":"113","DOLocationID":"90","payment_type":"2","fare_amount":"7.5","extra":"0.5","mta_tax":"0.5","tip_amount":"0","tolls_amount":"0","improvement_surcharge":"0.3","total_amount":"8.8","congestion_surcharge":""},{"VendorID":"1","tpep_pickup_datetime":"2023-12-08 00:55:27","tpep_dropoff_datetime":"2023-04-30 01:11:50","passenger_count":"1","trip_distance":"1.20","RatecodeID":"1","store_and_fwd_flag":"N","PULocationID":"161","DOLocationID":"170","payment_type":"1","fare_amount":"10.5","extra":"0.5","mta_tax":"0.5","tip_amount":"2.95","tolls_amount":"0","improvement_surcharge":"0.3","total_amount":"14.75","congestion_surcharge":""},{"VendorID":"1","tpep_pickup_datetime":"2023-11-26 00:19:55","tpep_dropoff_datetime":"2024-01-05 00:57:56","passenger_count":"1","trip_distance":"12.30","RatecodeID":"1","store_and_fwd_flag":"N","PULocationID":"138","DOLocationID":"50","payment_type":"1","fare_amount":"38","extra":"0.5","mta_tax":"0.5","tip_amount":"4","tolls_amount":"5.76","improvement_surcharge":"0.3","total_amount":"49.06","congestion_surcharge":""},{"VendorID":"1","tpep_pickup_datetime":"2023-10-09 00:13:53","tpep_dropoff_datetime":"2023-07-02 00:22:11","passenger_count":"1","trip_distance":"1.30","RatecodeID":"1","store_and_fwd_flag":"N","PULocationID":"144","DOLocationID":"261","payment_type":"2","fare_amount":"7.5","extra":"0.5","mta_tax":"0.5","tip_amount":"0","tolls_amount":"0","improvement_surcharge":"0.3","total_amount":"8.8","congestion_surcharge":""},{"VendorID":"1","tpep_pickup_datetime":"2023-02-02 00:26:21","tpep_dropoff_datetime":"2023-07-19 00:39:39","passenger_count":"1","trip_distance":"1.90","RatecodeID":"1","store_and_fwd_flag":"N","PULocationID":"231","DOLocationID":"79","payment_type":"1","fare_amount":"10.5","extra":"0.5","mta_tax":"0.5","tip_amount":"2","tolls_amount":"0","improvement_surcharge":"0.3","total_amount":"13.8","congestion_surcharge":""},{"VendorID":"1","tpep_pickup_datetime":"2023-09-07 00:50:06","tpep_dropoff_datetime":"2023-11-04 01:11:36","passenger_count":"1","trip_distance":"4.60","RatecodeID":"1","store_and_fwd_flag":"N","PULocationID":"107","DOLocationID":"181","payment_type":"2","fare_amount":"19","extra":"0.5","mta_tax":"0.5","tip_amount":"0","tolls_amount":"0","improvement_surcharge":"0.3","total_amount":"20.3","congestion_surcharge":""},{"VendorID":"1","tpep_pickup_datetime":"2023-03-20 00:17:00","tpep_dropoff_datetime":"2023-12-29 00:22:39","passenger_count":"3","trip_distance":".60","RatecodeID":"1","store_and_fwd_flag":"N","PULocationID":"161","DOLocationID":"229","payment_type":"1","fare_amount":"5.5","extra":"0.5","mta_tax":"0.5","tip_amount":"1.35","tolls_amount":"0","improvement_surcharge":"0.3","total_amount":"8.15","congestion_surcharge":""},{"VendorID":"1","tpep_pickup_datetime":"2023-09-10 00:32:59","tpep_dropoff_datetime":"2023-10-14 00:32:59","passenger_count":"3","trip_distance":".00","RatecodeID":"1","store_and_fwd_flag":"Y","PULocationID":"237","DOLocationID":"264","payment_type":"2","fare_amount":"6.5","extra":"0.5","mta_tax":"0.5","tip_amount":"0","tolls_amount":"0","improvement_surcharge":"0.3","total_amount":"7.8","congestion_surcharge":""},{"VendorID":"1","tpep_pickup_datetime":"2023-07-06 00:43:19","tpep_dropoff_datetime":"2023-05-03 00:58:09","passenger_count":"2","trip_distance":"3.00","RatecodeID":"1","store_and_fwd_flag":"N","PULocationID":"263","DOLocationID":"107","payment_type":"1","fare_amount":"12","extra":"0.5","mta_tax":"0.5","tip_amount":"2.65","tolls_amount":"0","improvement_surcharge":"0.3","total_amount":"15.95","congestion_surcharge":""},{"VendorID":"2","tpep_pickup_datetime":"2023-05-18 00:52:37","tpep_dropoff_datetime":"2023-12-13 01:03:42","passenger_count":"1","trip_distance":"2.10","RatecodeID":"1","store_and_fwd_flag":"N","PULocationID":"151","DOLocationID":"142","payment_type":"2","fare_amount":"9.5","extra":"0.5","mta_tax":"0.5","tip_amount":"0","tolls_amount":"0","improvement_surcharge":"0.3","total_amount":"10.8","congestion_surcharge":""},{"VendorID":"2","tpep_pickup_datetime":"2023-02-11 00:11:45","tpep_dropoff_datetime":"2023-01-01 00:40:51","passenger_count":"1","trip_distance":"6.57","RatecodeID":"1","store_and_fwd_flag":"N","PULocationID":"231","DOLocationID":"238","payment_type":"1","fare_amount":"24","extra":"0.5","mta_tax":"0.5","tip_amount":"5.06","tolls_amount":"0","improvement_surcharge":"0.3","total_amount":"30.36","congestion_surcharge":""},{"VendorID":"2","tpep_pickup_datetime":"2023-06-28 00:43:28","tpep_dropoff_datetime":"2023-03-29 00:49:42","passenger_count":"1","trip_distance":"1.03","RatecodeID":"2","store_and_fwd_flag":"N","PULocationID":"238","DOLocationID":"239","payment_type":"2","fare_amount":"52","extra":"0","mta_tax":"0.5","tip_amount":"0","tolls_amount":"0","improvement_surcharge":"0.3","total_amount":"52.8","congestion_surcharge":""},{"VendorID":"2","tpep_pickup_datetime":"2023-11-27 00:08:20","tpep_dropoff_datetime":"2023-05-05 00:41:51","passenger_count":"2","trip_distance":"19.13","RatecodeID":"2","store_and_fwd_flag":"N","PULocationID":"132","DOLocationID":"238","payment_type":"1","fare_amount":"52","extra":"0","mta_tax":"0.5","tip_amount":"11.71","tolls_amount":"5.76","improvement_surcharge":"0.3","total_amount":"70.27","congestion_surcharge":""},{"VendorID":"2","tpep_pickup_datetime":"2023-08-21 00:47:21","tpep_dropoff_datetime":"2023-04-15 00:53:34","passenger_count":"2","trip_distance":"1.43","RatecodeID":"1","store_and_fwd_flag":"N","PULocationID":"239","DOLocationID":"236","payment_type":"2","fare_amount":"7","extra":"0.5","mta_tax":"0.5","tip_amount":"0","tolls_amount":"0","improvement_surcharge":"0.3","total_amount":"8.3","congestion_surcharge":""},{"VendorID":"1","tpep_pickup_datetime":"2023-05-30 00:17:49","tpep_dropoff_datetime":"2023-10-31 00:30:37","passenger_count":"1","trip_distance":"4.20","RatecodeID":"1","store_and_fwd_flag":"N","PULocationID":"264","DOLocationID":"229","payment_type":"1","fare_amount":"15","extra":"0.5","mta_tax":"0.5","tip_amount":"3.25","tolls_amount":"0","improvement_surcharge":"0.3","total_amount":"19.55","congestion_surcharge":""},{"VendorID":"1","tpep_pickup_datetime":"2023-08-11 00:41:07","tpep_dropoff_datetime":"2023-03-03 01:51:53","passenger_count":"1","trip_distance":"11.20","RatecodeID":"1","store_and_fwd_flag":"N","PULocationID":"141","DOLocationID":"83","payment_type":"2","fare_amount":"46.5","extra":"0.5","mta_tax":"0.5","tip_amount":"0","tolls_amount":"0","improvement_surcharge":"0.3","total_amount":"47.8","congestion_surcharge":""},{"VendorID":"1","tpep_pickup_datetime":"2023-03-20 00:15:02","tpep_dropoff_datetime":"2023-06-26 00:22:33","passenger_count":"4","trip_distance":"1.50","RatecodeID":"1","store_and_fwd_flag":"N","PULocationID":"151","DOLocationID":"142","payment_type":"2","fare_amount":"8","extra":"0.5","mta_tax":"0.5","tip_amount":"0","tolls_amount":"0","improvement_surcharge":"0.3","total_amount":"9.3","congestion_surcharge":""},{"VendorID":"1","tpep_pickup_datetime":"2023-01-10 00:27:26","tpep_dropoff_datetime":"2023-08-25 00:39:53","passenger_count":"2","trip_distance":"3.10","RatecodeID":"1","store_and_fwd_flag":"N","PULocationID":"142","DOLocationID":"263","payment_type":"1","fare_amount":"11.5","extra":"0.5","mta_tax":"0.5","tip_amount":"1.5","tolls_amount":"0","improvement_surcharge":"0.3","total_amount":"14.3","congestion_surcharge":""},{"VendorID":"1","tpep_pickup_datetime":"2023-09-24 00:42:56","tpep_dropoff_datetime":"2023-12-09 00:46:41","passenger_count":"2","trip_distance":".70","RatecodeID":"1","store_and_fwd_flag":"N","PULocationID":"263","DOLocationID":"140","payment_type":"2","fare_amount":"4.5","extra":"0.5","mta_tax":"0.5","tip_amount":"0","tolls_amount":"0","improvement_surcharge":"0.3","total_amount":"5.8","congestion_surcharge":""},{"VendorID":"1","tpep_pickup_datetime":"2023-03-29 00:52:41","tpep_dropoff_datetime":"2023-05-27 00:57:31","passenger_count":"2","trip_distance":"1.20","RatecodeID":"1","store_and_fwd_flag":"N","PULocationID":"229","DOLocationID":"141","payment_type":"2","fare_amount":"6","extra":"0.5","mta_tax":"0.5","tip_amount":"0","tolls_amount":"0","improvement_surcharge":"0.3","total_amount":"7.3","congestion_surcharge":""},{"VendorID":"1","tpep_pickup_datetime":"2023-12-16 00:37:30","tpep_dropoff_datetime":"2023-09-11 00:51:52","passenger_count":"2","trip_distance":"1.30","RatecodeID":"1","store_and_fwd_flag":"N","PULocationID":"249","DOLocationID":"234","payment_type":"1","fare_amount":"10","extra":"0.5","mta_tax":"0.5","tip_amount":"2.25","tolls_amount":"0","improvement_surcharge":"0.3","total_amount":"13.55","congestion_surcharge":""},{"VendorID":"1","tpep_pickup_datetime":"2023-07-28 00:56:14","tpep_dropoff_datetime":"2023-09-25 01:07:06","passenger_count":"3","trip_distance":"1.70","RatecodeID":"1","store_and_fwd_flag":"N","PULocationID":"137","DOLocationID":"161","payment_type":"2","fare_amount":"9","extra":"0.5","mta_tax":"0.5","tip_amount":"0","tolls_amount":"0","improvement_surcharge":"0.3","total_amount":"10.3","congestion_surcharge":""},{"VendorID":"2","tpep_pickup_datetime":"2023-05-16 00:55:26","tpep_dropoff_datetime":"2024-01-16 01:30:46","passenger_count":"3","trip_distance":"5.23","RatecodeID":"1","store_and_fwd_flag":"N","PULocationID":"90","DOLocationID":"181","payment_type":"1","fare_amount":"24.5","extra":"0.5","mta_tax":"0.5","tip_amount":"4","tolls_amount":"0","improvement_surcharge":"0.3","total_amount":"29.8","congestion_surcharge":""},{"VendorID":"1","tpep_pickup_datetime":"2023-09-20 00:33:40","tpep_dropoff_datetime":"2023-02-07 00:39:27","passenger_count":"2","trip_distance":".80","RatecodeID":"1","store_and_fwd_flag":"N","PULocationID":"170","DOLocationID":"137","payment_type":"1","fare_amount":"5.5","extra":"0.5","mta_tax":"0.5","tip_amount":"2","tolls_amount":"0","improvement_surcharge":"0.3","total_amount":"8.8","congestion_surcharge":""},{"VendorID":"1","tpep_pickup_datetime":"2023-12-16 00:46:44","tpep_dropoff_datetime":"2023-11-03 00:56:18","passenger_count":"2","trip_distance":"1.10","RatecodeID":"1","store_and_fwd_flag":"N","PULocationID":"162","DOLocationID":"140","payment_type":"1","fare_amount":"7.5","extra":"0.5","mta_tax":"0.5","tip_amount":"1.75","tolls_amount":"0","improvement_surcharge":"0.3","total_amount":"10.55","congestion_surcharge":""},{"VendorID":"1","tpep_pickup_datetime":"2023-03-07 00:57:32","tpep_dropoff_datetime":"2023-04-07 01:18:34","passenger_count":"1","trip_distance":"8.00","RatecodeID":"1","store_and_fwd_flag":"N","PULocationID":"140","DOLocationID":"243","payment_type":"2","fare_amount":"24.5","extra":"0.5","mta_tax":"0.5","tip_amount":"0","tolls_amount":"0","improvement_surcharge":"0.3","total_amount":"25.8","congestion_surcharge":""},{"VendorID":"2","tpep_pickup_datetime":"2023-12-19 00:26:14","tpep_dropoff_datetime":"2023-12-12 00:40:31","passenger_count":"1","trip_distance":"4.10","RatecodeID":"1","store_and_fwd_flag":"N","PULocationID":"137","DOLocationID":"75","payment_type":"1","fare_amount":"14","extra":"0.5","mta_tax":"0.5","tip_amount":"0","tolls_amount":"0","improvement_surcharge":"0.3","total_amount":"15.3","congestion_surcharge":""},{"VendorID":"2","tpep_pickup_datetime":"2023-05-09 00:44:26","tpep_dropoff_datetime":"2024-01-29 00:55:29","passenger_count":"1","trip_distance":"2.69","RatecodeID":"1","store_and_fwd_flag":"N","PULocationID":"236","DOLocationID":"41","payment_type":"2","fare_amount":"10.5","extra":"0.5","mta_tax":"0.5","tip_amount":"0","tolls_amount":"0","improvement_surcharge":"0.3","total_amount":"11.8","congestion_surcharge":""},{"VendorID":"2","tpep_pickup_datetime":"2023-03-16 00:57:35","tpep_dropoff_datetime":"2023-01-30 01:13:14","passenger_count":"1","trip_distance":"4.36","RatecodeID":"1","store_and_fwd_flag":"N","PULocationID":"41","DOLocationID":"50","payment_type":"1","fare_amount":"15.5","extra":"0.5","mta_tax":"0.5","tip_amount":"3.36","tolls_amount":"0","improvement_surcharge":"0.3","total_amount":"20.16","congestion_surcharge":""},{"VendorID":"2","tpep_pickup_datetime":"2023-12-23 00:36:09","tpep_dropoff_datetime":"2023-11-02 00:54:41","passenger_count":"2","trip_distance":"3.79","RatecodeID":"1","store_and_fwd_flag":"N","PULocationID":"68","DOLocationID":"88","payment_type":"1","fare_amount":"14.5","extra":"0.5","mta_tax":"0.5","tip_amount":"4.74","tolls_amount":"0","improvement_surcharge":"0.3","total_amount":"20.54","congestion_surcharge":""},{"VendorID":"2","tpep_pickup_datetime":"2023-07-05 00:56:23","tpep_dropoff_datetime":"2023-01-29 01:12:03","passenger_count":"2","trip_distance":"3.52","RatecodeID":"1","store_and_fwd_flag":"N","PULocationID":"88","DOLocationID":"90","payment_type":"2","fare_amount":"13.5","extra":"0.5","mta_tax":"0.5","tip_amount":"0","tolls_amount":"0","improvement_surcharge":"0.3","total_amount":"14.8","congestion_surcharge":""},{"VendorID":"1","tpep_pickup_datetime":"2023-05-01 00:19:21","tpep_dropoff_datetime":"2023-06-02 00:28:39","passenger_count":"1","trip_distance":"1.50","RatecodeID":"1","store_and_fwd_flag":"N","PULocationID":"74","DOLocationID":"168","payment_type":"2","fare_amount":"8","extra":"0.5","mta_tax":"0.5","tip_amount":"0","tolls_amount":"0","improvement_surcharge":"0.3","total_amount":"9.3","congestion_surcharge":""},{"VendorID":"1","tpep_pickup_datetime":"2023-12-09 00:10:19","tpep_dropoff_datetime":"2023-06-09 00:13:50","passenger_count":"1","trip_distance":".70","RatecodeID":"1","store_and_fwd_flag":"N","PULocationID":"249","DOLocationID":"113","payment_type":"1","fare_amount":"4.5","extra":"0.5","mta_tax":"0.5","tip_amount":"1.15","tolls_amount":"0","improvement_surcharge":"0.3","total_amount":"6.95","congestion_surcharge":""},{"VendorID":"1","tpep_pickup_datetime":"2023-03-01 00:17:42","tpep_dropoff_datetime":"2023-04-08 00:34:36","passenger_count":"2","trip_distance":"2.10","RatecodeID":"1","store_and_fwd_flag":"N","PULocationID":"79","DOLocationID":"161","payment_type":"2","fare_amount":"12","extra":"0.5","mta_tax":"0.5","tip_amount":"0","tolls_amount":"0","improvement_surcharge":"0.3","total_amount":"13.3","congestion_surcharge":""},{"VendorID":"1","tpep_pickup_datetime":"2023-03-17 00:58:12","tpep_dropoff_datetime":"2023-03-13 01:07:53","passenger_count":"2","trip_distance":"1.40","RatecodeID":"1","store_and_fwd_flag":"N","PULocationID":"107","DOLocationID":"79","payment_type":"1","fare_amount":"8","extra":"0.5","mta_tax":"0.5","tip_amount":"2.3","tolls_amount":"0","improvement_surcharge":"0.3","total_amount":"11.6","congestion_surcharge":""},{"VendorID":"1","tpep_pickup_datetime":"2023-03-20 00:21:15","tpep_dropoff_datetime":"2023-09-19 00:41:23","passenger_count":"1","trip_distance":"3.60","RatecodeID":"1","store_and_fwd_flag":"N","PULocationID":"170","DOLocationID":"75","payment_type":"2","fare_amount":"15.5","extra":"0.5","mta_tax":"0.5","tip_amount":"0","tolls_amount":"0","improvement_surcharge":"0.3","total_amount":"16.8","congestion_surcharge":""},{"VendorID":"1","tpep_pickup_datetime":"2023-03-15 00:45:50","tpep_dropoff_datetime":"2023-11-29 01:24:07","passenger_count":"1","trip_distance":"5.20","RatecodeID":"1","store_and_fwd_flag":"N","PULocationID":"75","DOLocationID":"246","payment_type":"1","fare_amount":"25.5","extra":"0.5","mta_tax":"0.5","tip_amount":"5.35","tolls_amount":"0","improvement_surcharge":"0.3","total_amount":"32.15","congestion_surcharge":""},{"VendorID":"1","tpep_pickup_datetime":"2023-02-15 00:20:26","tpep_dropoff_datetime":"2024-02-04 00:33:00","passenger_count":"2","trip_distance":"1.30","RatecodeID":"1","store_and_fwd_flag":"N","PULocationID":"264","DOLocationID":"170","payment_type":"1","fare_amount":"9.5","extra":"0.5","mta_tax":"0.5","tip_amount":"2.15","tolls_amount":"0","improvement_surcharge":"0.3","total_amount":"12.95","congestion_surcharge":""},{"VendorID":"1","tpep_pickup_datetime":"2023-06-05 00:35:56","tpep_dropoff_datetime":"2023-12-19 00:42:47","passenger_count":"1","trip_distance":"1.70","RatecodeID":"1","store_and_fwd_flag":"N","PULocationID":"233","DOLocationID":"141","payment_type":"1","fare_amount":"7.5","extra":"0.5","mta_tax":"0.5","tip_amount":"2","tolls_amount":"0","improvement_surcharge":"0.3","total_amount":"10.8","congestion_surcharge":""},{"VendorID":"1","tpep_pickup_datetime":"2023-12-11 00:53:08","tpep_dropoff_datetime":"2023-01-12 01:07:19","passenger_count":"1","trip_distance":"1.90","RatecodeID":"1","store_and_fwd_flag":"N","PULocationID":"229","DOLocationID":"234","payment_type":"2","fare_amount":"10.5","extra":"0.5","mta_tax":"0.5","tip_amount":"0","tolls_amount":"0","improvement_surcharge":"0.3","total_amount":"11.8","congestion_surcharge":""},{"VendorID":"1","tpep_pickup_datetime":"2023-09-02 00:21:36","tpep_dropoff_datetime":"2023-05-02 00:35:26","passenger_count":"1","trip_distance":"2.60","RatecodeID":"1","store_and_fwd_flag":"N","PULocationID":"148","DOLocationID":"246","payment_type":"2","fare_amount":"12","extra":"0.5","mta_tax":"0.5","tip_amount":"0","tolls_amount":"0","improvement_surcharge":"0.3","total_amount":"13.3","congestion_surcharge":""},{"VendorID":"1","tpep_pickup_datetime":"2023-05-30 00:36:09","tpep_dropoff_datetime":"2023-11-27 00:56:33","passenger_count":"2","trip_distance":"2.90","RatecodeID":"1","store_and_fwd_flag":"N","PULocationID":"246","DOLocationID":"79","payment_type":"1","fare_amount":"14","extra":"0.5","mta_tax":"0.5","tip_amount":"3","tolls_amount":"0","improvement_surcharge":"0.3","total_amount":"18.3","congestion_surcharge":""},{"VendorID":"2","tpep_pickup_datetime":"2024-02-05 00:15:42","tpep_dropoff_datetime":"2023-10-23 00:33:38","passenger_count":"2","trip_distance":"2.08","RatecodeID":"1","store_and_fwd_flag":"N","PULocationID":"48","DOLocationID":"68","payment_type":"1","fare_amount":"12.5","extra":"0.5","mta_tax":"0.5","tip_amount":"3.45","tolls_amount":"0","improvement_surcharge":"0.3","total_amount":"17.25","congestion_surcharge":""},{"VendorID":"2","tpep_pickup_datetime":"2023-09-07 00:53:19","tpep_dropoff_datetime":"2023-02-27 01:10:04","passenger_count":"2","trip_distance":".74","RatecodeID":"1","store_and_fwd_flag":"N","PULocationID":"68","DOLocationID":"68","payment_type":"2","fare_amount":"11","extra":"0.5","mta_tax":"0.5","tip_amount":"0","tolls_amount":"0","improvement_surcharge":"0.3","total_amount":"12.3","congestion_surcharge":""},{"VendorID":"2","tpep_pickup_datetime":"2023-03-25 00:10:46","tpep_dropoff_datetime":"2023-09-15 00:24:59","passenger_count":"1","trip_distance":"2.26","RatecodeID":"1","store_and_fwd_flag":"N","PULocationID":"107","DOLocationID":"161","payment_type":"1","fare_amount":"11","extra":"0.5","mta_tax":"0.5","tip_amount":"2.46","tolls_amount":"0","improvement_surcharge":"0.3","total_amount":"14.76","congestion_surcharge":""},{"VendorID":"2","tpep_pickup_datetime":"2023-07-27 00:30:24","tpep_dropoff_datetime":"2023-10-14 00:34:22","passenger_count":"1","trip_distance":".93","RatecodeID":"1","store_and_fwd_flag":"N","PULocationID":"161","DOLocationID":"162","payment_type":"2","fare_amount":"5","extra":"0.5","mta_tax":"0.5","tip_amount":"0","tolls_amount":"0","improvement_surcharge":"0.3","total_amount":"6.3","congestion_surcharge":""},{"VendorID":"2","tpep_pickup_datetime":"2023-03-14 00:38:28","tpep_dropoff_datetime":"2023-11-21 00:53:39","passenger_count":"1","trip_distance":"4.40","RatecodeID":"1","store_and_fwd_flag":"N","PULocationID":"162","DOLocationID":"151","payment_type":"2","fare_amount":"15","extra":"0.5","mta_tax":"0.5","tip_amount":"0","tolls_amount":"0","improvement_surcharge":"0.3","total_amount":"16.3","congestion_surcharge":""},{"VendorID":"2","tpep_pickup_datetime":"2023-03-13 00:35:25","tpep_dropoff_datetime":"2023-06-09 01:14:21","passenger_count":"1","trip_distance":"18.15","RatecodeID":"2","store_and_fwd_flag":"N","PULocationID":"132","DOLocationID":"224","payment_type":"1","fare_amount":"52","extra":"0","mta_tax":"0.5","tip_amount":"11.71","tolls_amount":"5.76","improvement_surcharge":"0.3","total_amount":"70.27","congestion_surcharge":""},{"VendorID":"2","tpep_pickup_datetime":"2024-01-23 00:00:00","tpep_dropoff_datetime":"2023-01-29 01:03:12","passenger_count":"2","trip_distance":"7.37","RatecodeID":"1","store_and_fwd_flag":"N","PULocationID":"237","DOLocationID":"264","payment_type":"2","fare_amount":"23.5","extra":"0.5","mta_tax":"0.5","tip_amount":"0","tolls_amount":"0","improvement_surcharge":"0.3","total_amount":"24.8","congestion_surcharge":""},{"VendorID":"1","tpep_pickup_datetime":"2023-05-12 00:04:06","tpep_dropoff_datetime":"2023-07-20 00:38:55","passenger_count":"4","trip_distance":"18.10","RatecodeID":"2","store_and_fwd_flag":"N","PULocationID":"132","DOLocationID":"224","payment_type":"1","fare_amount":"52","extra":"0","mta_tax":"0.5","tip_amount":"5","tolls_amount":"0","improvement_surcharge":"0.3","total_amount":"57.8","congestion_surcharge":""},{"VendorID":"1","tpep_pickup_datetime":"2023-10-15 00:53:17","tpep_dropoff_datetime":"2023-10-07 01:10:08","passenger_count":"4","trip_distance":"4.10","RatecodeID":"1","store_and_fwd_flag":"N","PULocationID":"79","DOLocationID":"112","payment_type":"1","fare_amount":"16","extra":"0.5","mta_tax":"0.5","tip_amount":"3.45","tolls_amount":"0","improvement_surcharge":"0.3","total_amount":"20.75","congestion_surcharge":""},{"VendorID":"2","tpep_pickup_datetime":"2023-12-24 00:42:24","tpep_dropoff_datetime":"2023-03-07 00:54:49","passenger_count":"1","trip_distance":"1.38","RatecodeID":"1","store_and_fwd_flag":"N","PULocationID":"163","DOLocationID":"48","payment_type":"1","fare_amount":"9","extra":"0.5","mta_tax":"0.5","tip_amount":"2.06","tolls_amount":"0","improvement_surcharge":"0.3","total_amount":"12.36","congestion_surcharge":""},{"VendorID":"2","tpep_pickup_datetime":"2023-07-11 00:57:22","tpep_dropoff_datetime":"2024-02-05 01:17:10","passenger_count":"1","trip_distance":"4.55","RatecodeID":"1","store_and_fwd_flag":"N","PULocationID":"48","DOLocationID":"42","payment_type":"1","fare_amount":"17","extra":"0.5","mta_tax":"0.5","tip_amount":"4.58","tolls_amount":"0","improvement_surcharge":"0.3","total_amount":"22.88","congestion_surcharge":""},{"VendorID":"2","tpep_pickup_datetime":"2023-04-15 00:36:01","tpep_dropoff_datetime":"2024-01-12 00:47:36","passenger_count":"1","trip_distance":"1.67","RatecodeID":"1","store_and_fwd_flag":"N","PULocationID":"237","DOLocationID":"263","payment_type":"1","fare_amount":"9.5","extra":"0.5","mta_tax":"0.5","tip_amount":"3.24","tolls_amount":"0","improvement_surcharge":"0.3","total_amount":"14.04","congestion_surcharge":""},{"VendorID":"2","tpep_pickup_datetime":"2023-12-12 00:49:23","tpep_dropoff_datetime":"2023-11-01 01:13:31","passenger_count":"1","trip_distance":"2.68","RatecodeID":"1","store_and_fwd_flag":"N","PULocationID":"263","DOLocationID":"48","payment_type":"1","fare_amount":"16.5","extra":"0.5","mta_tax":"0.5","tip_amount":"2","tolls_amount":"0","improvement_surcharge":"0.3","total_amount":"19.8","congestion_surcharge":""},{"VendorID":"1","tpep_pickup_datetime":"2024-01-28 00:09:40","tpep_dropoff_datetime":"2023-09-30 00:15:00","passenger_count":"3","trip_distance":".60","RatecodeID":"1","store_and_fwd_flag":"N","PULocationID":"137","DOLocationID":"233","payment_type":"1","fare_amount":"5.5","extra":"0.5","mta_tax":"0.5","tip_amount":"1.35","tolls_amount":"0","improvement_surcharge":"0.3","total_amount":"8.15","congestion_surcharge":""},{"VendorID":"1","tpep_pickup_datetime":"2023-10-21 00:55:58","tpep_dropoff_datetime":"2023-08-30 01:11:23","passenger_count":"4","trip_distance":"2.90","RatecodeID":"1","store_and_fwd_flag":"N","PULocationID":"161","DOLocationID":"236","payment_type":"1","fare_amount":"12.5","extra":"0.5","mta_tax":"0.5","tip_amount":"2.76","tolls_amount":"0","improvement_surcharge":"0.3","total_amount":"16.56","congestion_surcharge":""},{"VendorID":"2","tpep_pickup_datetime":"2023-07-21 00:17:31","tpep_dropoff_datetime":"2023-11-20 00:24:23","passenger_count":"2","trip_distance":".95","RatecodeID":"1","store_and_fwd_flag":"N","PULocationID":"246","DOLocationID":"68","payment_type":"1","fare_amount":"6.5","extra":"0.5","mta_tax":"0.5","tip_amount":"0","tolls_amount":"0","improvement_surcharge":"0.3","total_amount":"7.8","congestion_surcharge":""},{"VendorID":"2","tpep_pickup_datetime":"2023-10-08 00:26:25","tpep_dropoff_datetime":"2023-07-21 00:50:12","passenger_count":"4","trip_distance":"2.01","RatecodeID":"1","store_and_fwd_flag":"N","PULocationID":"68","DOLocationID":"170","payment_type":"1","fare_amount":"15","extra":"0.5","mta_tax":"0.5","tip_amount":"3.26","tolls_amount":"0","improvement_surcharge":"0.3","total_amount":"19.56","congestion_surcharge":""},{"VendorID":"2","tpep_pickup_datetime":"2023-10-15 00:51:50","tpep_dropoff_datetime":"2023-12-14 00:57:59","passenger_count":"4","trip_distance":".67","RatecodeID":"1","store_and_fwd_flag":"N","PULocationID":"170","DOLocationID":"161","payment_type":"2","fare_amount":"5.5","extra":"0.5","mta_tax":"0.5","tip_amount":"0","tolls_amount":"0","improvement_surcharge":"0.3","total_amount":"6.8","congestion_surcharge":""},{"VendorID":"1","tpep_pickup_datetime":"2023-05-28 00:18:09","tpep_dropoff_datetime":"2023-06-07 00:24:34","passenger_count":"1","trip_distance":"1.00","RatecodeID":"1","store_and_fwd_flag":"N","PULocationID":"144","DOLocationID":"249","payment_type":"2","fare_amount":"6","extra":"0.5","mta_tax":"0.5","tip_amount":"0","tolls_amount":"0","improvement_surcharge":"0.3","total_amount":"7.3","congestion_surcharge":""},{"VendorID":"1","tpep_pickup_datetime":"2023-12-23 00:26:21","tpep_dropoff_datetime":"2023-12-03 00:34:11","passenger_count":"1","trip_distance":"1.90","RatecodeID":"1","store_and_fwd_flag":"N","PULocationID":"249","DOLocationID":"13","payment_type":"1","fare_amount":"8","extra":"0.5","mta_tax":"0.5","tip_amount":"2.75","tolls_amount":"0","improvement_surcharge":"0.3","total_amount":"12.05","congestion_surcharge":""},{"VendorID":"1","tpep_pickup_datetime":"2023-07-18 00:56:06","tpep_dropoff_datetime":"2024-01-13 01:24:16","passenger_count":"1","trip_distance":"9.40","RatecodeID":"1","store_and_fwd_flag":"N","PULocationID":"88","DOLocationID":"151","payment_type":"1","fare_amount":"30","extra":"0.5","mta_tax":"0.5","tip_amount":"6.25","tolls_amount":"0","improvement_surcharge":"0.3","total_amount":"37.55","congestion_surcharge":""},{"VendorID":"1","tpep_pickup_datetime":"2023-07-18 00:19:07","tpep_dropoff_datetime":"2024-01-31 00:29:21","passenger_count":"1","trip_distance":"1.90","RatecodeID":"1","store_and_fwd_flag":"N","PULocationID":"143","DOLocationID":"151","payment_type":"1","fare_amount":"9.5","extra":"0.5","mta_tax":"0.5","tip_amount":"2.7","tolls_amount":"0","improvement_surcharge":"0.3","total_amount":"13.5","congestion_surcharge":""},{"VendorID":"1","tpep_pickup_datetime":"2023-02-17 00:37:59","tpep_dropoff_datetime":"2023-08-29 00:44:44","passenger_count":"1","trip_distance":"1.40","RatecodeID":"1","store_and_fwd_flag":"N","PULocationID":"143","DOLocationID":"238","payment_type":"1","fare_amount":"7","extra":"0.5","mta_tax":"0.5","tip_amount":"1.65","tolls_amount":"0","improvement_surcharge":"0.3","total_amount":"9.95","congestion_surcharge":""},{"VendorID":"1","tpep_pickup_datetime":"2023-08-31 00:48:53","tpep_dropoff_datetime":"2023-07-09 00:54:44","passenger_count":"1","trip_distance":".50","RatecodeID":"1","store_and_fwd_flag":"N","PULocationID":"239","DOLocationID":"239","payment_type":"1","fare_amount":"5.5","extra":"0.5","mta_tax":"0.5","tip_amount":"1.35","tolls_amount":"0","improvement_surcharge":"0.3","total_amount":"8.15","congestion_surcharge":""},{"VendorID":"1","tpep_pickup_datetime":"2023-06-23 00:00:19","tpep_dropoff_datetime":"2023-10-06 00:09:54","passenger_count":"1","trip_distance":"1.80","RatecodeID":"1","store_and_fwd_flag":"N","PULocationID":"249","DOLocationID":"4","payment_type":"2","fare_amount":"8.5","extra":"0.5","mta_tax":"0.5","tip_amount":"0","tolls_amount":"0","improvement_surcharge":"0.3","total_amount":"9.8","congestion_surcharge":""},{"VendorID":"1","tpep_pickup_datetime":"2023-05-08 00:10:52","tpep_dropoff_datetime":"2023-09-16 00:51:27","passenger_count":"1","trip_distance":"3.80","RatecodeID":"1","store_and_fwd_flag":"N","PULocationID":"4","DOLocationID":"246","payment_type":"2","fare_amount":"25","extra":"0.5","mta_tax":"0.5","tip_amount":"0","tolls_amount":"0","improvement_surcharge":"0.3","total_amount":"26.3","congestion_surcharge":""},{"VendorID":"1","tpep_pickup_datetime":"2023-08-03 00:53:09","tpep_dropoff_datetime":"2024-01-29 01:21:04","passenger_count":"1","trip_distance":"4.30","RatecodeID":"1","store_and_fwd_flag":"N","PULocationID":"68","DOLocationID":"4","payment_type":"2","fare_amount":"19.5","extra":"0.5","mta_tax":"0.5","tip_amount":"0","tolls_amount":"0","improvement_surcharge":"0.3","total_amount":"20.8","congestion_surcharge":""},{"VendorID":"1","tpep_pickup_datetime":"2023-02-13 00:50:22","tpep_dropoff_datetime":"2023-06-17 01:08:19","passenger_count":"2","trip_distance":"3.30","RatecodeID":"1","store_and_fwd_flag":"N","PULocationID":"164","DOLocationID":"262","payment_type":"1","fare_amount":"14.5","extra":"0.5","mta_tax":"0.5","tip_amount":"3.15","tolls_amount":"0","improvement_surcharge":"0.3","total_amount":"18.95","congestion_surcharge":""},{"VendorID":"1","tpep_pickup_datetime":"2023-11-24 00:06:29","tpep_dropoff_datetime":"2023-07-21 00:22:20","passenger_count":"1","trip_distance":"3.10","RatecodeID":"1","store_and_fwd_flag":"N","PULocationID":"90","DOLocationID":"148","payment_type":"2","fare_amount":"13","extra":"0.5","mta_tax":"0.5","tip_amount":"0","tolls_amount":"0","improvement_surcharge":"0.3","total_amount":"14.3","congestion_surcharge":""},{"VendorID":"1","tpep_pickup_datetime":"2023-05-17 00:29:11","tpep_dropoff_datetime":"2023-07-29 00:32:02","passenger_count":"1","trip_distance":".60","RatecodeID":"1","store_and_fwd_flag":"N","PULocationID":"148","DOLocationID":"232","payment_type":"1","fare_amount":"4","extra":"0.5","mta_tax":"0.5","tip_amount":"1.06","tolls_amount":"0","improvement_surcharge":"0.3","total_amount":"6.36","congestion_surcharge":""},{"VendorID":"1","tpep_pickup_datetime":"2023-11-02 00:33:07","tpep_dropoff_datetime":"2023-07-05 00:41:59","passenger_count":"1","trip_distance":"1.50","RatecodeID":"1","store_and_fwd_flag":"N","PULocationID":"232","DOLocationID":"79","payment_type":"1","fare_amount":"8","extra":"0.5","mta_tax":"0.5","tip_amount":"1.99","tolls_amount":"0","improvement_surcharge":"0.3","total_amount":"11.29","congestion_surcharge":""},{"VendorID":"1","tpep_pickup_datetime":"2023-05-05 00:43:08","tpep_dropoff_datetime":"2023-03-16 01:01:05","passenger_count":"1","trip_distance":"3.60","RatecodeID":"1","store_and_fwd_flag":"N","PULocationID":"79","DOLocationID":"141","payment_type":"1","fare_amount":"14.5","extra":"0.5","mta_tax":"0.5","tip_amount":"3.15","tolls_amount":"0","improvement_surcharge":"0.3","total_amount":"18.95","congestion_surcharge":""},{"VendorID":"2","tpep_pickup_datetime":"2024-01-29 00:02:06","tpep_dropoff_datetime":"2023-08-29 00:10:19","passenger_count":"2","trip_distance":"2.57","RatecodeID":"1","store_and_fwd_flag":"N","PULocationID":"45","DOLocationID":"97","payment_type":"1","fare_amount":"9.5","extra":"0.5","mta_tax":"0.5","tip_amount":"2.16","tolls_amount":"0","improvement_surcharge":"0.3","total_amount":"12.96","congestion_surcharge":""},{"VendorID":"2","tpep_pickup_datetime":"2023-02-15 00:24:57","tpep_dropoff_datetime":"2023-09-05 00:35:42","passenger_count":"2","trip_distance":"2.44","RatecodeID":"1","store_and_fwd_flag":"N","PULocationID":"144","DOLocationID":"256","payment_type":"2","fare_amount":"10.5","extra":"0.5","mta_tax":"0.5","tip_amount":"0","tolls_amount":"0","improvement_surcharge":"0.3","total_amount":"11.8","congestion_surcharge":""},{"VendorID":"2","tpep_pickup_datetime":"2023-03-13 00:46:09","tpep_dropoff_datetime":"2023-04-15 01:06:46","passenger_count":"1","trip_distance":"4.18","RatecodeID":"1","store_and_fwd_flag":"N","PULocationID":"79","DOLocationID":"263","payment_type":"1","fare_amount":"16","extra":"0.5","mta_tax":"0.5","tip_amount":"3.46","tolls_amount":"0","improvement_surcharge":"0.3","total_amount":"20.76","congestion_surcharge":""},{"VendorID":"1","tpep_pickup_datetime":"2023-11-08 00:16:07","tpep_dropoff_datetime":"2023-12-15 00:19:41","passenger_count":"1","trip_distance":"1.00","RatecodeID":"1","store_and_fwd_flag":"N","PULocationID":"140","DOLocationID":"233","payment_type":"1","fare_amount":"5","extra":"0.5","mta_tax":"0.5","tip_amount":"1","tolls_amount":"0","improvement_surcharge":"0.3","total_amount":"7.3","congestion_surcharge":""},{"VendorID":"1","tpep_pickup_datetime":"2023-10-16 00:23:47","tpep_dropoff_datetime":"2023-04-11 00:39:41","passenger_count":"1","trip_distance":"3.90","RatecodeID":"1","store_and_fwd_flag":"N","PULocationID":"229","DOLocationID":"238","payment_type":"1","fare_amount":"14.5","extra":"0.5","mta_tax":"0.5","tip_amount":"4.7","tolls_amount":"0","improvement_surcharge":"0.3","total_amount":"20.5","congestion_surcharge":""},{"VendorID":"1","tpep_pickup_datetime":"2023-01-23 00:43:00","tpep_dropoff_datetime":"2023-04-15 00:52:16","passenger_count":"1","trip_distance":"1.60","RatecodeID":"1","store_and_fwd_flag":"N","PULocationID":"238","DOLocationID":"236","payment_type":"1","fare_amount":"8.5","extra":"0.5","mta_tax":"0.5","tip_amount":"2.9","tolls_amount":"0","improvement_surcharge":"0.3","total_amount":"12.7","congestion_surcharge":""},{"VendorID":"1","tpep_pickup_datetime":"2023-06-16 00:56:17","tpep_dropoff_datetime":"2023-05-28 01:10:19","passenger_count":"1","trip_distance":"3.10","RatecodeID":"1","store_and_fwd_flag":"N","PULocationID":"263","DOLocationID":"137","payment_type":"2","fare_amount":"12","extra":"0.5","mta_tax":"0.5","tip_amount":"0","tolls_amount":"0","improvement_surcharge":"0.3","total_amount":"13.3","congestion_surcharge":""},{"VendorID":"1","tpep_pickup_datetime":"2023-03-03 00:33:30","tpep_dropoff_datetime":"2023-05-25 00:40:44","passenger_count":"2","trip_distance":".60","RatecodeID":"1","store_and_fwd_flag":"N","PULocationID":"113","DOLocationID":"264","payment_type":"1","fare_amount":"6","extra":"0.5","mta_tax":"0.5","tip_amount":"1.45","tolls_amount":"0","improvement_surcharge":"0.3","total_amount":"8.75","congestion_surcharge":""},{"VendorID":"1","tpep_pickup_datetime":"2023-05-19 00:50:41","tpep_dropoff_datetime":"2023-09-09 01:00:04","passenger_count":"2","trip_distance":"1.30","RatecodeID":"1","store_and_fwd_flag":"N","PULocationID":"264","DOLocationID":"264","payment_type":"1","fare_amount":"7.5","extra":"0.5","mta_tax":"0.5","tip_amount":"1.58","tolls_amount":"0","improvement_surcharge":"0.3","total_amount":"10.38","congestion_surcharge":""},{"VendorID":"1","tpep_pickup_datetime":"2024-01-12 00:14:27","tpep_dropoff_datetime":"2023-03-13 00:16:47","passenger_count":"2","trip_distance":".50","RatecodeID":"1","store_and_fwd_flag":"N","PULocationID":"141","DOLocationID":"263","payment_type":"2","fare_amount":"4","extra":"0.5","mta_tax":"0.5","tip_amount":"0","tolls_amount":"0","improvement_surcharge":"0.3","total_amount":"5.3","congestion_surcharge":""},{"VendorID":"1","tpep_pickup_datetime":"2023-03-22 00:18:09","tpep_dropoff_datetime":"2023-07-29 00:30:10","passenger_count":"2","trip_distance":"3.30","RatecodeID":"1","store_and_fwd_flag":"N","PULocationID":"263","DOLocationID":"107","payment_type":"1","fare_amount":"11.5","extra":"0.5","mta_tax":"0.5","tip_amount":"2.55","tolls_amount":"0","improvement_surcharge":"0.3","total_amount":"15.35","congestion_surcharge":""},{"VendorID":"1","tpep_pickup_datetime":"2023-09-07 00:35:57","tpep_dropoff_datetime":"2023-02-24 00:58:35","passenger_count":"1","trip_distance":"4.10","RatecodeID":"1","store_and_fwd_flag":"N","PULocationID":"79","DOLocationID":"263","payment_type":"2","fare_amount":"17","extra":"0.5","mta_tax":"0.5","tip_amount":"0","tolls_amount":"0","improvement_surcharge":"0.3","total_amount":"18.3","congestion_surcharge":""},{"VendorID":"2","tpep_pickup_datetime":"2023-12-10 00:11:39","tpep_dropoff_datetime":"2023-10-04 00:16:39","passenger_count":"3","trip_distance":".69","RatecodeID":"1","store_and_fwd_flag":"N","PULocationID":"140","DOLocationID":"229","payment_type":"2","fare_amount":"5.5","extra":"0.5","mta_tax":"0.5","tip_amount":"0","tolls_amount":"0","improvement_surcharge":"0.3","total_amount":"6.8","congestion_surcharge":""},{"VendorID":"2","tpep_pickup_datetime":"2023-09-19 00:19:13","tpep_dropoff_datetime":"2024-01-08 00:27:33","passenger_count":"3","trip_distance":"1.92","RatecodeID":"1","store_and_fwd_flag":"N","PULocationID":"229","DOLocationID":"236","payment_type":"1","fare_amount":"8.5","extra":"0.5","mta_tax":"0.5","tip_amount":"1.96","tolls_amount":"0","improvement_surcharge":"0.3","total_amount":"11.76","congestion_surcharge":""},{"VendorID":"2","tpep_pickup_datetime":"2023-10-17 00:30:26","tpep_dropoff_datetime":"2023-01-23 00:42:15","passenger_count":"3","trip_distance":"2.43","RatecodeID":"1","store_and_fwd_flag":"N","PULocationID":"43","DOLocationID":"151","payment_type":"1","fare_amount":"11","extra":"0.5","mta_tax":"0.5","tip_amount":"2.46","tolls_amount":"0","improvement_surcharge":"0.3","total_amount":"14.76","congestion_surcharge":""},{"VendorID":"2","tpep_pickup_datetime":"2023-01-24 00:44:29","tpep_dropoff_datetime":"2023-06-02 00:51:23","passenger_count":"3","trip_distance":".83","RatecodeID":"1","store_and_fwd_flag":"N","PULocationID":"151","DOLocationID":"238","payment_type":"1","fare_amount":"6.5","extra":"0.5","mta_tax":"0.5","tip_amount":"0.78","tolls_amount":"0","improvement_surcharge":"0.3","total_amount":"8.58","congestion_surcharge":""},{"VendorID":"2","tpep_pickup_datetime":"2023-04-06 00:54:53","tpep_dropoff_datetime":"2023-02-23 01:11:28","passenger_count":"3","trip_distance":"2.66","RatecodeID":"1","store_and_fwd_flag":"N","PULocationID":"238","DOLocationID":"161","payment_type":"1","fare_amount":"13","extra":"0.5","mta_tax":"0.5","tip_amount":"2.5","tolls_amount":"0","improvement_surcharge":"0.3","total_amount":"16.8","congestion_surcharge":""},{"VendorID":"2","tpep_pickup_datetime":"2023-10-08 17:22:55","tpep_dropoff_datetime":"2023-08-13 16:57:23","passenger_count":"1","trip_distance":"22.59","RatecodeID":"1","store_and_fwd_flag":"N","PULocationID":"132","DOLocationID":"181","payment_type":"1","fare_amount":"60","extra":"0.5","mta_tax":"0.5","tip_amount":"7","tolls_amount":"0","improvement_surcharge":"0.3","total_amount":"68.3","congestion_surcharge":""},{"VendorID":"1","tpep_pickup_datetime":"2023-05-06 00:32:20","tpep_dropoff_datetime":"2023-06-13 00:43:43","passenger_count":"1","trip_distance":".20","RatecodeID":"1","store_and_fwd_flag":"Y","PULocationID":"186","DOLocationID":"186","payment_type":"2","fare_amount":"8","extra":"0.5","mta_tax":"0.5","tip_amount":"0","tolls_amount":"0","improvement_surcharge":"0.3","total_amount":"9.3","congestion_surcharge":""},{"VendorID":"1","tpep_pickup_datetime":"2023-08-04 00:19:19","tpep_dropoff_datetime":"2023-10-17 00:28:55","passenger_count":"1","trip_distance":"1.20","RatecodeID":"1","store_and_fwd_flag":"N","PULocationID":"68","DOLocationID":"79","payment_type":"1","fare_amount":"7.5","extra":"0.5","mta_tax":"0.5","tip_amount":"1","tolls_amount":"0","improvement_surcharge":"0.3","total_amount":"9.8","congestion_surcharge":""},{"VendorID":"1","tpep_pickup_datetime":"2024-01-30 00:39:18","tpep_dropoff_datetime":"2023-04-28 01:14:25","passenger_count":"1","trip_distance":"5.00","RatecodeID":"1","store_and_fwd_flag":"N","PULocationID":"79","DOLocationID":"143","payment_type":"1","fare_amount":"22.5","extra":"0.5","mta_tax":"0.5","tip_amount":"4.75","tolls_amount":"0","improvement_surcharge":"0.3","total_amount":"28.55","congestion_surcharge":""},{"VendorID":"2","tpep_pickup_datetime":"2023-06-25 00:23:47","tpep_dropoff_datetime":"2023-07-14 00:31:13","passenger_count":"1","trip_distance":"1.68","RatecodeID":"1","store_and_fwd_flag":"N","PULocationID":"236","DOLocationID":"238","payment_type":"1","fare_amount":"8","extra":"0.5","mta_tax":"0.5","tip_amount":"1.86","tolls_amount":"0","improvement_surcharge":"0.3","total_amount":"11.16","congestion_surcharge":""},{"VendorID":"2","tpep_pickup_datetime":"2023-11-08 00:33:45","tpep_dropoff_datetime":"2023-03-23 00:37:11","passenger_count":"1","trip_distance":".65","RatecodeID":"1","store_and_fwd_flag":"N","PULocationID":"238","DOLocationID":"239","payment_type":"2","fare_amount":"4.5","extra":"0.5","mta_tax":"0.5","tip_amount":"0","tolls_amount":"0","improvement_surcharge":"0.3","total_amount":"5.8","congestion_surcharge":""},{"VendorID":"2","tpep_pickup_datetime":"2024-01-06 00:40:53","tpep_dropoff_datetime":"2023-07-11 01:03:47","passenger_count":"1","trip_distance":"5.15","RatecodeID":"1","store_and_fwd_flag":"N","PULocationID":"239","DOLocationID":"145","payment_type":"1","fare_amount":"19","extra":"0.5","mta_tax":"0.5","tip_amount":"5.08","tolls_amount":"0","improvement_surcharge":"0.3","total_amount":"25.38","congestion_surcharge":""},{"VendorID":"1","tpep_pickup_datetime":"2023-05-13 00:19:39","tpep_dropoff_datetime":"2023-05-09 00:40:41","passenger_count":"2","trip_distance":".60","RatecodeID":"1","store_and_fwd_flag":"N","PULocationID":"161","DOLocationID":"170","payment_type":"1","fare_amount":"13","extra":"0.5","mta_tax":"0.5","tip_amount":"25","tolls_amount":"0","improvement_surcharge":"0.3","total_amount":"39.3","congestion_surcharge":""},{"VendorID":"1","tpep_pickup_datetime":"2023-12-12 00:37:48","tpep_dropoff_datetime":"2023-01-30 00:54:33","passenger_count":"2","trip_distance":"1.30","RatecodeID":"1","store_and_fwd_flag":"N","PULocationID":"249","DOLocationID":"107","payment_type":"1","fare_amount":"11.5","extra":"0.5","mta_tax":"0.5","tip_amount":"3.8","tolls_amount":"0","improvement_surcharge":"0.3","total_amount":"16.6","congestion_surcharge":""},{"VendorID":"1","tpep_pickup_datetime":"2024-01-16 00:56:10","tpep_dropoff_datetime":"2023-09-27 01:08:57","passenger_count":"2","trip_distance":"1.70","RatecodeID":"1","store_and_fwd_flag":"N","PULocationID":"107","DOLocationID":"229","payment_type":"1","fare_amount":"9.5","extra":"0.5","mta_tax":"0.5","tip_amount":"1","tolls_amount":"0","improvement_surcharge":"0.3","total_amount":"11.8","congestion_surcharge":""},{"VendorID":"2","tpep_pickup_datetime":"2023-05-02 00:38:26","tpep_dropoff_datetime":"2024-01-05 01:01:28","passenger_count":"1","trip_distance":"6.91","RatecodeID":"1","store_and_fwd_flag":"N","PULocationID":"170","DOLocationID":"42","payment_type":"2","fare_amount":"21.5","extra":"0.5","mta_tax":"0.5","tip_amount":"0","tolls_amount":"0","improvement_surcharge":"0.3","total_amount":"22.8","congestion_surcharge":""},{"VendorID":"2","tpep_pickup_datetime":"2023-08-07 00:22:06","tpep_dropoff_datetime":"2023-04-30 00:40:51","passenger_count":"5","trip_distance":"5.08","RatecodeID":"1","store_and_fwd_flag":"N","PULocationID":"158","DOLocationID":"238","payment_type":"1","fare_amount":"18","extra":"0.5","mta_tax":"0.5","tip_amount":"4.82","tolls_amount":"0","improvement_surcharge":"0.3","total_amount":"24.12","congestion_surcharge":""},{"VendorID":"2","tpep_pickup_datetime":"2023-12-19 00:44:26","tpep_dropoff_datetime":"2023-05-07 00:57:21","passenger_count":"5","trip_distance":"2.11","RatecodeID":"1","store_and_fwd_flag":"N","PULocationID":"239","DOLocationID":"236","payment_type":"1","fare_amount":"11","extra":"0.5","mta_tax":"0.5","tip_amount":"1.7","tolls_amount":"0","improvement_surcharge":"0.3","total_amount":"14","congestion_surcharge":""},{"VendorID":"1","tpep_pickup_datetime":"2023-05-01 00:14:33","tpep_dropoff_datetime":"2023-04-20 00:42:21","passenger_count":"2","trip_distance":"5.30","RatecodeID":"1","store_and_fwd_flag":"N","PULocationID":"50","DOLocationID":"148","payment_type":"1","fare_amount":"21.5","extra":"0.5","mta_tax":"0.5","tip_amount":"4.55","tolls_amount":"0","improvement_surcharge":"0.3","total_amount":"27.35","congestion_surcharge":""},{"VendorID":"1","tpep_pickup_datetime":"2023-05-31 00:46:52","tpep_dropoff_datetime":"2023-09-17 00:57:48","passenger_count":"3","trip_distance":"1.70","RatecodeID":"1","store_and_fwd_flag":"N","PULocationID":"148","DOLocationID":"107","payment_type":"1","fare_amount":"9","extra":"0.5","mta_tax":"0.5","tip_amount":"2.05","tolls_amount":"0","improvement_surcharge":"0.3","total_amount":"12.35","congestion_surcharge":""},{"VendorID":"1","tpep_pickup_datetime":"2023-02-06 00:58:29","tpep_dropoff_datetime":"2023-01-07 01:20:06","passenger_count":"3","trip_distance":"3.60","RatecodeID":"1","store_and_fwd_flag":"N","PULocationID":"107","DOLocationID":"262","payment_type":"1","fare_amount":"15.5","extra":"0.5","mta_tax":"0.5","tip_amount":"3.35","tolls_amount":"0","improvement_surcharge":"0.3","total_amount":"20.15","congestion_surcharge":""},{"VendorID":"2","tpep_pickup_datetime":"2023-06-23 00:12:43","tpep_dropoff_datetime":"2023-11-30 00:33:19","passenger_count":"1","trip_distance":"3.13","RatecodeID":"1","store_and_fwd_flag":"N","PULocationID":"161","DOLocationID":"239","payment_type":"2","fare_amount":"14.5","extra":"0.5","mta_tax":"0.5","tip_amount":"0","tolls_amount":"0","improvement_surcharge":"0.3","total_amount":"15.8","congestion_surcharge":""},{"VendorID":"2","tpep_pickup_datetime":"2023-08-14 00:35:11","tpep_dropoff_datetime":"2024-01-23 00:43:27","passenger_count":"1","trip_distance":"1.07","RatecodeID":"1","store_and_fwd_flag":"N","PULocationID":"239","DOLocationID":"48","payment_type":"2","fare_amount":"7.5","extra":"0.5","mta_tax":"0.5","tip_amount":"0","tolls_amount":"0","improvement_surcharge":"0.3","total_amount":"8.8","congestion_surcharge":""},{"VendorID":"2","tpep_pickup_datetime":"2023-07-16 00:48:00","tpep_dropoff_datetime":"2023-12-07 00:56:03","passenger_count":"1","trip_distance":".77","RatecodeID":"1","store_and_fwd_flag":"N","PULocationID":"143","DOLocationID":"48","payment_type":"2","fare_amount":"6.5","extra":"0.5","mta_tax":"0.5","tip_amount":"0","tolls_amount":"0","improvement_surcharge":"0.3","total_amount":"7.8","congestion_surcharge":""},{"VendorID":"2","tpep_pickup_datetime":"2023-12-27 00:42:41","tpep_dropoff_datetime":"2023-11-26 00:55:14","passenger_count":"1","trip_distance":"2.12","RatecodeID":"1","store_and_fwd_flag":"N","PULocationID":"237","DOLocationID":"263","payment_type":"1","fare_amount":"10","extra":"0.5","mta_tax":"0.5","tip_amount":"2.26","tolls_amount":"0","improvement_surcharge":"0.3","total_amount":"13.56","congestion_surcharge":""},{"VendorID":"2","tpep_pickup_datetime":"2023-06-04 00:39:58","tpep_dropoff_datetime":"2023-05-07 01:42:57","passenger_count":"2","trip_distance":"20.01","RatecodeID":"2","store_and_fwd_flag":"N","PULocationID":"132","DOLocationID":"50","payment_type":"2","fare_amount":"52","extra":"0","mta_tax":"0.5","tip_amount":"0","tolls_amount":"5.76","improvement_surcharge":"0.3","total_amount":"58.56","congestion_surcharge":""},{"VendorID":"1","tpep_pickup_datetime":"2024-01-05 00:23:30","tpep_dropoff_datetime":"2023-04-26 00:32:59","passenger_count":"2","trip_distance":"1.40","RatecodeID":"1","store_and_fwd_flag":"N","PULocationID":"238","DOLocationID":"236","payment_type":"2","fare_amount":"8","extra":"0.5","mta_tax":"0.5","tip_amount":"0","tolls_amount":"0","improvement_surcharge":"0.3","total_amount":"9.3","congestion_surcharge":""},{"VendorID":"1","tpep_pickup_datetime":"2023-04-05 00:36:58","tpep_dropoff_datetime":"2023-04-08 00:45:51","passenger_count":"3","trip_distance":".70","RatecodeID":"1","store_and_fwd_flag":"N","PULocationID":"236","DOLocationID":"262","payment_type":"1","fare_amount":"7","extra":"0.5","mta_tax":"0.5","tip_amount":"2.45","tolls_amount":"0","improvement_surcharge":"0.3","total_amount":"10.75","congestion_surcharge":""},{"VendorID":"1","tpep_pickup_datetime":"2023-08-14 00:22:30","tpep_dropoff_datetime":"2023-02-21 00:40:50","passenger_count":"2","trip_distance":"2.80","RatecodeID":"1","store_and_fwd_flag":"N","PULocationID":"249","DOLocationID":"162","payment_type":"2","fare_amount":"13.5","extra":"0.5","mta_tax":"0.5","tip_amount":"0","tolls_amount":"0","improvement_surcharge":"0.3","total_amount":"14.8","congestion_surcharge":""},{"VendorID":"1","tpep_pickup_datetime":"2023-10-07 00:47:00","tpep_dropoff_datetime":"2024-01-30 00:52:18","passenger_count":"1","trip_distance":"1.00","RatecodeID":"1","store_and_fwd_flag":"N","PULocationID":"236","DOLocationID":"140","payment_type":"2","fare_amount":"6","extra":"0.5","mta_tax":"0.5","tip_amount":"0","tolls_amount":"0","improvement_surcharge":"0.3","total_amount":"7.3","congestion_surcharge":""},{"VendorID":"1","tpep_pickup_datetime":"2023-11-15 00:55:39","tpep_dropoff_datetime":"2023-07-12 01:03:06","passenger_count":"4","trip_distance":"1.90","RatecodeID":"1","store_and_fwd_flag":"N","PULocationID":"140","DOLocationID":"162","payment_type":"2","fare_amount":"8","extra":"0.5","mta_tax":"0.5","tip_amount":"0","tolls_amount":"0","improvement_surcharge":"0.3","total_amount":"9.3","congestion_surcharge":""},{"VendorID":"2","tpep_pickup_datetime":"2023-07-31 00:28:37","tpep_dropoff_datetime":"2023-02-17 00:31:37","passenger_count":"1","trip_distance":".76","RatecodeID":"1","store_and_fwd_flag":"N","PULocationID":"142","DOLocationID":"239","payment_type":"1","fare_amount":"4.5","extra":"0.5","mta_tax":"0.5","tip_amount":"2","tolls_amount":"0","improvement_surcharge":"0.3","total_amount":"7.8","congestion_surcharge":""},{"VendorID":"2","tpep_pickup_datetime":"2023-08-28 00:33:19","tpep_dropoff_datetime":"2023-05-30 00:46:44","passenger_count":"1","trip_distance":"3.60","RatecodeID":"1","store_and_fwd_flag":"N","PULocationID":"239","DOLocationID":"68","payment_type":"1","fare_amount":"13.5","extra":"0.5","mta_tax":"0.5","tip_amount":"2","tolls_amount":"0","improvement_surcharge":"0.3","total_amount":"16.8","congestion_surcharge":""},{"VendorID":"2","tpep_pickup_datetime":"2023-12-20 00:59:05","tpep_dropoff_datetime":"2023-03-03 01:19:25","passenger_count":"2","trip_distance":"3.80","RatecodeID":"1","store_and_fwd_flag":"N","PULocationID":"246","DOLocationID":"43","payment_type":"2","fare_amount":"16.5","extra":"0.5","mta_tax":"0.5","tip_amount":"0","tolls_amount":"0","improvement_surcharge":"0.3","total_amount":"17.8","congestion_surcharge":""},{"VendorID":"2","tpep_pickup_datetime":"2023-04-30 00:11:27","tpep_dropoff_datetime":"2023-05-27 00:46:29","passenger_count":"5","trip_distance":"21.42","RatecodeID":"2","store_and_fwd_flag":"N","PULocationID":"132","DOLocationID":"87","payment_type":"1","fare_amount":"52","extra":"0","mta_tax":"0.5","tip_amount":"11.71","tolls_amount":"5.76","improvement_surcharge":"0.3","total_amount":"70.27","congestion_surcharge":""},{"VendorID":"2","tpep_pickup_datetime":"2023-02-03 00:19:27","tpep_dropoff_datetime":"2023-06-02 01:03:21","passenger_count":"1","trip_distance":"10.84","RatecodeID":"1","store_and_fwd_flag":"N","PULocationID":"114","DOLocationID":"198","payment_type":"2","fare_amount":"37.5","extra":"0.5","mta_tax":"0.5","tip_amount":"0","tolls_amount":"0","improvement_surcharge":"0.3","total_amount":"38.8","congestion_surcharge":""},{"VendorID":"1","tpep_pickup_datetime":"2023-06-19 00:11:49","tpep_dropoff_datetime":"2023-11-07 00:23:07","passenger_count":"2","trip_distance":"3.60","RatecodeID":"1","store_and_fwd_flag":"N","PULocationID":"161","DOLocationID":"41","payment_type":"1","fare_amount":"12.5","extra":"0.5","mta_tax":"0.5","tip_amount":"2.5","tolls_amount":"0","improvement_surcharge":"0.3","total_amount":"16.3","congestion_surcharge":""},{"VendorID":"1","tpep_pickup_datetime":"2023-08-25 00:38:41","tpep_dropoff_datetime":"2023-08-16 01:08:52","passenger_count":"4","trip_distance":"3.20","RatecodeID":"1","store_and_fwd_flag":"N","PULocationID":"161","DOLocationID":"249","payment_type":"2","fare_amount":"18.5","extra":"0.5","mta_tax":"0.5","tip_amount":"0","tolls_amount":"0","improvement_surcharge":"0.3","total_amount":"19.8","congestion_surcharge":""},{"VendorID":"2","tpep_pickup_datetime":"2023-10-03 00:14:19","tpep_dropoff_datetime":"2023-08-15 00:17:03","passenger_count":"2","trip_distance":".78","RatecodeID":"1","store_and_fwd_flag":"N","PULocationID":"236","DOLocationID":"236","payment_type":"1","fare_amount":"4.5","extra":"0.5","mta_tax":"0.5","tip_amount":"1.16","tolls_amount":"0","improvement_surcharge":"0.3","total_amount":"6.96","congestion_surcharge":""},{"VendorID":"2","tpep_pickup_datetime":"2024-01-30 00:20:57","tpep_dropoff_datetime":"2023-05-01 00:30:01","passenger_count":"1","trip_distance":"1.71","RatecodeID":"1","store_and_fwd_flag":"N","PULocationID":"236","DOLocationID":"142","payment_type":"2","fare_amount":"8.5","extra":"0.5","mta_tax":"0.5","tip_amount":"0","tolls_amount":"0","improvement_surcharge":"0.3","total_amount":"9.8","congestion_surcharge":""},{"VendorID":"2","tpep_pickup_datetime":"2023-06-26 00:36:13","tpep_dropoff_datetime":"2023-01-24 00:46:08","passenger_count":"2","trip_distance":"2.28","RatecodeID":"1","store_and_fwd_flag":"N","PULocationID":"43","DOLocationID":"151","payment_type":"1","fare_amount":"9.5","extra":"0.5","mta_tax":"0.5","tip_amount":"2.16","tolls_amount":"0","improvement_surcharge":"0.3","total_amount":"12.96","congestion_surcharge":""},{"VendorID":"2","tpep_pickup_datetime":"2023-07-26 00:56:36","tpep_dropoff_datetime":"2023-11-19 01:04:49","passenger_count":"2","trip_distance":"1.57","RatecodeID":"1","store_and_fwd_flag":"N","PULocationID":"238","DOLocationID":"41","payment_type":"1","fare_amount":"8","extra":"0.5","mta_tax":"0.5","tip_amount":"1.86","tolls_amount":"0","improvement_surcharge":"0.3","total_amount":"11.16","congestion_surcharge":""},{"VendorID":"2","tpep_pickup_datetime":"2023-08-29 00:27:41","tpep_dropoff_datetime":"2023-07-13 00:42:43","passenger_count":"1","trip_distance":"2.80","RatecodeID":"1","store_and_fwd_flag":"N","PULocationID":"113","DOLocationID":"229","payment_type":"2","fare_amount":"12","extra":"0.5","mta_tax":"0.5","tip_amount":"0","tolls_amount":"0","improvement_surcharge":"0.3","total_amount":"13.3","congestion_surcharge":""},{"VendorID":"2","tpep_pickup_datetime":"2023-03-01 00:46:37","tpep_dropoff_datetime":"2023-08-07 00:53:37","passenger_count":"1","trip_distance":"1.18","RatecodeID":"1","store_and_fwd_flag":"N","PULocationID":"141","DOLocationID":"262","payment_type":"1","fare_amount":"7","extra":"0.5","mta_tax":"0.5","tip_amount":"1.66","tolls_amount":"0","improvement_surcharge":"0.3","total_amount":"9.96","congestion_surcharge":""},{"VendorID":"1","tpep_pickup_datetime":"2023-04-26 00:21:23","tpep_dropoff_datetime":"2023-01-17 00:26:07","passenger_count":"2","trip_distance":".40","RatecodeID":"1","store_and_fwd_flag":"N","PULocationID":"233","DOLocationID":"233","payment_type":"2","fare_amount":"4.5","extra":"0.5","mta_tax":"0.5","tip_amount":"0","tolls_amount":"0","improvement_surcharge":"0.3","total_amount":"5.8","congestion_surcharge":""},{"VendorID":"1","tpep_pickup_datetime":"2023-10-27 00:49:45","tpep_dropoff_datetime":"2023-07-06 00:56:01","passenger_count":"1","trip_distance":"1.00","RatecodeID":"1","store_and_fwd_flag":"N","PULocationID":"113","DOLocationID":"79","payment_type":"2","fare_amount":"6","extra":"0.5","mta_tax":"0.5","tip_amount":"0","tolls_amount":"0","improvement_surcharge":"0.3","total_amount":"7.3","congestion_surcharge":""},{"VendorID":"1","tpep_pickup_datetime":"2023-10-11 00:56:42","tpep_dropoff_datetime":"2023-02-15 01:26:09","passenger_count":"4","trip_distance":"6.00","RatecodeID":"1","store_and_fwd_flag":"N","PULocationID":"79","DOLocationID":"75","payment_type":"1","fare_amount":"24","extra":"0.5","mta_tax":"0.5","tip_amount":"5.05","tolls_amount":"0","improvement_surcharge":"0.3","total_amount":"30.35","congestion_surcharge":""},{"VendorID":"2","tpep_pickup_datetime":"2024-01-09 00:10:50","tpep_dropoff_datetime":"2024-01-26 00:17:46","passenger_count":"5","trip_distance":"1.32","RatecodeID":"1","store_and_fwd_flag":"N","PULocationID":"42","DOLocationID":"41","payment_type":"2","fare_amount":"7","extra":"0.5","mta_tax":"0.5","tip_amount":"0","tolls_amount":"0","improvement_surcharge":"0.3","total_amount":"8.3","congestion_surcharge":""},{"VendorID":"2","tpep_pickup_datetime":"2023-01-27 00:32:36","tpep_dropoff_datetime":"2023-05-17 00:54:08","passenger_count":"3","trip_distance":"3.65","RatecodeID":"1","store_and_fwd_flag":"N","PULocationID":"43","DOLocationID":"224","payment_type":"2","fare_amount":"15.5","extra":"0.5","mta_tax":"0.5","tip_amount":"0","tolls_amount":"0","improvement_surcharge":"0.3","total_amount":"16.8","congestion_surcharge":""},{"VendorID":"1","tpep_pickup_datetime":"2023-11-05 00:32:24","tpep_dropoff_datetime":"2023-12-10 00:33:21","passenger_count":"0","trip_distance":"5.30","RatecodeID":"1","store_and_fwd_flag":"N","PULocationID":"50","DOLocationID":"50","payment_type":"1","fare_amount":"2.5","extra":"0.5","mta_tax":"0.5","tip_amount":"0.75","tolls_amount":"0","improvement_surcharge":"0.3","total_amount":"4.55","congestion_surcharge":""},{"VendorID":"1","tpep_pickup_datetime":"2024-01-14 00:36:37","tpep_dropoff_datetime":"2023-06-07 00:42:40","passenger_count":"1","trip_distance":"1.40","RatecodeID":"1","store_and_fwd_flag":"N","PULocationID":"50","DOLocationID":"239","payment_type":"1","fare_amount":"6.5","extra":"0.5","mta_tax":"0.5","tip_amount":"1.55","tolls_amount":"0","improvement_surcharge":"0.3","total_amount":"9.35","congestion_surcharge":""},{"VendorID":"1","tpep_pickup_datetime":"2023-07-27 00:44:29","tpep_dropoff_datetime":"2023-04-05 00:48:05","passenger_count":"3","trip_distance":".60","RatecodeID":"1","store_and_fwd_flag":"N","PULocationID":"238","DOLocationID":"238","payment_type":"2","fare_amount":"4.5","extra":"0.5","mta_tax":"0.5","tip_amount":"0","tolls_amount":"0","improvement_surcharge":"0.3","total_amount":"5.8","congestion_surcharge":""},{"VendorID":"1","tpep_pickup_datetime":"2023-02-10 00:52:53","tpep_dropoff_datetime":"2023-09-13 01:27:03","passenger_count":"2","trip_distance":"14.40","RatecodeID":"1","store_and_fwd_flag":"N","PULocationID":"238","DOLocationID":"98","payment_type":"2","fare_amount":"42","extra":"0.5","mta_tax":"0.5","tip_amount":"0","tolls_amount":"5.76","improvement_surcharge":"0.3","total_amount":"49.06","congestion_surcharge":""},{"VendorID":"2","tpep_pickup_datetime":"2023-03-26 00:28:12","tpep_dropoff_datetime":"2023-02-15 00:34:55","passenger_count":"1","trip_distance":"1.43","RatecodeID":"1","store_and_fwd_flag":"N","PULocationID":"14","DOLocationID":"228","payment_type":"2","fare_amount":"7","extra":"0.5","mta_tax":"0.5","tip_amount":"0","tolls_amount":"0","improvement_surcharge":"0.3","total_amount":"8.3","congestion_surcharge":""},{"VendorID":"2","tpep_pickup_datetime":"2023-12-21 00:55:16","tpep_dropoff_datetime":"2024-01-17 01:01:05","passenger_count":"1","trip_distance":"1.00","RatecodeID":"1","store_and_fwd_flag":"N","PULocationID":"11","DOLocationID":"22","payment_type":"2","fare_amount":"6","extra":"0.5","mta_tax":"0.5","tip_amount":"0","tolls_amount":"0","improvement_surcharge":"0.3","total_amount":"7.3","congestion_surcharge":""},{"VendorID":"1","tpep_pickup_datetime":"2023-08-27 00:29:10","tpep_dropoff_datetime":"2023-01-14 01:23:09","passenger_count":"2","trip_distance":"11.00","RatecodeID":"1","store_and_fwd_flag":"N","PULocationID":"181","DOLocationID":"239","payment_type":"1","fare_amount":"40","extra":"0.5","mta_tax":"0.5","tip_amount":"10.33","tolls_amount":"0","improvement_surcharge":"0.3","total_amount":"51.63","congestion_surcharge":""},{"VendorID":"2","tpep_pickup_datetime":"2023-08-02 00:20:30","tpep_dropoff_datetime":"2023-10-31 00:36:07","passenger_count":"1","trip_distance":"1.50","RatecodeID":"1","store_and_fwd_flag":"N","PULocationID":"161","DOLocationID":"229","payment_type":"2","fare_amount":"10.5","extra":"0.5","mta_tax":"0.5","tip_amount":"0","tolls_amount":"0","improvement_surcharge":"0.3","total_amount":"11.8","congestion_surcharge":""},{"VendorID":"2","tpep_pickup_datetime":"2023-04-18 00:42:50","tpep_dropoff_datetime":"2023-08-26 00:51:48","passenger_count":"1","trip_distance":".72","RatecodeID":"1","store_and_fwd_flag":"N","PULocationID":"162","DOLocationID":"43","payment_type":"2","fare_amount":"7","extra":"0.5","mta_tax":"0.5","tip_amount":"0","tolls_amount":"0","improvement_surcharge":"0.3","total_amount":"8.3","congestion_surcharge":""},{"VendorID":"2","tpep_pickup_datetime":"2024-01-08 00:53:39","tpep_dropoff_datetime":"2023-06-09 00:51:48","passenger_count":"1","trip_distance":"2.60","RatecodeID":"1","store_and_fwd_flag":"N","PULocationID":"43","DOLocationID":"137","payment_type":"1","fare_amount":"13","extra":"0.5","mta_tax":"0.5","tip_amount":"2.14","tolls_amount":"0","improvement_surcharge":"0.3","total_amount":"16.44","congestion_surcharge":""},{"VendorID":"1","tpep_pickup_datetime":"2024-01-04 00:16:33","tpep_dropoff_datetime":"2023-06-04 00:23:16","passenger_count":"1","trip_distance":"1.50","RatecodeID":"1","store_and_fwd_flag":"N","PULocationID":"236","DOLocationID":"237","payment_type":"1","fare_amount":"7","extra":"0.5","mta_tax":"0.5","tip_amount":"1.65","tolls_amount":"0","improvement_surcharge":"0.3","total_amount":"9.95","congestion_surcharge":""},{"VendorID":"1","tpep_pickup_datetime":"2023-07-26 00:24:43","tpep_dropoff_datetime":"2023-12-30 00:30:13","passenger_count":"1","trip_distance":"1.00","RatecodeID":"1","store_and_fwd_flag":"N","PULocationID":"237","DOLocationID":"140","payment_type":"2","fare_amount":"6","extra":"0.5","mta_tax":"0.5","tip_amount":"0","tolls_amount":"0","improvement_surcharge":"0.3","total_amount":"7.3","congestion_surcharge":""},{"VendorID":"1","tpep_pickup_datetime":"2023-09-24 00:34:18","tpep_dropoff_datetime":"2023-06-05 00:38:47","passenger_count":"1","trip_distance":".60","RatecodeID":"1","store_and_fwd_flag":"N","PULocationID":"140","DOLocationID":"237","payment_type":"1","fare_amount":"5","extra":"0.5","mta_tax":"0.5","tip_amount":"1.25","tolls_amount":"0","improvement_surcharge":"0.3","total_amount":"7.55","congestion_surcharge":""},{"VendorID":"1","tpep_pickup_datetime":"2023-04-18 00:39:55","tpep_dropoff_datetime":"2023-12-01 00:51:01","passenger_count":"1","trip_distance":"1.90","RatecodeID":"1","store_and_fwd_flag":"N","PULocationID":"237","DOLocationID":"238","payment_type":"1","fare_amount":"9.5","extra":"0.5","mta_tax":"0.5","tip_amount":"3.2","tolls_amount":"0","improvement_surcharge":"0.3","total_amount":"14","congestion_surcharge":""},{"VendorID":"1","tpep_pickup_datetime":"2023-09-16 00:52:47","tpep_dropoff_datetime":"2024-01-19 00:59:52","passenger_count":"1","trip_distance":"1.90","RatecodeID":"1","store_and_fwd_flag":"N","PULocationID":"238","DOLocationID":"237","payment_type":"1","fare_amount":"8","extra":"0.5","mta_tax":"0.5","tip_amount":"1.85","tolls_amount":"0","improvement_surcharge":"0.3","total_amount":"11.15","congestion_surcharge":""},{"VendorID":"1","tpep_pickup_datetime":"2023-03-25 00:24:43","tpep_dropoff_datetime":"2023-05-25 00:37:30","passenger_count":"1","trip_distance":"1.30","RatecodeID":"1","store_and_fwd_flag":"N","PULocationID":"162","DOLocationID":"107","payment_type":"1","fare_amount":"9.5","extra":"0.5","mta_tax":"0.5","tip_amount":"2.15","tolls_amount":"0","improvement_surcharge":"0.3","total_amount":"12.95","congestion_surcharge":""},{"VendorID":"1","tpep_pickup_datetime":"2023-09-10 00:47:22","tpep_dropoff_datetime":"2023-04-08 00:55:16","passenger_count":"1","trip_distance":".80","RatecodeID":"1","store_and_fwd_flag":"N","PULocationID":"107","DOLocationID":"79","payment_type":"1","fare_amount":"6.5","extra":"0.5","mta_tax":"0.5","tip_amount":"1.55","tolls_amount":"0","improvement_surcharge":"0.3","total_amount":"9.35","congestion_surcharge":""},{"VendorID":"1","tpep_pickup_datetime":"2023-01-21 00:59:36","tpep_dropoff_datetime":"2023-04-11 01:28:32","passenger_count":"1","trip_distance":"3.80","RatecodeID":"1","store_and_fwd_flag":"N","PULocationID":"113","DOLocationID":"142","payment_type":"1","fare_amount":"19.5","extra":"0.5","mta_tax":"0.5","tip_amount":"4.15","tolls_amount":"0","improvement_surcharge":"0.3","total_amount":"24.95","congestion_surcharge":""},{"VendorID":"1","tpep_pickup_datetime":"2024-01-04 00:18:04","tpep_dropoff_datetime":"2023-12-25 00:25:32","passenger_count":"1","trip_distance":"1.30","RatecodeID":"1","store_and_fwd_flag":"N","PULocationID":"161","DOLocationID":"137","payment_type":"1","fare_amount":"7","extra":"0.5","mta_tax":"0.5","tip_amount":"0","tolls_amount":"0","improvement_surcharge":"0.3","total_amount":"8.3","congestion_surcharge":""},{"VendorID":"1","tpep_pickup_datetime":"2023-07-09 00:40:33","tpep_dropoff_datetime":"2023-03-30 00:44:25","passenger_count":"2","trip_distance":".40","RatecodeID":"1","store_and_fwd_flag":"N","PULocationID":"164","DOLocationID":"170","payment_type":"4","fare_amount":"4.5","extra":"0.5","mta_tax":"0.5","tip_amount":"0","tolls_amount":"0","improvement_surcharge":"0.3","total_amount":"5.8","congestion_surcharge":""},{"VendorID":"1","tpep_pickup_datetime":"2023-01-15 00:59:13","tpep_dropoff_datetime":"2023-12-08 01:01:44","passenger_count":"6","trip_distance":".50","RatecodeID":"1","store_and_fwd_flag":"N","PULocationID":"161","DOLocationID":"161","payment_type":"3","fare_amount":"4","extra":"0.5","mta_tax":"0.5","tip_amount":"0","tolls_amount":"0","improvement_surcharge":"0.3","total_amount":"5.3","congestion_surcharge":""},{"VendorID":"1","tpep_pickup_datetime":"2023-08-25 00:10:40","tpep_dropoff_datetime":"2023-03-25 00:27:11","passenger_count":"2","trip_distance":"4.30","RatecodeID":"1","store_and_fwd_flag":"N","PULocationID":"229","DOLocationID":"223","payment_type":"2","fare_amount":"16","extra":"0.5","mta_tax":"0.5","tip_amount":"0","tolls_amount":"0","improvement_surcharge":"0.3","total_amount":"17.3","congestion_surcharge":""},{"VendorID":"2","tpep_pickup_datetime":"2023-10-14 00:25:03","tpep_dropoff_datetime":"2023-06-11 01:02:07","passenger_count":"6","trip_distance":"3.58","RatecodeID":"1","store_and_fwd_flag":"N","PULocationID":"211","DOLocationID":"48","payment_type":"2","fare_amount":"23","extra":"0.5","mta_tax":"0.5","tip_amount":"0","tolls_amount":"0","improvement_surcharge":"0.3","total_amount":"24.3","congestion_surcharge":""},{"VendorID":"1","tpep_pickup_datetime":"2023-12-07 00:26:54","tpep_dropoff_datetime":"2023-10-08 00:49:47","passenger_count":"2","trip_distance":"2.10","RatecodeID":"1","store_and_fwd_flag":"N","PULocationID":"158","DOLocationID":"107","payment_type":"2","fare_amount":"14.5","extra":"0.5","mta_tax":"0.5","tip_amount":"0","tolls_amount":"0","improvement_surcharge":"0.3","total_amount":"15.8","congestion_surcharge":""},{"VendorID":"2","tpep_pickup_datetime":"2023-04-18 00:18:00","tpep_dropoff_datetime":"2023-12-20 00:26:10","passenger_count":"1","trip_distance":"1.11","RatecodeID":"1","store_and_fwd_flag":"N","PULocationID":"13","DOLocationID":"231","payment_type":"1","fare_amount":"7","extra":"0.5","mta_tax":"0.5","tip_amount":"0","tolls_amount":"0","improvement_surcharge":"0.3","total_amount":"8.3","congestion_surcharge":""},{"VendorID":"2","tpep_pickup_datetime":"2023-02-12 00:33:25","tpep_dropoff_datetime":"2023-07-02 01:07:18","passenger_count":"1","trip_distance":"5.63","RatecodeID":"1","store_and_fwd_flag":"N","PULocationID":"113","DOLocationID":"238","payment_type":"1","fare_amount":"24","extra":"0.5","mta_tax":"0.5","tip_amount":"5.06","tolls_amount":"0","improvement_surcharge":"0.3","total_amount":"30.36","congestion_surcharge":""},{"VendorID":"1","tpep_pickup_datetime":"2023-08-03 00:11:00","tpep_dropoff_datetime":"2023-05-01 00:15:28","passenger_count":"1","trip_distance":".80","RatecodeID":"1","store_and_fwd_flag":"N","PULocationID":"79","DOLocationID":"79","payment_type":"1","fare_amount":"5","extra":"0.5","mta_tax":"0.5","tip_amount":"1.26","tolls_amount":"0","improvement_surcharge":"0.3","total_amount":"7.56","congestion_surcharge":""},{"VendorID":"1","tpep_pickup_datetime":"2023-03-04 00:17:57","tpep_dropoff_datetime":"2024-01-27 00:27:43","passenger_count":"1","trip_distance":"3.70","RatecodeID":"1","store_and_fwd_flag":"N","PULocationID":"107","DOLocationID":"87","payment_type":"1","fare_amount":"13","extra":"0.5","mta_tax":"0.5","tip_amount":"2.85","tolls_amount":"0","improvement_surcharge":"0.3","total_amount":"17.15","congestion_surcharge":""},{"VendorID":"1","tpep_pickup_datetime":"2023-11-19 00:35:11","tpep_dropoff_datetime":"2023-02-20 00:58:40","passenger_count":"1","trip_distance":"5.40","RatecodeID":"1","store_and_fwd_flag":"N","PULocationID":"261","DOLocationID":"142","payment_type":"1","fare_amount":"20.5","extra":"0.5","mta_tax":"0.5","tip_amount":"5.45","tolls_amount":"0","improvement_surcharge":"0.3","total_amount":"27.25","congestion_surcharge":""},{"VendorID":"1","tpep_pickup_datetime":"2024-01-11 00:12:48","tpep_dropoff_datetime":"2023-12-03 00:23:48","passenger_count":"1","trip_distance":"1.80","RatecodeID":"1","store_and_fwd_flag":"N","PULocationID":"211","DOLocationID":"232","payment_type":"2","fare_amount":"9.5","extra":"0.5","mta_tax":"0.5","tip_amount":"0","tolls_amount":"0","improvement_surcharge":"0.3","total_amount":"10.8","congestion_surcharge":""},{"VendorID":"1","tpep_pickup_datetime":"2024-01-06 00:31:53","tpep_dropoff_datetime":"2023-03-03 00:47:26","passenger_count":"1","trip_distance":"2.10","RatecodeID":"1","store_and_fwd_flag":"N","PULocationID":"79","DOLocationID":"164","payment_type":"1","fare_amount":"11.5","extra":"0.5","mta_tax":"0.5","tip_amount":"2.55","tolls_amount":"0","improvement_surcharge":"0.3","total_amount":"15.35","congestion_surcharge":""},{"VendorID":"1","tpep_pickup_datetime":"2023-12-15 00:54:38","tpep_dropoff_datetime":"2023-12-12 01:01:13","passenger_count":"1","trip_distance":"1.00","RatecodeID":"1","store_and_fwd_flag":"N","PULocationID":"107","DOLocationID":"170","payment_type":"1","fare_amount":"6.5","extra":"0.5","mta_tax":"0.5","tip_amount":"1","tolls_amount":"0","improvement_surcharge":"0.3","total_amount":"8.8","congestion_surcharge":""},{"VendorID":"1","tpep_pickup_datetime":"2024-02-03 00:00:58","tpep_dropoff_datetime":"2023-04-14 00:06:38","passenger_count":"1","trip_distance":".80","RatecodeID":"1","store_and_fwd_flag":"N","PULocationID":"148","DOLocationID":"79","payment_type":"1","fare_amount":"5.5","extra":"0.5","mta_tax":"0.5","tip_amount":"2","tolls_amount":"0","improvement_surcharge":"0.3","total_amount":"8.8","congestion_surcharge":""},{"VendorID":"1","tpep_pickup_datetime":"2023-05-30 00:14:58","tpep_dropoff_datetime":"2023-08-11 00:24:33","passenger_count":"1","trip_distance":"2.70","RatecodeID":"1","store_and_fwd_flag":"N","PULocationID":"4","DOLocationID":"87","payment_type":"1","fare_amount":"11","extra":"0.5","mta_tax":"0.5","tip_amount":"1","tolls_amount":"0","improvement_surcharge":"0.3","total_amount":"13.3","congestion_surcharge":""},{"VendorID":"1","tpep_pickup_datetime":"2023-03-23 00:31:12","tpep_dropoff_datetime":"2023-06-17 00:38:08","passenger_count":"1","trip_distance":".70","RatecodeID":"1","store_and_fwd_flag":"Y","PULocationID":"148","DOLocationID":"148","payment_type":"1","fare_amount":"6","extra":"0.5","mta_tax":"0.5","tip_amount":"1.8","tolls_amount":"0","improvement_surcharge":"0.3","total_amount":"9.1","congestion_surcharge":""},{"VendorID":"1","tpep_pickup_datetime":"2023-03-14 00:43:21","tpep_dropoff_datetime":"2023-11-03 00:50:49","passenger_count":"1","trip_distance":"1.10","RatecodeID":"1","store_and_fwd_flag":"N","PULocationID":"79","DOLocationID":"231","payment_type":"1","fare_amount":"7","extra":"0.5","mta_tax":"0.5","tip_amount":"1","tolls_amount":"0","improvement_surcharge":"0.3","total_amount":"9.3","congestion_surcharge":""},{"VendorID":"1","tpep_pickup_datetime":"2023-07-10 00:54:14","tpep_dropoff_datetime":"2023-08-19 01:02:32","passenger_count":"1","trip_distance":"1.50","RatecodeID":"1","store_and_fwd_flag":"N","PULocationID":"231","DOLocationID":"158","payment_type":"1","fare_amount":"7.5","extra":"0.5","mta_tax":"0.5","tip_amount":"1","tolls_amount":"0","improvement_surcharge":"0.3","total_amount":"9.8","congestion_surcharge":""},{"VendorID":"1","tpep_pickup_datetime":"2023-11-03 00:16:34","tpep_dropoff_datetime":"2023-10-24 00:24:45","passenger_count":"2","trip_distance":"1.20","RatecodeID":"1","store_and_fwd_flag":"N","PULocationID":"142","DOLocationID":"237","payment_type":"2","fare_amount":"7","extra":"0.5","mta_tax":"0.5","tip_amount":"0","tolls_amount":"0","improvement_surcharge":"0.3","total_amount":"8.3","congestion_surcharge":""},{"VendorID":"1","tpep_pickup_datetime":"2024-01-23 00:29:04","tpep_dropoff_datetime":"2023-01-07 00:36:33","passenger_count":"2","trip_distance":"1.90","RatecodeID":"1","store_and_fwd_flag":"N","PULocationID":"237","DOLocationID":"262","payment_type":"1","fare_amount":"8","extra":"0.5","mta_tax":"0.5","tip_amount":"1.85","tolls_amount":"0","improvement_surcharge":"0.3","total_amount":"11.15","congestion_surcharge":""},{"VendorID":"1","tpep_pickup_datetime":"2023-03-19 00:41:00","tpep_dropoff_datetime":"2023-08-06 00:59:50","passenger_count":"1","trip_distance":"5.80","RatecodeID":"1","store_and_fwd_flag":"N","PULocationID":"236","DOLocationID":"244","payment_type":"2","fare_amount":"20","extra":"0.5","mta_tax":"0.5","tip_amount":"0","tolls_amount":"0","improvement_surcharge":"0.3","total_amount":"21.3","congestion_surcharge":""},{"VendorID":"2","tpep_pickup_datetime":"2023-12-08 00:20:53","tpep_dropoff_datetime":"2023-11-12 00:40:21","passenger_count":"2","trip_distance":"5.70","RatecodeID":"1","store_and_fwd_flag":"N","PULocationID":"164","DOLocationID":"255","payment_type":"2","fare_amount":"19.5","extra":"0.5","mta_tax":"0.5","tip_amount":"0","tolls_amount":"5.76","improvement_surcharge":"0.3","total_amount":"26.56","congestion_surcharge":""},{"VendorID":"2","tpep_pickup_datetime":"2023-02-06 00:06:30","tpep_dropoff_datetime":"2023-01-15 00:08:31","passenger_count":"1","trip_distance":".46","RatecodeID":"1","store_and_fwd_flag":"N","PULocationID":"239","DOLocationID":"239","payment_type":"1","fare_amount":"4","extra":"0.5","mta_tax":"0.5","tip_amount":"1.59","tolls_amount":"0","improvement_surcharge":"0.3","total_amount":"6.89","congestion_surcharge":""},{"VendorID":"2","tpep_pickup_datetime":"2023-02-19 00:09:35","tpep_dropoff_datetime":"2023-06-10 00:17:05","passenger_count":"1","trip_distance":"1.72","RatecodeID":"1","store_and_fwd_flag":"N","PULocationID":"239","DOLocationID":"236","payment_type":"2","fare_amount":"8","extra":"0.5","mta_tax":"0.5","tip_amount":"0","tolls_amount":"0","improvement_surcharge":"0.3","total_amount":"9.3","congestion_surcharge":""},{"VendorID":"2","tpep_pickup_datetime":"2023-01-26 00:18:42","tpep_dropoff_datetime":"2023-11-07 00:24:38","passenger_count":"1","trip_distance":"1.60","RatecodeID":"1","store_and_fwd_flag":"N","PULocationID":"236","DOLocationID":"239","payment_type":"2","fare_amount":"7","extra":"0.5","mta_tax":"0.5","tip_amount":"0","tolls_amount":"0","improvement_surcharge":"0.3","total_amount":"8.3","congestion_surcharge":""}]