[{"VendorID":"2","tpep_pickup_datetime":"2023-01-03 10:51:09","tpep_dropoff_datetime":"2023-03-27 11:03:35","passenger_count":"5","trip_distance":"2.60","RatecodeID":"1","store_and_fwd_flag":"N","PULocationID":"239","DOLocationID":"75","payment_type":"1","fare_amount":"11","extra":"0","mta_tax":"0.5","tip_amount":"2.36","tolls_amount":"0","improvement_surcharge":"0.3","total_amount":"14.16","congestion_surcharge":"","tripId":"aac9ecf6-6aad-4f2c-ad02-e55d3cb17644"},{"VendorID":"1","tpep_pickup_datetime":"2023-01-12 10:20:06","tpep_dropoff_datetime":"2024-01-25 10:24:43","passenger_count":"1","trip_distance":".60","RatecodeID":"1","store_and_fwd_flag":"N","PULocationID":"237","DOLocationID":"140","payment_type":"1","fare_amount":"5","extra":"0","mta_tax":"0.5","tip_amount":"1.16","tolls_amount":"0","improvement_surcharge":"0.3","total_amount":"6.96","congestion_surcharge":"","tripId":"bc1364ca-3812-4de8-8ba0-8cd37a7dc53b"},{"VendorID":"1","tpep_pickup_datetime":"2023-05-31 10:29:50","tpep_dropoff_datetime":"2023-07-04 10:34:16","passenger_count":"2","trip_distance":".50","RatecodeID":"1","store_and_fwd_flag":"N","PULocationID":"263","DOLocationID":"236","payment_type":"2","fare_amount":"4.5","extra":"0","mta_tax":"0.5","tip_amount":"0","tolls_amount":"0","improvement_surcharge":"0.3","total_amount":"5.3","congestion_surcharge":"","tripId":"b0f8860a-99c0-4ada-909c-c145f76001dd"},{"VendorID":"2","tpep_pickup_datetime":"2023-03-16 10:28:09","tpep_dropoff_datetime":"2023-11-20 10:39:05","passenger_count":"2","trip_distance":"1.46","RatecodeID":"1","store_and_fwd_flag":"N","PULocationID":"68","DOLocationID":"137","payment_type":"1","fare_amount":"8.5","extra":"0","mta_tax":"0.5","tip_amount":"1.86","tolls_amount":"0","improvement_surcharge":"0.3","total_amount":"11.16","congestion_surcharge":"","tripId":"266ae941-1c0e-4390-89d6-3d16b69cdfb8"},{"VendorID":"2","tpep_pickup_datetime":"2023-02-22 09:53:50","tpep_dropoff_datetime":"2023-05-09 09:58:32","passenger_count":"1","trip_distance":".62","RatecodeID":"1","store_and_fwd_flag":"N","PULocationID":"90","DOLocationID":"234","payment_type":"2","fare_amount":"5","extra":"0","mta_tax":"0.5","tip_amount":"0","tolls_amount":"0","improvement_surcharge":"0.3","total_amount":"5.8","congestion_surcharge":"","tripId":"6e891537-05c5-43f3-96d0-b7f2be01a5df"},{"VendorID":"2","tpep_pickup_datetime":"2023-12-14 10:34:55","tpep_dropoff_datetime":"2023-08-06 10:40:27","passenger_count":"1","trip_distance":".70","RatecodeID":"1","store_and_fwd_flag":"N","PULocationID":"107","DOLocationID":"170","payment_type":"1","fare_amount":"5.5","extra":"0","mta_tax":"0.5","tip_amount":"1.58","tolls_amount":"0","improvement_surcharge":"0.3","total_amount":"7.88","congestion_surcharge":"","tripId":"8cb7a0b4-b55a-493d-9679-5664ccf6c2fb"},{"VendorID":"1","tpep_pickup_datetime":"2023-06-16 10:43:35","tpep_dropoff_datetime":"2024-01-16 11:16:02","passenger_count":"1","trip_distance":"7.90","RatecodeID":"1","store_and_fwd_flag":"N","PULocationID":"138","DOLocationID":"170","payment_type":"1","fare_amount":"30","extra":"0","mta_tax":"0.5","tip_amount":"7.3","tolls_amount":"5.76","improvement_surcharge":"0.3","total_amount":"43.86","congestion_surcharge":"","tripId":"36617f09-82c4-418a-8f21-8b5630a94a1f"},{"VendorID":"2","tpep_pickup_datetime":"2023-02-01 10:01:37","tpep_dropoff_datetime":"2023-09-08 10:19:12","passenger_count":"3","trip_distance":"2.94","RatecodeID":"1","store_and_fwd_flag":"N","PULocationID":"140","DOLocationID":"239","payment_type":"1","fare_amount":"13.5","extra":"0","mta_tax":"0.5","tip_amount":"2.86","tolls_amount":"0","improvement_surcharge":"0.3","total_amount":"17.16","congestion_surcharge":"","tripId":"97d1dc01-c4ee-473c-82d5-1ac57b5fbaad"},{"VendorID":"2","tpep_pickup_datetime":"2023-12-27 10:25:03","tpep_dropoff_datetime":"2023-01-22 10:28:19","passenger_count":"3","trip_distance":"1.01","RatecodeID":"1","store_and_fwd_flag":"N","PULocationID":"238","DOLocationID":"43","payment_type":"2","fare_amount":"5","extra":"0","mta_tax":"0.5","tip_amount":"0","tolls_amount":"0","improvement_surcharge":"0.3","total_amount":"5.8","congestion_surcharge":"","tripId":"3de6399c-5434-4402-8344-ac9fb49113ce"},{"VendorID":"2","tpep_pickup_datetime":"2023-02-19 10:33:12","tpep_dropoff_datetime":"2023-07-12 10:49:20","passenger_count":"3","trip_distance":"2.89","RatecodeID":"1","store_and_fwd_flag":"N","PULocationID":"43","DOLocationID":"162","payment_type":"1","fare_amount":"13","extra":"0","mta_tax":"0.5","tip_amount":"3.45","tolls_amount":"0","improvement_surcharge":"0.3","total_amount":"17.25","congestion_surcharge":"","tripId":"1901d751-ced0-471f-b352-fac5dcfa7826"},{"VendorID":"2","tpep_pickup_datetime":"2023-04-10 10:06:17","tpep_dropoff_datetime":"2023-04-08 10:27:55","passenger_count":"6","trip_distance":"2.83","RatecodeID":"1","store_and_fwd_flag":"N","PULocationID":"230","DOLocationID":"236","payment_type":"2","fare_amount":"15","extra":"0","mta_tax":"0.5","tip_amount":"0","tolls_amount":"0","improvement_surcharge":"0.3","total_amount":"15.8","congestion_surcharge":"","tripId":"848a441e-d050-4a06-938c-3f20111b2ae2"},{"VendorID":"1","tpep_pickup_datetime":"2023-04-28 10:14:46","tpep_dropoff_datetime":"2023-07-08 10:34:15","passenger_count":"4","trip_distance":"1.70","RatecodeID":"1","store_and_fwd_flag":"N","PULocationID":"162","DOLocationID":"186","payment_type":"2","fare_amount":"13","extra":"0","mta_tax":"0.5","tip_amount":"0","tolls_amount":"0","improvement_surcharge":"0.3","total_amount":"13.8","congestion_surcharge":"","tripId":"a3862a50-7d8c-4aa3-8bcd-a29009607dc4"},{"VendorID":"1","tpep_pickup_datetime":"2023-06-29 10:36:35","tpep_dropoff_datetime":"2023-05-22 10:52:24","passenger_count":"4","trip_distance":"1.10","RatecodeID":"1","store_and_fwd_flag":"N","PULocationID":"186","DOLocationID":"230","payment_type":"2","fare_amount":"10.5","extra":"0","mta_tax":"0.5","tip_amount":"0","tolls_amount":"0","improvement_surcharge":"0.3","total_amount":"11.3","congestion_surcharge":"","tripId":"4a1487ab-5386-4a17-b8a4-10d327fb4c55"},{"VendorID":"1","tpep_pickup_datetime":"2023-08-19 10:53:45","tpep_dropoff_datetime":"2023-04-11 11:07:56","passenger_count":"1","trip_distance":"6.50","RatecodeID":"1","store_and_fwd_flag":"N","PULocationID":"13","DOLocationID":"162","payment_type":"1","fare_amount":"20","extra":"0","mta_tax":"0.5","tip_amount":"4.15","tolls_amount":"0","improvement_surcharge":"0.3","total_amount":"24.95","congestion_surcharge":"","tripId":"addfb546-726d-4457-a11f-7dc93956b96e"},{"VendorID":"2","tpep_pickup_datetime":"2023-04-17 10:14:45","tpep_dropoff_datetime":"2023-06-01 10:50:20","passenger_count":"1","trip_distance":"9.84","RatecodeID":"1","store_and_fwd_flag":"N","PULocationID":"230","DOLocationID":"138","payment_type":"2","fare_amount":"33","extra":"0","mta_tax":"0.5","tip_amount":"0","tolls_amount":"5.76","improvement_surcharge":"0.3","total_amount":"39.56","congestion_surcharge":"","tripId":"5f2dee93-9b1b-45eb-a56a-6c8045964da4"},{"VendorID":"2","tpep_pickup_datetime":"2023-01-15 10:23:06","tpep_dropoff_datetime":"2023-08-30 11:12:18","passenger_count":"6","trip_distance":"18.31","RatecodeID":"2","store_and_fwd_flag":"N","PULocationID":"132","DOLocationID":"163","payment_type":"1","fare_amount":"52","extra":"0","mta_tax":"0.5","tip_amount":"5","tolls_amount":"5.76","improvement_surcharge":"0.3","total_amount":"63.56","congestion_surcharge":"","tripId":"34993c48-e0ae-4faa-ab5f-f9a1e1a32e27"},{"VendorID":"1","tpep_pickup_datetime":"2023-09-16 10:00:19","tpep_dropoff_datetime":"2024-01-16 10:34:13","passenger_count":"1","trip_distance":"16.70","RatecodeID":"2","store_and_fwd_flag":"N","PULocationID":"132","DOLocationID":"140","payment_type":"1","fare_amount":"52","extra":"0","mta_tax":"0.5","tip_amount":"13.15","tolls_amount":"0","improvement_surcharge":"0.3","total_amount":"65.95","congestion_surcharge":"","tripId":"970c6f17-a653-4a73-9915-85ee19b8f30f"},{"VendorID":"1","tpep_pickup_datetime":"2023-04-10 10:41:18","tpep_dropoff_datetime":"2023-07-11 10:52:58","passenger_count":"1","trip_distance":"1.80","RatecodeID":"1","store_and_fwd_flag":"N","PULocationID":"141","DOLocationID":"161","payment_type":"1","fare_amount":"10","extra":"0","mta_tax":"0.5","tip_amount":"2","tolls_amount":"0","improvement_surcharge":"0.3","total_amount":"12.8","congestion_surcharge":"","tripId":"f2405cd3-9a59-4078-8cf9-d8f240cf5d51"},{"VendorID":"1","tpep_pickup_datetime":"2023-03-10 10:57:52","tpep_dropoff_datetime":"2023-03-11 11:17:34","passenger_count":"1","trip_distance":"3.10","RatecodeID":"1","store_and_fwd_flag":"N","PULocationID":"161","DOLocationID":"151","payment_type":"2","fare_amount":"15","extra":"0","mta_tax":"0.5","tip_amount":"0","tolls_amount":"0","improvement_surcharge":"0.3","total_amount":"15.8","congestion_surcharge":"","tripId":"9d69669e-dc34-4f12-920c-839a27866244"},{"VendorID":"2","tpep_pickup_datetime":"2023-02-02 09:59:51","tpep_dropoff_datetime":"2023-08-01 10:06:29","passenger_count":"1","trip_distance":"1.09","RatecodeID":"1","store_and_fwd_flag":"N","PULocationID":"164","DOLocationID":"107","payment_type":"1","fare_amount":"6.5","extra":"0","mta_tax":"0.5","tip_amount":"1.46","tolls_amount":"0","improvement_surcharge":"0.3","total_amount":"8.76","congestion_surcharge":"","tripId":"cbb99821-fb08-45d6-bd1b-f66d18951a4b"},{"VendorID":"2","tpep_pickup_datetime":"2023-09-27 10:51:38","tpep_dropoff_datetime":"2023-04-11 10:58:59","passenger_count":"1","trip_distance":"2.72","RatecodeID":"1","store_and_fwd_flag":"N","PULocationID":"137","DOLocationID":"232","payment_type":"2","fare_amount":"10","extra":"0","mta_tax":"0.5","tip_amount":"0","tolls_amount":"0","improvement_surcharge":"0.3","total_amount":"10.8","congestion_surcharge":"","tripId":"b38a00d8-d75c-4aa5-ab30-c8ada834eb33"},{"VendorID":"2","tpep_pickup_datetime":"2023-07-15 10:36:07","tpep_dropoff_datetime":"2023-10-07 10:50:04","passenger_count":"1","trip_distance":"7.34","RatecodeID":"1","store_and_fwd_flag":"N","PULocationID":"132","DOLocationID":"38","payment_type":"1","fare_amount":"22","extra":"0","mta_tax":"0.5","tip_amount":"4.56","tolls_amount":"0","improvement_surcharge":"0.3","total_amount":"27.36","congestion_surcharge":"","tripId":"bc935af5-afff-4861-8b62-5fc53609b254"},{"VendorID":"2","tpep_pickup_datetime":"2023-10-12 10:19:11","tpep_dropoff_datetime":"2023-01-10 10:27:05","passenger_count":"1","trip_distance":".82","RatecodeID":"1","store_and_fwd_flag":"N","PULocationID":"161","DOLocationID":"230","payment_type":"1","fare_amount":"6.5","extra":"0","mta_tax":"0.5","tip_amount":"1.46","tolls_amount":"0","improvement_surcharge":"0.3","total_amount":"8.76","congestion_surcharge":"","tripId":"6f17d566-f105-47ee-82f5-f3ae68c206a9"},{"VendorID":"2","tpep_pickup_datetime":"2023-03-08 10:31:36","tpep_dropoff_datetime":"2023-02-17 10:57:01","passenger_count":"1","trip_distance":"4.32","RatecodeID":"1","store_and_fwd_flag":"N","PULocationID":"48","DOLocationID":"7","payment_type":"2","fare_amount":"19.5","extra":"0","mta_tax":"0.5","tip_amount":"0","tolls_amount":"0","improvement_surcharge":"0.3","total_amount":"20.3","congestion_surcharge":"","tripId":"d50dae86-b9d4-4c1f-88f2-ff625b69a701"},{"VendorID":"2","tpep_pickup_datetime":"2023-12-06 10:03:38","tpep_dropoff_datetime":"2023-05-01 10:05:59","passenger_count":"1","trip_distance":".30","RatecodeID":"1","store_and_fwd_flag":"N","PULocationID":"100","DOLocationID":"100","payment_type":"1","fare_amount":"3.5","extra":"0","mta_tax":"0.5","tip_amount":"4","tolls_amount":"0","improvement_surcharge":"0.3","total_amount":"8.3","congestion_surcharge":"","tripId":"61965156-6909-4302-bb99-07789fb4b810"},{"VendorID":"2","tpep_pickup_datetime":"2023-05-23 10:24:26","tpep_dropoff_datetime":"2023-03-26 10:35:36","passenger_count":"1","trip_distance":".94","RatecodeID":"1","store_and_fwd_flag":"N","PULocationID":"100","DOLocationID":"163","payment_type":"2","fare_amount":"7.5","extra":"0","mta_tax":"0.5","tip_amount":"0","tolls_amount":"0","improvement_surcharge":"0.3","total_amount":"8.3","congestion_surcharge":"","tripId":"6581d04d-07e1-4655-9fa3-9469efd1530c"},{"VendorID":"2","tpep_pickup_datetime":"2023-08-15 10:37:39","tpep_dropoff_datetime":"2023-02-22 10:46:21","passenger_count":"1","trip_distance":"1.43","RatecodeID":"1","store_and_fwd_flag":"N","PULocationID":"163","DOLocationID":"239","payment_type":"1","fare_amount":"8","extra":"0","mta_tax":"0.5","tip_amount":"1.76","tolls_amount":"0","improvement_surcharge":"0.3","total_amount":"10.56","congestion_surcharge":"","tripId":"eddb8ef9-35a3-4264-99e3-b45d06ef7cf8"},{"VendorID":"2","tpep_pickup_datetime":"2023-03-03 10:32:55","tpep_dropoff_datetime":"2023-09-11 10:50:09","passenger_count":"1","trip_distance":"11.36","RatecodeID":"1","store_and_fwd_flag":"N","PULocationID":"138","DOLocationID":"132","payment_type":"2","fare_amount":"31","extra":"0","mta_tax":"0.5","tip_amount":"0","tolls_amount":"0","improvement_surcharge":"0.3","total_amount":"31.8","congestion_surcharge":"","tripId":"458d386a-910b-4a5d-81a1-06e0bde3000d"},{"VendorID":"2","tpep_pickup_datetime":"2023-11-11 10:28:52","tpep_dropoff_datetime":"2023-11-11 10:39:10","passenger_count":"1","trip_distance":"1.93","RatecodeID":"1","store_and_fwd_flag":"N","PULocationID":"143","DOLocationID":"237","payment_type":"1","fare_amount":"9","extra":"0","mta_tax":"0.5","tip_amount":"1.96","tolls_amount":"0","improvement_surcharge":"0.3","total_amount":"11.76","congestion_surcharge":"","tripId":"70f88e68-072c-4386-899e-b0da12b3f2dd"},{"VendorID":"2","tpep_pickup_datetime":"2023-06-30 10:43:32","tpep_dropoff_datetime":"2023-03-07 10:48:34","passenger_count":"1","trip_distance":".95","RatecodeID":"1","store_and_fwd_flag":"N","PULocationID":"237","DOLocationID":"162","payment_type":"1","fare_amount":"5.5","extra":"0","mta_tax":"0.5","tip_amount":"0.94","tolls_amount":"0","improvement_surcharge":"0.3","total_amount":"7.24","congestion_surcharge":"","tripId":"c07b5aac-fde0-42c8-9e08-1b39a27dad01"},{"VendorID":"2","tpep_pickup_datetime":"2024-01-18 10:49:24","tpep_dropoff_datetime":"2023-02-22 11:03:35","passenger_count":"1","trip_distance":"1.77","RatecodeID":"1","store_and_fwd_flag":"N","PULocationID":"162","DOLocationID":"186","payment_type":"1","fare_amount":"11","extra":"0","mta_tax":"0.5","tip_amount":"2.36","tolls_amount":"0","improvement_surcharge":"0.3","total_amount":"14.16","congestion_surcharge":"","tripId":"89e247d2-a0c8-40cd-b668-28b6ffd51a2f"},{"VendorID":"2","tpep_pickup_datetime":"2023-12-06 10:44:38","tpep_dropoff_datetime":"2023-02-24 10:52:31","passenger_count":"1","trip_distance":"1.68","RatecodeID":"1","store_and_fwd_flag":"N","PULocationID":"163","DOLocationID":"236","payment_type":"1","fare_amount":"8","extra":"0","mta_tax":"0.5","tip_amount":"1.32","tolls_amount":"0","improvement_surcharge":"0.3","total_amount":"10.12","congestion_surcharge":"","tripId":"a97d4d4a-3d83-4d9c-a09b-69a2c9a47326"},{"VendorID":"1","tpep_pickup_datetime":"2023-09-09 10:01:47","tpep_dropoff_datetime":"2023-07-02 10:17:17","passenger_count":"1","trip_distance":"2.20","RatecodeID":"1","store_and_fwd_flag":"N","PULocationID":"143","DOLocationID":"141","payment_type":"1","fare_amount":"12","extra":"0","mta_tax":"0.5","tip_amount":"2.55","tolls_amount":"0","improvement_surcharge":"0.3","total_amount":"15.35","congestion_surcharge":"","tripId":"5a3be198-2045-4e53-b086-669d75df2ed5"},{"VendorID":"1","tpep_pickup_datetime":"2023-12-07 10:03:49","tpep_dropoff_datetime":"2023-04-17 10:11:25","passenger_count":"4","trip_distance":".90","RatecodeID":"1","store_and_fwd_flag":"N","PULocationID":"162","DOLocationID":"230","payment_type":"1","fare_amount":"6.5","extra":"0","mta_tax":"0.5","tip_amount":"1.45","tolls_amount":"0","improvement_surcharge":"0.3","total_amount":"8.75","congestion_surcharge":"","tripId":"a4ae0e04-39b3-489b-89ec-9aaff5b74aa7"},{"VendorID":"1","tpep_pickup_datetime":"2023-06-22 10:24:43","tpep_dropoff_datetime":"2024-01-03 10:32:46","passenger_count":"1","trip_distance":"1.00","RatecodeID":"1","store_and_fwd_flag":"N","PULocationID":"162","DOLocationID":"170","payment_type":"1","fare_amount":"7","extra":"0","mta_tax":"0.5","tip_amount":"1.17","tolls_amount":"0","improvement_surcharge":"0.3","total_amount":"8.97","congestion_surcharge":"","tripId":"9ba73ee3-8934-4737-933e-e4f93f8974db"},{"VendorID":"1","tpep_pickup_datetime":"2023-03-09 10:54:20","tpep_dropoff_datetime":"2023-07-21 11:00:12","passenger_count":"3","trip_distance":".80","RatecodeID":"1","store_and_fwd_flag":"N","PULocationID":"162","DOLocationID":"161","payment_type":"2","fare_amount":"5.5","extra":"0","mta_tax":"0.5","tip_amount":"0","tolls_amount":"0","improvement_surcharge":"0.3","total_amount":"6.3","congestion_surcharge":"","tripId":"0a099fd4-38ea-4726-bcb9-bb89d2031ed9"},{"VendorID":"2","tpep_pickup_datetime":"2023-02-13 10:13:50","tpep_dropoff_datetime":"2023-10-12 10:22:12","passenger_count":"1","trip_distance":"1.27","RatecodeID":"1","store_and_fwd_flag":"N","PULocationID":"236","DOLocationID":"237","payment_type":"1","fare_amount":"7.5","extra":"0","mta_tax":"0.5","tip_amount":"1.66","tolls_amount":"0","improvement_surcharge":"0.3","total_amount":"9.96","congestion_surcharge":"","tripId":"73999fbe-20ae-4ab2-8f9d-5b48792f8f80"},{"VendorID":"2","tpep_pickup_datetime":"2023-04-30 10:54:31","tpep_dropoff_datetime":"2023-12-02 11:01:00","passenger_count":"1","trip_distance":"1.02","RatecodeID":"1","store_and_fwd_flag":"N","PULocationID":"236","DOLocationID":"239","payment_type":"1","fare_amount":"6.5","extra":"0","mta_tax":"0.5","tip_amount":"1.46","tolls_amount":"0","improvement_surcharge":"0.3","total_amount":"8.76","congestion_surcharge":"","tripId":"78c9e4e2-de52-4db2-92ef-cf51029d25ae"},{"VendorID":"1","tpep_pickup_datetime":"2024-02-03 10:32:36","tpep_dropoff_datetime":"2023-08-04 10:38:47","passenger_count":"2","trip_distance":".70","RatecodeID":"1","store_and_fwd_flag":"N","PULocationID":"79","DOLocationID":"107","payment_type":"2","fare_amount":"6","extra":"0","mta_tax":"0.5","tip_amount":"0","tolls_amount":"0","improvement_surcharge":"0.3","total_amount":"6.8","congestion_surcharge":"","tripId":"b7404f4c-ed5e-4b3f-9c39-eeabf6f8ea3c"},{"VendorID":"1","tpep_pickup_datetime":"2023-03-02 10:53:02","tpep_dropoff_datetime":"2023-12-24 11:05:22","passenger_count":"1","trip_distance":"1.80","RatecodeID":"1","store_and_fwd_flag":"N","PULocationID":"170","DOLocationID":"237","payment_type":"1","fare_amount":"9.5","extra":"0","mta_tax":"0.5","tip_amount":"2.5","tolls_amount":"0","improvement_surcharge":"0.3","total_amount":"12.8","congestion_surcharge":"","tripId":"1cde3cb1-2ea8-4eda-971c-8563761f1598"},{"VendorID":"1","tpep_pickup_datetime":"2023-08-04 10:32:24","tpep_dropoff_datetime":"2023-06-02 10:39:24","passenger_count":"1","trip_distance":"1.20","RatecodeID":"1","store_and_fwd_flag":"N","PULocationID":"234","DOLocationID":"100","payment_type":"1","fare_amount":"7","extra":"0","mta_tax":"0.5","tip_amount":"1","tolls_amount":"0","improvement_surcharge":"0.3","total_amount":"8.8","congestion_surcharge":"","tripId":"4eba67e1-8b07-4196-a667-e6d27a7ebc93"},{"VendorID":"1","tpep_pickup_datetime":"2023-04-22 10:41:49","tpep_dropoff_datetime":"2023-02-27 10:47:25","passenger_count":"1","trip_distance":".50","RatecodeID":"1","store_and_fwd_flag":"N","PULocationID":"230","DOLocationID":"186","payment_type":"2","fare_amount":"5","extra":"0","mta_tax":"0.5","tip_amount":"0","tolls_amount":"0","improvement_surcharge":"0.3","total_amount":"5.8","congestion_surcharge":"","tripId":"b544d0c6-1af0-4991-ab06-5054e29ded4b"},{"VendorID":"2","tpep_pickup_datetime":"2023-04-27 10:44:48","tpep_dropoff_datetime":"2023-03-15 10:49:36","passenger_count":"5","trip_distance":".52","RatecodeID":"1","store_and_fwd_flag":"N","PULocationID":"161","DOLocationID":"237","payment_type":"2","fare_amount":"5","extra":"0","mta_tax":"0.5","tip_amount":"0","tolls_amount":"0","improvement_surcharge":"0.3","total_amount":"5.8","congestion_surcharge":"","tripId":"8aa0f16f-cbef-4760-8dd9-b4c1e04cf7f9"},{"VendorID":"2","tpep_pickup_datetime":"2023-03-31 10:50:11","tpep_dropoff_datetime":"2024-01-15 10:56:02","passenger_count":"5","trip_distance":".89","RatecodeID":"1","store_and_fwd_flag":"N","PULocationID":"237","DOLocationID":"162","payment_type":"1","fare_amount":"6","extra":"0","mta_tax":"0.5","tip_amount":"1.36","tolls_amount":"0","improvement_surcharge":"0.3","total_amount":"8.16","congestion_surcharge":"","tripId":"bdca676d-9069-4d05-ab35-974f342051b7"},{"VendorID":"1","tpep_pickup_datetime":"2023-11-29 10:40:32","tpep_dropoff_datetime":"2023-08-22 11:03:54","passenger_count":"3","trip_distance":"3.20","RatecodeID":"1","store_and_fwd_flag":"N","PULocationID":"239","DOLocationID":"164","payment_type":"2","fare_amount":"16","extra":"0","mta_tax":"0.5","tip_amount":"0","tolls_amount":"0","improvement_surcharge":"0.3","total_amount":"16.8","congestion_surcharge":"","tripId":"466238fa-51d5-4db8-b985-2fa934f97409"},{"VendorID":"1","tpep_pickup_datetime":"2023-03-25 10:21:22","tpep_dropoff_datetime":"2023-01-07 10:40:05","passenger_count":"1","trip_distance":"7.80","RatecodeID":"1","store_and_fwd_flag":"N","PULocationID":"24","DOLocationID":"200","payment_type":"1","fare_amount":"24.5","extra":"0","mta_tax":"0.5","tip_amount":"5.55","tolls_amount":"2.64","improvement_surcharge":"0.3","total_amount":"33.49","congestion_surcharge":"","tripId":"0ed730d8-51bd-427d-8ec6-bfc77fc08e9b"},{"VendorID":"1","tpep_pickup_datetime":"2023-12-12 10:03:39","tpep_dropoff_datetime":"2023-06-19 10:22:42","passenger_count":"1","trip_distance":"1.80","RatecodeID":"1","store_and_fwd_flag":"N","PULocationID":"237","DOLocationID":"230","payment_type":"2","fare_amount":"13","extra":"0","mta_tax":"0.5","tip_amount":"0","tolls_amount":"0","improvement_surcharge":"0.3","total_amount":"13.8","congestion_surcharge":"","tripId":"895fcbd0-13db-4ea5-8a8a-f9d5c22de423"},{"VendorID":"1","tpep_pickup_datetime":"2023-02-13 10:27:54","tpep_dropoff_datetime":"2023-09-05 10:37:49","passenger_count":"1","trip_distance":".70","RatecodeID":"1","store_and_fwd_flag":"N","PULocationID":"100","DOLocationID":"164","payment_type":"2","fare_amount":"7.5","extra":"0","mta_tax":"0.5","tip_amount":"0","tolls_amount":"0","improvement_surcharge":"0.3","total_amount":"8.3","congestion_surcharge":"","tripId":"72b6d8b1-f583-43b2-9366-cabb70a552a9"},{"VendorID":"1","tpep_pickup_datetime":"2023-05-29 10:55:56","tpep_dropoff_datetime":"2023-04-24 11:00:13","passenger_count":"1","trip_distance":".50","RatecodeID":"1","store_and_fwd_flag":"N","PULocationID":"229","DOLocationID":"162","payment_type":"2","fare_amount":"5","extra":"0","mta_tax":"0.5","tip_amount":"0","tolls_amount":"0","improvement_surcharge":"0.3","total_amount":"5.8","congestion_surcharge":"","tripId":"87ae23bb-c9fd-47b3-843f-90cbdb9ab942"},{"VendorID":"2","tpep_pickup_datetime":"2023-05-22 10:27:15","tpep_dropoff_datetime":"2023-09-30 10:32:31","passenger_count":"1","trip_distance":".69","RatecodeID":"1","store_and_fwd_flag":"N","PULocationID":"161","DOLocationID":"162","payment_type":"1","fare_amount":"5.5","extra":"0","mta_tax":"0.5","tip_amount":"1.26","tolls_amount":"0","improvement_surcharge":"0.3","total_amount":"7.56","congestion_surcharge":"","tripId":"34857caf-238c-4faf-8ea1-6dcf4a0b81ba"},{"VendorID":"2","tpep_pickup_datetime":"2023-10-11 10:35:02","tpep_dropoff_datetime":"2024-01-10 10:39:27","passenger_count":"1","trip_distance":"1.34","RatecodeID":"1","store_and_fwd_flag":"N","PULocationID":"229","DOLocationID":"170","payment_type":"1","fare_amount":"6","extra":"0","mta_tax":"0.5","tip_amount":"1.36","tolls_amount":"0","improvement_surcharge":"0.3","total_amount":"8.16","congestion_surcharge":"","tripId":"9f19adaa-2057-417a-8243-d96369a49ea9"},{"VendorID":"2","tpep_pickup_datetime":"2023-09-09 10:50:25","tpep_dropoff_datetime":"2023-08-11 10:59:13","passenger_count":"1","trip_distance":"1.72","RatecodeID":"1","store_and_fwd_flag":"N","PULocationID":"170","DOLocationID":"161","payment_type":"1","fare_amount":"8.5","extra":"0","mta_tax":"0.5","tip_amount":"1","tolls_amount":"0","improvement_surcharge":"0.3","total_amount":"10.3","congestion_surcharge":"","tripId":"5dad5884-8eed-4690-976e-fc88c9829e88"},{"VendorID":"2","tpep_pickup_datetime":"2023-01-16 10:48:13","tpep_dropoff_datetime":"2023-11-28 11:09:48","passenger_count":"5","trip_distance":"3.52","RatecodeID":"1","store_and_fwd_flag":"N","PULocationID":"263","DOLocationID":"186","payment_type":"1","fare_amount":"16","extra":"0","mta_tax":"0.5","tip_amount":"3.36","tolls_amount":"0","improvement_surcharge":"0.3","total_amount":"20.16","congestion_surcharge":"","tripId":"f7fd7d43-f332-4863-b08d-31cefd444fa4"},{"VendorID":"2","tpep_pickup_datetime":"2023-02-19 10:04:39","tpep_dropoff_datetime":"2023-04-22 10:27:39","passenger_count":"2","trip_distance":"2.65","RatecodeID":"1","store_and_fwd_flag":"N","PULocationID":"68","DOLocationID":"43","payment_type":"1","fare_amount":"15.5","extra":"0","mta_tax":"0.5","tip_amount":"2","tolls_amount":"0","improvement_surcharge":"0.3","total_amount":"18.3","congestion_surcharge":"","tripId":"5b6da085-12d5-43d0-aa91-02f769c9564b"},{"VendorID":"2","tpep_pickup_datetime":"2023-09-18 10:09:38","tpep_dropoff_datetime":"2023-10-02 10:14:34","passenger_count":"1","trip_distance":"1.49","RatecodeID":"1","store_and_fwd_flag":"N","PULocationID":"246","DOLocationID":"246","payment_type":"2","fare_amount":"8.5","extra":"0","mta_tax":"0.5","tip_amount":"0","tolls_amount":"0","improvement_surcharge":"0.3","total_amount":"9.3","congestion_surcharge":"","tripId":"5e7a1af0-c758-462e-90d8-5d02748fc2f7"},{"VendorID":"1","tpep_pickup_datetime":"2023-12-24 10:37:34","tpep_dropoff_datetime":"2023-04-09 10:46:48","passenger_count":"1","trip_distance":"1.40","RatecodeID":"1","store_and_fwd_flag":"N","PULocationID":"164","DOLocationID":"68","payment_type":"2","fare_amount":"8","extra":"0","mta_tax":"0.5","tip_amount":"0","tolls_amount":"0","improvement_surcharge":"0.3","total_amount":"8.8","congestion_surcharge":"","tripId":"03878517-3af6-4483-bfac-53326cca3fe9"},{"VendorID":"1","tpep_pickup_datetime":"2023-10-08 10:38:44","tpep_dropoff_datetime":"2023-08-03 10:50:14","passenger_count":"2","trip_distance":"2.40","RatecodeID":"1","store_and_fwd_flag":"N","PULocationID":"230","DOLocationID":"236","payment_type":"2","fare_amount":"10.5","extra":"0","mta_tax":"0.5","tip_amount":"0","tolls_amount":"0","improvement_surcharge":"0.3","total_amount":"11.3","congestion_surcharge":"","tripId":"58b9cc72-fb29-449c-b99e-a012d88d6de0"},{"VendorID":"2","tpep_pickup_datetime":"2023-11-15 10:28:35","tpep_dropoff_datetime":"2023-06-30 10:37:15","passenger_count":"1","trip_distance":"4.26","RatecodeID":"1","store_and_fwd_flag":"N","PULocationID":"132","DOLocationID":"215","payment_type":"1","fare_amount":"13.5","extra":"0","mta_tax":"0.5","tip_amount":"2","tolls_amount":"0","improvement_surcharge":"0.3","total_amount":"16.3","congestion_surcharge":"","tripId":"469e3774-8215-451c-8e1f-c2167c6745b3"},{"VendorID":"1","tpep_pickup_datetime":"2023-01-28 10:04:51","tpep_dropoff_datetime":"2023-01-15 10:12:12","passenger_count":"2","trip_distance":"1.00","RatecodeID":"1","store_and_fwd_flag":"N","PULocationID":"264","DOLocationID":"264","payment_type":"1","fare_amount":"6.5","extra":"0","mta_tax":"0.5","tip_amount":"1.45","tolls_amount":"0","improvement_surcharge":"0.3","total_amount":"8.75","congestion_surcharge":"","tripId":"a7cfcdc3-39db-460b-8255-60b82166ebdc"},{"VendorID":"1","tpep_pickup_datetime":"2023-05-27 10:25:33","tpep_dropoff_datetime":"2023-03-24 10:28:46","passenger_count":"1","trip_distance":".60","RatecodeID":"1","store_and_fwd_flag":"N","PULocationID":"264","DOLocationID":"264","payment_type":"1","fare_amount":"4.5","extra":"0","mta_tax":"0.5","tip_amount":"1.05","tolls_amount":"0","improvement_surcharge":"0.3","total_amount":"6.35","congestion_surcharge":"","tripId":"7015fc3b-d936-4c99-a784-6e6cc46f5a45"},{"VendorID":"1","tpep_pickup_datetime":"2023-04-19 10:01:01","tpep_dropoff_datetime":"2023-11-06 10:05:16","passenger_count":"1","trip_distance":".70","RatecodeID":"1","store_and_fwd_flag":"N","PULocationID":"233","DOLocationID":"229","payment_type":"2","fare_amount":"5","extra":"0","mta_tax":"0.5","tip_amount":"0","tolls_amount":"0","improvement_surcharge":"0.3","total_amount":"5.8","congestion_surcharge":"","tripId":"60ea4912-a2ab-4ae8-89f9-49dc4e9a65a4"},{"VendorID":"1","tpep_pickup_datetime":"2023-03-11 10:34:10","tpep_dropoff_datetime":"2023-12-30 10:52:20","passenger_count":"1","trip_distance":"3.40","RatecodeID":"1","store_and_fwd_flag":"N","PULocationID":"170","DOLocationID":"239","payment_type":"1","fare_amount":"14","extra":"0","mta_tax":"0.5","tip_amount":"2","tolls_amount":"0","improvement_surcharge":"0.3","total_amount":"16.8","congestion_surcharge":"","tripId":"9b578a42-5c78-4063-ab17-218006823fa9"},{"VendorID":"1","tpep_pickup_datetime":"2023-10-04 10:10:13","tpep_dropoff_datetime":"2023-12-28 10:15:52","passenger_count":"1","trip_distance":".80","RatecodeID":"1","store_and_fwd_flag":"N","PULocationID":"262","DOLocationID":"237","payment_type":"2","fare_amount":"5.5","extra":"0","mta_tax":"0.5","tip_amount":"0","tolls_amount":"0","improvement_surcharge":"0.3","total_amount":"6.3","congestion_surcharge":"","tripId":"e498f486-6d8c-4e90-8d1f-148a33a00464"},{"VendorID":"1","tpep_pickup_datetime":"2024-01-30 10:39:51","tpep_dropoff_datetime":"2023-08-20 10:48:34","passenger_count":"1","trip_distance":"1.50","RatecodeID":"1","store_and_fwd_flag":"N","PULocationID":"140","DOLocationID":"237","payment_type":"2","fare_amount":"7.5","extra":"0","mta_tax":"0.5","tip_amount":"0","tolls_amount":"0","improvement_surcharge":"0.3","total_amount":"8.3","congestion_surcharge":"","tripId":"ff315c69-bc07-4b40-82ac-7ec2d3fbe250"},{"VendorID":"2","tpep_pickup_datetime":"2023-12-13 10:07:53","tpep_dropoff_datetime":"2023-09-04 10:11:41","passenger_count":"6","trip_distance":".79","RatecodeID":"1","store_and_fwd_flag":"N","PULocationID":"236","DOLocationID":"43","payment_type":"1","fare_amount":"5","extra":"0","mta_tax":"0.5","tip_amount":"1.16","tolls_amount":"0","improvement_surcharge":"0.3","total_amount":"6.96","congestion_surcharge":"","tripId":"2081a0e8-72bd-4408-8c94-32cf2471d6a6"},{"VendorID":"2","tpep_pickup_datetime":"2024-01-05 10:33:40","tpep_dropoff_datetime":"2023-10-30 10:46:15","passenger_count":"6","trip_distance":"2.13","RatecodeID":"1","store_and_fwd_flag":"N","PULocationID":"238","DOLocationID":"163","payment_type":"2","fare_amount":"10.5","extra":"0","mta_tax":"0.5","tip_amount":"0","tolls_amount":"0","improvement_surcharge":"0.3","total_amount":"11.3","congestion_surcharge":"","tripId":"631b00df-00cb-412c-98c2-155675be12f0"},{"VendorID":"2","tpep_pickup_datetime":"2023-05-06 10:50:21","tpep_dropoff_datetime":"2023-06-23 10:58:28","passenger_count":"5","trip_distance":".95","RatecodeID":"1","store_and_fwd_flag":"N","PULocationID":"163","DOLocationID":"141","payment_type":"1","fare_amount":"7","extra":"0","mta_tax":"0.5","tip_amount":"1.56","tolls_amount":"0","improvement_surcharge":"0.3","total_amount":"9.36","congestion_surcharge":"","tripId":"6659a29d-5945-4da7-9838-c3793621e7bc"},{"VendorID":"2","tpep_pickup_datetime":"2023-09-23 10:18:56","tpep_dropoff_datetime":"2024-01-07 10:27:32","passenger_count":"1","trip_distance":"1.76","RatecodeID":"1","store_and_fwd_flag":"N","PULocationID":"263","DOLocationID":"237","payment_type":"1","fare_amount":"8","extra":"0","mta_tax":"0.5","tip_amount":"1.76","tolls_amount":"0","improvement_surcharge":"0.3","total_amount":"10.56","congestion_surcharge":"","tripId":"62e58b31-1ca7-4934-8e3f-e5667c312e1b"},{"VendorID":"2","tpep_pickup_datetime":"2023-08-10 10:36:59","tpep_dropoff_datetime":"2023-12-18 10:48:46","passenger_count":"2","trip_distance":"7.20","RatecodeID":"1","store_and_fwd_flag":"N","PULocationID":"141","DOLocationID":"88","payment_type":"1","fare_amount":"20.5","extra":"0","mta_tax":"0.5","tip_amount":"2","tolls_amount":"0","improvement_surcharge":"0.3","total_amount":"23.3","congestion_surcharge":"","tripId":"35aa22d4-c726-455a-8574-d19ff06e2d4e"},{"VendorID":"1","tpep_pickup_datetime":"2023-08-23 10:03:33","tpep_dropoff_datetime":"2023-07-23 10:24:11","passenger_count":"1","trip_distance":"1.30","RatecodeID":"1","store_and_fwd_flag":"N","PULocationID":"186","DOLocationID":"230","payment_type":"1","fare_amount":"13","extra":"0","mta_tax":"0.5","tip_amount":"2.75","tolls_amount":"0","improvement_surcharge":"0.3","total_amount":"16.55","congestion_surcharge":"","tripId":"4dfa2dd3-4528-46bc-b852-5d40df434711"},{"VendorID":"1","tpep_pickup_datetime":"2023-09-14 10:41:24","tpep_dropoff_datetime":"2023-10-14 10:46:10","passenger_count":"2","trip_distance":".50","RatecodeID":"1","store_and_fwd_flag":"N","PULocationID":"230","DOLocationID":"163","payment_type":"1","fare_amount":"5","extra":"0","mta_tax":"0.5","tip_amount":"1.15","tolls_amount":"0","improvement_surcharge":"0.3","total_amount":"6.95","congestion_surcharge":"","tripId":"9b430fcf-0417-4304-bd5b-759294387c4f"},{"VendorID":"1","tpep_pickup_datetime":"2023-03-23 10:54:20","tpep_dropoff_datetime":"2023-08-07 11:01:11","passenger_count":"1","trip_distance":".70","RatecodeID":"1","store_and_fwd_flag":"N","PULocationID":"161","DOLocationID":"164","payment_type":"1","fare_amount":"6","extra":"0","mta_tax":"0.5","tip_amount":"1.02","tolls_amount":"0","improvement_surcharge":"0.3","total_amount":"7.82","congestion_surcharge":"","tripId":"da2a0928-3d73-4408-9707-18bf440cacb7"},{"VendorID":"2","tpep_pickup_datetime":"2023-01-31 10:27:45","tpep_dropoff_datetime":"2023-06-19 10:33:39","passenger_count":"1","trip_distance":".82","RatecodeID":"1","store_and_fwd_flag":"N","PULocationID":"161","DOLocationID":"164","payment_type":"1","fare_amount":"5.5","extra":"0","mta_tax":"0.5","tip_amount":"0","tolls_amount":"0","improvement_surcharge":"0.3","total_amount":"6.3","congestion_surcharge":"","tripId":"69874293-fc2b-410f-b93d-49f2a73af302"},{"VendorID":"2","tpep_pickup_datetime":"2023-09-04 10:42:59","tpep_dropoff_datetime":"2023-08-02 10:51:46","passenger_count":"1","trip_distance":"1.21","RatecodeID":"1","store_and_fwd_flag":"N","PULocationID":"100","DOLocationID":"163","payment_type":"1","fare_amount":"7.5","extra":"0","mta_tax":"0.5","tip_amount":"1.66","tolls_amount":"0","improvement_surcharge":"0.3","total_amount":"9.96","congestion_surcharge":"","tripId":"acb8a485-41cf-42e5-852d-6c9918f9535e"},{"VendorID":"2","tpep_pickup_datetime":"2023-04-23 10:23:35","tpep_dropoff_datetime":"2023-11-08 10:45:11","passenger_count":"2","trip_distance":"3.90","RatecodeID":"1","store_and_fwd_flag":"N","PULocationID":"43","DOLocationID":"68","payment_type":"1","fare_amount":"16.5","extra":"0","mta_tax":"0.5","tip_amount":"2.6","tolls_amount":"0","improvement_surcharge":"0.3","total_amount":"19.9","congestion_surcharge":"","tripId":"02f4436e-75a7-4bdd-b1e4-5fbd3b58fdc2"},{"VendorID":"2","tpep_pickup_datetime":"2023-12-17 10:05:52","tpep_dropoff_datetime":"2024-01-25 10:18:34","passenger_count":"1","trip_distance":"1.95","RatecodeID":"1","store_and_fwd_flag":"N","PULocationID":"143","DOLocationID":"229","payment_type":"1","fare_amount":"10","extra":"0","mta_tax":"0.5","tip_amount":"2.16","tolls_amount":"0","improvement_surcharge":"0.3","total_amount":"12.96","congestion_surcharge":"","tripId":"2ed94964-1e45-471a-8baa-c29a61fa2688"},{"VendorID":"2","tpep_pickup_datetime":"2023-08-25 10:20:15","tpep_dropoff_datetime":"2024-01-30 10:26:56","passenger_count":"1","trip_distance":".63","RatecodeID":"1","store_and_fwd_flag":"N","PULocationID":"229","DOLocationID":"162","payment_type":"2","fare_amount":"6","extra":"0","mta_tax":"0.5","tip_amount":"0","tolls_amount":"0","improvement_surcharge":"0.3","total_amount":"6.8","congestion_surcharge":"","tripId":"b4b8fe7a-4528-4baf-98b1-846e3e4a0def"},{"VendorID":"2","tpep_pickup_datetime":"2023-08-05 10:34:22","tpep_dropoff_datetime":"2024-01-12 10:38:23","passenger_count":"1","trip_distance":".70","RatecodeID":"1","store_and_fwd_flag":"N","PULocationID":"229","DOLocationID":"163","payment_type":"1","fare_amount":"4.5","extra":"0","mta_tax":"0.5","tip_amount":"1.32","tolls_amount":"0","improvement_surcharge":"0.3","total_amount":"6.62","congestion_surcharge":"","tripId":"7ad9559e-e0e1-4f1c-aa87-8d889105fbc1"},{"VendorID":"2","tpep_pickup_datetime":"2023-01-12 10:40:23","tpep_dropoff_datetime":"2023-09-12 10:50:40","passenger_count":"1","trip_distance":"1.37","RatecodeID":"1","store_and_fwd_flag":"N","PULocationID":"163","DOLocationID":"43","payment_type":"2","fare_amount":"8.5","extra":"0","mta_tax":"0.5","tip_amount":"0","tolls_amount":"0","improvement_surcharge":"0.3","total_amount":"9.3","congestion_surcharge":"","tripId":"2987f20c-aff1-4d9f-8b88-74da89656d02"},{"VendorID":"2","tpep_pickup_datetime":"2023-07-27 10:30:59","tpep_dropoff_datetime":"2023-07-04 10:35:09","passenger_count":"1","trip_distance":"1.28","RatecodeID":"1","store_and_fwd_flag":"N","PULocationID":"107","DOLocationID":"162","payment_type":"1","fare_amount":"5.5","extra":"0","mta_tax":"0.5","tip_amount":"1.26","tolls_amount":"0","improvement_surcharge":"0.3","total_amount":"7.56","congestion_surcharge":"","tripId":"9e289aa9-52ec-4dad-bdb0-8fd78f6c75ca"},{"VendorID":"2","tpep_pickup_datetime":"2023-02-24 10:47:57","tpep_dropoff_datetime":"2023-07-26 10:57:20","passenger_count":"1","trip_distance":"1.09","RatecodeID":"1","store_and_fwd_flag":"N","PULocationID":"170","DOLocationID":"100","payment_type":"2","fare_amount":"7.5","extra":"0","mta_tax":"0.5","tip_amount":"0","tolls_amount":"0","improvement_surcharge":"0.3","total_amount":"8.3","congestion_surcharge":"","tripId":"70bf9e8b-6944-4c3b-b922-24214d946a7f"},{"VendorID":"2","tpep_pickup_datetime":"2023-07-04 10:35:27","tpep_dropoff_datetime":"2023-05-16 11:00:35","passenger_count":"1","trip_distance":"7.61","RatecodeID":"1","store_and_fwd_flag":"N","PULocationID":"239","DOLocationID":"148","payment_type":"2","fare_amount":"25.5","extra":"0","mta_tax":"0.5","tip_amount":"0","tolls_amount":"0","improvement_surcharge":"0.3","total_amount":"26.3","congestion_surcharge":"","tripId":"759fa41a-a545-4896-8840-9cf691f2bb1b"},{"VendorID":"2","tpep_pickup_datetime":"2023-05-29 10:29:20","tpep_dropoff_datetime":"2023-04-25 10:48:52","passenger_count":"1","trip_distance":"5.22","RatecodeID":"1","store_and_fwd_flag":"N","PULocationID":"231","DOLocationID":"164","payment_type":"2","fare_amount":"19","extra":"0","mta_tax":"0.5","tip_amount":"0","tolls_amount":"0","improvement_surcharge":"0.3","total_amount":"19.8","congestion_surcharge":"","tripId":"6683d7a8-fdc4-48fe-9fe2-f8f192e26c38"},{"VendorID":"2","tpep_pickup_datetime":"2023-06-25 09:57:11","tpep_dropoff_datetime":"2023-04-06 10:11:04","passenger_count":"1","trip_distance":"4.20","RatecodeID":"1","store_and_fwd_flag":"N","PULocationID":"141","DOLocationID":"234","payment_type":"1","fare_amount":"15","extra":"0","mta_tax":"0.5","tip_amount":"3.16","tolls_amount":"0","improvement_surcharge":"0.3","total_amount":"18.96","congestion_surcharge":"","tripId":"25815dd9-1649-4e4b-8979-f356e2eb9741"},{"VendorID":"2","tpep_pickup_datetime":"2023-01-15 10:14:52","tpep_dropoff_datetime":"2023-04-15 10:18:52","passenger_count":"1","trip_distance":".54","RatecodeID":"1","store_and_fwd_flag":"N","PULocationID":"164","DOLocationID":"170","payment_type":"1","fare_amount":"4.5","extra":"0","mta_tax":"0.5","tip_amount":"1.06","tolls_amount":"0","improvement_surcharge":"0.3","total_amount":"6.36","congestion_surcharge":"","tripId":"10fcc17f-352c-4297-8bac-6f2d6921ad9a"},{"VendorID":"2","tpep_pickup_datetime":"2023-03-20 10:46:48","tpep_dropoff_datetime":"2023-03-23 11:09:16","passenger_count":"1","trip_distance":"3.22","RatecodeID":"1","store_and_fwd_flag":"N","PULocationID":"141","DOLocationID":"186","payment_type":"2","fare_amount":"16","extra":"0","mta_tax":"0.5","tip_amount":"0","tolls_amount":"0","improvement_surcharge":"0.3","total_amount":"16.8","congestion_surcharge":"","tripId":"20adecf7-1a1b-4410-aea8-c9ea8818d70c"},{"VendorID":"1","tpep_pickup_datetime":"2024-01-04 10:01:12","tpep_dropoff_datetime":"2023-08-02 10:06:01","passenger_count":"1","trip_distance":".80","RatecodeID":"1","store_and_fwd_flag":"N","PULocationID":"262","DOLocationID":"236","payment_type":"1","fare_amount":"5.5","extra":"0","mta_tax":"0.5","tip_amount":"1.25","tolls_amount":"0","improvement_surcharge":"0.3","total_amount":"7.55","congestion_surcharge":"","tripId":"280d3dda-1d8d-471c-ab34-7971b8978d55"},{"VendorID":"1","tpep_pickup_datetime":"2023-05-09 10:10:36","tpep_dropoff_datetime":"2024-01-21 10:26:53","passenger_count":"1","trip_distance":"2.70","RatecodeID":"1","store_and_fwd_flag":"N","PULocationID":"236","DOLocationID":"234","payment_type":"1","fare_amount":"12.5","extra":"0","mta_tax":"0.5","tip_amount":"2","tolls_amount":"0","improvement_surcharge":"0.3","total_amount":"15.3","congestion_surcharge":"","tripId":"9bc1b030-f192-45fb-9e28-4a70dd06eaea"},{"VendorID":"1","tpep_pickup_datetime":"2023-02-21 10:17:45","tpep_dropoff_datetime":"2023-07-13 10:19:51","passenger_count":"1","trip_distance":".70","RatecodeID":"1","store_and_fwd_flag":"N","PULocationID":"263","DOLocationID":"141","payment_type":"2","fare_amount":"4","extra":"0","mta_tax":"0.5","tip_amount":"0","tolls_amount":"0","improvement_surcharge":"0.3","total_amount":"4.8","congestion_surcharge":"","tripId":"4e33fac3-f7e2-4647-a373-558c916438fb"},{"VendorID":"1","tpep_pickup_datetime":"2023-02-08 10:35:54","tpep_dropoff_datetime":"2023-06-26 10:48:22","passenger_count":"1","trip_distance":"2.00","RatecodeID":"1","store_and_fwd_flag":"N","PULocationID":"262","DOLocationID":"236","payment_type":"2","fare_amount":"10.5","extra":"0","mta_tax":"0.5","tip_amount":"0","tolls_amount":"0","improvement_surcharge":"0.3","total_amount":"11.3","congestion_surcharge":"","tripId":"9d90a691-1aae-45df-94b6-0475587ac177"},{"VendorID":"2","tpep_pickup_datetime":"2023-04-22 10:41:00","tpep_dropoff_datetime":"2023-04-04 10:56:23","passenger_count":"1","trip_distance":"1.08","RatecodeID":"1","store_and_fwd_flag":"N","PULocationID":"246","DOLocationID":"230","payment_type":"2","fare_amount":"10.5","extra":"0","mta_tax":"0.5","tip_amount":"0","tolls_amount":"0","improvement_surcharge":"0.3","total_amount":"11.3","congestion_surcharge":"","tripId":"fb93996b-e05c-40f6-b34c-7aa32dd4dc00"},{"VendorID":"2","tpep_pickup_datetime":"2023-10-09 10:47:46","tpep_dropoff_datetime":"2023-01-11 11:32:02","passenger_count":"1","trip_distance":"17.63","RatecodeID":"2","store_and_fwd_flag":"N","PULocationID":"230","DOLocationID":"132","payment_type":"1","fare_amount":"52","extra":"0","mta_tax":"0.5","tip_amount":"14.64","tolls_amount":"5.76","improvement_surcharge":"0.3","total_amount":"73.2","congestion_surcharge":"","tripId":"7298894f-b691-4386-8f5c-de4f4696bd3d"},{"VendorID":"2","tpep_pickup_datetime":"2023-11-02 10:45:35","tpep_dropoff_datetime":"2023-04-21 10:54:31","passenger_count":"1","trip_distance":"1.57","RatecodeID":"1","store_and_fwd_flag":"N","PULocationID":"164","DOLocationID":"68","payment_type":"2","fare_amount":"8","extra":"0","mta_tax":"0.5","tip_amount":"0","tolls_amount":"0","improvement_surcharge":"0.3","total_amount":"8.8","congestion_surcharge":"","tripId":"157c9fe6-4a42-4f37-8399-d9eaa2165484"},{"VendorID":"1","tpep_pickup_datetime":"2023-12-18 10:00:08","tpep_dropoff_datetime":"2023-08-30 10:44:30","passenger_count":"2","trip_distance":"18.20","RatecodeID":"2","store_and_fwd_flag":"N","PULocationID":"132","DOLocationID":"48","payment_type":"2","fare_amount":"52","extra":"0","mta_tax":"0.5","tip_amount":"0","tolls_amount":"5.76","improvement_surcharge":"0.3","total_amount":"58.56","congestion_surcharge":"","tripId":"858cdcc7-9d0b-45b5-ad19-3de46a77549e"},{"VendorID":"2","tpep_pickup_datetime":"2024-02-04 10:59:08","tpep_dropoff_datetime":"2023-02-14 11:04:13","passenger_count":"6","trip_distance":".65","RatecodeID":"1","store_and_fwd_flag":"N","PULocationID":"262","DOLocationID":"141","payment_type":"2","fare_amount":"5","extra":"0","mta_tax":"0.5","tip_amount":"0","tolls_amount":"0","improvement_surcharge":"0.3","total_amount":"5.8","congestion_surcharge":"","tripId":"3b321a35-f9d8-40d1-9ab4-5110186d8606"},{"VendorID":"2","tpep_pickup_datetime":"2023-11-29 10:04:23","tpep_dropoff_datetime":"2023-04-27 10:11:03","passenger_count":"2","trip_distance":".76","RatecodeID":"1","store_and_fwd_flag":"N","PULocationID":"229","DOLocationID":"161","payment_type":"1","fare_amount":"6","extra":"0","mta_tax":"0.5","tip_amount":"1.36","tolls_amount":"0","improvement_surcharge":"0.3","total_amount":"8.16","congestion_surcharge":"","tripId":"a4452ea2-fbac-4ee6-83d4-0ce4bd9daba5"},{"VendorID":"2","tpep_pickup_datetime":"2023-01-14 10:31:24","tpep_dropoff_datetime":"2023-03-28 10:37:28","passenger_count":"2","trip_distance":"1.42","RatecodeID":"1","store_and_fwd_flag":"N","PULocationID":"143","DOLocationID":"48","payment_type":"1","fare_amount":"6.5","extra":"0","mta_tax":"0.5","tip_amount":"1.46","tolls_amount":"0","improvement_surcharge":"0.3","total_amount":"8.76","congestion_surcharge":"","tripId":"e1f55c31-02db-460c-954b-e2db361813e6"},{"VendorID":"2","tpep_pickup_datetime":"2023-11-30 10:46:33","tpep_dropoff_datetime":"2023-06-09 10:50:18","passenger_count":"1","trip_distance":".63","RatecodeID":"1","store_and_fwd_flag":"N","PULocationID":"164","DOLocationID":"234","payment_type":"2","fare_amount":"4.5","extra":"0","mta_tax":"0.5","tip_amount":"0","tolls_amount":"0","improvement_surcharge":"0.3","total_amount":"5.3","congestion_surcharge":"","tripId":"5b69ae1b-3e20-4bde-b8a5-f2b3832362fe"},{"VendorID":"1","tpep_pickup_datetime":"2024-01-26 10:22:16","tpep_dropoff_datetime":"2023-01-18 10:27:49","passenger_count":"1","trip_distance":"1.00","RatecodeID":"1","store_and_fwd_flag":"N","PULocationID":"141","DOLocationID":"162","payment_type":"1","fare_amount":"5.5","extra":"0","mta_tax":"0.5","tip_amount":"1.25","tolls_amount":"0","improvement_surcharge":"0.3","total_amount":"7.55","congestion_surcharge":"","tripId":"cd606206-3258-4d4b-b70f-2446f0c45698"},{"VendorID":"1","tpep_pickup_datetime":"2023-01-30 10:30:12","tpep_dropoff_datetime":"2023-02-07 10:48:15","passenger_count":"3","trip_distance":"3.60","RatecodeID":"1","store_and_fwd_flag":"N","PULocationID":"162","DOLocationID":"144","payment_type":"1","fare_amount":"14.5","extra":"0","mta_tax":"0.5","tip_amount":"3.8","tolls_amount":"0","improvement_surcharge":"0.3","total_amount":"19.1","congestion_surcharge":"","tripId":"7d687c00-81c7-4ddd-9741-e60e8e56984e"},{"VendorID":"2","tpep_pickup_datetime":"2023-06-08 10:03:33","tpep_dropoff_datetime":"2023-07-08 10:09:28","passenger_count":"6","trip_distance":".82","RatecodeID":"1","store_and_fwd_flag":"N","PULocationID":"68","DOLocationID":"246","payment_type":"1","fare_amount":"6","extra":"0","mta_tax":"0.5","tip_amount":"2.04","tolls_amount":"0","improvement_surcharge":"0.3","total_amount":"8.84","congestion_surcharge":"","tripId":"a4f072a9-e4b8-4396-9ec8-520bd6a23f65"},{"VendorID":"2","tpep_pickup_datetime":"2023-02-03 10:15:43","tpep_dropoff_datetime":"2023-06-27 10:19:00","passenger_count":"6","trip_distance":".67","RatecodeID":"1","store_and_fwd_flag":"N","PULocationID":"68","DOLocationID":"90","payment_type":"1","fare_amount":"4.5","extra":"0","mta_tax":"0.5","tip_amount":"1.06","tolls_amount":"0","improvement_surcharge":"0.3","total_amount":"6.36","congestion_surcharge":"","tripId":"ab39eb91-0655-41f4-b204-c87114176a40"},{"VendorID":"2","tpep_pickup_datetime":"2023-11-16 10:25:14","tpep_dropoff_datetime":"2023-01-13 10:32:46","passenger_count":"6","trip_distance":".88","RatecodeID":"1","store_and_fwd_flag":"N","PULocationID":"249","DOLocationID":"114","payment_type":"1","fare_amount":"6.5","extra":"0","mta_tax":"0.5","tip_amount":"2.19","tolls_amount":"0","improvement_surcharge":"0.3","total_amount":"9.49","congestion_surcharge":"","tripId":"b95e90c7-a870-416b-a036-1fe7249dd51e"},{"VendorID":"2","tpep_pickup_datetime":"2023-01-17 10:19:19","tpep_dropoff_datetime":"2023-12-09 10:25:45","passenger_count":"1","trip_distance":".99","RatecodeID":"1","store_and_fwd_flag":"N","PULocationID":"90","DOLocationID":"164","payment_type":"1","fare_amount":"6","extra":"0","mta_tax":"0.5","tip_amount":"1.36","tolls_amount":"0","improvement_surcharge":"0.3","total_amount":"8.16","congestion_surcharge":"","tripId":"2c7a728c-1276-4043-a716-5d0d74bce92e"},{"VendorID":"1","tpep_pickup_datetime":"2024-02-02 10:48:21","tpep_dropoff_datetime":"2023-11-02 11:04:31","passenger_count":"1","trip_distance":"3.20","RatecodeID":"1","store_and_fwd_flag":"N","PULocationID":"237","DOLocationID":"234","payment_type":"1","fare_amount":"13","extra":"0","mta_tax":"0.5","tip_amount":"1","tolls_amount":"0","improvement_surcharge":"0.3","total_amount":"14.8","congestion_surcharge":"","tripId":"6588cece-fe84-438d-beae-b972b5a577ad"},{"VendorID":"2","tpep_pickup_datetime":"2023-12-05 10:22:00","tpep_dropoff_datetime":"2023-10-29 10:30:24","passenger_count":"2","trip_distance":"1.48","RatecodeID":"1","store_and_fwd_flag":"N","PULocationID":"164","DOLocationID":"249","payment_type":"1","fare_amount":"8","extra":"0","mta_tax":"0.5","tip_amount":"2.2","tolls_amount":"0","improvement_surcharge":"0.3","total_amount":"11","congestion_surcharge":"","tripId":"43cd7304-76ed-430a-b24e-824e97a893fa"},{"VendorID":"2","tpep_pickup_datetime":"2023-07-05 10:54:19","tpep_dropoff_datetime":"2023-11-15 11:05:45","passenger_count":"2","trip_distance":"4.88","RatecodeID":"1","store_and_fwd_flag":"N","PULocationID":"107","DOLocationID":"262","payment_type":"1","fare_amount":"16","extra":"0","mta_tax":"0.5","tip_amount":"3.36","tolls_amount":"0","improvement_surcharge":"0.3","total_amount":"20.16","congestion_surcharge":"","tripId":"79095515-e425-4ebb-a985-1dd22369204b"},{"VendorID":"2","tpep_pickup_datetime":"2023-06-04 10:58:42","tpep_dropoff_datetime":"2023-03-08 11:01:19","passenger_count":"2","trip_distance":".62","RatecodeID":"1","store_and_fwd_flag":"N","PULocationID":"107","DOLocationID":"234","payment_type":"1","fare_amount":"4","extra":"0","mta_tax":"0.5","tip_amount":"1.44","tolls_amount":"0","improvement_surcharge":"0.3","total_amount":"6.24","congestion_surcharge":"","tripId":"4fd6dd4a-3d2e-483a-a07b-3faef7299994"},{"VendorID":"2","tpep_pickup_datetime":"2023-03-25 10:52:28","tpep_dropoff_datetime":"2023-02-16 11:02:07","passenger_count":"1","trip_distance":"1.35","RatecodeID":"1","store_and_fwd_flag":"N","PULocationID":"233","DOLocationID":"100","payment_type":"2","fare_amount":"8","extra":"0","mta_tax":"0.5","tip_amount":"0","tolls_amount":"0","improvement_surcharge":"0.3","total_amount":"8.8","congestion_surcharge":"","tripId":"0517bf88-9d49-4481-a273-1ea0cc9901c8"},{"VendorID":"1","tpep_pickup_datetime":"2023-08-20 10:02:11","tpep_dropoff_datetime":"2023-11-13 10:22:23","passenger_count":"1","trip_distance":"1.80","RatecodeID":"1","store_and_fwd_flag":"N","PULocationID":"186","DOLocationID":"233","payment_type":"2","fare_amount":"13.5","extra":"0","mta_tax":"0.5","tip_amount":"0","tolls_amount":"0","improvement_surcharge":"0.3","total_amount":"14.3","congestion_surcharge":"","tripId":"6e18344b-f4f8-4496-b866-d0dab448f880"},{"VendorID":"1","tpep_pickup_datetime":"2023-08-08 10:43:15","tpep_dropoff_datetime":"2023-02-17 11:01:42","passenger_count":"1","trip_distance":"4.50","RatecodeID":"1","store_and_fwd_flag":"N","PULocationID":"162","DOLocationID":"45","payment_type":"2","fare_amount":"18","extra":"0","mta_tax":"0.5","tip_amount":"0","tolls_amount":"0","improvement_surcharge":"0.3","total_amount":"18.8","congestion_surcharge":"","tripId":"b79209c1-b439-421c-84ef-ebea6ab51446"},{"VendorID":"2","tpep_pickup_datetime":"2023-06-03 10:42:51","tpep_dropoff_datetime":"2023-03-12 10:58:03","passenger_count":"1","trip_distance":"5.12","RatecodeID":"1","store_and_fwd_flag":"N","PULocationID":"43","DOLocationID":"232","payment_type":"2","fare_amount":"17.5","extra":"0","mta_tax":"0.5","tip_amount":"0","tolls_amount":"0","improvement_surcharge":"0.3","total_amount":"18.3","congestion_surcharge":"","tripId":"2a5187bc-64ac-4176-b037-1fdca9533baf"},{"VendorID":"2","tpep_pickup_datetime":"2024-01-02 10:22:32","tpep_dropoff_datetime":"2023-10-26 10:52:56","passenger_count":"1","trip_distance":"3.25","RatecodeID":"1","store_and_fwd_flag":"N","PULocationID":"48","DOLocationID":"79","payment_type":"2","fare_amount":"19.5","extra":"0","mta_tax":"0.5","tip_amount":"0","tolls_amount":"0","improvement_surcharge":"0.3","total_amount":"20.3","congestion_surcharge":"","tripId":"11316f4e-2821-456e-a0ba-4af9390fd5b9"},{"VendorID":"2","tpep_pickup_datetime":"2024-01-19 10:02:46","tpep_dropoff_datetime":"2023-06-04 10:07:52","passenger_count":"1","trip_distance":".72","RatecodeID":"1","store_and_fwd_flag":"N","PULocationID":"237","DOLocationID":"237","payment_type":"1","fare_amount":"5","extra":"0","mta_tax":"0.5","tip_amount":"0.87","tolls_amount":"0","improvement_surcharge":"0.3","total_amount":"6.67","congestion_surcharge":"","tripId":"0f43392e-d949-4033-9cbc-741d3583e642"},{"VendorID":"2","tpep_pickup_datetime":"2023-06-25 10:06:35","tpep_dropoff_datetime":"2023-12-24 10:12:12","passenger_count":"1","trip_distance":".80","RatecodeID":"1","store_and_fwd_flag":"N","PULocationID":"50","DOLocationID":"230","payment_type":"1","fare_amount":"5.5","extra":"0","mta_tax":"0.5","tip_amount":"1.89","tolls_amount":"0","improvement_surcharge":"0.3","total_amount":"8.19","congestion_surcharge":"","tripId":"3ac9abd6-311c-448a-b940-7b54baf8c8d2"},{"VendorID":"2","tpep_pickup_datetime":"2023-03-04 10:44:30","tpep_dropoff_datetime":"2023-08-31 11:07:27","passenger_count":"2","trip_distance":"8.05","RatecodeID":"1","store_and_fwd_flag":"N","PULocationID":"138","DOLocationID":"263","payment_type":"1","fare_amount":"25","extra":"0","mta_tax":"0.5","tip_amount":"7.89","tolls_amount":"5.76","improvement_surcharge":"0.3","total_amount":"39.45","congestion_surcharge":"","tripId":"dff00fdf-779d-4229-85ea-b3b7efb5998d"},{"VendorID":"2","tpep_pickup_datetime":"2023-07-27 10:16:08","tpep_dropoff_datetime":"2023-07-27 10:21:41","passenger_count":"5","trip_distance":"1.35","RatecodeID":"1","store_and_fwd_flag":"N","PULocationID":"114","DOLocationID":"90","payment_type":"1","fare_amount":"6.5","extra":"0","mta_tax":"0.5","tip_amount":"1.46","tolls_amount":"0","improvement_surcharge":"0.3","total_amount":"8.76","congestion_surcharge":"","tripId":"15d84161-fb8d-4a25-86e8-576e9b81d1f1"},{"VendorID":"2","tpep_pickup_datetime":"2023-08-13 10:24:17","tpep_dropoff_datetime":"2023-11-05 10:44:54","passenger_count":"5","trip_distance":"3.62","RatecodeID":"1","store_and_fwd_flag":"N","PULocationID":"234","DOLocationID":"236","payment_type":"1","fare_amount":"16.5","extra":"0","mta_tax":"0.5","tip_amount":"2","tolls_amount":"0","improvement_surcharge":"0.3","total_amount":"19.3","congestion_surcharge":"","tripId":"2fd0612d-aa6d-42b6-88c6-21de1d1a1494"},{"VendorID":"2","tpep_pickup_datetime":"2023-05-09 10:29:59","tpep_dropoff_datetime":"2023-12-19 10:42:45","passenger_count":"4","trip_distance":"4.79","RatecodeID":"1","store_and_fwd_flag":"N","PULocationID":"238","DOLocationID":"68","payment_type":"1","fare_amount":"16","extra":"0","mta_tax":"0.5","tip_amount":"3.36","tolls_amount":"0","improvement_surcharge":"0.3","total_amount":"20.16","congestion_surcharge":"","tripId":"01f38b98-0c86-4189-84b4-96d30844c1b2"},{"VendorID":"2","tpep_pickup_datetime":"2023-04-25 10:50:48","tpep_dropoff_datetime":"2023-11-23 10:54:21","passenger_count":"3","trip_distance":".86","RatecodeID":"1","store_and_fwd_flag":"N","PULocationID":"158","DOLocationID":"231","payment_type":"1","fare_amount":"4.5","extra":"0","mta_tax":"0.5","tip_amount":"1.06","tolls_amount":"0","improvement_surcharge":"0.3","total_amount":"6.36","congestion_surcharge":"","tripId":"72e245b5-650b-4c23-b6af-76aa253b8036"},{"VendorID":"1","tpep_pickup_datetime":"2023-05-01 10:59:36","tpep_dropoff_datetime":"2023-08-07 11:21:34","passenger_count":"1","trip_distance":"3.60","RatecodeID":"1","store_and_fwd_flag":"N","PULocationID":"142","DOLocationID":"137","payment_type":"2","fare_amount":"16","extra":"0","mta_tax":"0.5","tip_amount":"0","tolls_amount":"0","improvement_surcharge":"0.3","total_amount":"16.8","congestion_surcharge":"","tripId":"bb8a05df-e489-4abd-bd07-7119aeee77b5"},{"VendorID":"2","tpep_pickup_datetime":"2023-03-02 10:01:03","tpep_dropoff_datetime":"2023-08-27 10:06:59","passenger_count":"2","trip_distance":"1.62","RatecodeID":"1","store_and_fwd_flag":"N","PULocationID":"237","DOLocationID":"75","payment_type":"1","fare_amount":"7","extra":"0","mta_tax":"0.5","tip_amount":"1.56","tolls_amount":"0","improvement_surcharge":"0.3","total_amount":"9.36","congestion_surcharge":"","tripId":"07804b32-b7f6-410b-8d7e-cbef6b4281ed"},{"VendorID":"2","tpep_pickup_datetime":"2023-08-03 10:47:05","tpep_dropoff_datetime":"2023-08-12 10:50:21","passenger_count":"3","trip_distance":".69","RatecodeID":"1","store_and_fwd_flag":"N","PULocationID":"75","DOLocationID":"75","payment_type":"2","fare_amount":"4.5","extra":"0","mta_tax":"0.5","tip_amount":"0","tolls_amount":"0","improvement_surcharge":"0.3","total_amount":"5.3","congestion_surcharge":"","tripId":"2fa24ee6-3253-46be-90be-98c1b87c4026"},{"VendorID":"2","tpep_pickup_datetime":"2024-01-03 10:54:11","tpep_dropoff_datetime":"2023-11-05 10:58:53","passenger_count":"2","trip_distance":"1.27","RatecodeID":"1","store_and_fwd_flag":"N","PULocationID":"75","DOLocationID":"74","payment_type":"2","fare_amount":"6","extra":"0","mta_tax":"0.5","tip_amount":"0","tolls_amount":"0","improvement_surcharge":"0.3","total_amount":"6.8","congestion_surcharge":"","tripId":"e62ee64e-4487-4fdd-91ef-ac34f96d1710"},{"VendorID":"2","tpep_pickup_datetime":"2023-09-19 10:12:17","tpep_dropoff_datetime":"2023-01-13 10:18:55","passenger_count":"5","trip_distance":"1.20","RatecodeID":"1","store_and_fwd_flag":"N","PULocationID":"264","DOLocationID":"264","payment_type":"2","fare_amount":"6.5","extra":"0","mta_tax":"0.5","tip_amount":"0","tolls_amount":"0","improvement_surcharge":"0.3","total_amount":"7.3","congestion_surcharge":"","tripId":"253eace9-8a63-4984-882b-6c685496cd1b"},{"VendorID":"2","tpep_pickup_datetime":"2023-02-23 10:30:57","tpep_dropoff_datetime":"2023-12-09 10:48:12","passenger_count":"5","trip_distance":"5.67","RatecodeID":"1","store_and_fwd_flag":"N","PULocationID":"264","DOLocationID":"264","payment_type":"2","fare_amount":"19.5","extra":"0","mta_tax":"0.5","tip_amount":"0","tolls_amount":"0","improvement_surcharge":"0.3","total_amount":"20.3","congestion_surcharge":"","tripId":"f703c647-f8f3-464d-9192-2f5782a17f12"},{"VendorID":"2","tpep_pickup_datetime":"2023-12-22 10:22:37","tpep_dropoff_datetime":"2023-03-11 10:44:31","passenger_count":"1","trip_distance":"4.66","RatecodeID":"1","store_and_fwd_flag":"N","PULocationID":"163","DOLocationID":"179","payment_type":"2","fare_amount":"18.5","extra":"0","mta_tax":"0.5","tip_amount":"0","tolls_amount":"0","improvement_surcharge":"0.3","total_amount":"19.3","congestion_surcharge":"","tripId":"d3d66567-b15a-41ac-bd4d-86332aa94eba"},{"VendorID":"2","tpep_pickup_datetime":"2024-01-18 10:47:55","tpep_dropoff_datetime":"2023-02-16 10:51:53","passenger_count":"1","trip_distance":"1.12","RatecodeID":"1","store_and_fwd_flag":"N","PULocationID":"50","DOLocationID":"142","payment_type":"2","fare_amount":"5.5","extra":"0","mta_tax":"0.5","tip_amount":"0","tolls_amount":"0","improvement_surcharge":"0.3","total_amount":"6.3","congestion_surcharge":"","tripId":"db12a6c6-4eac-4577-a491-e2680a488d9d"},{"VendorID":"2","tpep_pickup_datetime":"2023-10-20 10:54:16","tpep_dropoff_datetime":"2023-05-28 11:47:29","passenger_count":"1","trip_distance":"24.37","RatecodeID":"4","store_and_fwd_flag":"N","PULocationID":"142","DOLocationID":"265","payment_type":"2","fare_amount":"121","extra":"0","mta_tax":"0.5","tip_amount":"0","tolls_amount":"10.5","improvement_surcharge":"0.3","total_amount":"132.3","congestion_surcharge":"","tripId":"92f68544-c4f8-4376-ab35-d2be66aa50ca"},{"VendorID":"1","tpep_pickup_datetime":"2023-11-14 10:15:24","tpep_dropoff_datetime":"2023-11-30 10:25:53","passenger_count":"1","trip_distance":"2.10","RatecodeID":"1","store_and_fwd_flag":"N","PULocationID":"236","DOLocationID":"162","payment_type":"1","fare_amount":"9.5","extra":"0","mta_tax":"0.5","tip_amount":"1.5","tolls_amount":"0","improvement_surcharge":"0.3","total_amount":"11.8","congestion_surcharge":"","tripId":"00008664-139b-4617-926d-25ba354d63a6"},{"VendorID":"2","tpep_pickup_datetime":"2023-02-08 10:02:11","tpep_dropoff_datetime":"2023-10-15 10:16:19","passenger_count":"2","trip_distance":"2.84","RatecodeID":"1","store_and_fwd_flag":"N","PULocationID":"236","DOLocationID":"162","payment_type":"1","fare_amount":"12","extra":"0","mta_tax":"0.5","tip_amount":"2","tolls_amount":"0","improvement_surcharge":"0.3","total_amount":"14.8","congestion_surcharge":"","tripId":"54ab8789-4206-4a7d-ad7b-909458f101a2"},{"VendorID":"2","tpep_pickup_datetime":"2024-02-01 10:18:06","tpep_dropoff_datetime":"2023-09-07 10:26:25","passenger_count":"1","trip_distance":"1.11","RatecodeID":"1","store_and_fwd_flag":"N","PULocationID":"162","DOLocationID":"164","payment_type":"1","fare_amount":"7","extra":"0","mta_tax":"0.5","tip_amount":"1.56","tolls_amount":"0","improvement_surcharge":"0.3","total_amount":"9.36","congestion_surcharge":"","tripId":"3ac8dc97-d7b4-4b6c-a8b6-66b3d0cc0d62"},{"VendorID":"2","tpep_pickup_datetime":"2023-05-01 10:37:10","tpep_dropoff_datetime":"2023-04-13 10:42:02","passenger_count":"1","trip_distance":".95","RatecodeID":"1","store_and_fwd_flag":"N","PULocationID":"162","DOLocationID":"229","payment_type":"1","fare_amount":"5.5","extra":"0","mta_tax":"0.5","tip_amount":"1.26","tolls_amount":"0","improvement_surcharge":"0.3","total_amount":"7.56","congestion_surcharge":"","tripId":"6bc0856b-7293-4c6b-9395-7db11047f364"},{"VendorID":"2","tpep_pickup_datetime":"2023-06-05 10:50:40","tpep_dropoff_datetime":"2023-06-16 11:02:51","passenger_count":"1","trip_distance":"2.34","RatecodeID":"1","store_and_fwd_flag":"N","PULocationID":"45","DOLocationID":"90","payment_type":"1","fare_amount":"10.5","extra":"0","mta_tax":"0.5","tip_amount":"2.26","tolls_amount":"0","improvement_surcharge":"0.3","total_amount":"13.56","congestion_surcharge":"","tripId":"77a46033-f801-401c-85b3-0c32f710b3fc"},{"VendorID":"2","tpep_pickup_datetime":"2023-12-03 10:06:01","tpep_dropoff_datetime":"2023-09-22 10:13:58","passenger_count":"1","trip_distance":"1.66","RatecodeID":"1","store_and_fwd_flag":"N","PULocationID":"236","DOLocationID":"161","payment_type":"2","fare_amount":"8","extra":"0","mta_tax":"0.5","tip_amount":"0","tolls_amount":"0","improvement_surcharge":"0.3","total_amount":"8.8","congestion_surcharge":"","tripId":"e9ee3101-e71e-4fdd-bf50-a81ffe55700f"},{"VendorID":"2","tpep_pickup_datetime":"2023-12-23 10:22:32","tpep_dropoff_datetime":"2023-11-15 10:25:45","passenger_count":"1","trip_distance":".66","RatecodeID":"1","store_and_fwd_flag":"N","PULocationID":"234","DOLocationID":"234","payment_type":"1","fare_amount":"4.5","extra":"0","mta_tax":"0.5","tip_amount":"1.06","tolls_amount":"0","improvement_surcharge":"0.3","total_amount":"6.36","congestion_surcharge":"","tripId":"2f6e2d04-fc30-47ea-bbfb-655bbf873bd5"},{"VendorID":"2","tpep_pickup_datetime":"2023-12-17 10:36:17","tpep_dropoff_datetime":"2023-07-23 10:43:33","passenger_count":"1","trip_distance":"1.63","RatecodeID":"1","store_and_fwd_flag":"N","PULocationID":"186","DOLocationID":"142","payment_type":"1","fare_amount":"7.5","extra":"0","mta_tax":"0.5","tip_amount":"1.66","tolls_amount":"0","improvement_surcharge":"0.3","total_amount":"9.96","congestion_surcharge":"","tripId":"6c845973-0c1c-4458-b870-7e294864fce6"},{"VendorID":"1","tpep_pickup_datetime":"2023-05-24 10:27:49","tpep_dropoff_datetime":"2023-03-11 10:36:01","passenger_count":"1","trip_distance":"2.10","RatecodeID":"1","store_and_fwd_flag":"N","PULocationID":"262","DOLocationID":"162","payment_type":"1","fare_amount":"9.5","extra":"0","mta_tax":"0.5","tip_amount":"1.03","tolls_amount":"0","improvement_surcharge":"0.3","total_amount":"11.33","congestion_surcharge":"","tripId":"916f473a-3446-493e-8181-1bb1af1ac691"},{"VendorID":"2","tpep_pickup_datetime":"2023-04-20 10:06:24","tpep_dropoff_datetime":"2023-08-10 10:10:32","passenger_count":"1","trip_distance":".82","RatecodeID":"1","store_and_fwd_flag":"N","PULocationID":"75","DOLocationID":"236","payment_type":"2","fare_amount":"5","extra":"0","mta_tax":"0.5","tip_amount":"0","tolls_amount":"0","improvement_surcharge":"0.3","total_amount":"5.8","congestion_surcharge":"","tripId":"16014452-efa4-4211-a1ec-632e6eb24af9"},{"VendorID":"1","tpep_pickup_datetime":"2024-01-03 10:01:00","tpep_dropoff_datetime":"2023-04-30 10:15:53","passenger_count":"1","trip_distance":"6.00","RatecodeID":"1","store_and_fwd_flag":"N","PULocationID":"223","DOLocationID":"236","payment_type":"1","fare_amount":"18.5","extra":"0","mta_tax":"0.5","tip_amount":"6.25","tolls_amount":"5.76","improvement_surcharge":"0.3","total_amount":"31.31","congestion_surcharge":"","tripId":"d30fe001-e72e-4521-bd1c-9451a685933f"},{"VendorID":"1","tpep_pickup_datetime":"2023-04-06 10:26:02","tpep_dropoff_datetime":"2024-01-26 10:32:20","passenger_count":"1","trip_distance":".60","RatecodeID":"1","store_and_fwd_flag":"N","PULocationID":"161","DOLocationID":"162","payment_type":"1","fare_amount":"5.5","extra":"0","mta_tax":"0.5","tip_amount":"1.2","tolls_amount":"0","improvement_surcharge":"0.3","total_amount":"7.5","congestion_surcharge":"","tripId":"84b2a24f-8374-41e1-b76b-87c56e2522df"},{"VendorID":"1","tpep_pickup_datetime":"2023-02-16 10:36:42","tpep_dropoff_datetime":"2023-04-04 10:42:45","passenger_count":"2","trip_distance":".60","RatecodeID":"1","store_and_fwd_flag":"N","PULocationID":"162","DOLocationID":"170","payment_type":"2","fare_amount":"5.5","extra":"0","mta_tax":"0.5","tip_amount":"0","tolls_amount":"0","improvement_surcharge":"0.3","total_amount":"6.3","congestion_surcharge":"","tripId":"b750b6b0-ccff-43ae-b148-867d17eaefd4"},{"VendorID":"1","tpep_pickup_datetime":"2023-07-06 10:49:50","tpep_dropoff_datetime":"2023-10-21 11:01:50","passenger_count":"2","trip_distance":"1.80","RatecodeID":"1","store_and_fwd_flag":"N","PULocationID":"234","DOLocationID":"237","payment_type":"1","fare_amount":"9.5","extra":"0","mta_tax":"0.5","tip_amount":"2.05","tolls_amount":"0","improvement_surcharge":"0.3","total_amount":"12.35","congestion_surcharge":"","tripId":"35a16d45-ea68-4654-83fa-58f43475527b"},{"VendorID":"2","tpep_pickup_datetime":"2023-12-19 10:51:34","tpep_dropoff_datetime":"2023-05-24 11:26:04","passenger_count":"1","trip_distance":"17.76","RatecodeID":"2","store_and_fwd_flag":"N","PULocationID":"132","DOLocationID":"137","payment_type":"1","fare_amount":"52","extra":"0","mta_tax":"0.5","tip_amount":"11.71","tolls_amount":"5.76","improvement_surcharge":"0.3","total_amount":"70.27","congestion_surcharge":"","tripId":"abc345df-a1d0-40c2-ae8b-ec7fbe0a0f13"},{"VendorID":"2","tpep_pickup_datetime":"2023-02-02 10:36:09","tpep_dropoff_datetime":"2023-11-23 10:51:14","passenger_count":"1","trip_distance":"2.89","RatecodeID":"1","store_and_fwd_flag":"N","PULocationID":"113","DOLocationID":"12","payment_type":"1","fare_amount":"13","extra":"0","mta_tax":"0.5","tip_amount":"2.76","tolls_amount":"0","improvement_surcharge":"0.3","total_amount":"16.56","congestion_surcharge":"","tripId":"e74f83ec-8427-4527-be6b-7f28a340cc12"},{"VendorID":"1","tpep_pickup_datetime":"2023-10-03 10:23:12","tpep_dropoff_datetime":"2023-11-30 10:37:27","passenger_count":"2","trip_distance":"3.20","RatecodeID":"1","store_and_fwd_flag":"N","PULocationID":"263","DOLocationID":"161","payment_type":"1","fare_amount":"13.5","extra":"0","mta_tax":"0.5","tip_amount":"2.15","tolls_amount":"0","improvement_surcharge":"0.3","total_amount":"16.45","congestion_surcharge":"","tripId":"02575cac-b100-420f-8dec-49cadf45498f"},{"VendorID":"1","tpep_pickup_datetime":"2023-05-13 10:47:00","tpep_dropoff_datetime":"2023-11-25 10:51:29","passenger_count":"1","trip_distance":".40","RatecodeID":"1","store_and_fwd_flag":"N","PULocationID":"141","DOLocationID":"140","payment_type":"2","fare_amount":"4.5","extra":"0","mta_tax":"0.5","tip_amount":"0","tolls_amount":"0","improvement_surcharge":"0.3","total_amount":"5.3","congestion_surcharge":"","tripId":"e4f943fe-0c11-459b-bf4f-e65dac2d610d"},{"VendorID":"1","tpep_pickup_datetime":"2024-02-03 10:52:38","tpep_dropoff_datetime":"2023-08-13 11:06:50","passenger_count":"1","trip_distance":"1.60","RatecodeID":"1","store_and_fwd_flag":"N","PULocationID":"140","DOLocationID":"163","payment_type":"1","fare_amount":"10.5","extra":"0","mta_tax":"0.5","tip_amount":"1","tolls_amount":"0","improvement_surcharge":"0.3","total_amount":"12.3","congestion_surcharge":"","tripId":"4dbecc9a-48b2-4b24-8a34-6c1e74c061a1"},{"VendorID":"1","tpep_pickup_datetime":"2023-03-26 10:04:48","tpep_dropoff_datetime":"2024-01-13 10:16:36","passenger_count":"1","trip_distance":"1.70","RatecodeID":"1","store_and_fwd_flag":"N","PULocationID":"143","DOLocationID":"161","payment_type":"1","fare_amount":"9.5","extra":"0","mta_tax":"0.5","tip_amount":"2.05","tolls_amount":"0","improvement_surcharge":"0.3","total_amount":"12.35","congestion_surcharge":"","tripId":"a9969380-f309-4020-b999-b505ba982253"},{"VendorID":"1","tpep_pickup_datetime":"2023-03-29 10:24:03","tpep_dropoff_datetime":"2023-05-25 10:32:36","passenger_count":"1","trip_distance":"1.30","RatecodeID":"1","store_and_fwd_flag":"N","PULocationID":"162","DOLocationID":"263","payment_type":"1","fare_amount":"7.5","extra":"0","mta_tax":"0.5","tip_amount":"1.66","tolls_amount":"0","improvement_surcharge":"0.3","total_amount":"9.96","congestion_surcharge":"","tripId":"a0add0f3-7640-4de1-9357-2b7e969cfc24"},{"VendorID":"1","tpep_pickup_datetime":"2023-12-30 10:45:12","tpep_dropoff_datetime":"2023-11-30 10:56:01","passenger_count":"1","trip_distance":"2.90","RatecodeID":"1","store_and_fwd_flag":"N","PULocationID":"162","DOLocationID":"226","payment_type":"2","fare_amount":"11.5","extra":"0","mta_tax":"0.5","tip_amount":"0","tolls_amount":"0","improvement_surcharge":"0.3","total_amount":"12.3","congestion_surcharge":"","tripId":"396dd57e-572b-48ad-9007-dd6db5c52b35"},{"VendorID":"2","tpep_pickup_datetime":"2023-11-21 10:28:37","tpep_dropoff_datetime":"2023-02-16 10:40:35","passenger_count":"2","trip_distance":"1.50","RatecodeID":"1","store_and_fwd_flag":"N","PULocationID":"239","DOLocationID":"236","payment_type":"1","fare_amount":"9.5","extra":"0","mta_tax":"0.5","tip_amount":"2.06","tolls_amount":"0","improvement_surcharge":"0.3","total_amount":"12.36","congestion_surcharge":"","tripId":"84812645-3cf4-42b3-96bc-fda3a636c394"},{"VendorID":"2","tpep_pickup_datetime":"2023-05-05 10:53:14","tpep_dropoff_datetime":"2023-04-17 10:59:17","passenger_count":"2","trip_distance":"1.35","RatecodeID":"1","store_and_fwd_flag":"N","PULocationID":"140","DOLocationID":"236","payment_type":"1","fare_amount":"6.5","extra":"0","mta_tax":"0.5","tip_amount":"1.46","tolls_amount":"0","improvement_surcharge":"0.3","total_amount":"8.76","congestion_surcharge":"","tripId":"be25f16e-dff7-4e60-9dbe-94aa286fc23b"},{"VendorID":"2","tpep_pickup_datetime":"2024-01-19 10:00:21","tpep_dropoff_datetime":"2023-10-04 10:07:17","passenger_count":"5","trip_distance":".86","RatecodeID":"1","store_and_fwd_flag":"N","PULocationID":"263","DOLocationID":"236","payment_type":"1","fare_amount":"6","extra":"0","mta_tax":"0.5","tip_amount":"1.36","tolls_amount":"0","improvement_surcharge":"0.3","total_amount":"8.16","congestion_surcharge":"","tripId":"89e94afd-0550-4b37-b3c3-c1acd112f1f5"},{"VendorID":"2","tpep_pickup_datetime":"2023-03-29 10:29:21","tpep_dropoff_datetime":"2023-09-23 10:37:27","passenger_count":"5","trip_distance":"1.56","RatecodeID":"1","store_and_fwd_flag":"N","PULocationID":"236","DOLocationID":"141","payment_type":"2","fare_amount":"7.5","extra":"0","mta_tax":"0.5","tip_amount":"0","tolls_amount":"0","improvement_surcharge":"0.3","total_amount":"8.3","congestion_surcharge":"","tripId":"22f1ce02-714c-49e5-8a57-c045a412886a"},{"VendorID":"2","tpep_pickup_datetime":"2023-11-22 10:41:05","tpep_dropoff_datetime":"2023-12-20 10:51:28","passenger_count":"5","trip_distance":"1.52","RatecodeID":"1","store_and_fwd_flag":"N","PULocationID":"140","DOLocationID":"161","payment_type":"2","fare_amount":"9","extra":"0","mta_tax":"0.5","tip_amount":"0","tolls_amount":"0","improvement_surcharge":"0.3","total_amount":"9.8","congestion_surcharge":"","tripId":"959a1d92-8f0b-4f9f-a5ec-82a81080fb32"},{"VendorID":"1","tpep_pickup_datetime":"2023-01-30 10:18:24","tpep_dropoff_datetime":"2023-09-10 10:24:40","passenger_count":"2","trip_distance":".80","RatecodeID":"1","store_and_fwd_flag":"N","PULocationID":"48","DOLocationID":"43","payment_type":"2","fare_amount":"6","extra":"0","mta_tax":"0.5","tip_amount":"0","tolls_amount":"0","improvement_surcharge":"0.3","total_amount":"6.8","congestion_surcharge":"","tripId":"039efd33-b6ee-4cab-82ce-3d3b3b0af076"},{"VendorID":"1","tpep_pickup_datetime":"2023-01-16 10:32:57","tpep_dropoff_datetime":"2023-08-09 10:42:18","passenger_count":"1","trip_distance":"1.30","RatecodeID":"1","store_and_fwd_flag":"N","PULocationID":"239","DOLocationID":"163","payment_type":"1","fare_amount":"8","extra":"0","mta_tax":"0.5","tip_amount":"1.75","tolls_amount":"0","improvement_surcharge":"0.3","total_amount":"10.55","congestion_surcharge":"","tripId":"a0fee8c1-120f-4a93-aec3-5af8873ec26a"},{"VendorID":"2","tpep_pickup_datetime":"2023-02-08 10:15:20","tpep_dropoff_datetime":"2023-09-29 10:45:19","passenger_count":"1","trip_distance":"7.88","RatecodeID":"1","store_and_fwd_flag":"N","PULocationID":"234","DOLocationID":"152","payment_type":"1","fare_amount":"28.5","extra":"0","mta_tax":"0.5","tip_amount":"7.33","tolls_amount":"0","improvement_surcharge":"0.3","total_amount":"36.63","congestion_surcharge":"","tripId":"fdbec1d5-ee34-4917-bcb4-47eabc4c24c7"},{"VendorID":"1","tpep_pickup_datetime":"2023-07-07 10:05:34","tpep_dropoff_datetime":"2023-03-22 10:08:27","passenger_count":"1","trip_distance":".50","RatecodeID":"1","store_and_fwd_flag":"N","PULocationID":"170","DOLocationID":"162","payment_type":"1","fare_amount":"4","extra":"0","mta_tax":"0.5","tip_amount":"1","tolls_amount":"0","improvement_surcharge":"0.3","total_amount":"5.8","congestion_surcharge":"","tripId":"2585eb69-faa1-41c7-ae82-3b4616b37251"},{"VendorID":"1","tpep_pickup_datetime":"2023-02-01 10:45:31","tpep_dropoff_datetime":"2023-01-17 10:58:59","passenger_count":"1","trip_distance":"2.30","RatecodeID":"1","store_and_fwd_flag":"N","PULocationID":"236","DOLocationID":"161","payment_type":"2","fare_amount":"11","extra":"0","mta_tax":"0.5","tip_amount":"0","tolls_amount":"0","improvement_surcharge":"0.3","total_amount":"11.8","congestion_surcharge":"","tripId":"7eb411db-b662-4d11-8572-b78a0e40f345"},{"VendorID":"1","tpep_pickup_datetime":"2023-02-09 10:14:53","tpep_dropoff_datetime":"2023-02-01 10:21:11","passenger_count":"1","trip_distance":".90","RatecodeID":"1","store_and_fwd_flag":"N","PULocationID":"249","DOLocationID":"125","payment_type":"1","fare_amount":"6","extra":"0","mta_tax":"0.5","tip_amount":"1.35","tolls_amount":"0","improvement_surcharge":"0.3","total_amount":"8.15","congestion_surcharge":"","tripId":"164cbf10-9df1-4185-889f-5c5171729094"},{"VendorID":"2","tpep_pickup_datetime":"2023-12-29 10:12:04","tpep_dropoff_datetime":"2023-11-15 11:00:32","passenger_count":"3","trip_distance":"16.74","RatecodeID":"1","store_and_fwd_flag":"N","PULocationID":"75","DOLocationID":"75","payment_type":"1","fare_amount":"50.5","extra":"0","mta_tax":"0.5","tip_amount":"12.56","tolls_amount":"11.52","improvement_surcharge":"0.3","total_amount":"75.38","congestion_surcharge":"","tripId":"3a1e4543-8e5a-47c1-8864-ecf0114a36d6"},{"VendorID":"2","tpep_pickup_datetime":"2024-01-09 10:19:05","tpep_dropoff_datetime":"2023-03-29 10:29:37","passenger_count":"1","trip_distance":"1.47","RatecodeID":"1","store_and_fwd_flag":"N","PULocationID":"50","DOLocationID":"163","payment_type":"1","fare_amount":"8.5","extra":"0","mta_tax":"0.5","tip_amount":"2.79","tolls_amount":"0","improvement_surcharge":"0.3","total_amount":"12.09","congestion_surcharge":"","tripId":"c449be14-05d6-480f-bf30-191302f87e1c"},{"VendorID":"2","tpep_pickup_datetime":"2023-07-14 10:37:35","tpep_dropoff_datetime":"2024-01-03 10:51:06","passenger_count":"2","trip_distance":"3.51","RatecodeID":"1","store_and_fwd_flag":"N","PULocationID":"141","DOLocationID":"143","payment_type":"1","fare_amount":"13.5","extra":"0","mta_tax":"0.5","tip_amount":"2.86","tolls_amount":"0","improvement_surcharge":"0.3","total_amount":"17.16","congestion_surcharge":"","tripId":"3f648a30-ba3b-4d38-9ed3-1e242d765a41"},{"VendorID":"2","tpep_pickup_datetime":"2023-02-17 10:56:05","tpep_dropoff_datetime":"2023-09-14 11:06:30","passenger_count":"1","trip_distance":"2.20","RatecodeID":"1","store_and_fwd_flag":"N","PULocationID":"142","DOLocationID":"161","payment_type":"1","fare_amount":"9.5","extra":"0","mta_tax":"0.5","tip_amount":"2.06","tolls_amount":"0","improvement_surcharge":"0.3","total_amount":"12.36","congestion_surcharge":"","tripId":"5a319c95-a1cc-48c8-b989-2408b937ca81"},{"VendorID":"2","tpep_pickup_datetime":"2023-10-21 09:59:13","tpep_dropoff_datetime":"2023-12-09 10:19:14","passenger_count":"5","trip_distance":"6.94","RatecodeID":"1","store_and_fwd_flag":"N","PULocationID":"140","DOLocationID":"244","payment_type":"1","fare_amount":"23","extra":"0","mta_tax":"0.5","tip_amount":"4.76","tolls_amount":"0","improvement_surcharge":"0.3","total_amount":"28.56","congestion_surcharge":"","tripId":"97c9d9a9-1a96-47eb-aa2f-f6bf1231d888"},{"VendorID":"2","tpep_pickup_datetime":"2023-06-12 10:41:50","tpep_dropoff_datetime":"2023-11-28 10:57:12","passenger_count":"5","trip_distance":"2.74","RatecodeID":"1","store_and_fwd_flag":"N","PULocationID":"239","DOLocationID":"229","payment_type":"2","fare_amount":"12.5","extra":"0","mta_tax":"0.5","tip_amount":"0","tolls_amount":"0","improvement_surcharge":"0.3","total_amount":"13.3","congestion_surcharge":"","tripId":"66d1084f-e5cb-4d97-bfcf-3c41cf2bcabd"},{"VendorID":"1","tpep_pickup_datetime":"2023-12-18 10:05:28","tpep_dropoff_datetime":"2023-10-26 10:17:34","passenger_count":"1","trip_distance":"1.60","RatecodeID":"1","store_and_fwd_flag":"N","PULocationID":"142","DOLocationID":"237","payment_type":"1","fare_amount":"9.5","extra":"0","mta_tax":"0.5","tip_amount":"1","tolls_amount":"0","improvement_surcharge":"0.3","total_amount":"11.3","congestion_surcharge":"","tripId":"54090419-081c-4724-b55b-2a20f89e99bb"},{"VendorID":"1","tpep_pickup_datetime":"2023-09-03 10:21:30","tpep_dropoff_datetime":"2023-05-21 10:28:29","passenger_count":"1","trip_distance":".70","RatecodeID":"1","store_and_fwd_flag":"N","PULocationID":"237","DOLocationID":"229","payment_type":"1","fare_amount":"6.5","extra":"0","mta_tax":"0.5","tip_amount":"0.73","tolls_amount":"0","improvement_surcharge":"0.3","total_amount":"8.03","congestion_surcharge":"","tripId":"2d7701e1-1fa4-4f33-9030-a4c134120909"},{"VendorID":"1","tpep_pickup_datetime":"2023-11-28 10:42:53","tpep_dropoff_datetime":"2023-12-23 10:49:47","passenger_count":"1","trip_distance":".80","RatecodeID":"1","store_and_fwd_flag":"N","PULocationID":"140","DOLocationID":"141","payment_type":"1","fare_amount":"6","extra":"0","mta_tax":"0.5","tip_amount":"0.68","tolls_amount":"0","improvement_surcharge":"0.3","total_amount":"7.48","congestion_surcharge":"","tripId":"fd6d926b-6765-4155-b45b-15ce6cd20e8c"},{"VendorID":"2","tpep_pickup_datetime":"2023-11-16 10:36:51","tpep_dropoff_datetime":"2023-11-06 10:40:00","passenger_count":"1","trip_distance":".59","RatecodeID":"1","store_and_fwd_flag":"N","PULocationID":"13","DOLocationID":"12","payment_type":"2","fare_amount":"4.5","extra":"0","mta_tax":"0.5","tip_amount":"0","tolls_amount":"0","improvement_surcharge":"0.3","total_amount":"5.3","congestion_surcharge":"","tripId":"b26ff917-dea7-48d5-b272-90034eeaf5b0"},{"VendorID":"2","tpep_pickup_datetime":"2023-07-07 10:57:30","tpep_dropoff_datetime":"2023-03-03 11:22:18","passenger_count":"1","trip_distance":"4.51","RatecodeID":"1","store_and_fwd_flag":"N","PULocationID":"209","DOLocationID":"48","payment_type":"2","fare_amount":"20","extra":"0","mta_tax":"0.5","tip_amount":"0","tolls_amount":"0","improvement_surcharge":"0.3","total_amount":"20.8","congestion_surcharge":"","tripId":"e41107ab-2e4d-42ff-8e76-dd2afbaf018e"},{"VendorID":"1","tpep_pickup_datetime":"2023-05-11 10:03:44","tpep_dropoff_datetime":"2023-03-03 10:07:24","passenger_count":"1","trip_distance":".90","RatecodeID":"1","store_and_fwd_flag":"N","PULocationID":"141","DOLocationID":"237","payment_type":"1","fare_amount":"5","extra":"0","mta_tax":"0.5","tip_amount":"1","tolls_amount":"0","improvement_surcharge":"0.3","total_amount":"6.8","congestion_surcharge":"","tripId":"dd7e302d-10d5-43a0-8eac-dcc666f4e99b"},{"VendorID":"1","tpep_pickup_datetime":"2023-02-16 10:12:42","tpep_dropoff_datetime":"2023-11-13 10:19:47","passenger_count":"1","trip_distance":"1.50","RatecodeID":"1","store_and_fwd_flag":"N","PULocationID":"263","DOLocationID":"229","payment_type":"1","fare_amount":"7","extra":"0","mta_tax":"0.5","tip_amount":"1.55","tolls_amount":"0","improvement_surcharge":"0.3","total_amount":"9.35","congestion_surcharge":"","tripId":"49a8695c-2344-4850-90f0-6165e70f65aa"},{"VendorID":"2","tpep_pickup_datetime":"2023-12-21 10:21:25","tpep_dropoff_datetime":"2023-04-13 10:35:09","passenger_count":"2","trip_distance":"2.69","RatecodeID":"1","store_and_fwd_flag":"N","PULocationID":"79","DOLocationID":"161","payment_type":"2","fare_amount":"12","extra":"0","mta_tax":"0.5","tip_amount":"0","tolls_amount":"0","improvement_surcharge":"0.3","total_amount":"12.8","congestion_surcharge":"","tripId":"3a14598f-2fbf-4d41-9466-509fb483fa96"},{"VendorID":"2","tpep_pickup_datetime":"2024-01-15 10:41:51","tpep_dropoff_datetime":"2024-01-24 10:50:29","passenger_count":"3","trip_distance":"1.58","RatecodeID":"1","store_and_fwd_flag":"N","PULocationID":"161","DOLocationID":"43","payment_type":"2","fare_amount":"8","extra":"0","mta_tax":"0.5","tip_amount":"0","tolls_amount":"0","improvement_surcharge":"0.3","total_amount":"8.8","congestion_surcharge":"","tripId":"2249aa2b-cb8d-42ca-aa04-96c583f5d7ad"},{"VendorID":"4","tpep_pickup_datetime":"2023-07-03 10:07:17","tpep_dropoff_datetime":"2023-08-26 10:12:19","passenger_count":"1","trip_distance":".89","RatecodeID":"1","store_and_fwd_flag":"N","PULocationID":"141","DOLocationID":"236","payment_type":"1","fare_amount":"5.5","extra":"0","mta_tax":"0.5","tip_amount":"2","tolls_amount":"0","improvement_surcharge":"0.3","total_amount":"8.3","congestion_surcharge":"","tripId":"a27ffc65-a812-4cdd-9d0f-b4856bb24c81"},{"VendorID":"4","tpep_pickup_datetime":"2023-07-14 10:20:11","tpep_dropoff_datetime":"2023-09-15 10:43:09","passenger_count":"1","trip_distance":"2.82","RatecodeID":"1","store_and_fwd_flag":"N","PULocationID":"236","DOLocationID":"100","payment_type":"1","fare_amount":"16.5","extra":"0","mta_tax":"0.5","tip_amount":"1","tolls_amount":"0","improvement_surcharge":"0.3","total_amount":"18.3","congestion_surcharge":"","tripId":"2276ce51-9c34-4f3c-9973-fc6882e0d8ef"},{"VendorID":"1","tpep_pickup_datetime":"2023-05-17 10:36:21","tpep_dropoff_datetime":"2023-09-03 10:44:33","passenger_count":"1","trip_distance":"1.10","RatecodeID":"1","store_and_fwd_flag":"N","PULocationID":"224","DOLocationID":"234","payment_type":"1","fare_amount":"7","extra":"0","mta_tax":"0.5","tip_amount":"1.55","tolls_amount":"0","improvement_surcharge":"0.3","total_amount":"9.35","congestion_surcharge":"","tripId":"8d0d4bd5-0dbe-42e2-9597-f718e442d129"},{"VendorID":"2","tpep_pickup_datetime":"2023-01-19 10:10:25","tpep_dropoff_datetime":"2023-11-08 10:18:49","passenger_count":"1","trip_distance":"1.61","RatecodeID":"1","store_and_fwd_flag":"N","PULocationID":"114","DOLocationID":"170","payment_type":"2","fare_amount":"8","extra":"0","mta_tax":"0.5","tip_amount":"0","tolls_amount":"0","improvement_surcharge":"0.3","total_amount":"8.8","congestion_surcharge":"","tripId":"5155efd6-b7ae-408b-8cee-a7980612f45e"},{"VendorID":"2","tpep_pickup_datetime":"2023-06-22 10:33:50","tpep_dropoff_datetime":"2023-08-31 11:01:34","passenger_count":"2","trip_distance":"4.69","RatecodeID":"1","store_and_fwd_flag":"N","PULocationID":"170","DOLocationID":"151","payment_type":"1","fare_amount":"21","extra":"0","mta_tax":"0.5","tip_amount":"3","tolls_amount":"0","improvement_surcharge":"0.3","total_amount":"24.8","congestion_surcharge":"","tripId":"d31b25bb-c989-448d-9b87-8f3adaa98b2c"},{"VendorID":"2","tpep_pickup_datetime":"2023-05-14 10:30:59","tpep_dropoff_datetime":"2023-10-14 10:31:04","passenger_count":"1","trip_distance":".00","RatecodeID":"5","store_and_fwd_flag":"N","PULocationID":"1","DOLocationID":"1","payment_type":"1","fare_amount":"65","extra":"0","mta_tax":"0","tip_amount":"0","tolls_amount":"0","improvement_surcharge":"0.3","total_amount":"65.3","congestion_surcharge":"","tripId":"b9013881-0a28-4ee3-994c-d5db79bf777d"},{"VendorID":"2","tpep_pickup_datetime":"2023-03-15 10:20:54","tpep_dropoff_datetime":"2023-11-24 10:30:19","passenger_count":"5","trip_distance":"1.58","RatecodeID":"1","store_and_fwd_flag":"N","PULocationID":"236","DOLocationID":"142","payment_type":"1","fare_amount":"8","extra":"0","mta_tax":"0.5","tip_amount":"1.32","tolls_amount":"0","improvement_surcharge":"0.3","total_amount":"10.12","congestion_surcharge":"","tripId":"781ff690-b443-4663-ae7c-092b3e4e773a"},{"VendorID":"2","tpep_pickup_datetime":"2023-06-12 10:41:57","tpep_dropoff_datetime":"2023-11-28 10:45:07","passenger_count":"5","trip_distance":".56","RatecodeID":"1","store_and_fwd_flag":"N","PULocationID":"50","DOLocationID":"48","payment_type":"3","fare_amount":"-4","extra":"0","mta_tax":"-0.5","tip_amount":"0","tolls_amount":"0","improvement_surcharge":"-0.3","total_amount":"-4.8","congestion_surcharge":"","tripId":"804b2928-1747-4602-9cd0-d3f100ded3cd"},{"VendorID":"2","tpep_pickup_datetime":"2023-08-09 10:41:57","tpep_dropoff_datetime":"2023-06-11 10:45:07","passenger_count":"5","trip_distance":".56","RatecodeID":"1","store_and_fwd_flag":"N","PULocationID":"50","DOLocationID":"48","payment_type":"2","fare_amount":"4","extra":"0","mta_tax":"0.5","tip_amount":"0","tolls_amount":"0","improvement_surcharge":"0.3","total_amount":"4.8","congestion_surcharge":"","tripId":"e788e0cf-8a43-47b4-b3c8-b58cefb561e3"},{"VendorID":"2","tpep_pickup_datetime":"2023-07-02 10:27:55","tpep_dropoff_datetime":"2023-10-18 10:30:34","passenger_count":"1","trip_distance":".61","RatecodeID":"1","store_and_fwd_flag":"N","PULocationID":"229","DOLocationID":"170","payment_type":"1","fare_amount":"4","extra":"0","mta_tax":"0.5","tip_amount":"1.44","tolls_amount":"0","improvement_surcharge":"0.3","total_amount":"6.24","congestion_surcharge":"","tripId":"e34dc25f-c529-4e9b-91ab-2f978e89ad0f"},{"VendorID":"2","tpep_pickup_datetime":"2023-05-24 10:27:39","tpep_dropoff_datetime":"2023-11-12 10:32:52","passenger_count":"1","trip_distance":"1.05","RatecodeID":"1","store_and_fwd_flag":"N","PULocationID":"231","DOLocationID":"158","payment_type":"2","fare_amount":"5.5","extra":"0","mta_tax":"0.5","tip_amount":"0","tolls_amount":"0","improvement_surcharge":"0.3","total_amount":"6.3","congestion_surcharge":"","tripId":"957109d9-aa25-4e56-832a-0da3f7062b65"},{"VendorID":"1","tpep_pickup_datetime":"2023-01-30 10:02:15","tpep_dropoff_datetime":"2023-03-17 10:09:10","passenger_count":"1","trip_distance":"1.30","RatecodeID":"1","store_and_fwd_flag":"N","PULocationID":"170","DOLocationID":"107","payment_type":"1","fare_amount":"6.5","extra":"0","mta_tax":"0.5","tip_amount":"1.45","tolls_amount":"0","improvement_surcharge":"0.3","total_amount":"8.75","congestion_surcharge":"","tripId":"f0b4f076-2331-4f15-b491-388eef839312"},{"VendorID":"1","tpep_pickup_datetime":"2023-09-21 10:14:34","tpep_dropoff_datetime":"2023-07-23 10:19:48","passenger_count":"1","trip_distance":".60","RatecodeID":"1","store_and_fwd_flag":"N","PULocationID":"107","DOLocationID":"164","payment_type":"1","fare_amount":"5","extra":"0","mta_tax":"0.5","tip_amount":"1.16","tolls_amount":"0","improvement_surcharge":"0.3","total_amount":"6.96","congestion_surcharge":"","tripId":"70af7926-cef0-40e0-9573-78674d47d52d"},{"VendorID":"1","tpep_pickup_datetime":"2023-02-18 10:17:17","tpep_dropoff_datetime":"2023-04-04 10:22:41","passenger_count":"1","trip_distance":".40","RatecodeID":"1","store_and_fwd_flag":"N","PULocationID":"162","DOLocationID":"170","payment_type":"1","fare_amount":"5","extra":"0","mta_tax":"0.5","tip_amount":"0.5","tolls_amount":"0","improvement_surcharge":"0.3","total_amount":"6.3","congestion_surcharge":"","tripId":"1b942b47-6db0-468d-82d5-4c5dccbece49"},{"VendorID":"1","tpep_pickup_datetime":"2023-01-13 10:38:30","tpep_dropoff_datetime":"2023-10-27 10:50:25","passenger_count":"1","trip_distance":"1.50","RatecodeID":"1","store_and_fwd_flag":"N","PULocationID":"170","DOLocationID":"141","payment_type":"1","fare_amount":"9","extra":"0","mta_tax":"0.5","tip_amount":"1","tolls_amount":"0","improvement_surcharge":"0.3","total_amount":"10.8","congestion_surcharge":"","tripId":"ba7857b1-80e6-49ed-a26f-f4e02a6ddf13"},{"VendorID":"1","tpep_pickup_datetime":"2023-05-18 10:55:37","tpep_dropoff_datetime":"2023-04-29 11:06:39","passenger_count":"1","trip_distance":"6.40","RatecodeID":"1","store_and_fwd_flag":"N","PULocationID":"229","DOLocationID":"88","payment_type":"1","fare_amount":"19","extra":"0","mta_tax":"0.5","tip_amount":"2","tolls_amount":"0","improvement_surcharge":"0.3","total_amount":"21.8","congestion_surcharge":"","tripId":"7615add9-681b-4f3c-b191-9ebb26f5371f"},{"VendorID":"2","tpep_pickup_datetime":"2023-10-03 10:22:28","tpep_dropoff_datetime":"2023-06-13 10:48:36","passenger_count":"1","trip_distance":"11.80","RatecodeID":"1","store_and_fwd_flag":"N","PULocationID":"138","DOLocationID":"225","payment_type":"1","fare_amount":"34.5","extra":"0","mta_tax":"0.5","tip_amount":"7.06","tolls_amount":"0","improvement_surcharge":"0.3","total_amount":"42.36","congestion_surcharge":"","tripId":"6a971ca3-c9a2-46d5-a3d3-498b622e3e92"},{"VendorID":"2","tpep_pickup_datetime":"2024-01-21 10:01:22","tpep_dropoff_datetime":"2023-12-03 11:00:03","passenger_count":"1","trip_distance":"18.49","RatecodeID":"2","store_and_fwd_flag":"N","PULocationID":"132","DOLocationID":"164","payment_type":"2","fare_amount":"52","extra":"0","mta_tax":"0.5","tip_amount":"0","tolls_amount":"0","improvement_surcharge":"0.3","total_amount":"52.8","congestion_surcharge":"","tripId":"b872d4e1-aba3-41db-9ae3-7b496eb83ff3"},{"VendorID":"2","tpep_pickup_datetime":"2023-05-30 09:58:44","tpep_dropoff_datetime":"2023-05-06 10:13:38","passenger_count":"1","trip_distance":"2.08","RatecodeID":"1","store_and_fwd_flag":"N","PULocationID":"141","DOLocationID":"161","payment_type":"1","fare_amount":"11.5","extra":"0","mta_tax":"0.5","tip_amount":"0","tolls_amount":"0","improvement_surcharge":"0.3","total_amount":"12.3","congestion_surcharge":"","tripId":"d8dc0f3d-2ca2-419a-828c-5415e07315fe"},{"VendorID":"2","tpep_pickup_datetime":"2024-01-16 10:04:21","tpep_dropoff_datetime":"2023-08-15 10:20:57","passenger_count":"1","trip_distance":"7.34","RatecodeID":"1","store_and_fwd_flag":"N","PULocationID":"138","DOLocationID":"74","payment_type":"1","fare_amount":"22","extra":"0","mta_tax":"0.5","tip_amount":"5","tolls_amount":"5.76","improvement_surcharge":"0.3","total_amount":"33.56","congestion_surcharge":"","tripId":"bb4beb52-0f77-4359-9601-8d2bea176321"},{"VendorID":"1","tpep_pickup_datetime":"2024-01-19 10:12:17","tpep_dropoff_datetime":"2023-12-16 10:30:03","passenger_count":"3","trip_distance":"2.60","RatecodeID":"1","store_and_fwd_flag":"N","PULocationID":"140","DOLocationID":"50","payment_type":"2","fare_amount":"13.5","extra":"0","mta_tax":"0.5","tip_amount":"0","tolls_amount":"0","improvement_surcharge":"0.3","total_amount":"14.3","congestion_surcharge":"","tripId":"261d8744-3a9f-462b-a37e-c8ca3d6e3f72"},{"VendorID":"2","tpep_pickup_datetime":"2023-01-23 10:53:50","tpep_dropoff_datetime":"2023-06-18 11:11:42","passenger_count":"5","trip_distance":"13.79","RatecodeID":"1","store_and_fwd_flag":"N","PULocationID":"132","DOLocationID":"80","payment_type":"2","fare_amount":"36.5","extra":"0","mta_tax":"0.5","tip_amount":"0","tolls_amount":"0","improvement_surcharge":"0.3","total_amount":"37.3","congestion_surcharge":"","tripId":"d6dac8e5-fd27-4685-8781-336dbda9ffa7"},{"VendorID":"2","tpep_pickup_datetime":"2023-12-24 10:28:38","tpep_dropoff_datetime":"2023-10-09 10:56:38","passenger_count":"1","trip_distance":"5.22","RatecodeID":"1","store_and_fwd_flag":"N","PULocationID":"262","DOLocationID":"246","payment_type":"1","fare_amount":"21","extra":"0","mta_tax":"0.5","tip_amount":"1.2","tolls_amount":"0","improvement_surcharge":"0.3","total_amount":"23","congestion_surcharge":"","tripId":"4ece6ff4-a40d-4ee8-8e99-4fe023f6d3cc"}]